time,hub,price
2024-06-01 00:00:00-07:00,TH_NP15_GEN-APND,27.8318
2024-06-01 00:00:00-07:00,TH_SP15_GEN-APND,27.89488
2024-06-01 00:00:00-07:00,TH_ZP26_GEN-APND,28.00467
2024-06-01 01:00:00-07:00,TH_NP15_GEN-APND,25.3563
2024-06-01 01:00:00-07:00,TH_SP15_GEN-APND,25.49962
2024-06-01 01:00:00-07:00,TH_ZP26_GEN-APND,25.68797
2024-06-01 02:00:00-07:00,TH_NP15_GEN-APND,25.48918
2024-06-01 02:00:00-07:00,TH_SP15_GEN-APND,25.59794
2024-06-01 02:00:00-07:00,TH_ZP26_GEN-APND,25.80886
2024-06-01 03:00:00-07:00,TH_NP15_GEN-APND,25.74397
2024-06-01 03:00:00-07:00,TH_SP15_GEN-APND,25.90925
2024-06-01 03:00:00-07:00,TH_ZP26_GEN-APND,26.10004
2024-06-01 04:00:00-07:00,TH_NP15_GEN-APND,22.48524
2024-06-01 04:00:00-07:00,TH_SP15_GEN-APND,22.51737
2024-06-01 04:00:00-07:00,TH_ZP26_GEN-APND,22.65807
2024-06-01 05:00:00-07:00,TH_NP15_GEN-APND,26.24991
2024-06-01 05:00:00-07:00,TH_SP15_GEN-APND,26.43142
2024-06-01 05:00:00-07:00,TH_ZP26_GEN-APND,26.59303
2024-06-01 06:00:00-07:00,TH_NP15_GEN-APND,16.64979
2024-06-01 06:00:00-07:00,TH_SP15_GEN-APND,14.95105
2024-06-01 06:00:00-07:00,TH_ZP26_GEN-APND,16.53842
2024-06-01 07:00:00-07:00,TH_NP15_GEN-APND,1.99243
2024-06-01 07:00:00-07:00,TH_SP15_GEN-APND,-5.71167
2024-06-01 07:00:00-07:00,TH_ZP26_GEN-APND,-6.75647
2024-06-01 08:00:00-07:00,TH_NP15_GEN-APND,-2.72635
2024-06-01 08:00:00-07:00,TH_SP15_GEN-APND,-19.61397
2024-06-01 08:00:00-07:00,TH_ZP26_GEN-APND,-22.18536
2024-06-01 09:00:00-07:00,TH_NP15_GEN-APND,-6.91195
2024-06-01 09:00:00-07:00,TH_SP15_GEN-APND,-22.99588
2024-06-01 09:00:00-07:00,TH_ZP26_GEN-APND,-25.95142
2024-06-01 10:00:00-07:00,TH_NP15_GEN-APND,-9.8
2024-06-01 10:00:00-07:00,TH_SP15_GEN-APND,-23.00542
2024-06-01 10:00:00-07:00,TH_ZP26_GEN-APND,-25.69054
2024-06-01 11:00:00-07:00,TH_NP15_GEN-APND,-14.13
2024-06-01 11:00:00-07:00,TH_SP15_GEN-APND,-23.59504
2024-06-01 11:00:00-07:00,TH_ZP26_GEN-APND,-26.3398
2024-06-01 12:00:00-07:00,TH_NP15_GEN-APND,-15.99136
2024-06-01 12:00:00-07:00,TH_SP15_GEN-APND,-24.48519
2024-06-01 12:00:00-07:00,TH_ZP26_GEN-APND,-26.8871
2024-06-01 13:00:00-07:00,TH_NP15_GEN-APND,-11.57459
2024-06-01 13:00:00-07:00,TH_SP15_GEN-APND,-25.64134
2024-06-01 13:00:00-07:00,TH_ZP26_GEN-APND,-28.44878
2024-06-01 14:00:00-07:00,TH_NP15_GEN-APND,-12.04682
2024-06-01 14:00:00-07:00,TH_SP15_GEN-APND,-24.43594
2024-06-01 14:00:00-07:00,TH_ZP26_GEN-APND,-27.51048
2024-06-01 15:00:00-07:00,TH_NP15_GEN-APND,-6.38789
2024-06-01 15:00:00-07:00,TH_SP15_GEN-APND,-23.93828
2024-06-01 15:00:00-07:00,TH_ZP26_GEN-APND,-27.07655
2024-06-01 16:00:00-07:00,TH_NP15_GEN-APND,1.70328
2024-06-01 16:00:00-07:00,TH_SP15_GEN-APND,-23.50652
2024-06-01 16:00:00-07:00,TH_ZP26_GEN-APND,-28.9462
2024-06-01 17:00:00-07:00,TH_NP15_GEN-APND,10.34198
2024-06-01 17:00:00-07:00,TH_SP15_GEN-APND,-12.77503
2024-06-01 17:00:00-07:00,TH_ZP26_GEN-APND,-16.39652
2024-06-01 18:00:00-07:00,TH_NP15_GEN-APND,13.41024
2024-06-01 18:00:00-07:00,TH_SP15_GEN-APND,10.18313
2024-06-01 18:00:00-07:00,TH_ZP26_GEN-APND,11.26943
2024-06-01 19:00:00-07:00,TH_NP15_GEN-APND,27.95307
2024-06-01 19:00:00-07:00,TH_SP15_GEN-APND,27.91006
2024-06-01 19:00:00-07:00,TH_ZP26_GEN-APND,28.39343
2024-06-01 20:00:00-07:00,TH_NP15_GEN-APND,36.39492
2024-06-01 20:00:00-07:00,TH_SP15_GEN-APND,36.75299
2024-06-01 20:00:00-07:00,TH_ZP26_GEN-APND,37.8447
2024-06-01 21:00:00-07:00,TH_NP15_GEN-APND,34.05728
2024-06-01 21:00:00-07:00,TH_SP15_GEN-APND,35.14436
2024-06-01 21:00:00-07:00,TH_ZP26_GEN-APND,35.87264
2024-06-01 22:00:00-07:00,TH_NP15_GEN-APND,22.64794
2024-06-01 22:00:00-07:00,TH_SP15_GEN-APND,23.5954
2024-06-01 22:00:00-07:00,TH_ZP26_GEN-APND,23.6329
2024-06-01 23:00:00-07:00,TH_NP15_GEN-APND,22.24296
2024-06-01 23:00:00-07:00,TH_SP15_GEN-APND,22.72318
2024-06-01 23:00:00-07:00,TH_ZP26_GEN-APND,22.86411
2024-06-02 00:00:00-07:00,TH_NP15_GEN-APND,26.32272
2024-06-02 00:00:00-07:00,TH_SP15_GEN-APND,27.17192
2024-06-02 00:00:00-07:00,TH_ZP26_GEN-APND,27.49048
2024-06-02 01:00:00-07:00,TH_NP15_GEN-APND,25.91985
2024-06-02 01:00:00-07:00,TH_SP15_GEN-APND,26.736
2024-06-02 01:00:00-07:00,TH_ZP26_GEN-APND,26.86952
2024-06-02 02:00:00-07:00,TH_NP15_GEN-APND,22.41754
2024-06-02 02:00:00-07:00,TH_SP15_GEN-APND,23.24821
2024-06-02 02:00:00-07:00,TH_ZP26_GEN-APND,23.16653
2024-06-02 03:00:00-07:00,TH_NP15_GEN-APND,19.43949
2024-06-02 03:00:00-07:00,TH_SP15_GEN-APND,20.0
2024-06-02 03:00:00-07:00,TH_ZP26_GEN-APND,19.88299
2024-06-02 04:00:00-07:00,TH_NP15_GEN-APND,19.7559
2024-06-02 04:00:00-07:00,TH_SP15_GEN-APND,20.4
2024-06-02 04:00:00-07:00,TH_ZP26_GEN-APND,20.289
2024-06-02 05:00:00-07:00,TH_NP15_GEN-APND,18.68885
2024-06-02 05:00:00-07:00,TH_SP15_GEN-APND,19.00471
2024-06-02 05:00:00-07:00,TH_ZP26_GEN-APND,18.94384
2024-06-02 06:00:00-07:00,TH_NP15_GEN-APND,8.55836
2024-06-02 06:00:00-07:00,TH_SP15_GEN-APND,5.30619
2024-06-02 06:00:00-07:00,TH_ZP26_GEN-APND,4.95235
2024-06-02 07:00:00-07:00,TH_NP15_GEN-APND,-4.13935
2024-06-02 07:00:00-07:00,TH_SP15_GEN-APND,-17.51707
2024-06-02 07:00:00-07:00,TH_ZP26_GEN-APND,-19.08465
2024-06-02 08:00:00-07:00,TH_NP15_GEN-APND,0.88772
2024-06-02 08:00:00-07:00,TH_SP15_GEN-APND,-35.97155
2024-06-02 08:00:00-07:00,TH_ZP26_GEN-APND,-38.84785
2024-06-02 09:00:00-07:00,TH_NP15_GEN-APND,-0.76411
2024-06-02 09:00:00-07:00,TH_SP15_GEN-APND,-38.54578
2024-06-02 09:00:00-07:00,TH_ZP26_GEN-APND,-41.53132
2024-06-02 10:00:00-07:00,TH_NP15_GEN-APND,-2.57195
2024-06-02 10:00:00-07:00,TH_SP15_GEN-APND,-37.69212
2024-06-02 10:00:00-07:00,TH_ZP26_GEN-APND,-40.22253
2024-06-02 11:00:00-07:00,TH_NP15_GEN-APND,-4.4277
2024-06-02 11:00:00-07:00,TH_SP15_GEN-APND,-37.01676
2024-06-02 11:00:00-07:00,TH_ZP26_GEN-APND,-39.33758
2024-06-02 12:00:00-07:00,TH_NP15_GEN-APND,-7.96864
2024-06-02 12:00:00-07:00,TH_SP15_GEN-APND,-37.52632
2024-06-02 12:00:00-07:00,TH_ZP26_GEN-APND,-39.58057
2024-06-02 13:00:00-07:00,TH_NP15_GEN-APND,0.0
2024-06-02 13:00:00-07:00,TH_SP15_GEN-APND,-37.03031
2024-06-02 13:00:00-07:00,TH_ZP26_GEN-APND,-39.63403
2024-06-02 14:00:00-07:00,TH_NP15_GEN-APND,3.11971
2024-06-02 14:00:00-07:00,TH_SP15_GEN-APND,-37.33592
2024-06-02 14:00:00-07:00,TH_ZP26_GEN-APND,-40.52409
2024-06-02 15:00:00-07:00,TH_NP15_GEN-APND,10.15876
2024-06-02 15:00:00-07:00,TH_SP15_GEN-APND,-36.35527
2024-06-02 15:00:00-07:00,TH_ZP26_GEN-APND,-39.79773
2024-06-02 16:00:00-07:00,TH_NP15_GEN-APND,16.54912
2024-06-02 16:00:00-07:00,TH_SP15_GEN-APND,-25.03723
2024-06-02 16:00:00-07:00,TH_ZP26_GEN-APND,-28.83301
2024-06-02 17:00:00-07:00,TH_NP15_GEN-APND,16.67233
2024-06-02 17:00:00-07:00,TH_SP15_GEN-APND,-6.70806
2024-06-02 17:00:00-07:00,TH_ZP26_GEN-APND,-9.4512
2024-06-02 18:00:00-07:00,TH_NP15_GEN-APND,22.20606
2024-06-02 18:00:00-07:00,TH_SP15_GEN-APND,20.57685
2024-06-02 18:00:00-07:00,TH_ZP26_GEN-APND,19.92935
2024-06-02 19:00:00-07:00,TH_NP15_GEN-APND,35.54692
2024-06-02 19:00:00-07:00,TH_SP15_GEN-APND,35.83958
2024-06-02 19:00:00-07:00,TH_ZP26_GEN-APND,35.52194
2024-06-02 20:00:00-07:00,TH_NP15_GEN-APND,45.0241
2024-06-02 20:00:00-07:00,TH_SP15_GEN-APND,44.67
2024-06-02 20:00:00-07:00,TH_ZP26_GEN-APND,45.25495
2024-06-02 21:00:00-07:00,TH_NP15_GEN-APND,37.77917
2024-06-02 21:00:00-07:00,TH_SP15_GEN-APND,38.52931
2024-06-02 21:00:00-07:00,TH_ZP26_GEN-APND,38.46785
2024-06-02 22:00:00-07:00,TH_NP15_GEN-APND,27.31451
2024-06-02 22:00:00-07:00,TH_SP15_GEN-APND,27.79009
2024-06-02 22:00:00-07:00,TH_ZP26_GEN-APND,27.28489
2024-06-02 23:00:00-07:00,TH_NP15_GEN-APND,26.52876
2024-06-02 23:00:00-07:00,TH_SP15_GEN-APND,27.19289
2024-06-02 23:00:00-07:00,TH_ZP26_GEN-APND,26.98853
2024-06-03 00:00:00-07:00,TH_NP15_GEN-APND,29.50536
2024-06-03 00:00:00-07:00,TH_SP15_GEN-APND,30.37054
2024-06-03 00:00:00-07:00,TH_ZP26_GEN-APND,30.12389
2024-06-03 01:00:00-07:00,TH_NP15_GEN-APND,27.33351
2024-06-03 01:00:00-07:00,TH_SP15_GEN-APND,27.94821
2024-06-03 01:00:00-07:00,TH_ZP26_GEN-APND,27.69168
2024-06-03 02:00:00-07:00,TH_NP15_GEN-APND,28.49819
2024-06-03 02:00:00-07:00,TH_SP15_GEN-APND,29.12
2024-06-03 02:00:00-07:00,TH_ZP26_GEN-APND,28.94814
2024-06-03 03:00:00-07:00,TH_NP15_GEN-APND,25.78253
2024-06-03 03:00:00-07:00,TH_SP15_GEN-APND,26.61019
2024-06-03 03:00:00-07:00,TH_ZP26_GEN-APND,26.36982
2024-06-03 04:00:00-07:00,TH_NP15_GEN-APND,29.74816
2024-06-03 04:00:00-07:00,TH_SP15_GEN-APND,30.68037
2024-06-03 04:00:00-07:00,TH_ZP26_GEN-APND,30.41671
2024-06-03 05:00:00-07:00,TH_NP15_GEN-APND,33.44543
2024-06-03 05:00:00-07:00,TH_SP15_GEN-APND,33.90923
2024-06-03 05:00:00-07:00,TH_ZP26_GEN-APND,33.59885
2024-06-03 06:00:00-07:00,TH_NP15_GEN-APND,23.57578
2024-06-03 06:00:00-07:00,TH_SP15_GEN-APND,21.41622
2024-06-03 06:00:00-07:00,TH_ZP26_GEN-APND,21.80176
2024-06-03 07:00:00-07:00,TH_NP15_GEN-APND,12.35065
2024-06-03 07:00:00-07:00,TH_SP15_GEN-APND,0.62707
2024-06-03 07:00:00-07:00,TH_ZP26_GEN-APND,-1.00456
2024-06-03 08:00:00-07:00,TH_NP15_GEN-APND,11.07393
2024-06-03 08:00:00-07:00,TH_SP15_GEN-APND,-2.72237
2024-06-03 08:00:00-07:00,TH_ZP26_GEN-APND,-6.51917
2024-06-03 09:00:00-07:00,TH_NP15_GEN-APND,7.81263
2024-06-03 09:00:00-07:00,TH_SP15_GEN-APND,-8.07416
2024-06-03 09:00:00-07:00,TH_ZP26_GEN-APND,-12.35106
2024-06-03 10:00:00-07:00,TH_NP15_GEN-APND,6.76341
2024-06-03 10:00:00-07:00,TH_SP15_GEN-APND,-8.38113
2024-06-03 10:00:00-07:00,TH_ZP26_GEN-APND,-12.35973
2024-06-03 11:00:00-07:00,TH_NP15_GEN-APND,3.89509
2024-06-03 11:00:00-07:00,TH_SP15_GEN-APND,-14.63133
2024-06-03 11:00:00-07:00,TH_ZP26_GEN-APND,-19.48122
2024-06-03 12:00:00-07:00,TH_NP15_GEN-APND,2.32765
2024-06-03 12:00:00-07:00,TH_SP15_GEN-APND,-16.86902
2024-06-03 12:00:00-07:00,TH_ZP26_GEN-APND,-20.73959
2024-06-03 13:00:00-07:00,TH_NP15_GEN-APND,2.31184
2024-06-03 13:00:00-07:00,TH_SP15_GEN-APND,-13.36274
2024-06-03 13:00:00-07:00,TH_ZP26_GEN-APND,-17.10949
2024-06-03 14:00:00-07:00,TH_NP15_GEN-APND,-0.59312
2024-06-03 14:00:00-07:00,TH_SP15_GEN-APND,-11.54698
2024-06-03 14:00:00-07:00,TH_ZP26_GEN-APND,-15.13352
2024-06-03 15:00:00-07:00,TH_NP15_GEN-APND,7.81826
2024-06-03 15:00:00-07:00,TH_SP15_GEN-APND,-7.46851
2024-06-03 15:00:00-07:00,TH_ZP26_GEN-APND,-10.04458
2024-06-03 16:00:00-07:00,TH_NP15_GEN-APND,16.4981
2024-06-03 16:00:00-07:00,TH_SP15_GEN-APND,-5.15466
2024-06-03 16:00:00-07:00,TH_ZP26_GEN-APND,-7.42565
2024-06-03 17:00:00-07:00,TH_NP15_GEN-APND,18.19517
2024-06-03 17:00:00-07:00,TH_SP15_GEN-APND,11.54635
2024-06-03 17:00:00-07:00,TH_ZP26_GEN-APND,11.16639
2024-06-03 18:00:00-07:00,TH_NP15_GEN-APND,33.10276
2024-06-03 18:00:00-07:00,TH_SP15_GEN-APND,30.97301
2024-06-03 18:00:00-07:00,TH_ZP26_GEN-APND,30.76085
2024-06-03 19:00:00-07:00,TH_NP15_GEN-APND,46.41484
2024-06-03 19:00:00-07:00,TH_SP15_GEN-APND,46.3847
2024-06-03 19:00:00-07:00,TH_ZP26_GEN-APND,45.74553
2024-06-03 20:00:00-07:00,TH_NP15_GEN-APND,44.77819
2024-06-03 20:00:00-07:00,TH_SP15_GEN-APND,44.93526
2024-06-03 20:00:00-07:00,TH_ZP26_GEN-APND,44.51971
2024-06-03 21:00:00-07:00,TH_NP15_GEN-APND,33.5652
2024-06-03 21:00:00-07:00,TH_SP15_GEN-APND,33.96783
2024-06-03 21:00:00-07:00,TH_ZP26_GEN-APND,33.43181
2024-06-03 22:00:00-07:00,TH_NP15_GEN-APND,31.30116
2024-06-03 22:00:00-07:00,TH_SP15_GEN-APND,31.8298
2024-06-03 22:00:00-07:00,TH_ZP26_GEN-APND,31.70289
2024-06-03 23:00:00-07:00,TH_NP15_GEN-APND,30.5235
2024-06-03 23:00:00-07:00,TH_SP15_GEN-APND,31.1678
2024-06-03 23:00:00-07:00,TH_ZP26_GEN-APND,31.17503
2024-06-04 00:00:00-07:00,TH_NP15_GEN-APND,24.13108
2024-06-04 00:00:00-07:00,TH_SP15_GEN-APND,26.10327
2024-06-04 00:00:00-07:00,TH_ZP26_GEN-APND,25.74214
2024-06-04 01:00:00-07:00,TH_NP15_GEN-APND,24.5179
2024-06-04 01:00:00-07:00,TH_SP15_GEN-APND,25.04754
2024-06-04 01:00:00-07:00,TH_ZP26_GEN-APND,24.75604
2024-06-04 02:00:00-07:00,TH_NP15_GEN-APND,24.24668
2024-06-04 02:00:00-07:00,TH_SP15_GEN-APND,24.90265
2024-06-04 02:00:00-07:00,TH_ZP26_GEN-APND,24.65172
2024-06-04 03:00:00-07:00,TH_NP15_GEN-APND,24.52747
2024-06-04 03:00:00-07:00,TH_SP15_GEN-APND,25.10455
2024-06-04 03:00:00-07:00,TH_ZP26_GEN-APND,24.93237
2024-06-04 04:00:00-07:00,TH_NP15_GEN-APND,24.48708
2024-06-04 04:00:00-07:00,TH_SP15_GEN-APND,25.14607
2024-06-04 04:00:00-07:00,TH_ZP26_GEN-APND,24.93294
2024-06-04 05:00:00-07:00,TH_NP15_GEN-APND,27.78804
2024-06-04 05:00:00-07:00,TH_SP15_GEN-APND,28.29197
2024-06-04 05:00:00-07:00,TH_ZP26_GEN-APND,28.04808
2024-06-04 06:00:00-07:00,TH_NP15_GEN-APND,26.41234
2024-06-04 06:00:00-07:00,TH_SP15_GEN-APND,27.33572
2024-06-04 06:00:00-07:00,TH_ZP26_GEN-APND,27.02239
2024-06-04 07:00:00-07:00,TH_NP15_GEN-APND,19.57962
2024-06-04 07:00:00-07:00,TH_SP15_GEN-APND,17.23826
2024-06-04 07:00:00-07:00,TH_ZP26_GEN-APND,15.67981
2024-06-04 08:00:00-07:00,TH_NP15_GEN-APND,14.59324
2024-06-04 08:00:00-07:00,TH_SP15_GEN-APND,8.74698
2024-06-04 08:00:00-07:00,TH_ZP26_GEN-APND,7.55033
2024-06-04 09:00:00-07:00,TH_NP15_GEN-APND,11.52431
2024-06-04 09:00:00-07:00,TH_SP15_GEN-APND,4.92594
2024-06-04 09:00:00-07:00,TH_ZP26_GEN-APND,1.98908
2024-06-04 10:00:00-07:00,TH_NP15_GEN-APND,8.67666
2024-06-04 10:00:00-07:00,TH_SP15_GEN-APND,3.78768
2024-06-04 10:00:00-07:00,TH_ZP26_GEN-APND,0.57613
2024-06-04 11:00:00-07:00,TH_NP15_GEN-APND,8.03083
2024-06-04 11:00:00-07:00,TH_SP15_GEN-APND,-1.39526
2024-06-04 11:00:00-07:00,TH_ZP26_GEN-APND,-3.96672
2024-06-04 12:00:00-07:00,TH_NP15_GEN-APND,4.9
2024-06-04 12:00:00-07:00,TH_SP15_GEN-APND,-9.58295
2024-06-04 12:00:00-07:00,TH_ZP26_GEN-APND,-13.15833
2024-06-04 13:00:00-07:00,TH_NP15_GEN-APND,4.54825
2024-06-04 13:00:00-07:00,TH_SP15_GEN-APND,-11.02
2024-06-04 13:00:00-07:00,TH_ZP26_GEN-APND,-14.75249
2024-06-04 14:00:00-07:00,TH_NP15_GEN-APND,8.55691
2024-06-04 14:00:00-07:00,TH_SP15_GEN-APND,-6.02475
2024-06-04 14:00:00-07:00,TH_ZP26_GEN-APND,-10.30193
2024-06-04 15:00:00-07:00,TH_NP15_GEN-APND,14.48896
2024-06-04 15:00:00-07:00,TH_SP15_GEN-APND,-3.47231
2024-06-04 15:00:00-07:00,TH_ZP26_GEN-APND,-8.46878
2024-06-04 16:00:00-07:00,TH_NP15_GEN-APND,18.22468
2024-06-04 16:00:00-07:00,TH_SP15_GEN-APND,2.51383
2024-06-04 16:00:00-07:00,TH_ZP26_GEN-APND,-3.08648
2024-06-04 17:00:00-07:00,TH_NP15_GEN-APND,29.12106
2024-06-04 17:00:00-07:00,TH_SP15_GEN-APND,15.0537
2024-06-04 17:00:00-07:00,TH_ZP26_GEN-APND,9.46929
2024-06-04 18:00:00-07:00,TH_NP15_GEN-APND,39.23907
2024-06-04 18:00:00-07:00,TH_SP15_GEN-APND,31.34602
2024-06-04 18:00:00-07:00,TH_ZP26_GEN-APND,28.32517
2024-06-04 19:00:00-07:00,TH_NP15_GEN-APND,57.0
2024-06-04 19:00:00-07:00,TH_SP15_GEN-APND,50.59774
2024-06-04 19:00:00-07:00,TH_ZP26_GEN-APND,48.61603
2024-06-04 20:00:00-07:00,TH_NP15_GEN-APND,55.60447
2024-06-04 20:00:00-07:00,TH_SP15_GEN-APND,50.79344
2024-06-04 20:00:00-07:00,TH_ZP26_GEN-APND,48.4166
2024-06-04 21:00:00-07:00,TH_NP15_GEN-APND,46.70128
2024-06-04 21:00:00-07:00,TH_SP15_GEN-APND,46.8363
2024-06-04 21:00:00-07:00,TH_ZP26_GEN-APND,45.59029
2024-06-04 22:00:00-07:00,TH_NP15_GEN-APND,33.24686
2024-06-04 22:00:00-07:00,TH_SP15_GEN-APND,33.54886
2024-06-04 22:00:00-07:00,TH_ZP26_GEN-APND,32.65602
2024-06-04 23:00:00-07:00,TH_NP15_GEN-APND,31.71296
2024-06-04 23:00:00-07:00,TH_SP15_GEN-APND,32.4859
2024-06-04 23:00:00-07:00,TH_ZP26_GEN-APND,31.83187
2024-06-05 00:00:00-07:00,TH_NP15_GEN-APND,29.07428
2024-06-05 00:00:00-07:00,TH_SP15_GEN-APND,31.50244
2024-06-05 00:00:00-07:00,TH_ZP26_GEN-APND,30.93869
2024-06-05 01:00:00-07:00,TH_NP15_GEN-APND,28.03192
2024-06-05 01:00:00-07:00,TH_SP15_GEN-APND,31.20425
2024-06-05 01:00:00-07:00,TH_ZP26_GEN-APND,30.77846
2024-06-05 02:00:00-07:00,TH_NP15_GEN-APND,28.65943
2024-06-05 02:00:00-07:00,TH_SP15_GEN-APND,30.99385
2024-06-05 02:00:00-07:00,TH_ZP26_GEN-APND,30.78408
2024-06-05 03:00:00-07:00,TH_NP15_GEN-APND,28.23385
2024-06-05 03:00:00-07:00,TH_SP15_GEN-APND,30.1064
2024-06-05 03:00:00-07:00,TH_ZP26_GEN-APND,29.96613
2024-06-05 04:00:00-07:00,TH_NP15_GEN-APND,29.25849
2024-06-05 04:00:00-07:00,TH_SP15_GEN-APND,31.2014
2024-06-05 04:00:00-07:00,TH_ZP26_GEN-APND,30.93442
2024-06-05 05:00:00-07:00,TH_NP15_GEN-APND,31.36645
2024-06-05 05:00:00-07:00,TH_SP15_GEN-APND,33.8762
2024-06-05 05:00:00-07:00,TH_ZP26_GEN-APND,33.57601
2024-06-05 06:00:00-07:00,TH_NP15_GEN-APND,27.91588
2024-06-05 06:00:00-07:00,TH_SP15_GEN-APND,29.57416
2024-06-05 06:00:00-07:00,TH_ZP26_GEN-APND,29.37621
2024-06-05 07:00:00-07:00,TH_NP15_GEN-APND,17.38532
2024-06-05 07:00:00-07:00,TH_SP15_GEN-APND,15.1
2024-06-05 07:00:00-07:00,TH_ZP26_GEN-APND,13.84394
2024-06-05 08:00:00-07:00,TH_NP15_GEN-APND,15.0
2024-06-05 08:00:00-07:00,TH_SP15_GEN-APND,12.16286
2024-06-05 08:00:00-07:00,TH_ZP26_GEN-APND,10.07
2024-06-05 09:00:00-07:00,TH_NP15_GEN-APND,17.13522
2024-06-05 09:00:00-07:00,TH_SP15_GEN-APND,9.77529
2024-06-05 09:00:00-07:00,TH_ZP26_GEN-APND,7.93104
2024-06-05 10:00:00-07:00,TH_NP15_GEN-APND,14.67088
2024-06-05 10:00:00-07:00,TH_SP15_GEN-APND,8.6956
2024-06-05 10:00:00-07:00,TH_ZP26_GEN-APND,6.30742
2024-06-05 11:00:00-07:00,TH_NP15_GEN-APND,10.12095
2024-06-05 11:00:00-07:00,TH_SP15_GEN-APND,4.81977
2024-06-05 11:00:00-07:00,TH_ZP26_GEN-APND,1.64719
2024-06-05 12:00:00-07:00,TH_NP15_GEN-APND,10.28
2024-06-05 12:00:00-07:00,TH_SP15_GEN-APND,2.37065
2024-06-05 12:00:00-07:00,TH_ZP26_GEN-APND,-1.42658
2024-06-05 13:00:00-07:00,TH_NP15_GEN-APND,8.66
2024-06-05 13:00:00-07:00,TH_SP15_GEN-APND,-6.08651
2024-06-05 13:00:00-07:00,TH_ZP26_GEN-APND,-11.06766
2024-06-05 14:00:00-07:00,TH_NP15_GEN-APND,9.35066
2024-06-05 14:00:00-07:00,TH_SP15_GEN-APND,-8.50965
2024-06-05 14:00:00-07:00,TH_ZP26_GEN-APND,-12.4357
2024-06-05 15:00:00-07:00,TH_NP15_GEN-APND,16.01905
2024-06-05 15:00:00-07:00,TH_SP15_GEN-APND,-2.91396
2024-06-05 15:00:00-07:00,TH_ZP26_GEN-APND,-7.47789
2024-06-05 16:00:00-07:00,TH_NP15_GEN-APND,9.38757
2024-06-05 16:00:00-07:00,TH_SP15_GEN-APND,-21.44707
2024-06-05 16:00:00-07:00,TH_ZP26_GEN-APND,-27.0355
2024-06-05 17:00:00-07:00,TH_NP15_GEN-APND,23.31
2024-06-05 17:00:00-07:00,TH_SP15_GEN-APND,4.75651
2024-06-05 17:00:00-07:00,TH_ZP26_GEN-APND,2.07999
2024-06-05 18:00:00-07:00,TH_NP15_GEN-APND,45.24402
2024-06-05 18:00:00-07:00,TH_SP15_GEN-APND,30.19215
2024-06-05 18:00:00-07:00,TH_ZP26_GEN-APND,27.75018
2024-06-05 19:00:00-07:00,TH_NP15_GEN-APND,69.41538
2024-06-05 19:00:00-07:00,TH_SP15_GEN-APND,53.42863
2024-06-05 19:00:00-07:00,TH_ZP26_GEN-APND,50.18792
2024-06-05 20:00:00-07:00,TH_NP15_GEN-APND,60.281
2024-06-05 20:00:00-07:00,TH_SP15_GEN-APND,56.59647
2024-06-05 20:00:00-07:00,TH_ZP26_GEN-APND,54.34057
2024-06-05 21:00:00-07:00,TH_NP15_GEN-APND,44.75635
2024-06-05 21:00:00-07:00,TH_SP15_GEN-APND,47.52907
2024-06-05 21:00:00-07:00,TH_ZP26_GEN-APND,44.97695
2024-06-05 22:00:00-07:00,TH_NP15_GEN-APND,31.69175
2024-06-05 22:00:00-07:00,TH_SP15_GEN-APND,34.3669
2024-06-05 22:00:00-07:00,TH_ZP26_GEN-APND,33.05727
2024-06-05 23:00:00-07:00,TH_NP15_GEN-APND,32.58769
2024-06-05 23:00:00-07:00,TH_SP15_GEN-APND,34.67605
2024-06-05 23:00:00-07:00,TH_ZP26_GEN-APND,33.43093
2024-06-06 00:00:00-07:00,TH_NP15_GEN-APND,29.6288
2024-06-06 00:00:00-07:00,TH_SP15_GEN-APND,29.65892
2024-06-06 00:00:00-07:00,TH_ZP26_GEN-APND,29.04971
2024-06-06 01:00:00-07:00,TH_NP15_GEN-APND,30.04282
2024-06-06 01:00:00-07:00,TH_SP15_GEN-APND,29.44708
2024-06-06 01:00:00-07:00,TH_ZP26_GEN-APND,29.49292
2024-06-06 02:00:00-07:00,TH_NP15_GEN-APND,29.04122
2024-06-06 02:00:00-07:00,TH_SP15_GEN-APND,29.2985
2024-06-06 02:00:00-07:00,TH_ZP26_GEN-APND,29.13528
2024-06-06 03:00:00-07:00,TH_NP15_GEN-APND,27.80927
2024-06-06 03:00:00-07:00,TH_SP15_GEN-APND,29.15781
2024-06-06 03:00:00-07:00,TH_ZP26_GEN-APND,28.87797
2024-06-06 04:00:00-07:00,TH_NP15_GEN-APND,28.14413
2024-06-06 04:00:00-07:00,TH_SP15_GEN-APND,29.65899
2024-06-06 04:00:00-07:00,TH_ZP26_GEN-APND,29.28462
2024-06-06 05:00:00-07:00,TH_NP15_GEN-APND,31.4209
2024-06-06 05:00:00-07:00,TH_SP15_GEN-APND,33.56633
2024-06-06 05:00:00-07:00,TH_ZP26_GEN-APND,33.17606
2024-06-06 06:00:00-07:00,TH_NP15_GEN-APND,29.29123
2024-06-06 06:00:00-07:00,TH_SP15_GEN-APND,29.97413
2024-06-06 06:00:00-07:00,TH_ZP26_GEN-APND,29.74906
2024-06-06 07:00:00-07:00,TH_NP15_GEN-APND,17.19023
2024-06-06 07:00:00-07:00,TH_SP15_GEN-APND,12.0215
2024-06-06 07:00:00-07:00,TH_ZP26_GEN-APND,11.21203
2024-06-06 08:00:00-07:00,TH_NP15_GEN-APND,14.47505
2024-06-06 08:00:00-07:00,TH_SP15_GEN-APND,11.32389
2024-06-06 08:00:00-07:00,TH_ZP26_GEN-APND,10.05739
2024-06-06 09:00:00-07:00,TH_NP15_GEN-APND,14.89503
2024-06-06 09:00:00-07:00,TH_SP15_GEN-APND,11.3558
2024-06-06 09:00:00-07:00,TH_ZP26_GEN-APND,9.66137
2024-06-06 10:00:00-07:00,TH_NP15_GEN-APND,16.87225
2024-06-06 10:00:00-07:00,TH_SP15_GEN-APND,11.1677
2024-06-06 10:00:00-07:00,TH_ZP26_GEN-APND,9.0254
2024-06-06 11:00:00-07:00,TH_NP15_GEN-APND,18.91958
2024-06-06 11:00:00-07:00,TH_SP15_GEN-APND,11.22625
2024-06-06 11:00:00-07:00,TH_ZP26_GEN-APND,8.25135
2024-06-06 12:00:00-07:00,TH_NP15_GEN-APND,16.14
2024-06-06 12:00:00-07:00,TH_SP15_GEN-APND,9.48124
2024-06-06 12:00:00-07:00,TH_ZP26_GEN-APND,6.31062
2024-06-06 13:00:00-07:00,TH_NP15_GEN-APND,18.93017
2024-06-06 13:00:00-07:00,TH_SP15_GEN-APND,10.40833
2024-06-06 13:00:00-07:00,TH_ZP26_GEN-APND,7.0384
2024-06-06 14:00:00-07:00,TH_NP15_GEN-APND,17.39757
2024-06-06 14:00:00-07:00,TH_SP15_GEN-APND,8.85099
2024-06-06 14:00:00-07:00,TH_ZP26_GEN-APND,6.00809
2024-06-06 15:00:00-07:00,TH_NP15_GEN-APND,19.96442
2024-06-06 15:00:00-07:00,TH_SP15_GEN-APND,10.97765
2024-06-06 15:00:00-07:00,TH_ZP26_GEN-APND,9.08326
2024-06-06 16:00:00-07:00,TH_NP15_GEN-APND,26.16919
2024-06-06 16:00:00-07:00,TH_SP15_GEN-APND,18.69636
2024-06-06 16:00:00-07:00,TH_ZP26_GEN-APND,16.12799
2024-06-06 17:00:00-07:00,TH_NP15_GEN-APND,34.90918
2024-06-06 17:00:00-07:00,TH_SP15_GEN-APND,27.31382
2024-06-06 17:00:00-07:00,TH_ZP26_GEN-APND,25.55464
2024-06-06 18:00:00-07:00,TH_NP15_GEN-APND,43.00509
2024-06-06 18:00:00-07:00,TH_SP15_GEN-APND,37.84279
2024-06-06 18:00:00-07:00,TH_ZP26_GEN-APND,36.6259
2024-06-06 19:00:00-07:00,TH_NP15_GEN-APND,57.29902
2024-06-06 19:00:00-07:00,TH_SP15_GEN-APND,52.3501
2024-06-06 19:00:00-07:00,TH_ZP26_GEN-APND,52.37329
2024-06-06 20:00:00-07:00,TH_NP15_GEN-APND,52.5736
2024-06-06 20:00:00-07:00,TH_SP15_GEN-APND,49.4522
2024-06-06 20:00:00-07:00,TH_ZP26_GEN-APND,49.56957
2024-06-06 21:00:00-07:00,TH_NP15_GEN-APND,39.19182
2024-06-06 21:00:00-07:00,TH_SP15_GEN-APND,39.84262
2024-06-06 21:00:00-07:00,TH_ZP26_GEN-APND,39.25791
2024-06-06 22:00:00-07:00,TH_NP15_GEN-APND,29.48344
2024-06-06 22:00:00-07:00,TH_SP15_GEN-APND,30.78226
2024-06-06 22:00:00-07:00,TH_ZP26_GEN-APND,30.20901
2024-06-06 23:00:00-07:00,TH_NP15_GEN-APND,28.42567
2024-06-06 23:00:00-07:00,TH_SP15_GEN-APND,29.38375
2024-06-06 23:00:00-07:00,TH_ZP26_GEN-APND,28.78704
2024-06-07 00:00:00-07:00,TH_NP15_GEN-APND,27.57572
2024-06-07 00:00:00-07:00,TH_SP15_GEN-APND,28.57384
2024-06-07 00:00:00-07:00,TH_ZP26_GEN-APND,27.84369
2024-06-07 01:00:00-07:00,TH_NP15_GEN-APND,27.20753
2024-06-07 01:00:00-07:00,TH_SP15_GEN-APND,27.87166
2024-06-07 01:00:00-07:00,TH_ZP26_GEN-APND,27.42519
2024-06-07 02:00:00-07:00,TH_NP15_GEN-APND,28.92139
2024-06-07 02:00:00-07:00,TH_SP15_GEN-APND,27.48484
2024-06-07 02:00:00-07:00,TH_ZP26_GEN-APND,27.13274
2024-06-07 03:00:00-07:00,TH_NP15_GEN-APND,27.85027
2024-06-07 03:00:00-07:00,TH_SP15_GEN-APND,27.43556
2024-06-07 03:00:00-07:00,TH_ZP26_GEN-APND,27.23986
2024-06-07 04:00:00-07:00,TH_NP15_GEN-APND,28.39306
2024-06-07 04:00:00-07:00,TH_SP15_GEN-APND,29.44447
2024-06-07 04:00:00-07:00,TH_ZP26_GEN-APND,29.11592
2024-06-07 05:00:00-07:00,TH_NP15_GEN-APND,30.59074
2024-06-07 05:00:00-07:00,TH_SP15_GEN-APND,31.71792
2024-06-07 05:00:00-07:00,TH_ZP26_GEN-APND,31.62989
2024-06-07 06:00:00-07:00,TH_NP15_GEN-APND,28.66099
2024-06-07 06:00:00-07:00,TH_SP15_GEN-APND,28.79589
2024-06-07 06:00:00-07:00,TH_ZP26_GEN-APND,28.47962
2024-06-07 07:00:00-07:00,TH_NP15_GEN-APND,14.32979
2024-06-07 07:00:00-07:00,TH_SP15_GEN-APND,10.84
2024-06-07 07:00:00-07:00,TH_ZP26_GEN-APND,9.68634
2024-06-07 08:00:00-07:00,TH_NP15_GEN-APND,14.78665
2024-06-07 08:00:00-07:00,TH_SP15_GEN-APND,8.65075
2024-06-07 08:00:00-07:00,TH_ZP26_GEN-APND,7.1683
2024-06-07 09:00:00-07:00,TH_NP15_GEN-APND,16.70835
2024-06-07 09:00:00-07:00,TH_SP15_GEN-APND,8.06611
2024-06-07 09:00:00-07:00,TH_ZP26_GEN-APND,6.54342
2024-06-07 10:00:00-07:00,TH_NP15_GEN-APND,11.8452
2024-06-07 10:00:00-07:00,TH_SP15_GEN-APND,8.30159
2024-06-07 10:00:00-07:00,TH_ZP26_GEN-APND,6.37447
2024-06-07 11:00:00-07:00,TH_NP15_GEN-APND,10.9151
2024-06-07 11:00:00-07:00,TH_SP15_GEN-APND,7.49303
2024-06-07 11:00:00-07:00,TH_ZP26_GEN-APND,5.44745
2024-06-07 12:00:00-07:00,TH_NP15_GEN-APND,9.41508
2024-06-07 12:00:00-07:00,TH_SP15_GEN-APND,5.27791
2024-06-07 12:00:00-07:00,TH_ZP26_GEN-APND,3.60428
2024-06-07 13:00:00-07:00,TH_NP15_GEN-APND,11.68704
2024-06-07 13:00:00-07:00,TH_SP15_GEN-APND,5.98385
2024-06-07 13:00:00-07:00,TH_ZP26_GEN-APND,4.18727
2024-06-07 14:00:00-07:00,TH_NP15_GEN-APND,12.64091
2024-06-07 14:00:00-07:00,TH_SP15_GEN-APND,7.47943
2024-06-07 14:00:00-07:00,TH_ZP26_GEN-APND,4.34669
2024-06-07 15:00:00-07:00,TH_NP15_GEN-APND,18.66585
2024-06-07 15:00:00-07:00,TH_SP15_GEN-APND,11.32335
2024-06-07 15:00:00-07:00,TH_ZP26_GEN-APND,7.87
2024-06-07 16:00:00-07:00,TH_NP15_GEN-APND,25.18
2024-06-07 16:00:00-07:00,TH_SP15_GEN-APND,16.05785
2024-06-07 16:00:00-07:00,TH_ZP26_GEN-APND,11.91258
2024-06-07 17:00:00-07:00,TH_NP15_GEN-APND,32.11027
2024-06-07 17:00:00-07:00,TH_SP15_GEN-APND,24.96786
2024-06-07 17:00:00-07:00,TH_ZP26_GEN-APND,21.84549
2024-06-07 18:00:00-07:00,TH_NP15_GEN-APND,36.29641
2024-06-07 18:00:00-07:00,TH_SP15_GEN-APND,33.66478
2024-06-07 18:00:00-07:00,TH_ZP26_GEN-APND,31.58155
2024-06-07 19:00:00-07:00,TH_NP15_GEN-APND,44.02
2024-06-07 19:00:00-07:00,TH_SP15_GEN-APND,44.97433
2024-06-07 19:00:00-07:00,TH_ZP26_GEN-APND,42.65172
2024-06-07 20:00:00-07:00,TH_NP15_GEN-APND,43.15359
2024-06-07 20:00:00-07:00,TH_SP15_GEN-APND,44.65577
2024-06-07 20:00:00-07:00,TH_ZP26_GEN-APND,42.54864
2024-06-07 21:00:00-07:00,TH_NP15_GEN-APND,34.9554
2024-06-07 21:00:00-07:00,TH_SP15_GEN-APND,36.77634
2024-06-07 21:00:00-07:00,TH_ZP26_GEN-APND,35.40412
2024-06-07 22:00:00-07:00,TH_NP15_GEN-APND,29.43953
2024-06-07 22:00:00-07:00,TH_SP15_GEN-APND,31.83541
2024-06-07 22:00:00-07:00,TH_ZP26_GEN-APND,30.77306
2024-06-07 23:00:00-07:00,TH_NP15_GEN-APND,28.0801
2024-06-07 23:00:00-07:00,TH_SP15_GEN-APND,29.64121
2024-06-07 23:00:00-07:00,TH_ZP26_GEN-APND,28.90147
2024-06-08 00:00:00-07:00,TH_NP15_GEN-APND,28.82154
2024-06-08 00:00:00-07:00,TH_SP15_GEN-APND,29.6568
2024-06-08 00:00:00-07:00,TH_ZP26_GEN-APND,29.16762
2024-06-08 01:00:00-07:00,TH_NP15_GEN-APND,27.66347
2024-06-08 01:00:00-07:00,TH_SP15_GEN-APND,28.37
2024-06-08 01:00:00-07:00,TH_ZP26_GEN-APND,28.13732
2024-06-08 02:00:00-07:00,TH_NP15_GEN-APND,26.93861
2024-06-08 02:00:00-07:00,TH_SP15_GEN-APND,27.32877
2024-06-08 02:00:00-07:00,TH_ZP26_GEN-APND,27.25263
2024-06-08 03:00:00-07:00,TH_NP15_GEN-APND,27.78503
2024-06-08 03:00:00-07:00,TH_SP15_GEN-APND,28.37713
2024-06-08 03:00:00-07:00,TH_ZP26_GEN-APND,28.41211
2024-06-08 04:00:00-07:00,TH_NP15_GEN-APND,28.07643
2024-06-08 04:00:00-07:00,TH_SP15_GEN-APND,29.08468
2024-06-08 04:00:00-07:00,TH_ZP26_GEN-APND,29.05486
2024-06-08 05:00:00-07:00,TH_NP15_GEN-APND,28.5096
2024-06-08 05:00:00-07:00,TH_SP15_GEN-APND,29.08827
2024-06-08 05:00:00-07:00,TH_ZP26_GEN-APND,29.17518
2024-06-08 06:00:00-07:00,TH_NP15_GEN-APND,22.59905
2024-06-08 06:00:00-07:00,TH_SP15_GEN-APND,22.12476
2024-06-08 06:00:00-07:00,TH_ZP26_GEN-APND,22.34657
2024-06-08 07:00:00-07:00,TH_NP15_GEN-APND,6.5606
2024-06-08 07:00:00-07:00,TH_SP15_GEN-APND,-1.57482
2024-06-08 07:00:00-07:00,TH_ZP26_GEN-APND,-3.53506
2024-06-08 08:00:00-07:00,TH_NP15_GEN-APND,2.53
2024-06-08 08:00:00-07:00,TH_SP15_GEN-APND,-4.55361
2024-06-08 08:00:00-07:00,TH_ZP26_GEN-APND,-6.84868
2024-06-08 09:00:00-07:00,TH_NP15_GEN-APND,0.53488
2024-06-08 09:00:00-07:00,TH_SP15_GEN-APND,-5.85077
2024-06-08 09:00:00-07:00,TH_ZP26_GEN-APND,-7.84687
2024-06-08 10:00:00-07:00,TH_NP15_GEN-APND,1.22749
2024-06-08 10:00:00-07:00,TH_SP15_GEN-APND,-5.38744
2024-06-08 10:00:00-07:00,TH_ZP26_GEN-APND,-7.40202
2024-06-08 11:00:00-07:00,TH_NP15_GEN-APND,-0.94602
2024-06-08 11:00:00-07:00,TH_SP15_GEN-APND,-6.86834
2024-06-08 11:00:00-07:00,TH_ZP26_GEN-APND,-8.06533
2024-06-08 12:00:00-07:00,TH_NP15_GEN-APND,-0.2214
2024-06-08 12:00:00-07:00,TH_SP15_GEN-APND,-6.86874
2024-06-08 12:00:00-07:00,TH_ZP26_GEN-APND,-8.0764
2024-06-08 13:00:00-07:00,TH_NP15_GEN-APND,0.54833
2024-06-08 13:00:00-07:00,TH_SP15_GEN-APND,-7.68369
2024-06-08 13:00:00-07:00,TH_ZP26_GEN-APND,-8.49578
2024-06-08 14:00:00-07:00,TH_NP15_GEN-APND,1.53181
2024-06-08 14:00:00-07:00,TH_SP15_GEN-APND,-8.30481
2024-06-08 14:00:00-07:00,TH_ZP26_GEN-APND,-7.58
2024-06-08 15:00:00-07:00,TH_NP15_GEN-APND,7.95462
2024-06-08 15:00:00-07:00,TH_SP15_GEN-APND,-9.02863
2024-06-08 15:00:00-07:00,TH_ZP26_GEN-APND,-6.96725
2024-06-08 16:00:00-07:00,TH_NP15_GEN-APND,14.38973
2024-06-08 16:00:00-07:00,TH_SP15_GEN-APND,-5.68675
2024-06-08 16:00:00-07:00,TH_ZP26_GEN-APND,-4.25978
2024-06-08 17:00:00-07:00,TH_NP15_GEN-APND,16.44736
2024-06-08 17:00:00-07:00,TH_SP15_GEN-APND,8.60809
2024-06-08 17:00:00-07:00,TH_ZP26_GEN-APND,10.05924
2024-06-08 18:00:00-07:00,TH_NP15_GEN-APND,28.38082
2024-06-08 18:00:00-07:00,TH_SP15_GEN-APND,29.20178
2024-06-08 18:00:00-07:00,TH_ZP26_GEN-APND,29.47379
2024-06-08 19:00:00-07:00,TH_NP15_GEN-APND,36.66009
2024-06-08 19:00:00-07:00,TH_SP15_GEN-APND,37.10673
2024-06-08 19:00:00-07:00,TH_ZP26_GEN-APND,37.33621
2024-06-08 20:00:00-07:00,TH_NP15_GEN-APND,39.06851
2024-06-08 20:00:00-07:00,TH_SP15_GEN-APND,39.7707
2024-06-08 20:00:00-07:00,TH_ZP26_GEN-APND,39.93829
2024-06-08 21:00:00-07:00,TH_NP15_GEN-APND,36.69744
2024-06-08 21:00:00-07:00,TH_SP15_GEN-APND,37.98793
2024-06-08 21:00:00-07:00,TH_ZP26_GEN-APND,37.53285
2024-06-08 22:00:00-07:00,TH_NP15_GEN-APND,29.42595
2024-06-08 22:00:00-07:00,TH_SP15_GEN-APND,30.63152
2024-06-08 22:00:00-07:00,TH_ZP26_GEN-APND,30.30446
2024-06-08 23:00:00-07:00,TH_NP15_GEN-APND,29.38607
2024-06-08 23:00:00-07:00,TH_SP15_GEN-APND,30.06915
2024-06-08 23:00:00-07:00,TH_ZP26_GEN-APND,30.0144
2024-06-09 00:00:00-07:00,TH_NP15_GEN-APND,25.75944
2024-06-09 00:00:00-07:00,TH_SP15_GEN-APND,25.68988
2024-06-09 00:00:00-07:00,TH_ZP26_GEN-APND,25.72005
2024-06-09 01:00:00-07:00,TH_NP15_GEN-APND,24.93478
2024-06-09 01:00:00-07:00,TH_SP15_GEN-APND,24.9555
2024-06-09 01:00:00-07:00,TH_ZP26_GEN-APND,25.01489
2024-06-09 02:00:00-07:00,TH_NP15_GEN-APND,25.46179
2024-06-09 02:00:00-07:00,TH_SP15_GEN-APND,25.63514
2024-06-09 02:00:00-07:00,TH_ZP26_GEN-APND,25.64572
2024-06-09 03:00:00-07:00,TH_NP15_GEN-APND,24.39583
2024-06-09 03:00:00-07:00,TH_SP15_GEN-APND,24.45751
2024-06-09 03:00:00-07:00,TH_ZP26_GEN-APND,24.49792
2024-06-09 04:00:00-07:00,TH_NP15_GEN-APND,22.49891
2024-06-09 04:00:00-07:00,TH_SP15_GEN-APND,22.51786
2024-06-09 04:00:00-07:00,TH_ZP26_GEN-APND,22.5644
2024-06-09 05:00:00-07:00,TH_NP15_GEN-APND,24.43878
2024-06-09 05:00:00-07:00,TH_SP15_GEN-APND,24.44236
2024-06-09 05:00:00-07:00,TH_ZP26_GEN-APND,24.48024
2024-06-09 06:00:00-07:00,TH_NP15_GEN-APND,10.5625
2024-06-09 06:00:00-07:00,TH_SP15_GEN-APND,10.46027
2024-06-09 06:00:00-07:00,TH_ZP26_GEN-APND,10.44511
2024-06-09 07:00:00-07:00,TH_NP15_GEN-APND,3.69567
2024-06-09 07:00:00-07:00,TH_SP15_GEN-APND,-6.44065
2024-06-09 07:00:00-07:00,TH_ZP26_GEN-APND,-7.94525
2024-06-09 08:00:00-07:00,TH_NP15_GEN-APND,-2.1262
2024-06-09 08:00:00-07:00,TH_SP15_GEN-APND,-16.59212
2024-06-09 08:00:00-07:00,TH_ZP26_GEN-APND,-18.29247
2024-06-09 09:00:00-07:00,TH_NP15_GEN-APND,-7.9697
2024-06-09 09:00:00-07:00,TH_SP15_GEN-APND,-15.75502
2024-06-09 09:00:00-07:00,TH_ZP26_GEN-APND,-17.02397
2024-06-09 10:00:00-07:00,TH_NP15_GEN-APND,-9.04033
2024-06-09 10:00:00-07:00,TH_SP15_GEN-APND,-16.4827
2024-06-09 10:00:00-07:00,TH_ZP26_GEN-APND,-17.73295
2024-06-09 11:00:00-07:00,TH_NP15_GEN-APND,-9.66
2024-06-09 11:00:00-07:00,TH_SP15_GEN-APND,-17.74978
2024-06-09 11:00:00-07:00,TH_ZP26_GEN-APND,-19.11949
2024-06-09 12:00:00-07:00,TH_NP15_GEN-APND,-10.50883
2024-06-09 12:00:00-07:00,TH_SP15_GEN-APND,-20.18197
2024-06-09 12:00:00-07:00,TH_ZP26_GEN-APND,-21.67006
2024-06-09 13:00:00-07:00,TH_NP15_GEN-APND,-7.51378
2024-06-09 13:00:00-07:00,TH_SP15_GEN-APND,-18.95708
2024-06-09 13:00:00-07:00,TH_ZP26_GEN-APND,-20.52864
2024-06-09 14:00:00-07:00,TH_NP15_GEN-APND,-2.04725
2024-06-09 14:00:00-07:00,TH_SP15_GEN-APND,-16.55943
2024-06-09 14:00:00-07:00,TH_ZP26_GEN-APND,-18.34028
2024-06-09 15:00:00-07:00,TH_NP15_GEN-APND,5.704
2024-06-09 15:00:00-07:00,TH_SP15_GEN-APND,-15.65976
2024-06-09 15:00:00-07:00,TH_ZP26_GEN-APND,-17.97035
2024-06-09 16:00:00-07:00,TH_NP15_GEN-APND,8.01812
2024-06-09 16:00:00-07:00,TH_SP15_GEN-APND,-4.52001
2024-06-09 16:00:00-07:00,TH_ZP26_GEN-APND,-5.40475
2024-06-09 17:00:00-07:00,TH_NP15_GEN-APND,10.80197
2024-06-09 17:00:00-07:00,TH_SP15_GEN-APND,3.69345
2024-06-09 17:00:00-07:00,TH_ZP26_GEN-APND,2.49518
2024-06-09 18:00:00-07:00,TH_NP15_GEN-APND,25.99388
2024-06-09 18:00:00-07:00,TH_SP15_GEN-APND,25.53167
2024-06-09 18:00:00-07:00,TH_ZP26_GEN-APND,25.63434
2024-06-09 19:00:00-07:00,TH_NP15_GEN-APND,33.23222
2024-06-09 19:00:00-07:00,TH_SP15_GEN-APND,33.60668
2024-06-09 19:00:00-07:00,TH_ZP26_GEN-APND,33.26992
2024-06-09 20:00:00-07:00,TH_NP15_GEN-APND,38.00609
2024-06-09 20:00:00-07:00,TH_SP15_GEN-APND,39.196
2024-06-09 20:00:00-07:00,TH_ZP26_GEN-APND,38.84
2024-06-09 21:00:00-07:00,TH_NP15_GEN-APND,33.96428
2024-06-09 21:00:00-07:00,TH_SP15_GEN-APND,34.63273
2024-06-09 21:00:00-07:00,TH_ZP26_GEN-APND,34.48224
2024-06-09 22:00:00-07:00,TH_NP15_GEN-APND,29.54017
2024-06-09 22:00:00-07:00,TH_SP15_GEN-APND,30.20936
2024-06-09 22:00:00-07:00,TH_ZP26_GEN-APND,29.94587
2024-06-09 23:00:00-07:00,TH_NP15_GEN-APND,28.98081
2024-06-09 23:00:00-07:00,TH_SP15_GEN-APND,29.82276
2024-06-09 23:00:00-07:00,TH_ZP26_GEN-APND,29.67159
2024-06-10 00:00:00-07:00,TH_NP15_GEN-APND,28.11212
2024-06-10 00:00:00-07:00,TH_SP15_GEN-APND,28.37514
2024-06-10 00:00:00-07:00,TH_ZP26_GEN-APND,28.30096
2024-06-10 01:00:00-07:00,TH_NP15_GEN-APND,29.02801
2024-06-10 01:00:00-07:00,TH_SP15_GEN-APND,29.49601
2024-06-10 01:00:00-07:00,TH_ZP26_GEN-APND,29.47722
2024-06-10 02:00:00-07:00,TH_NP15_GEN-APND,26.48206
2024-06-10 02:00:00-07:00,TH_SP15_GEN-APND,27.06154
2024-06-10 02:00:00-07:00,TH_ZP26_GEN-APND,26.9754
2024-06-10 03:00:00-07:00,TH_NP15_GEN-APND,27.93883
2024-06-10 03:00:00-07:00,TH_SP15_GEN-APND,28.69696
2024-06-10 03:00:00-07:00,TH_ZP26_GEN-APND,28.59989
2024-06-10 04:00:00-07:00,TH_NP15_GEN-APND,29.10662
2024-06-10 04:00:00-07:00,TH_SP15_GEN-APND,30.0
2024-06-10 04:00:00-07:00,TH_ZP26_GEN-APND,29.83129
2024-06-10 05:00:00-07:00,TH_NP15_GEN-APND,33.15976
2024-06-10 05:00:00-07:00,TH_SP15_GEN-APND,34.48767
2024-06-10 05:00:00-07:00,TH_ZP26_GEN-APND,34.51207
2024-06-10 06:00:00-07:00,TH_NP15_GEN-APND,27.70483
2024-06-10 06:00:00-07:00,TH_SP15_GEN-APND,27.36813
2024-06-10 06:00:00-07:00,TH_ZP26_GEN-APND,28.14843
2024-06-10 07:00:00-07:00,TH_NP15_GEN-APND,14.41044
2024-06-10 07:00:00-07:00,TH_SP15_GEN-APND,9.48536
2024-06-10 07:00:00-07:00,TH_ZP26_GEN-APND,7.84183
2024-06-10 08:00:00-07:00,TH_NP15_GEN-APND,10.0
2024-06-10 08:00:00-07:00,TH_SP15_GEN-APND,4.81877
2024-06-10 08:00:00-07:00,TH_ZP26_GEN-APND,3.30233
2024-06-10 09:00:00-07:00,TH_NP15_GEN-APND,10.0
2024-06-10 09:00:00-07:00,TH_SP15_GEN-APND,3.72888
2024-06-10 09:00:00-07:00,TH_ZP26_GEN-APND,2.15129
2024-06-10 10:00:00-07:00,TH_NP15_GEN-APND,10.0
2024-06-10 10:00:00-07:00,TH_SP15_GEN-APND,3.09
2024-06-10 10:00:00-07:00,TH_ZP26_GEN-APND,1.64871
2024-06-10 11:00:00-07:00,TH_NP15_GEN-APND,12.02265
2024-06-10 11:00:00-07:00,TH_SP15_GEN-APND,2.93237
2024-06-10 11:00:00-07:00,TH_ZP26_GEN-APND,1.15236
2024-06-10 12:00:00-07:00,TH_NP15_GEN-APND,10.0
2024-06-10 12:00:00-07:00,TH_SP15_GEN-APND,1.00119
2024-06-10 12:00:00-07:00,TH_ZP26_GEN-APND,-0.95618
2024-06-10 13:00:00-07:00,TH_NP15_GEN-APND,10.0
2024-06-10 13:00:00-07:00,TH_SP15_GEN-APND,3.75429
2024-06-10 13:00:00-07:00,TH_ZP26_GEN-APND,1.89821
2024-06-10 14:00:00-07:00,TH_NP15_GEN-APND,11.11591
2024-06-10 14:00:00-07:00,TH_SP15_GEN-APND,4.75148
2024-06-10 14:00:00-07:00,TH_ZP26_GEN-APND,2.78942
2024-06-10 15:00:00-07:00,TH_NP15_GEN-APND,14.83328
2024-06-10 15:00:00-07:00,TH_SP15_GEN-APND,10.81403
2024-06-10 15:00:00-07:00,TH_ZP26_GEN-APND,8.60217
2024-06-10 16:00:00-07:00,TH_NP15_GEN-APND,17.38046
2024-06-10 16:00:00-07:00,TH_SP15_GEN-APND,14.51736
2024-06-10 16:00:00-07:00,TH_ZP26_GEN-APND,11.36152
2024-06-10 17:00:00-07:00,TH_NP15_GEN-APND,26.49616
2024-06-10 17:00:00-07:00,TH_SP15_GEN-APND,23.89648
2024-06-10 17:00:00-07:00,TH_ZP26_GEN-APND,23.78992
2024-06-10 18:00:00-07:00,TH_NP15_GEN-APND,33.39682
2024-06-10 18:00:00-07:00,TH_SP15_GEN-APND,32.40541
2024-06-10 18:00:00-07:00,TH_ZP26_GEN-APND,33.81321
2024-06-10 19:00:00-07:00,TH_NP15_GEN-APND,50.78716
2024-06-10 19:00:00-07:00,TH_SP15_GEN-APND,49.02382
2024-06-10 19:00:00-07:00,TH_ZP26_GEN-APND,50.28158
2024-06-10 20:00:00-07:00,TH_NP15_GEN-APND,44.95938
2024-06-10 20:00:00-07:00,TH_SP15_GEN-APND,45.04138
2024-06-10 20:00:00-07:00,TH_ZP26_GEN-APND,45.30798
2024-06-10 21:00:00-07:00,TH_NP15_GEN-APND,34.29715
2024-06-10 21:00:00-07:00,TH_SP15_GEN-APND,33.87
2024-06-10 21:00:00-07:00,TH_ZP26_GEN-APND,34.93639
2024-06-10 22:00:00-07:00,TH_NP15_GEN-APND,30.44013
2024-06-10 22:00:00-07:00,TH_SP15_GEN-APND,31.38872
2024-06-10 22:00:00-07:00,TH_ZP26_GEN-APND,31.44703
2024-06-10 23:00:00-07:00,TH_NP15_GEN-APND,27.7405
2024-06-10 23:00:00-07:00,TH_SP15_GEN-APND,29.72363
2024-06-10 23:00:00-07:00,TH_ZP26_GEN-APND,29.80102
2024-06-11 00:00:00-07:00,TH_NP15_GEN-APND,27.85987
2024-06-11 00:00:00-07:00,TH_SP15_GEN-APND,29.12884
2024-06-11 00:00:00-07:00,TH_ZP26_GEN-APND,28.92656
2024-06-11 01:00:00-07:00,TH_NP15_GEN-APND,27.07824
2024-06-11 01:00:00-07:00,TH_SP15_GEN-APND,28.61741
2024-06-11 01:00:00-07:00,TH_ZP26_GEN-APND,28.32609
2024-06-11 02:00:00-07:00,TH_NP15_GEN-APND,26.68999
2024-06-11 02:00:00-07:00,TH_SP15_GEN-APND,27.76826
2024-06-11 02:00:00-07:00,TH_ZP26_GEN-APND,27.63068
2024-06-11 03:00:00-07:00,TH_NP15_GEN-APND,26.566
2024-06-11 03:00:00-07:00,TH_SP15_GEN-APND,27.53307
2024-06-11 03:00:00-07:00,TH_ZP26_GEN-APND,27.43934
2024-06-11 04:00:00-07:00,TH_NP15_GEN-APND,28.0717
2024-06-11 04:00:00-07:00,TH_SP15_GEN-APND,29.07284
2024-06-11 04:00:00-07:00,TH_ZP26_GEN-APND,28.9268
2024-06-11 05:00:00-07:00,TH_NP15_GEN-APND,31.17858
2024-06-11 05:00:00-07:00,TH_SP15_GEN-APND,32.10567
2024-06-11 05:00:00-07:00,TH_ZP26_GEN-APND,32.0608
2024-06-11 06:00:00-07:00,TH_NP15_GEN-APND,27.55408
2024-06-11 06:00:00-07:00,TH_SP15_GEN-APND,28.14843
2024-06-11 06:00:00-07:00,TH_ZP26_GEN-APND,28.18233
2024-06-11 07:00:00-07:00,TH_NP15_GEN-APND,15.12801
2024-06-11 07:00:00-07:00,TH_SP15_GEN-APND,10.58166
2024-06-11 07:00:00-07:00,TH_ZP26_GEN-APND,8.79226
2024-06-11 08:00:00-07:00,TH_NP15_GEN-APND,13.40285
2024-06-11 08:00:00-07:00,TH_SP15_GEN-APND,8.083
2024-06-11 08:00:00-07:00,TH_ZP26_GEN-APND,6.7197
2024-06-11 09:00:00-07:00,TH_NP15_GEN-APND,10.26123
2024-06-11 09:00:00-07:00,TH_SP15_GEN-APND,7.34235
2024-06-11 09:00:00-07:00,TH_ZP26_GEN-APND,5.71029
2024-06-11 10:00:00-07:00,TH_NP15_GEN-APND,11.89042
2024-06-11 10:00:00-07:00,TH_SP15_GEN-APND,7.38779
2024-06-11 10:00:00-07:00,TH_ZP26_GEN-APND,5.30233
2024-06-11 11:00:00-07:00,TH_NP15_GEN-APND,14.50774
2024-06-11 11:00:00-07:00,TH_SP15_GEN-APND,7.42551
2024-06-11 11:00:00-07:00,TH_ZP26_GEN-APND,5.01316
2024-06-11 12:00:00-07:00,TH_NP15_GEN-APND,14.65031
2024-06-11 12:00:00-07:00,TH_SP15_GEN-APND,6.40832
2024-06-11 12:00:00-07:00,TH_ZP26_GEN-APND,4.1986
2024-06-11 13:00:00-07:00,TH_NP15_GEN-APND,16.3706
2024-06-11 13:00:00-07:00,TH_SP15_GEN-APND,6.89583
2024-06-11 13:00:00-07:00,TH_ZP26_GEN-APND,4.98205
2024-06-11 14:00:00-07:00,TH_NP15_GEN-APND,17.35448
2024-06-11 14:00:00-07:00,TH_SP15_GEN-APND,7.63202
2024-06-11 14:00:00-07:00,TH_ZP26_GEN-APND,5.7138
2024-06-11 15:00:00-07:00,TH_NP15_GEN-APND,21.64
2024-06-11 15:00:00-07:00,TH_SP15_GEN-APND,15.60815
2024-06-11 15:00:00-07:00,TH_ZP26_GEN-APND,12.18778
2024-06-11 16:00:00-07:00,TH_NP15_GEN-APND,23.81556
2024-06-11 16:00:00-07:00,TH_SP15_GEN-APND,19.14587
2024-06-11 16:00:00-07:00,TH_ZP26_GEN-APND,16.07586
2024-06-11 17:00:00-07:00,TH_NP15_GEN-APND,27.50643
2024-06-11 17:00:00-07:00,TH_SP15_GEN-APND,26.153
2024-06-11 17:00:00-07:00,TH_ZP26_GEN-APND,24.88322
2024-06-11 18:00:00-07:00,TH_NP15_GEN-APND,36.67325
2024-06-11 18:00:00-07:00,TH_SP15_GEN-APND,32.85343
2024-06-11 18:00:00-07:00,TH_ZP26_GEN-APND,34.50088
2024-06-11 19:00:00-07:00,TH_NP15_GEN-APND,50.72597
2024-06-11 19:00:00-07:00,TH_SP15_GEN-APND,47.36493
2024-06-11 19:00:00-07:00,TH_ZP26_GEN-APND,48.57567
2024-06-11 20:00:00-07:00,TH_NP15_GEN-APND,52.60754
2024-06-11 20:00:00-07:00,TH_SP15_GEN-APND,50.63468
2024-06-11 20:00:00-07:00,TH_ZP26_GEN-APND,50.45952
2024-06-11 21:00:00-07:00,TH_NP15_GEN-APND,36.68665
2024-06-11 21:00:00-07:00,TH_SP15_GEN-APND,35.67617
2024-06-11 21:00:00-07:00,TH_ZP26_GEN-APND,36.15721
2024-06-11 22:00:00-07:00,TH_NP15_GEN-APND,30.45114
2024-06-11 22:00:00-07:00,TH_SP15_GEN-APND,31.00807
2024-06-11 22:00:00-07:00,TH_ZP26_GEN-APND,31.04151
2024-06-11 23:00:00-07:00,TH_NP15_GEN-APND,30.0
2024-06-11 23:00:00-07:00,TH_SP15_GEN-APND,30.35857
2024-06-11 23:00:00-07:00,TH_ZP26_GEN-APND,30.04375
2024-06-12 00:00:00-07:00,TH_NP15_GEN-APND,28.70948
2024-06-12 00:00:00-07:00,TH_SP15_GEN-APND,29.57162
2024-06-12 00:00:00-07:00,TH_ZP26_GEN-APND,29.18846
2024-06-12 01:00:00-07:00,TH_NP15_GEN-APND,29.25708
2024-06-12 01:00:00-07:00,TH_SP15_GEN-APND,30.05769
2024-06-12 01:00:00-07:00,TH_ZP26_GEN-APND,29.7786
2024-06-12 02:00:00-07:00,TH_NP15_GEN-APND,28.05247
2024-06-12 02:00:00-07:00,TH_SP15_GEN-APND,28.88733
2024-06-12 02:00:00-07:00,TH_ZP26_GEN-APND,28.72466
2024-06-12 03:00:00-07:00,TH_NP15_GEN-APND,29.62212
2024-06-12 03:00:00-07:00,TH_SP15_GEN-APND,30.4
2024-06-12 03:00:00-07:00,TH_ZP26_GEN-APND,30.31786
2024-06-12 04:00:00-07:00,TH_NP15_GEN-APND,30.57637
2024-06-12 04:00:00-07:00,TH_SP15_GEN-APND,31.45723
2024-06-12 04:00:00-07:00,TH_ZP26_GEN-APND,31.34011
2024-06-12 05:00:00-07:00,TH_NP15_GEN-APND,32.39255
2024-06-12 05:00:00-07:00,TH_SP15_GEN-APND,33.12522
2024-06-12 05:00:00-07:00,TH_ZP26_GEN-APND,33.00634
2024-06-12 06:00:00-07:00,TH_NP15_GEN-APND,29.5034
2024-06-12 06:00:00-07:00,TH_SP15_GEN-APND,29.56696
2024-06-12 06:00:00-07:00,TH_ZP26_GEN-APND,29.54364
2024-06-12 07:00:00-07:00,TH_NP15_GEN-APND,14.91572
2024-06-12 07:00:00-07:00,TH_SP15_GEN-APND,12.49922
2024-06-12 07:00:00-07:00,TH_ZP26_GEN-APND,11.78805
2024-06-12 08:00:00-07:00,TH_NP15_GEN-APND,13.28235
2024-06-12 08:00:00-07:00,TH_SP15_GEN-APND,10.07336
2024-06-12 08:00:00-07:00,TH_ZP26_GEN-APND,8.57878
2024-06-12 09:00:00-07:00,TH_NP15_GEN-APND,13.28503
2024-06-12 09:00:00-07:00,TH_SP15_GEN-APND,9.42326
2024-06-12 09:00:00-07:00,TH_ZP26_GEN-APND,7.54603
2024-06-12 10:00:00-07:00,TH_NP15_GEN-APND,13.09961
2024-06-12 10:00:00-07:00,TH_SP15_GEN-APND,9.37864
2024-06-12 10:00:00-07:00,TH_ZP26_GEN-APND,7.73722
2024-06-12 11:00:00-07:00,TH_NP15_GEN-APND,13.91154
2024-06-12 11:00:00-07:00,TH_SP15_GEN-APND,7.81392
2024-06-12 11:00:00-07:00,TH_ZP26_GEN-APND,5.95192
2024-06-12 12:00:00-07:00,TH_NP15_GEN-APND,12.27958
2024-06-12 12:00:00-07:00,TH_SP15_GEN-APND,9.04168
2024-06-12 12:00:00-07:00,TH_ZP26_GEN-APND,7.38824
2024-06-12 13:00:00-07:00,TH_NP15_GEN-APND,14.50914
2024-06-12 13:00:00-07:00,TH_SP15_GEN-APND,10.14455
2024-06-12 13:00:00-07:00,TH_ZP26_GEN-APND,8.51801
2024-06-12 14:00:00-07:00,TH_NP15_GEN-APND,13.85252
2024-06-12 14:00:00-07:00,TH_SP15_GEN-APND,11.28469
2024-06-12 14:00:00-07:00,TH_ZP26_GEN-APND,9.87096
2024-06-12 15:00:00-07:00,TH_NP15_GEN-APND,17.30017
2024-06-12 15:00:00-07:00,TH_SP15_GEN-APND,14.34426
2024-06-12 15:00:00-07:00,TH_ZP26_GEN-APND,12.03043
2024-06-12 16:00:00-07:00,TH_NP15_GEN-APND,21.16034
2024-06-12 16:00:00-07:00,TH_SP15_GEN-APND,21.26185
2024-06-12 16:00:00-07:00,TH_ZP26_GEN-APND,19.40729
2024-06-12 17:00:00-07:00,TH_NP15_GEN-APND,30.65152
2024-06-12 17:00:00-07:00,TH_SP15_GEN-APND,32.07711
2024-06-12 17:00:00-07:00,TH_ZP26_GEN-APND,30.42772
2024-06-12 18:00:00-07:00,TH_NP15_GEN-APND,39.71006
2024-06-12 18:00:00-07:00,TH_SP15_GEN-APND,39.6677
2024-06-12 18:00:00-07:00,TH_ZP26_GEN-APND,38.04356
2024-06-12 19:00:00-07:00,TH_NP15_GEN-APND,54.93705
2024-06-12 19:00:00-07:00,TH_SP15_GEN-APND,54.86069
2024-06-12 19:00:00-07:00,TH_ZP26_GEN-APND,53.22272
2024-06-12 20:00:00-07:00,TH_NP15_GEN-APND,55.44759
2024-06-12 20:00:00-07:00,TH_SP15_GEN-APND,56.0714
2024-06-12 20:00:00-07:00,TH_ZP26_GEN-APND,54.0446
2024-06-12 21:00:00-07:00,TH_NP15_GEN-APND,40.57499
2024-06-12 21:00:00-07:00,TH_SP15_GEN-APND,41.13409
2024-06-12 21:00:00-07:00,TH_ZP26_GEN-APND,39.8519
2024-06-12 22:00:00-07:00,TH_NP15_GEN-APND,35.90175
2024-06-12 22:00:00-07:00,TH_SP15_GEN-APND,36.68616
2024-06-12 22:00:00-07:00,TH_ZP26_GEN-APND,35.8809
2024-06-12 23:00:00-07:00,TH_NP15_GEN-APND,30.88786
2024-06-12 23:00:00-07:00,TH_SP15_GEN-APND,31.27054
2024-06-12 23:00:00-07:00,TH_ZP26_GEN-APND,30.98102
2024-06-13 00:00:00-07:00,TH_NP15_GEN-APND,31.34588
2024-06-13 00:00:00-07:00,TH_SP15_GEN-APND,32.9614
2024-06-13 00:00:00-07:00,TH_ZP26_GEN-APND,32.39776
2024-06-13 01:00:00-07:00,TH_NP15_GEN-APND,30.0
2024-06-13 01:00:00-07:00,TH_SP15_GEN-APND,31.66677
2024-06-13 01:00:00-07:00,TH_ZP26_GEN-APND,31.17485
2024-06-13 02:00:00-07:00,TH_NP15_GEN-APND,29.44105
2024-06-13 02:00:00-07:00,TH_SP15_GEN-APND,30.72248
2024-06-13 02:00:00-07:00,TH_ZP26_GEN-APND,30.42217
2024-06-13 03:00:00-07:00,TH_NP15_GEN-APND,29.81243
2024-06-13 03:00:00-07:00,TH_SP15_GEN-APND,30.81167
2024-06-13 03:00:00-07:00,TH_ZP26_GEN-APND,30.57606
2024-06-13 04:00:00-07:00,TH_NP15_GEN-APND,31.81807
2024-06-13 04:00:00-07:00,TH_SP15_GEN-APND,33.02622
2024-06-13 04:00:00-07:00,TH_ZP26_GEN-APND,32.97217
2024-06-13 05:00:00-07:00,TH_NP15_GEN-APND,35.0749
2024-06-13 05:00:00-07:00,TH_SP15_GEN-APND,35.79214
2024-06-13 05:00:00-07:00,TH_ZP26_GEN-APND,35.83878
2024-06-13 06:00:00-07:00,TH_NP15_GEN-APND,30.20006
2024-06-13 06:00:00-07:00,TH_SP15_GEN-APND,30.06829
2024-06-13 06:00:00-07:00,TH_ZP26_GEN-APND,30.26298
2024-06-13 07:00:00-07:00,TH_NP15_GEN-APND,20.01428
2024-06-13 07:00:00-07:00,TH_SP15_GEN-APND,16.43329
2024-06-13 07:00:00-07:00,TH_ZP26_GEN-APND,13.39355
2024-06-13 08:00:00-07:00,TH_NP15_GEN-APND,14.2758
2024-06-13 08:00:00-07:00,TH_SP15_GEN-APND,12.45359
2024-06-13 08:00:00-07:00,TH_ZP26_GEN-APND,9.32946
2024-06-13 09:00:00-07:00,TH_NP15_GEN-APND,12.64997
2024-06-13 09:00:00-07:00,TH_SP15_GEN-APND,12.09808
2024-06-13 09:00:00-07:00,TH_ZP26_GEN-APND,8.82011
2024-06-13 10:00:00-07:00,TH_NP15_GEN-APND,11.09525
2024-06-13 10:00:00-07:00,TH_SP15_GEN-APND,12.91332
2024-06-13 10:00:00-07:00,TH_ZP26_GEN-APND,10.08826
2024-06-13 11:00:00-07:00,TH_NP15_GEN-APND,11.76823
2024-06-13 11:00:00-07:00,TH_SP15_GEN-APND,12.90478
2024-06-13 11:00:00-07:00,TH_ZP26_GEN-APND,10.70531
2024-06-13 12:00:00-07:00,TH_NP15_GEN-APND,13.17011
2024-06-13 12:00:00-07:00,TH_SP15_GEN-APND,12.09298
2024-06-13 12:00:00-07:00,TH_ZP26_GEN-APND,10.0798
2024-06-13 13:00:00-07:00,TH_NP15_GEN-APND,14.55525
2024-06-13 13:00:00-07:00,TH_SP15_GEN-APND,12.91093
2024-06-13 13:00:00-07:00,TH_ZP26_GEN-APND,11.33307
2024-06-13 14:00:00-07:00,TH_NP15_GEN-APND,14.94454
2024-06-13 14:00:00-07:00,TH_SP15_GEN-APND,14.62369
2024-06-13 14:00:00-07:00,TH_ZP26_GEN-APND,13.18153
2024-06-13 15:00:00-07:00,TH_NP15_GEN-APND,17.10567
2024-06-13 15:00:00-07:00,TH_SP15_GEN-APND,16.65624
2024-06-13 15:00:00-07:00,TH_ZP26_GEN-APND,15.38992
2024-06-13 16:00:00-07:00,TH_NP15_GEN-APND,17.30949
2024-06-13 16:00:00-07:00,TH_SP15_GEN-APND,16.93352
2024-06-13 16:00:00-07:00,TH_ZP26_GEN-APND,15.39778
2024-06-13 17:00:00-07:00,TH_NP15_GEN-APND,22.51694
2024-06-13 17:00:00-07:00,TH_SP15_GEN-APND,24.11207
2024-06-13 17:00:00-07:00,TH_ZP26_GEN-APND,23.16689
2024-06-13 18:00:00-07:00,TH_NP15_GEN-APND,30.65545
2024-06-13 18:00:00-07:00,TH_SP15_GEN-APND,32.08099
2024-06-13 18:00:00-07:00,TH_ZP26_GEN-APND,30.62459
2024-06-13 19:00:00-07:00,TH_NP15_GEN-APND,45.01185
2024-06-13 19:00:00-07:00,TH_SP15_GEN-APND,45.64059
2024-06-13 19:00:00-07:00,TH_ZP26_GEN-APND,44.44847
2024-06-13 20:00:00-07:00,TH_NP15_GEN-APND,48.19572
2024-06-13 20:00:00-07:00,TH_SP15_GEN-APND,49.27254
2024-06-13 20:00:00-07:00,TH_ZP26_GEN-APND,47.37816
2024-06-13 21:00:00-07:00,TH_NP15_GEN-APND,38.44596
2024-06-13 21:00:00-07:00,TH_SP15_GEN-APND,40.03396
2024-06-13 21:00:00-07:00,TH_ZP26_GEN-APND,37.80611
2024-06-13 22:00:00-07:00,TH_NP15_GEN-APND,31.01757
2024-06-13 22:00:00-07:00,TH_SP15_GEN-APND,32.30001
2024-06-13 22:00:00-07:00,TH_ZP26_GEN-APND,31.02263
2024-06-13 23:00:00-07:00,TH_NP15_GEN-APND,28.1458
2024-06-13 23:00:00-07:00,TH_SP15_GEN-APND,29.87874
2024-06-13 23:00:00-07:00,TH_ZP26_GEN-APND,28.54922
2024-06-14 00:00:00-07:00,TH_NP15_GEN-APND,26.03476
2024-06-14 00:00:00-07:00,TH_SP15_GEN-APND,28.3276
2024-06-14 00:00:00-07:00,TH_ZP26_GEN-APND,26.53943
2024-06-14 01:00:00-07:00,TH_NP15_GEN-APND,26.39984
2024-06-14 01:00:00-07:00,TH_SP15_GEN-APND,28.7563
2024-06-14 01:00:00-07:00,TH_ZP26_GEN-APND,27.26172
2024-06-14 02:00:00-07:00,TH_NP15_GEN-APND,25.87447
2024-06-14 02:00:00-07:00,TH_SP15_GEN-APND,28.09385
2024-06-14 02:00:00-07:00,TH_ZP26_GEN-APND,26.77205
2024-06-14 03:00:00-07:00,TH_NP15_GEN-APND,23.67591
2024-06-14 03:00:00-07:00,TH_SP15_GEN-APND,25.85613
2024-06-14 03:00:00-07:00,TH_ZP26_GEN-APND,24.37537
2024-06-14 04:00:00-07:00,TH_NP15_GEN-APND,24.95036
2024-06-14 04:00:00-07:00,TH_SP15_GEN-APND,27.35895
2024-06-14 04:00:00-07:00,TH_ZP26_GEN-APND,25.67268
2024-06-14 05:00:00-07:00,TH_NP15_GEN-APND,27.2617
2024-06-14 05:00:00-07:00,TH_SP15_GEN-APND,29.56202
2024-06-14 05:00:00-07:00,TH_ZP26_GEN-APND,27.69876
2024-06-14 06:00:00-07:00,TH_NP15_GEN-APND,21.44858
2024-06-14 06:00:00-07:00,TH_SP15_GEN-APND,22.82647
2024-06-14 06:00:00-07:00,TH_ZP26_GEN-APND,21.55478
2024-06-14 07:00:00-07:00,TH_NP15_GEN-APND,9.96377
2024-06-14 07:00:00-07:00,TH_SP15_GEN-APND,8.18141
2024-06-14 07:00:00-07:00,TH_ZP26_GEN-APND,4.61086
2024-06-14 08:00:00-07:00,TH_NP15_GEN-APND,8.32453
2024-06-14 08:00:00-07:00,TH_SP15_GEN-APND,4.62564
2024-06-14 08:00:00-07:00,TH_ZP26_GEN-APND,0.9025
2024-06-14 09:00:00-07:00,TH_NP15_GEN-APND,6.85941
2024-06-14 09:00:00-07:00,TH_SP15_GEN-APND,4.71993
2024-06-14 09:00:00-07:00,TH_ZP26_GEN-APND,0.96517
2024-06-14 10:00:00-07:00,TH_NP15_GEN-APND,4.6947
2024-06-14 10:00:00-07:00,TH_SP15_GEN-APND,3.86161
2024-06-14 10:00:00-07:00,TH_ZP26_GEN-APND,1.18848
2024-06-14 11:00:00-07:00,TH_NP15_GEN-APND,5.08712
2024-06-14 11:00:00-07:00,TH_SP15_GEN-APND,3.47528
2024-06-14 11:00:00-07:00,TH_ZP26_GEN-APND,1.09735
2024-06-14 12:00:00-07:00,TH_NP15_GEN-APND,5.73741
2024-06-14 12:00:00-07:00,TH_SP15_GEN-APND,3.84339
2024-06-14 12:00:00-07:00,TH_ZP26_GEN-APND,1.82372
2024-06-14 13:00:00-07:00,TH_NP15_GEN-APND,8.10088
2024-06-14 13:00:00-07:00,TH_SP15_GEN-APND,4.52302
2024-06-14 13:00:00-07:00,TH_ZP26_GEN-APND,2.29308
2024-06-14 14:00:00-07:00,TH_NP15_GEN-APND,10.0977
2024-06-14 14:00:00-07:00,TH_SP15_GEN-APND,7.93029
2024-06-14 14:00:00-07:00,TH_ZP26_GEN-APND,5.80937
2024-06-14 15:00:00-07:00,TH_NP15_GEN-APND,12.34788
2024-06-14 15:00:00-07:00,TH_SP15_GEN-APND,10.62887
2024-06-14 15:00:00-07:00,TH_ZP26_GEN-APND,8.79063
2024-06-14 16:00:00-07:00,TH_NP15_GEN-APND,14.31254
2024-06-14 16:00:00-07:00,TH_SP15_GEN-APND,13.659
2024-06-14 16:00:00-07:00,TH_ZP26_GEN-APND,11.77895
2024-06-14 17:00:00-07:00,TH_NP15_GEN-APND,21.81815
2024-06-14 17:00:00-07:00,TH_SP15_GEN-APND,23.79909
2024-06-14 17:00:00-07:00,TH_ZP26_GEN-APND,22.09127
2024-06-14 18:00:00-07:00,TH_NP15_GEN-APND,30.15316
2024-06-14 18:00:00-07:00,TH_SP15_GEN-APND,32.31707
2024-06-14 18:00:00-07:00,TH_ZP26_GEN-APND,30.3287
2024-06-14 19:00:00-07:00,TH_NP15_GEN-APND,44.60338
2024-06-14 19:00:00-07:00,TH_SP15_GEN-APND,46.52669
2024-06-14 19:00:00-07:00,TH_ZP26_GEN-APND,44.3198
2024-06-14 20:00:00-07:00,TH_NP15_GEN-APND,47.30849
2024-06-14 20:00:00-07:00,TH_SP15_GEN-APND,49.73234
2024-06-14 20:00:00-07:00,TH_ZP26_GEN-APND,47.35449
2024-06-14 21:00:00-07:00,TH_NP15_GEN-APND,40.76633
2024-06-14 21:00:00-07:00,TH_SP15_GEN-APND,42.94537
2024-06-14 21:00:00-07:00,TH_ZP26_GEN-APND,40.93949
2024-06-14 22:00:00-07:00,TH_NP15_GEN-APND,31.31277
2024-06-14 22:00:00-07:00,TH_SP15_GEN-APND,33.33444
2024-06-14 22:00:00-07:00,TH_ZP26_GEN-APND,31.67288
2024-06-14 23:00:00-07:00,TH_NP15_GEN-APND,29.64331
2024-06-14 23:00:00-07:00,TH_SP15_GEN-APND,31.89726
2024-06-14 23:00:00-07:00,TH_ZP26_GEN-APND,30.45058
2024-06-15 00:00:00-07:00,TH_NP15_GEN-APND,27.84472
2024-06-15 00:00:00-07:00,TH_SP15_GEN-APND,28.50806
2024-06-15 00:00:00-07:00,TH_ZP26_GEN-APND,28.28262
2024-06-15 01:00:00-07:00,TH_NP15_GEN-APND,26.75135
2024-06-15 01:00:00-07:00,TH_SP15_GEN-APND,27.39998
2024-06-15 01:00:00-07:00,TH_ZP26_GEN-APND,27.23116
2024-06-15 02:00:00-07:00,TH_NP15_GEN-APND,26.59815
2024-06-15 02:00:00-07:00,TH_SP15_GEN-APND,27.4847
2024-06-15 02:00:00-07:00,TH_ZP26_GEN-APND,27.18402
2024-06-15 03:00:00-07:00,TH_NP15_GEN-APND,26.31785
2024-06-15 03:00:00-07:00,TH_SP15_GEN-APND,27.60209
2024-06-15 03:00:00-07:00,TH_ZP26_GEN-APND,26.95495
2024-06-15 04:00:00-07:00,TH_NP15_GEN-APND,25.31202
2024-06-15 04:00:00-07:00,TH_SP15_GEN-APND,26.67666
2024-06-15 04:00:00-07:00,TH_ZP26_GEN-APND,25.81187
2024-06-15 05:00:00-07:00,TH_NP15_GEN-APND,26.29564
2024-06-15 05:00:00-07:00,TH_SP15_GEN-APND,27.36318
2024-06-15 05:00:00-07:00,TH_ZP26_GEN-APND,26.72032
2024-06-15 06:00:00-07:00,TH_NP15_GEN-APND,15.34828
2024-06-15 06:00:00-07:00,TH_SP15_GEN-APND,16.31603
2024-06-15 06:00:00-07:00,TH_ZP26_GEN-APND,15.22791
2024-06-15 07:00:00-07:00,TH_NP15_GEN-APND,-1.79768
2024-06-15 07:00:00-07:00,TH_SP15_GEN-APND,-3.84443
2024-06-15 07:00:00-07:00,TH_ZP26_GEN-APND,-7.09735
2024-06-15 08:00:00-07:00,TH_NP15_GEN-APND,-4.52994
2024-06-15 08:00:00-07:00,TH_SP15_GEN-APND,-12.48272
2024-06-15 08:00:00-07:00,TH_ZP26_GEN-APND,-16.66055
2024-06-15 09:00:00-07:00,TH_NP15_GEN-APND,-4.92641
2024-06-15 09:00:00-07:00,TH_SP15_GEN-APND,-13.27085
2024-06-15 09:00:00-07:00,TH_ZP26_GEN-APND,-17.50637
2024-06-15 10:00:00-07:00,TH_NP15_GEN-APND,-6.58514
2024-06-15 10:00:00-07:00,TH_SP15_GEN-APND,-12.37559
2024-06-15 10:00:00-07:00,TH_ZP26_GEN-APND,-15.72987
2024-06-15 11:00:00-07:00,TH_NP15_GEN-APND,-7.25673
2024-06-15 11:00:00-07:00,TH_SP15_GEN-APND,-12.89422
2024-06-15 11:00:00-07:00,TH_ZP26_GEN-APND,-16.24373
2024-06-15 12:00:00-07:00,TH_NP15_GEN-APND,-6.81396
2024-06-15 12:00:00-07:00,TH_SP15_GEN-APND,-11.00209
2024-06-15 12:00:00-07:00,TH_ZP26_GEN-APND,-13.64917
2024-06-15 13:00:00-07:00,TH_NP15_GEN-APND,-6.43723
2024-06-15 13:00:00-07:00,TH_SP15_GEN-APND,-10.30463
2024-06-15 13:00:00-07:00,TH_ZP26_GEN-APND,-12.79234
2024-06-15 14:00:00-07:00,TH_NP15_GEN-APND,-1.74535
2024-06-15 14:00:00-07:00,TH_SP15_GEN-APND,-4.8364
2024-06-15 14:00:00-07:00,TH_ZP26_GEN-APND,-6.64615
2024-06-15 15:00:00-07:00,TH_NP15_GEN-APND,0.79719
2024-06-15 15:00:00-07:00,TH_SP15_GEN-APND,-2.8185
2024-06-15 15:00:00-07:00,TH_ZP26_GEN-APND,-4.30944
2024-06-15 16:00:00-07:00,TH_NP15_GEN-APND,7.69738
2024-06-15 16:00:00-07:00,TH_SP15_GEN-APND,5.21595
2024-06-15 16:00:00-07:00,TH_ZP26_GEN-APND,3.69676
2024-06-15 17:00:00-07:00,TH_NP15_GEN-APND,19.09479
2024-06-15 17:00:00-07:00,TH_SP15_GEN-APND,19.0269
2024-06-15 17:00:00-07:00,TH_ZP26_GEN-APND,17.9154
2024-06-15 18:00:00-07:00,TH_NP15_GEN-APND,29.11413
2024-06-15 18:00:00-07:00,TH_SP15_GEN-APND,30.78557
2024-06-15 18:00:00-07:00,TH_ZP26_GEN-APND,29.98648
2024-06-15 19:00:00-07:00,TH_NP15_GEN-APND,43.32211
2024-06-15 19:00:00-07:00,TH_SP15_GEN-APND,44.8059
2024-06-15 19:00:00-07:00,TH_ZP26_GEN-APND,43.95256
2024-06-15 20:00:00-07:00,TH_NP15_GEN-APND,46.58168
2024-06-15 20:00:00-07:00,TH_SP15_GEN-APND,48.40255
2024-06-15 20:00:00-07:00,TH_ZP26_GEN-APND,47.48624
2024-06-15 21:00:00-07:00,TH_NP15_GEN-APND,39.78926
2024-06-15 21:00:00-07:00,TH_SP15_GEN-APND,41.0895
2024-06-15 21:00:00-07:00,TH_ZP26_GEN-APND,40.74272
2024-06-15 22:00:00-07:00,TH_NP15_GEN-APND,30.79238
2024-06-15 22:00:00-07:00,TH_SP15_GEN-APND,31.5897
2024-06-15 22:00:00-07:00,TH_ZP26_GEN-APND,31.39758
2024-06-15 23:00:00-07:00,TH_NP15_GEN-APND,29.82814
2024-06-15 23:00:00-07:00,TH_SP15_GEN-APND,30.91538
2024-06-15 23:00:00-07:00,TH_ZP26_GEN-APND,30.62062
2024-06-16 00:00:00-07:00,TH_NP15_GEN-APND,26.25663
2024-06-16 00:00:00-07:00,TH_SP15_GEN-APND,26.856
2024-06-16 00:00:00-07:00,TH_ZP26_GEN-APND,26.65426
2024-06-16 01:00:00-07:00,TH_NP15_GEN-APND,25.06693
2024-06-16 01:00:00-07:00,TH_SP15_GEN-APND,25.74756
2024-06-16 01:00:00-07:00,TH_ZP26_GEN-APND,25.6048
2024-06-16 02:00:00-07:00,TH_NP15_GEN-APND,23.83268
2024-06-16 02:00:00-07:00,TH_SP15_GEN-APND,24.54202
2024-06-16 02:00:00-07:00,TH_ZP26_GEN-APND,24.41365
2024-06-16 03:00:00-07:00,TH_NP15_GEN-APND,23.81525
2024-06-16 03:00:00-07:00,TH_SP15_GEN-APND,24.30189
2024-06-16 03:00:00-07:00,TH_ZP26_GEN-APND,24.26444
2024-06-16 04:00:00-07:00,TH_NP15_GEN-APND,22.40745
2024-06-16 04:00:00-07:00,TH_SP15_GEN-APND,23.01838
2024-06-16 04:00:00-07:00,TH_ZP26_GEN-APND,22.97584
2024-06-16 05:00:00-07:00,TH_NP15_GEN-APND,21.07439
2024-06-16 05:00:00-07:00,TH_SP15_GEN-APND,21.19011
2024-06-16 05:00:00-07:00,TH_ZP26_GEN-APND,21.23382
2024-06-16 06:00:00-07:00,TH_NP15_GEN-APND,7.12136
2024-06-16 06:00:00-07:00,TH_SP15_GEN-APND,6.98401
2024-06-16 06:00:00-07:00,TH_ZP26_GEN-APND,7.0
2024-06-16 07:00:00-07:00,TH_NP15_GEN-APND,-6.08
2024-06-16 07:00:00-07:00,TH_SP15_GEN-APND,-22.20157
2024-06-16 07:00:00-07:00,TH_ZP26_GEN-APND,-24.75689
2024-06-16 08:00:00-07:00,TH_NP15_GEN-APND,-11.02253
2024-06-16 08:00:00-07:00,TH_SP15_GEN-APND,-27.52377
2024-06-16 08:00:00-07:00,TH_ZP26_GEN-APND,-29.94881
2024-06-16 09:00:00-07:00,TH_NP15_GEN-APND,-11.67997
2024-06-16 09:00:00-07:00,TH_SP15_GEN-APND,-29.16417
2024-06-16 09:00:00-07:00,TH_ZP26_GEN-APND,-31.71458
2024-06-16 10:00:00-07:00,TH_NP15_GEN-APND,-15.94437
2024-06-16 10:00:00-07:00,TH_SP15_GEN-APND,-26.1514
2024-06-16 10:00:00-07:00,TH_ZP26_GEN-APND,-27.46623
2024-06-16 11:00:00-07:00,TH_NP15_GEN-APND,-15.5752
2024-06-16 11:00:00-07:00,TH_SP15_GEN-APND,-25.73179
2024-06-16 11:00:00-07:00,TH_ZP26_GEN-APND,-27.0248
2024-06-16 12:00:00-07:00,TH_NP15_GEN-APND,-15.51172
2024-06-16 12:00:00-07:00,TH_SP15_GEN-APND,-25.46539
2024-06-16 12:00:00-07:00,TH_ZP26_GEN-APND,-26.99908
2024-06-16 13:00:00-07:00,TH_NP15_GEN-APND,-15.45691
2024-06-16 13:00:00-07:00,TH_SP15_GEN-APND,-25.21612
2024-06-16 13:00:00-07:00,TH_ZP26_GEN-APND,-26.74154
2024-06-16 14:00:00-07:00,TH_NP15_GEN-APND,-15.20243
2024-06-16 14:00:00-07:00,TH_SP15_GEN-APND,-25.03393
2024-06-16 14:00:00-07:00,TH_ZP26_GEN-APND,-26.63539
2024-06-16 15:00:00-07:00,TH_NP15_GEN-APND,-8.28367
2024-06-16 15:00:00-07:00,TH_SP15_GEN-APND,-16.34949
2024-06-16 15:00:00-07:00,TH_ZP26_GEN-APND,-17.5
2024-06-16 16:00:00-07:00,TH_NP15_GEN-APND,-0.53863
2024-06-16 16:00:00-07:00,TH_SP15_GEN-APND,-10.19262
2024-06-16 16:00:00-07:00,TH_ZP26_GEN-APND,-11.5969
2024-06-16 17:00:00-07:00,TH_NP15_GEN-APND,11.87707
2024-06-16 17:00:00-07:00,TH_SP15_GEN-APND,4.14854
2024-06-16 17:00:00-07:00,TH_ZP26_GEN-APND,3.00163
2024-06-16 18:00:00-07:00,TH_NP15_GEN-APND,24.80706
2024-06-16 18:00:00-07:00,TH_SP15_GEN-APND,24.97738
2024-06-16 18:00:00-07:00,TH_ZP26_GEN-APND,24.52534
2024-06-16 19:00:00-07:00,TH_NP15_GEN-APND,35.28826
2024-06-16 19:00:00-07:00,TH_SP15_GEN-APND,35.69863
2024-06-16 19:00:00-07:00,TH_ZP26_GEN-APND,35.2107
2024-06-16 20:00:00-07:00,TH_NP15_GEN-APND,42.59838
2024-06-16 20:00:00-07:00,TH_SP15_GEN-APND,44.20231
2024-06-16 20:00:00-07:00,TH_ZP26_GEN-APND,43.51926
2024-06-16 21:00:00-07:00,TH_NP15_GEN-APND,35.84546
2024-06-16 21:00:00-07:00,TH_SP15_GEN-APND,37.87375
2024-06-16 21:00:00-07:00,TH_ZP26_GEN-APND,38.25825
2024-06-16 22:00:00-07:00,TH_NP15_GEN-APND,29.6563
2024-06-16 22:00:00-07:00,TH_SP15_GEN-APND,30.84962
2024-06-16 22:00:00-07:00,TH_ZP26_GEN-APND,30.86233
2024-06-16 23:00:00-07:00,TH_NP15_GEN-APND,29.22435
2024-06-16 23:00:00-07:00,TH_SP15_GEN-APND,29.80567
2024-06-16 23:00:00-07:00,TH_ZP26_GEN-APND,29.62151
2024-06-17 00:00:00-07:00,TH_NP15_GEN-APND,27.90347
2024-06-17 00:00:00-07:00,TH_SP15_GEN-APND,28.4935
2024-06-17 00:00:00-07:00,TH_ZP26_GEN-APND,28.22121
2024-06-17 01:00:00-07:00,TH_NP15_GEN-APND,25.75022
2024-06-17 01:00:00-07:00,TH_SP15_GEN-APND,26.06
2024-06-17 01:00:00-07:00,TH_ZP26_GEN-APND,25.86658
2024-06-17 02:00:00-07:00,TH_NP15_GEN-APND,27.23201
2024-06-17 02:00:00-07:00,TH_SP15_GEN-APND,27.7124
2024-06-17 02:00:00-07:00,TH_ZP26_GEN-APND,27.49314
2024-06-17 03:00:00-07:00,TH_NP15_GEN-APND,25.06306
2024-06-17 03:00:00-07:00,TH_SP15_GEN-APND,25.47116
2024-06-17 03:00:00-07:00,TH_ZP26_GEN-APND,25.2461
2024-06-17 04:00:00-07:00,TH_NP15_GEN-APND,27.46317
2024-06-17 04:00:00-07:00,TH_SP15_GEN-APND,27.87757
2024-06-17 04:00:00-07:00,TH_ZP26_GEN-APND,27.62524
2024-06-17 05:00:00-07:00,TH_NP15_GEN-APND,30.10979
2024-06-17 05:00:00-07:00,TH_SP15_GEN-APND,30.0
2024-06-17 05:00:00-07:00,TH_ZP26_GEN-APND,29.8414
2024-06-17 06:00:00-07:00,TH_NP15_GEN-APND,21.65614
2024-06-17 06:00:00-07:00,TH_SP15_GEN-APND,21.13735
2024-06-17 06:00:00-07:00,TH_ZP26_GEN-APND,21.13735
2024-06-17 07:00:00-07:00,TH_NP15_GEN-APND,3.84936
2024-06-17 07:00:00-07:00,TH_SP15_GEN-APND,-1.08799
2024-06-17 07:00:00-07:00,TH_ZP26_GEN-APND,-2.20205
2024-06-17 08:00:00-07:00,TH_NP15_GEN-APND,0.98461
2024-06-17 08:00:00-07:00,TH_SP15_GEN-APND,-6.65261
2024-06-17 08:00:00-07:00,TH_ZP26_GEN-APND,-9.05526
2024-06-17 09:00:00-07:00,TH_NP15_GEN-APND,-1.39054
2024-06-17 09:00:00-07:00,TH_SP15_GEN-APND,-8.48498
2024-06-17 09:00:00-07:00,TH_ZP26_GEN-APND,-10.84331
2024-06-17 10:00:00-07:00,TH_NP15_GEN-APND,-4.48153
2024-06-17 10:00:00-07:00,TH_SP15_GEN-APND,-8.83445
2024-06-17 10:00:00-07:00,TH_ZP26_GEN-APND,-10.52477
2024-06-17 11:00:00-07:00,TH_NP15_GEN-APND,-5.60435
2024-06-17 11:00:00-07:00,TH_SP15_GEN-APND,-9.02494
2024-06-17 11:00:00-07:00,TH_ZP26_GEN-APND,-10.68615
2024-06-17 12:00:00-07:00,TH_NP15_GEN-APND,-9.27458
2024-06-17 12:00:00-07:00,TH_SP15_GEN-APND,-13.98122
2024-06-17 12:00:00-07:00,TH_ZP26_GEN-APND,-15.83527
2024-06-17 13:00:00-07:00,TH_NP15_GEN-APND,-7.10294
2024-06-17 13:00:00-07:00,TH_SP15_GEN-APND,-11.16912
2024-06-17 13:00:00-07:00,TH_ZP26_GEN-APND,-12.86957
2024-06-17 14:00:00-07:00,TH_NP15_GEN-APND,-5.01123
2024-06-17 14:00:00-07:00,TH_SP15_GEN-APND,-8.42823
2024-06-17 14:00:00-07:00,TH_ZP26_GEN-APND,-9.9006
2024-06-17 15:00:00-07:00,TH_NP15_GEN-APND,-1.46281
2024-06-17 15:00:00-07:00,TH_SP15_GEN-APND,-4.50771
2024-06-17 15:00:00-07:00,TH_ZP26_GEN-APND,-5.95198
2024-06-17 16:00:00-07:00,TH_NP15_GEN-APND,1.10653
2024-06-17 16:00:00-07:00,TH_SP15_GEN-APND,-3.40547
2024-06-17 16:00:00-07:00,TH_ZP26_GEN-APND,-5.36152
2024-06-17 17:00:00-07:00,TH_NP15_GEN-APND,12.83279
2024-06-17 17:00:00-07:00,TH_SP15_GEN-APND,8.93671
2024-06-17 17:00:00-07:00,TH_ZP26_GEN-APND,7.45578
2024-06-17 18:00:00-07:00,TH_NP15_GEN-APND,27.36193
2024-06-17 18:00:00-07:00,TH_SP15_GEN-APND,28.28974
2024-06-17 18:00:00-07:00,TH_ZP26_GEN-APND,27.80331
2024-06-17 19:00:00-07:00,TH_NP15_GEN-APND,39.71322
2024-06-17 19:00:00-07:00,TH_SP15_GEN-APND,39.66692
2024-06-17 19:00:00-07:00,TH_ZP26_GEN-APND,39.58947
2024-06-17 20:00:00-07:00,TH_NP15_GEN-APND,43.49812
2024-06-17 20:00:00-07:00,TH_SP15_GEN-APND,43.58757
2024-06-17 20:00:00-07:00,TH_ZP26_GEN-APND,43.44532
2024-06-17 21:00:00-07:00,TH_NP15_GEN-APND,36.33285
2024-06-17 21:00:00-07:00,TH_SP15_GEN-APND,35.98876
2024-06-17 21:00:00-07:00,TH_ZP26_GEN-APND,36.53368
2024-06-17 22:00:00-07:00,TH_NP15_GEN-APND,29.96594
2024-06-17 22:00:00-07:00,TH_SP15_GEN-APND,30.0
2024-06-17 22:00:00-07:00,TH_ZP26_GEN-APND,29.92936
2024-06-17 23:00:00-07:00,TH_NP15_GEN-APND,29.23277
2024-06-17 23:00:00-07:00,TH_SP15_GEN-APND,29.77558
2024-06-17 23:00:00-07:00,TH_ZP26_GEN-APND,29.63763
2024-06-18 00:00:00-07:00,TH_NP15_GEN-APND,27.60447
2024-06-18 00:00:00-07:00,TH_SP15_GEN-APND,27.63502
2024-06-18 00:00:00-07:00,TH_ZP26_GEN-APND,27.68091
2024-06-18 01:00:00-07:00,TH_NP15_GEN-APND,25.8929
2024-06-18 01:00:00-07:00,TH_SP15_GEN-APND,26.01629
2024-06-18 01:00:00-07:00,TH_ZP26_GEN-APND,26.02975
2024-06-18 02:00:00-07:00,TH_NP15_GEN-APND,25.34741
2024-06-18 02:00:00-07:00,TH_SP15_GEN-APND,25.51401
2024-06-18 02:00:00-07:00,TH_ZP26_GEN-APND,25.4982
2024-06-18 03:00:00-07:00,TH_NP15_GEN-APND,25.07609
2024-06-18 03:00:00-07:00,TH_SP15_GEN-APND,25.46098
2024-06-18 03:00:00-07:00,TH_ZP26_GEN-APND,25.34838
2024-06-18 04:00:00-07:00,TH_NP15_GEN-APND,27.4524
2024-06-18 04:00:00-07:00,TH_SP15_GEN-APND,28.18182
2024-06-18 04:00:00-07:00,TH_ZP26_GEN-APND,28.06605
2024-06-18 05:00:00-07:00,TH_NP15_GEN-APND,29.77471
2024-06-18 05:00:00-07:00,TH_SP15_GEN-APND,30.19823
2024-06-18 05:00:00-07:00,TH_ZP26_GEN-APND,30.15342
2024-06-18 06:00:00-07:00,TH_NP15_GEN-APND,25.99996
2024-06-18 06:00:00-07:00,TH_SP15_GEN-APND,26.3837
2024-06-18 06:00:00-07:00,TH_ZP26_GEN-APND,26.31282
2024-06-18 07:00:00-07:00,TH_NP15_GEN-APND,13.4623
2024-06-18 07:00:00-07:00,TH_SP15_GEN-APND,8.52915
2024-06-18 07:00:00-07:00,TH_ZP26_GEN-APND,6.90244
2024-06-18 08:00:00-07:00,TH_NP15_GEN-APND,9.73916
2024-06-18 08:00:00-07:00,TH_SP15_GEN-APND,3.4979
2024-06-18 08:00:00-07:00,TH_ZP26_GEN-APND,0.89099
2024-06-18 09:00:00-07:00,TH_NP15_GEN-APND,8.75
2024-06-18 09:00:00-07:00,TH_SP15_GEN-APND,3.48577
2024-06-18 09:00:00-07:00,TH_ZP26_GEN-APND,0.70036
2024-06-18 10:00:00-07:00,TH_NP15_GEN-APND,7.12586
2024-06-18 10:00:00-07:00,TH_SP15_GEN-APND,4.08345
2024-06-18 10:00:00-07:00,TH_ZP26_GEN-APND,2.29885
2024-06-18 11:00:00-07:00,TH_NP15_GEN-APND,5.91596
2024-06-18 11:00:00-07:00,TH_SP15_GEN-APND,3.30696
2024-06-18 11:00:00-07:00,TH_ZP26_GEN-APND,1.7486
2024-06-18 12:00:00-07:00,TH_NP15_GEN-APND,9.11652
2024-06-18 12:00:00-07:00,TH_SP15_GEN-APND,2.52679
2024-06-18 12:00:00-07:00,TH_ZP26_GEN-APND,1.03685
2024-06-18 13:00:00-07:00,TH_NP15_GEN-APND,9.85687
2024-06-18 13:00:00-07:00,TH_SP15_GEN-APND,3.88
2024-06-18 13:00:00-07:00,TH_ZP26_GEN-APND,3.44111
2024-06-18 14:00:00-07:00,TH_NP15_GEN-APND,11.20904
2024-06-18 14:00:00-07:00,TH_SP15_GEN-APND,5.08
2024-06-18 14:00:00-07:00,TH_ZP26_GEN-APND,3.78705
2024-06-18 15:00:00-07:00,TH_NP15_GEN-APND,13.85523
2024-06-18 15:00:00-07:00,TH_SP15_GEN-APND,8.78306
2024-06-18 15:00:00-07:00,TH_ZP26_GEN-APND,8.10491
2024-06-18 16:00:00-07:00,TH_NP15_GEN-APND,17.26154
2024-06-18 16:00:00-07:00,TH_SP15_GEN-APND,15.0
2024-06-18 16:00:00-07:00,TH_ZP26_GEN-APND,15.15933
2024-06-18 17:00:00-07:00,TH_NP15_GEN-APND,23.53515
2024-06-18 17:00:00-07:00,TH_SP15_GEN-APND,22.57645
2024-06-18 17:00:00-07:00,TH_ZP26_GEN-APND,23.82029
2024-06-18 18:00:00-07:00,TH_NP15_GEN-APND,31.34052
2024-06-18 18:00:00-07:00,TH_SP15_GEN-APND,31.59299
2024-06-18 18:00:00-07:00,TH_ZP26_GEN-APND,31.70787
2024-06-18 19:00:00-07:00,TH_NP15_GEN-APND,44.64
2024-06-18 19:00:00-07:00,TH_SP15_GEN-APND,44.23949
2024-06-18 19:00:00-07:00,TH_ZP26_GEN-APND,44.55005
2024-06-18 20:00:00-07:00,TH_NP15_GEN-APND,49.04571
2024-06-18 20:00:00-07:00,TH_SP15_GEN-APND,49.39597
2024-06-18 20:00:00-07:00,TH_ZP26_GEN-APND,49.4064
2024-06-18 21:00:00-07:00,TH_NP15_GEN-APND,38.80148
2024-06-18 21:00:00-07:00,TH_SP15_GEN-APND,38.95462
2024-06-18 21:00:00-07:00,TH_ZP26_GEN-APND,38.93435
2024-06-18 22:00:00-07:00,TH_NP15_GEN-APND,31.61384
2024-06-18 22:00:00-07:00,TH_SP15_GEN-APND,32.00319
2024-06-18 22:00:00-07:00,TH_ZP26_GEN-APND,31.97229
2024-06-18 23:00:00-07:00,TH_NP15_GEN-APND,28.78065
2024-06-18 23:00:00-07:00,TH_SP15_GEN-APND,29.03056
2024-06-18 23:00:00-07:00,TH_ZP26_GEN-APND,29.06058
2024-06-19 00:00:00-07:00,TH_NP15_GEN-APND,32.86703
2024-06-19 00:00:00-07:00,TH_SP15_GEN-APND,33.59779
2024-06-19 00:00:00-07:00,TH_ZP26_GEN-APND,33.50466
2024-06-19 01:00:00-07:00,TH_NP15_GEN-APND,28.94964
2024-06-19 01:00:00-07:00,TH_SP15_GEN-APND,29.40793
2024-06-19 01:00:00-07:00,TH_ZP26_GEN-APND,29.38979
2024-06-19 02:00:00-07:00,TH_NP15_GEN-APND,28.25074
2024-06-19 02:00:00-07:00,TH_SP15_GEN-APND,28.97203
2024-06-19 02:00:00-07:00,TH_ZP26_GEN-APND,28.90086
2024-06-19 03:00:00-07:00,TH_NP15_GEN-APND,27.69596
2024-06-19 03:00:00-07:00,TH_SP15_GEN-APND,28.45896
2024-06-19 03:00:00-07:00,TH_ZP26_GEN-APND,28.34261
2024-06-19 04:00:00-07:00,TH_NP15_GEN-APND,30.49355
2024-06-19 04:00:00-07:00,TH_SP15_GEN-APND,31.38097
2024-06-19 04:00:00-07:00,TH_ZP26_GEN-APND,31.23355
2024-06-19 05:00:00-07:00,TH_NP15_GEN-APND,32.0
2024-06-19 05:00:00-07:00,TH_SP15_GEN-APND,32.75892
2024-06-19 05:00:00-07:00,TH_ZP26_GEN-APND,32.59139
2024-06-19 06:00:00-07:00,TH_NP15_GEN-APND,27.38473
2024-06-19 06:00:00-07:00,TH_SP15_GEN-APND,27.21417
2024-06-19 06:00:00-07:00,TH_ZP26_GEN-APND,27.16914
2024-06-19 07:00:00-07:00,TH_NP15_GEN-APND,10.9992
2024-06-19 07:00:00-07:00,TH_SP15_GEN-APND,7.87622
2024-06-19 07:00:00-07:00,TH_ZP26_GEN-APND,6.97023
2024-06-19 08:00:00-07:00,TH_NP15_GEN-APND,4.18495
2024-06-19 08:00:00-07:00,TH_SP15_GEN-APND,-0.45654
2024-06-19 08:00:00-07:00,TH_ZP26_GEN-APND,-2.12896
2024-06-19 09:00:00-07:00,TH_NP15_GEN-APND,1.96445
2024-06-19 09:00:00-07:00,TH_SP15_GEN-APND,-5.1041
2024-06-19 09:00:00-07:00,TH_ZP26_GEN-APND,-7.8171
2024-06-19 10:00:00-07:00,TH_NP15_GEN-APND,0.07779
2024-06-19 10:00:00-07:00,TH_SP15_GEN-APND,-3.17165
2024-06-19 10:00:00-07:00,TH_ZP26_GEN-APND,-4.99096
2024-06-19 11:00:00-07:00,TH_NP15_GEN-APND,0.02071
2024-06-19 11:00:00-07:00,TH_SP15_GEN-APND,-3.21856
2024-06-19 11:00:00-07:00,TH_ZP26_GEN-APND,-5.02117
2024-06-19 12:00:00-07:00,TH_NP15_GEN-APND,0.17569
2024-06-19 12:00:00-07:00,TH_SP15_GEN-APND,-3.32414
2024-06-19 12:00:00-07:00,TH_ZP26_GEN-APND,-5.10384
2024-06-19 13:00:00-07:00,TH_NP15_GEN-APND,0.17692
2024-06-19 13:00:00-07:00,TH_SP15_GEN-APND,-3.02351
2024-06-19 13:00:00-07:00,TH_ZP26_GEN-APND,-4.65564
2024-06-19 14:00:00-07:00,TH_NP15_GEN-APND,0.31707
2024-06-19 14:00:00-07:00,TH_SP15_GEN-APND,-3.04101
2024-06-19 14:00:00-07:00,TH_ZP26_GEN-APND,-4.64795
2024-06-19 15:00:00-07:00,TH_NP15_GEN-APND,2.5429
2024-06-19 15:00:00-07:00,TH_SP15_GEN-APND,-0.82872
2024-06-19 15:00:00-07:00,TH_ZP26_GEN-APND,-2.03808
2024-06-19 16:00:00-07:00,TH_NP15_GEN-APND,8.91964
2024-06-19 16:00:00-07:00,TH_SP15_GEN-APND,5.58218
2024-06-19 16:00:00-07:00,TH_ZP26_GEN-APND,4.46273
2024-06-19 17:00:00-07:00,TH_NP15_GEN-APND,17.98284
2024-06-19 17:00:00-07:00,TH_SP15_GEN-APND,17.34365
2024-06-19 17:00:00-07:00,TH_ZP26_GEN-APND,17.58032
2024-06-19 18:00:00-07:00,TH_NP15_GEN-APND,28.87976
2024-06-19 18:00:00-07:00,TH_SP15_GEN-APND,29.66171
2024-06-19 18:00:00-07:00,TH_ZP26_GEN-APND,29.50175
2024-06-19 19:00:00-07:00,TH_NP15_GEN-APND,42.40858
2024-06-19 19:00:00-07:00,TH_SP15_GEN-APND,41.99936
2024-06-19 19:00:00-07:00,TH_ZP26_GEN-APND,42.41469
2024-06-19 20:00:00-07:00,TH_NP15_GEN-APND,47.21569
2024-06-19 20:00:00-07:00,TH_SP15_GEN-APND,47.41152
2024-06-19 20:00:00-07:00,TH_ZP26_GEN-APND,47.70484
2024-06-19 21:00:00-07:00,TH_NP15_GEN-APND,39.64511
2024-06-19 21:00:00-07:00,TH_SP15_GEN-APND,40.16334
2024-06-19 21:00:00-07:00,TH_ZP26_GEN-APND,40.40128
2024-06-19 22:00:00-07:00,TH_NP15_GEN-APND,31.1809
2024-06-19 22:00:00-07:00,TH_SP15_GEN-APND,31.36213
2024-06-19 22:00:00-07:00,TH_ZP26_GEN-APND,31.64792
2024-06-19 23:00:00-07:00,TH_NP15_GEN-APND,31.22845
2024-06-19 23:00:00-07:00,TH_SP15_GEN-APND,31.94097
2024-06-19 23:00:00-07:00,TH_ZP26_GEN-APND,31.77728
2024-06-20 00:00:00-07:00,TH_NP15_GEN-APND,30.0
2024-06-20 00:00:00-07:00,TH_SP15_GEN-APND,30.01191
2024-06-20 00:00:00-07:00,TH_ZP26_GEN-APND,30.21854
2024-06-20 01:00:00-07:00,TH_NP15_GEN-APND,28.30246
2024-06-20 01:00:00-07:00,TH_SP15_GEN-APND,28.49174
2024-06-20 01:00:00-07:00,TH_ZP26_GEN-APND,28.6742
2024-06-20 02:00:00-07:00,TH_NP15_GEN-APND,27.64561
2024-06-20 02:00:00-07:00,TH_SP15_GEN-APND,28.08993
2024-06-20 02:00:00-07:00,TH_ZP26_GEN-APND,28.19705
2024-06-20 03:00:00-07:00,TH_NP15_GEN-APND,27.67847
2024-06-20 03:00:00-07:00,TH_SP15_GEN-APND,28.00135
2024-06-20 03:00:00-07:00,TH_ZP26_GEN-APND,28.09079
2024-06-20 04:00:00-07:00,TH_NP15_GEN-APND,29.19901
2024-06-20 04:00:00-07:00,TH_SP15_GEN-APND,29.50716
2024-06-20 04:00:00-07:00,TH_ZP26_GEN-APND,29.58312
2024-06-20 05:00:00-07:00,TH_NP15_GEN-APND,32.29527
2024-06-20 05:00:00-07:00,TH_SP15_GEN-APND,32.36637
2024-06-20 05:00:00-07:00,TH_ZP26_GEN-APND,32.58385
2024-06-20 06:00:00-07:00,TH_NP15_GEN-APND,28.0301
2024-06-20 06:00:00-07:00,TH_SP15_GEN-APND,27.3669
2024-06-20 06:00:00-07:00,TH_ZP26_GEN-APND,27.74064
2024-06-20 07:00:00-07:00,TH_NP15_GEN-APND,17.22594
2024-06-20 07:00:00-07:00,TH_SP15_GEN-APND,10.27504
2024-06-20 07:00:00-07:00,TH_ZP26_GEN-APND,13.02757
2024-06-20 08:00:00-07:00,TH_NP15_GEN-APND,12.5083
2024-06-20 08:00:00-07:00,TH_SP15_GEN-APND,2.84724
2024-06-20 08:00:00-07:00,TH_ZP26_GEN-APND,0.99
2024-06-20 09:00:00-07:00,TH_NP15_GEN-APND,9.62
2024-06-20 09:00:00-07:00,TH_SP15_GEN-APND,2.23198
2024-06-20 09:00:00-07:00,TH_ZP26_GEN-APND,-0.4216
2024-06-20 10:00:00-07:00,TH_NP15_GEN-APND,8.19331
2024-06-20 10:00:00-07:00,TH_SP15_GEN-APND,3.28149
2024-06-20 10:00:00-07:00,TH_ZP26_GEN-APND,1.18578
2024-06-20 11:00:00-07:00,TH_NP15_GEN-APND,11.0562
2024-06-20 11:00:00-07:00,TH_SP15_GEN-APND,1.93418
2024-06-20 11:00:00-07:00,TH_ZP26_GEN-APND,0.27681
2024-06-20 12:00:00-07:00,TH_NP15_GEN-APND,9.43846
2024-06-20 12:00:00-07:00,TH_SP15_GEN-APND,1.70786
2024-06-20 12:00:00-07:00,TH_ZP26_GEN-APND,-0.23412
2024-06-20 13:00:00-07:00,TH_NP15_GEN-APND,10.01635
2024-06-20 13:00:00-07:00,TH_SP15_GEN-APND,3.99037
2024-06-20 13:00:00-07:00,TH_ZP26_GEN-APND,2.62935
2024-06-20 14:00:00-07:00,TH_NP15_GEN-APND,13.41056
2024-06-20 14:00:00-07:00,TH_SP15_GEN-APND,3.32543
2024-06-20 14:00:00-07:00,TH_ZP26_GEN-APND,1.80323
2024-06-20 15:00:00-07:00,TH_NP15_GEN-APND,15.49397
2024-06-20 15:00:00-07:00,TH_SP15_GEN-APND,9.8058
2024-06-20 15:00:00-07:00,TH_ZP26_GEN-APND,8.07967
2024-06-20 16:00:00-07:00,TH_NP15_GEN-APND,16.68674
2024-06-20 16:00:00-07:00,TH_SP15_GEN-APND,12.02621
2024-06-20 16:00:00-07:00,TH_ZP26_GEN-APND,11.20289
2024-06-20 17:00:00-07:00,TH_NP15_GEN-APND,22.12709
2024-06-20 17:00:00-07:00,TH_SP15_GEN-APND,19.51191
2024-06-20 17:00:00-07:00,TH_ZP26_GEN-APND,19.48692
2024-06-20 18:00:00-07:00,TH_NP15_GEN-APND,29.96763
2024-06-20 18:00:00-07:00,TH_SP15_GEN-APND,29.7767
2024-06-20 18:00:00-07:00,TH_ZP26_GEN-APND,30.06977
2024-06-20 19:00:00-07:00,TH_NP15_GEN-APND,46.59937
2024-06-20 19:00:00-07:00,TH_SP15_GEN-APND,45.5606
2024-06-20 19:00:00-07:00,TH_ZP26_GEN-APND,45.79011
2024-06-20 20:00:00-07:00,TH_NP15_GEN-APND,50.85641
2024-06-20 20:00:00-07:00,TH_SP15_GEN-APND,50.0
2024-06-20 20:00:00-07:00,TH_ZP26_GEN-APND,50.3315
2024-06-20 21:00:00-07:00,TH_NP15_GEN-APND,39.5373
2024-06-20 21:00:00-07:00,TH_SP15_GEN-APND,38.80784
2024-06-20 21:00:00-07:00,TH_ZP26_GEN-APND,39.23523
2024-06-20 22:00:00-07:00,TH_NP15_GEN-APND,30.67
2024-06-20 22:00:00-07:00,TH_SP15_GEN-APND,29.81269
2024-06-20 22:00:00-07:00,TH_ZP26_GEN-APND,30.68456
2024-06-20 23:00:00-07:00,TH_NP15_GEN-APND,29.71464
2024-06-20 23:00:00-07:00,TH_SP15_GEN-APND,29.24164
2024-06-20 23:00:00-07:00,TH_ZP26_GEN-APND,30.12351
2024-06-21 00:00:00-07:00,TH_NP15_GEN-APND,33.13333
2024-06-21 00:00:00-07:00,TH_SP15_GEN-APND,33.78005
2024-06-21 00:00:00-07:00,TH_ZP26_GEN-APND,33.81942
2024-06-21 01:00:00-07:00,TH_NP15_GEN-APND,29.25861
2024-06-21 01:00:00-07:00,TH_SP15_GEN-APND,30.0
2024-06-21 01:00:00-07:00,TH_ZP26_GEN-APND,29.76342
2024-06-21 02:00:00-07:00,TH_NP15_GEN-APND,28.515
2024-06-21 02:00:00-07:00,TH_SP15_GEN-APND,29.23946
2024-06-21 02:00:00-07:00,TH_ZP26_GEN-APND,28.99715
2024-06-21 03:00:00-07:00,TH_NP15_GEN-APND,28.64232
2024-06-21 03:00:00-07:00,TH_SP15_GEN-APND,29.36711
2024-06-21 03:00:00-07:00,TH_ZP26_GEN-APND,29.12689
2024-06-21 04:00:00-07:00,TH_NP15_GEN-APND,29.96296
2024-06-21 04:00:00-07:00,TH_SP15_GEN-APND,30.87684
2024-06-21 04:00:00-07:00,TH_ZP26_GEN-APND,30.54269
2024-06-21 05:00:00-07:00,TH_NP15_GEN-APND,34.6592
2024-06-21 05:00:00-07:00,TH_SP15_GEN-APND,34.92321
2024-06-21 05:00:00-07:00,TH_ZP26_GEN-APND,34.83005
2024-06-21 06:00:00-07:00,TH_NP15_GEN-APND,32.89834
2024-06-21 06:00:00-07:00,TH_SP15_GEN-APND,32.69581
2024-06-21 06:00:00-07:00,TH_ZP26_GEN-APND,32.66791
2024-06-21 07:00:00-07:00,TH_NP15_GEN-APND,18.92063
2024-06-21 07:00:00-07:00,TH_SP15_GEN-APND,16.01588
2024-06-21 07:00:00-07:00,TH_ZP26_GEN-APND,15.02892
2024-06-21 08:00:00-07:00,TH_NP15_GEN-APND,15.78319
2024-06-21 08:00:00-07:00,TH_SP15_GEN-APND,14.01931
2024-06-21 08:00:00-07:00,TH_ZP26_GEN-APND,13.02851
2024-06-21 09:00:00-07:00,TH_NP15_GEN-APND,16.90919
2024-06-21 09:00:00-07:00,TH_SP15_GEN-APND,13.08183
2024-06-21 09:00:00-07:00,TH_ZP26_GEN-APND,11.11024
2024-06-21 10:00:00-07:00,TH_NP15_GEN-APND,17.35911
2024-06-21 10:00:00-07:00,TH_SP15_GEN-APND,13.98206
2024-06-21 10:00:00-07:00,TH_ZP26_GEN-APND,12.58761
2024-06-21 11:00:00-07:00,TH_NP15_GEN-APND,16.82382
2024-06-21 11:00:00-07:00,TH_SP15_GEN-APND,14.37174
2024-06-21 11:00:00-07:00,TH_ZP26_GEN-APND,12.87066
2024-06-21 12:00:00-07:00,TH_NP15_GEN-APND,18.27913
2024-06-21 12:00:00-07:00,TH_SP15_GEN-APND,14.35591
2024-06-21 12:00:00-07:00,TH_ZP26_GEN-APND,12.83981
2024-06-21 13:00:00-07:00,TH_NP15_GEN-APND,19.73871
2024-06-21 13:00:00-07:00,TH_SP15_GEN-APND,13.51065
2024-06-21 13:00:00-07:00,TH_ZP26_GEN-APND,12.00844
2024-06-21 14:00:00-07:00,TH_NP15_GEN-APND,20.73196
2024-06-21 14:00:00-07:00,TH_SP15_GEN-APND,18.4934
2024-06-21 14:00:00-07:00,TH_ZP26_GEN-APND,17.18244
2024-06-21 15:00:00-07:00,TH_NP15_GEN-APND,24.69574
2024-06-21 15:00:00-07:00,TH_SP15_GEN-APND,24.68853
2024-06-21 15:00:00-07:00,TH_ZP26_GEN-APND,23.59784
2024-06-21 16:00:00-07:00,TH_NP15_GEN-APND,29.84354
2024-06-21 16:00:00-07:00,TH_SP15_GEN-APND,28.27
2024-06-21 16:00:00-07:00,TH_ZP26_GEN-APND,27.59819
2024-06-21 17:00:00-07:00,TH_NP15_GEN-APND,33.21333
2024-06-21 17:00:00-07:00,TH_SP15_GEN-APND,32.96534
2024-06-21 17:00:00-07:00,TH_ZP26_GEN-APND,32.32129
2024-06-21 18:00:00-07:00,TH_NP15_GEN-APND,45.62719
2024-06-21 18:00:00-07:00,TH_SP15_GEN-APND,45.84115
2024-06-21 18:00:00-07:00,TH_ZP26_GEN-APND,45.04096
2024-06-21 19:00:00-07:00,TH_NP15_GEN-APND,57.92444
2024-06-21 19:00:00-07:00,TH_SP15_GEN-APND,56.98055
2024-06-21 19:00:00-07:00,TH_ZP26_GEN-APND,56.30378
2024-06-21 20:00:00-07:00,TH_NP15_GEN-APND,58.51403
2024-06-21 20:00:00-07:00,TH_SP15_GEN-APND,57.72572
2024-06-21 20:00:00-07:00,TH_ZP26_GEN-APND,57.28451
2024-06-21 21:00:00-07:00,TH_NP15_GEN-APND,49.71047
2024-06-21 21:00:00-07:00,TH_SP15_GEN-APND,50.0879
2024-06-21 21:00:00-07:00,TH_ZP26_GEN-APND,49.60031
2024-06-21 22:00:00-07:00,TH_NP15_GEN-APND,38.91765
2024-06-21 22:00:00-07:00,TH_SP15_GEN-APND,44.11204
2024-06-21 22:00:00-07:00,TH_ZP26_GEN-APND,39.10087
2024-06-21 23:00:00-07:00,TH_NP15_GEN-APND,34.51427
2024-06-21 23:00:00-07:00,TH_SP15_GEN-APND,36.5371
2024-06-21 23:00:00-07:00,TH_ZP26_GEN-APND,35.00091
2024-06-22 00:00:00-07:00,TH_NP15_GEN-APND,34.95143
2024-06-22 00:00:00-07:00,TH_SP15_GEN-APND,42.58921
2024-06-22 00:00:00-07:00,TH_ZP26_GEN-APND,35.12399
2024-06-22 01:00:00-07:00,TH_NP15_GEN-APND,33.00492
2024-06-22 01:00:00-07:00,TH_SP15_GEN-APND,41.23139
2024-06-22 01:00:00-07:00,TH_ZP26_GEN-APND,33.10016
2024-06-22 02:00:00-07:00,TH_NP15_GEN-APND,33.6557
2024-06-22 02:00:00-07:00,TH_SP15_GEN-APND,39.9926
2024-06-22 02:00:00-07:00,TH_ZP26_GEN-APND,34.14678
2024-06-22 03:00:00-07:00,TH_NP15_GEN-APND,29.11133
2024-06-22 03:00:00-07:00,TH_SP15_GEN-APND,41.92846
2024-06-22 03:00:00-07:00,TH_ZP26_GEN-APND,28.74062
2024-06-22 04:00:00-07:00,TH_NP15_GEN-APND,29.27481
2024-06-22 04:00:00-07:00,TH_SP15_GEN-APND,36.02767
2024-06-22 04:00:00-07:00,TH_ZP26_GEN-APND,29.4564
2024-06-22 05:00:00-07:00,TH_NP15_GEN-APND,33.29494
2024-06-22 05:00:00-07:00,TH_SP15_GEN-APND,35.84583
2024-06-22 05:00:00-07:00,TH_ZP26_GEN-APND,33.6741
2024-06-22 06:00:00-07:00,TH_NP15_GEN-APND,31.228
2024-06-22 06:00:00-07:00,TH_SP15_GEN-APND,31.03998
2024-06-22 06:00:00-07:00,TH_ZP26_GEN-APND,31.23834
2024-06-22 07:00:00-07:00,TH_NP15_GEN-APND,21.70205
2024-06-22 07:00:00-07:00,TH_SP15_GEN-APND,21.08739
2024-06-22 07:00:00-07:00,TH_ZP26_GEN-APND,20.62227
2024-06-22 08:00:00-07:00,TH_NP15_GEN-APND,18.7085
2024-06-22 08:00:00-07:00,TH_SP15_GEN-APND,17.50027
2024-06-22 08:00:00-07:00,TH_ZP26_GEN-APND,16.67407
2024-06-22 09:00:00-07:00,TH_NP15_GEN-APND,17.05
2024-06-22 09:00:00-07:00,TH_SP15_GEN-APND,14.21674
2024-06-22 09:00:00-07:00,TH_ZP26_GEN-APND,12.47654
2024-06-22 10:00:00-07:00,TH_NP15_GEN-APND,17.7304
2024-06-22 10:00:00-07:00,TH_SP15_GEN-APND,16.4265
2024-06-22 10:00:00-07:00,TH_ZP26_GEN-APND,15.18549
2024-06-22 11:00:00-07:00,TH_NP15_GEN-APND,18.92733
2024-06-22 11:00:00-07:00,TH_SP15_GEN-APND,17.09999
2024-06-22 11:00:00-07:00,TH_ZP26_GEN-APND,16.81254
2024-06-22 12:00:00-07:00,TH_NP15_GEN-APND,20.69804
2024-06-22 12:00:00-07:00,TH_SP15_GEN-APND,19.64819
2024-06-22 12:00:00-07:00,TH_ZP26_GEN-APND,19.04922
2024-06-22 13:00:00-07:00,TH_NP15_GEN-APND,22.93705
2024-06-22 13:00:00-07:00,TH_SP15_GEN-APND,22.00692
2024-06-22 13:00:00-07:00,TH_ZP26_GEN-APND,21.43685
2024-06-22 14:00:00-07:00,TH_NP15_GEN-APND,27.21387
2024-06-22 14:00:00-07:00,TH_SP15_GEN-APND,27.36516
2024-06-22 14:00:00-07:00,TH_ZP26_GEN-APND,25.73023
2024-06-22 15:00:00-07:00,TH_NP15_GEN-APND,30.45182
2024-06-22 15:00:00-07:00,TH_SP15_GEN-APND,30.28
2024-06-22 15:00:00-07:00,TH_ZP26_GEN-APND,29.55293
2024-06-22 16:00:00-07:00,TH_NP15_GEN-APND,33.10103
2024-06-22 16:00:00-07:00,TH_SP15_GEN-APND,33.32684
2024-06-22 16:00:00-07:00,TH_ZP26_GEN-APND,32.53551
2024-06-22 17:00:00-07:00,TH_NP15_GEN-APND,35.34992
2024-06-22 17:00:00-07:00,TH_SP15_GEN-APND,44.0314
2024-06-22 17:00:00-07:00,TH_ZP26_GEN-APND,32.54225
2024-06-22 18:00:00-07:00,TH_NP15_GEN-APND,48.96715
2024-06-22 18:00:00-07:00,TH_SP15_GEN-APND,58.75645
2024-06-22 18:00:00-07:00,TH_ZP26_GEN-APND,46.70464
2024-06-22 19:00:00-07:00,TH_NP15_GEN-APND,59.24905
2024-06-22 19:00:00-07:00,TH_SP15_GEN-APND,73.15948
2024-06-22 19:00:00-07:00,TH_ZP26_GEN-APND,55.27741
2024-06-22 20:00:00-07:00,TH_NP15_GEN-APND,59.11942
2024-06-22 20:00:00-07:00,TH_SP15_GEN-APND,73.88186
2024-06-22 20:00:00-07:00,TH_ZP26_GEN-APND,56.80749
2024-06-22 21:00:00-07:00,TH_NP15_GEN-APND,47.62203
2024-06-22 21:00:00-07:00,TH_SP15_GEN-APND,60.0
2024-06-22 21:00:00-07:00,TH_ZP26_GEN-APND,46.91264
2024-06-22 22:00:00-07:00,TH_NP15_GEN-APND,49.44509
2024-06-22 22:00:00-07:00,TH_SP15_GEN-APND,52.37851
2024-06-22 22:00:00-07:00,TH_ZP26_GEN-APND,51.59207
2024-06-22 23:00:00-07:00,TH_NP15_GEN-APND,39.31361
2024-06-22 23:00:00-07:00,TH_SP15_GEN-APND,40.59234
2024-06-22 23:00:00-07:00,TH_ZP26_GEN-APND,40.1517
2024-06-23 00:00:00-07:00,TH_NP15_GEN-APND,35.78697
2024-06-23 00:00:00-07:00,TH_SP15_GEN-APND,41.54246
2024-06-23 00:00:00-07:00,TH_ZP26_GEN-APND,37.17105
2024-06-23 01:00:00-07:00,TH_NP15_GEN-APND,34.91498
2024-06-23 01:00:00-07:00,TH_SP15_GEN-APND,40.66847
2024-06-23 01:00:00-07:00,TH_ZP26_GEN-APND,36.75596
2024-06-23 02:00:00-07:00,TH_NP15_GEN-APND,34.43472
2024-06-23 02:00:00-07:00,TH_SP15_GEN-APND,40.50346
2024-06-23 02:00:00-07:00,TH_ZP26_GEN-APND,36.22786
2024-06-23 03:00:00-07:00,TH_NP15_GEN-APND,33.64606
2024-06-23 03:00:00-07:00,TH_SP15_GEN-APND,37.47337
2024-06-23 03:00:00-07:00,TH_ZP26_GEN-APND,35.34864
2024-06-23 04:00:00-07:00,TH_NP15_GEN-APND,33.66182
2024-06-23 04:00:00-07:00,TH_SP15_GEN-APND,36.54799
2024-06-23 04:00:00-07:00,TH_ZP26_GEN-APND,35.56699
2024-06-23 05:00:00-07:00,TH_NP15_GEN-APND,34.99952
2024-06-23 05:00:00-07:00,TH_SP15_GEN-APND,37.63916
2024-06-23 05:00:00-07:00,TH_ZP26_GEN-APND,36.736
2024-06-23 06:00:00-07:00,TH_NP15_GEN-APND,29.79701
2024-06-23 06:00:00-07:00,TH_SP15_GEN-APND,31.06698
2024-06-23 06:00:00-07:00,TH_ZP26_GEN-APND,30.49777
2024-06-23 07:00:00-07:00,TH_NP15_GEN-APND,21.22197
2024-06-23 07:00:00-07:00,TH_SP15_GEN-APND,20.0
2024-06-23 07:00:00-07:00,TH_ZP26_GEN-APND,19.33532
2024-06-23 08:00:00-07:00,TH_NP15_GEN-APND,20.5069
2024-06-23 08:00:00-07:00,TH_SP15_GEN-APND,17.27698
2024-06-23 08:00:00-07:00,TH_ZP26_GEN-APND,16.34237
2024-06-23 09:00:00-07:00,TH_NP15_GEN-APND,21.42918
2024-06-23 09:00:00-07:00,TH_SP15_GEN-APND,15.65718
2024-06-23 09:00:00-07:00,TH_ZP26_GEN-APND,14.30751
2024-06-23 10:00:00-07:00,TH_NP15_GEN-APND,20.21897
2024-06-23 10:00:00-07:00,TH_SP15_GEN-APND,18.65657
2024-06-23 10:00:00-07:00,TH_ZP26_GEN-APND,17.60969
2024-06-23 11:00:00-07:00,TH_NP15_GEN-APND,20.66654
2024-06-23 11:00:00-07:00,TH_SP15_GEN-APND,18.57892
2024-06-23 11:00:00-07:00,TH_ZP26_GEN-APND,17.99832
2024-06-23 12:00:00-07:00,TH_NP15_GEN-APND,21.18359
2024-06-23 12:00:00-07:00,TH_SP15_GEN-APND,19.71389
2024-06-23 12:00:00-07:00,TH_ZP26_GEN-APND,18.79909
2024-06-23 13:00:00-07:00,TH_NP15_GEN-APND,20.4907
2024-06-23 13:00:00-07:00,TH_SP15_GEN-APND,19.41383
2024-06-23 13:00:00-07:00,TH_ZP26_GEN-APND,18.1211
2024-06-23 14:00:00-07:00,TH_NP15_GEN-APND,26.96197
2024-06-23 14:00:00-07:00,TH_SP15_GEN-APND,29.5
2024-06-23 14:00:00-07:00,TH_ZP26_GEN-APND,27.00833
2024-06-23 15:00:00-07:00,TH_NP15_GEN-APND,31.01662
2024-06-23 15:00:00-07:00,TH_SP15_GEN-APND,32.52275
2024-06-23 15:00:00-07:00,TH_ZP26_GEN-APND,29.59937
2024-06-23 16:00:00-07:00,TH_NP15_GEN-APND,32.77484
2024-06-23 16:00:00-07:00,TH_SP15_GEN-APND,36.29716
2024-06-23 16:00:00-07:00,TH_ZP26_GEN-APND,33.78257
2024-06-23 17:00:00-07:00,TH_NP15_GEN-APND,36.0506
2024-06-23 17:00:00-07:00,TH_SP15_GEN-APND,43.33285
2024-06-23 17:00:00-07:00,TH_ZP26_GEN-APND,34.09423
2024-06-23 18:00:00-07:00,TH_NP15_GEN-APND,43.86989
2024-06-23 18:00:00-07:00,TH_SP15_GEN-APND,49.47065
2024-06-23 18:00:00-07:00,TH_ZP26_GEN-APND,42.08144
2024-06-23 19:00:00-07:00,TH_NP15_GEN-APND,55.26276
2024-06-23 19:00:00-07:00,TH_SP15_GEN-APND,57.85876
2024-06-23 19:00:00-07:00,TH_ZP26_GEN-APND,54.87926
2024-06-23 20:00:00-07:00,TH_NP15_GEN-APND,56.10539
2024-06-23 20:00:00-07:00,TH_SP15_GEN-APND,61.23697
2024-06-23 20:00:00-07:00,TH_ZP26_GEN-APND,57.46234
2024-06-23 21:00:00-07:00,TH_NP15_GEN-APND,47.52494
2024-06-23 21:00:00-07:00,TH_SP15_GEN-APND,50.14014
2024-06-23 21:00:00-07:00,TH_ZP26_GEN-APND,48.90631
2024-06-23 22:00:00-07:00,TH_NP15_GEN-APND,41.35082
2024-06-23 22:00:00-07:00,TH_SP15_GEN-APND,48.37484
2024-06-23 22:00:00-07:00,TH_ZP26_GEN-APND,42.99451
2024-06-23 23:00:00-07:00,TH_NP15_GEN-APND,36.78645
2024-06-23 23:00:00-07:00,TH_SP15_GEN-APND,39.70187
2024-06-23 23:00:00-07:00,TH_ZP26_GEN-APND,38.77506
2024-06-24 00:00:00-07:00,TH_NP15_GEN-APND,37.31408
2024-06-24 00:00:00-07:00,TH_SP15_GEN-APND,39.88981
2024-06-24 00:00:00-07:00,TH_ZP26_GEN-APND,38.93715
2024-06-24 01:00:00-07:00,TH_NP15_GEN-APND,37.64026
2024-06-24 01:00:00-07:00,TH_SP15_GEN-APND,40.26852
2024-06-24 01:00:00-07:00,TH_ZP26_GEN-APND,39.28864
2024-06-24 02:00:00-07:00,TH_NP15_GEN-APND,32.36772
2024-06-24 02:00:00-07:00,TH_SP15_GEN-APND,34.66253
2024-06-24 02:00:00-07:00,TH_ZP26_GEN-APND,33.73014
2024-06-24 03:00:00-07:00,TH_NP15_GEN-APND,32.54788
2024-06-24 03:00:00-07:00,TH_SP15_GEN-APND,34.24363
2024-06-24 03:00:00-07:00,TH_ZP26_GEN-APND,33.52957
2024-06-24 04:00:00-07:00,TH_NP15_GEN-APND,32.30998
2024-06-24 04:00:00-07:00,TH_SP15_GEN-APND,34.27353
2024-06-24 04:00:00-07:00,TH_ZP26_GEN-APND,33.46417
2024-06-24 05:00:00-07:00,TH_NP15_GEN-APND,38.75822
2024-06-24 05:00:00-07:00,TH_SP15_GEN-APND,40.73649
2024-06-24 05:00:00-07:00,TH_ZP26_GEN-APND,39.96858
2024-06-24 06:00:00-07:00,TH_NP15_GEN-APND,34.78954
2024-06-24 06:00:00-07:00,TH_SP15_GEN-APND,35.7571
2024-06-24 06:00:00-07:00,TH_ZP26_GEN-APND,35.26088
2024-06-24 07:00:00-07:00,TH_NP15_GEN-APND,27.79961
2024-06-24 07:00:00-07:00,TH_SP15_GEN-APND,28.73898
2024-06-24 07:00:00-07:00,TH_ZP26_GEN-APND,28.47409
2024-06-24 08:00:00-07:00,TH_NP15_GEN-APND,26.40999
2024-06-24 08:00:00-07:00,TH_SP15_GEN-APND,26.8868
2024-06-24 08:00:00-07:00,TH_ZP26_GEN-APND,25.9662
2024-06-24 09:00:00-07:00,TH_NP15_GEN-APND,26.29545
2024-06-24 09:00:00-07:00,TH_SP15_GEN-APND,26.94143
2024-06-24 09:00:00-07:00,TH_ZP26_GEN-APND,25.64382
2024-06-24 10:00:00-07:00,TH_NP15_GEN-APND,26.87747
2024-06-24 10:00:00-07:00,TH_SP15_GEN-APND,28.09291
2024-06-24 10:00:00-07:00,TH_ZP26_GEN-APND,26.46784
2024-06-24 11:00:00-07:00,TH_NP15_GEN-APND,27.29856
2024-06-24 11:00:00-07:00,TH_SP15_GEN-APND,28.4847
2024-06-24 11:00:00-07:00,TH_ZP26_GEN-APND,27.21296
2024-06-24 12:00:00-07:00,TH_NP15_GEN-APND,27.69259
2024-06-24 12:00:00-07:00,TH_SP15_GEN-APND,28.45382
2024-06-24 12:00:00-07:00,TH_ZP26_GEN-APND,27.24205
2024-06-24 13:00:00-07:00,TH_NP15_GEN-APND,28.37242
2024-06-24 13:00:00-07:00,TH_SP15_GEN-APND,28.96958
2024-06-24 13:00:00-07:00,TH_ZP26_GEN-APND,27.87791
2024-06-24 14:00:00-07:00,TH_NP15_GEN-APND,28.79746
2024-06-24 14:00:00-07:00,TH_SP15_GEN-APND,29.83502
2024-06-24 14:00:00-07:00,TH_ZP26_GEN-APND,28.64978
2024-06-24 15:00:00-07:00,TH_NP15_GEN-APND,34.12042
2024-06-24 15:00:00-07:00,TH_SP15_GEN-APND,35.68796
2024-06-24 15:00:00-07:00,TH_ZP26_GEN-APND,35.31353
2024-06-24 16:00:00-07:00,TH_NP15_GEN-APND,36.70077
2024-06-24 16:00:00-07:00,TH_SP15_GEN-APND,36.99851
2024-06-24 16:00:00-07:00,TH_ZP26_GEN-APND,36.98066
2024-06-24 17:00:00-07:00,TH_NP15_GEN-APND,46.2755
2024-06-24 17:00:00-07:00,TH_SP15_GEN-APND,47.37726
2024-06-24 17:00:00-07:00,TH_ZP26_GEN-APND,46.27044
2024-06-24 18:00:00-07:00,TH_NP15_GEN-APND,56.18054
2024-06-24 18:00:00-07:00,TH_SP15_GEN-APND,58.50897
2024-06-24 18:00:00-07:00,TH_ZP26_GEN-APND,57.64476
2024-06-24 19:00:00-07:00,TH_NP15_GEN-APND,66.03076
2024-06-24 19:00:00-07:00,TH_SP15_GEN-APND,71.14194
2024-06-24 19:00:00-07:00,TH_ZP26_GEN-APND,67.14896
2024-06-24 20:00:00-07:00,TH_NP15_GEN-APND,62.26571
2024-06-24 20:00:00-07:00,TH_SP15_GEN-APND,65.38
2024-06-24 20:00:00-07:00,TH_ZP26_GEN-APND,63.59768
2024-06-24 21:00:00-07:00,TH_NP15_GEN-APND,53.29268
2024-06-24 21:00:00-07:00,TH_SP15_GEN-APND,56.16238
2024-06-24 21:00:00-07:00,TH_ZP26_GEN-APND,54.30181
2024-06-24 22:00:00-07:00,TH_NP15_GEN-APND,39.95164
2024-06-24 22:00:00-07:00,TH_SP15_GEN-APND,50.19226
2024-06-24 22:00:00-07:00,TH_ZP26_GEN-APND,39.88433
2024-06-24 23:00:00-07:00,TH_NP15_GEN-APND,36.32866
2024-06-24 23:00:00-07:00,TH_SP15_GEN-APND,45.52865
2024-06-24 23:00:00-07:00,TH_ZP26_GEN-APND,37.00472
2024-06-25 00:00:00-07:00,TH_NP15_GEN-APND,40.05392
2024-06-25 00:00:00-07:00,TH_SP15_GEN-APND,42.07922
2024-06-25 00:00:00-07:00,TH_ZP26_GEN-APND,41.54534
2024-06-25 01:00:00-07:00,TH_NP15_GEN-APND,39.50743
2024-06-25 01:00:00-07:00,TH_SP15_GEN-APND,41.71266
2024-06-25 01:00:00-07:00,TH_ZP26_GEN-APND,41.02033
2024-06-25 02:00:00-07:00,TH_NP15_GEN-APND,37.82673
2024-06-25 02:00:00-07:00,TH_SP15_GEN-APND,39.75366
2024-06-25 02:00:00-07:00,TH_ZP26_GEN-APND,39.15298
2024-06-25 03:00:00-07:00,TH_NP15_GEN-APND,38.04416
2024-06-25 03:00:00-07:00,TH_SP15_GEN-APND,39.7319
2024-06-25 03:00:00-07:00,TH_ZP26_GEN-APND,39.23152
2024-06-25 04:00:00-07:00,TH_NP15_GEN-APND,39.30062
2024-06-25 04:00:00-07:00,TH_SP15_GEN-APND,41.30629
2024-06-25 04:00:00-07:00,TH_ZP26_GEN-APND,40.70698
2024-06-25 05:00:00-07:00,TH_NP15_GEN-APND,42.82006
2024-06-25 05:00:00-07:00,TH_SP15_GEN-APND,44.76266
2024-06-25 05:00:00-07:00,TH_ZP26_GEN-APND,44.12636
2024-06-25 06:00:00-07:00,TH_NP15_GEN-APND,46.60602
2024-06-25 06:00:00-07:00,TH_SP15_GEN-APND,47.67678
2024-06-25 06:00:00-07:00,TH_ZP26_GEN-APND,47.48073
2024-06-25 07:00:00-07:00,TH_NP15_GEN-APND,33.07313
2024-06-25 07:00:00-07:00,TH_SP15_GEN-APND,33.54269
2024-06-25 07:00:00-07:00,TH_ZP26_GEN-APND,33.42386
2024-06-25 08:00:00-07:00,TH_NP15_GEN-APND,32.0142
2024-06-25 08:00:00-07:00,TH_SP15_GEN-APND,32.41861
2024-06-25 08:00:00-07:00,TH_ZP26_GEN-APND,31.71179
2024-06-25 09:00:00-07:00,TH_NP15_GEN-APND,32.07335
2024-06-25 09:00:00-07:00,TH_SP15_GEN-APND,32.80875
2024-06-25 09:00:00-07:00,TH_ZP26_GEN-APND,31.84
2024-06-25 10:00:00-07:00,TH_NP15_GEN-APND,32.10529
2024-06-25 10:00:00-07:00,TH_SP15_GEN-APND,32.94556
2024-06-25 10:00:00-07:00,TH_ZP26_GEN-APND,31.4887
2024-06-25 11:00:00-07:00,TH_NP15_GEN-APND,32.82211
2024-06-25 11:00:00-07:00,TH_SP15_GEN-APND,33.78211
2024-06-25 11:00:00-07:00,TH_ZP26_GEN-APND,31.99974
2024-06-25 12:00:00-07:00,TH_NP15_GEN-APND,32.96153
2024-06-25 12:00:00-07:00,TH_SP15_GEN-APND,33.57383
2024-06-25 12:00:00-07:00,TH_ZP26_GEN-APND,32.05869
2024-06-25 13:00:00-07:00,TH_NP15_GEN-APND,34.05385
2024-06-25 13:00:00-07:00,TH_SP15_GEN-APND,34.93441
2024-06-25 13:00:00-07:00,TH_ZP26_GEN-APND,33.78011
2024-06-25 14:00:00-07:00,TH_NP15_GEN-APND,34.425
2024-06-25 14:00:00-07:00,TH_SP15_GEN-APND,35.0076
2024-06-25 14:00:00-07:00,TH_ZP26_GEN-APND,33.3506
2024-06-25 15:00:00-07:00,TH_NP15_GEN-APND,39.70219
2024-06-25 15:00:00-07:00,TH_SP15_GEN-APND,40.87242
2024-06-25 15:00:00-07:00,TH_ZP26_GEN-APND,39.95912
2024-06-25 16:00:00-07:00,TH_NP15_GEN-APND,42.8468
2024-06-25 16:00:00-07:00,TH_SP15_GEN-APND,44.0
2024-06-25 16:00:00-07:00,TH_ZP26_GEN-APND,42.77975
2024-06-25 17:00:00-07:00,TH_NP15_GEN-APND,50.42904
2024-06-25 17:00:00-07:00,TH_SP15_GEN-APND,51.4
2024-06-25 17:00:00-07:00,TH_ZP26_GEN-APND,50.1667
2024-06-25 18:00:00-07:00,TH_NP15_GEN-APND,58.56576
2024-06-25 18:00:00-07:00,TH_SP15_GEN-APND,60.4843
2024-06-25 18:00:00-07:00,TH_ZP26_GEN-APND,59.09414
2024-06-25 19:00:00-07:00,TH_NP15_GEN-APND,73.95984
2024-06-25 19:00:00-07:00,TH_SP15_GEN-APND,75.68181
2024-06-25 19:00:00-07:00,TH_ZP26_GEN-APND,73.80691
2024-06-25 20:00:00-07:00,TH_NP15_GEN-APND,72.13976
2024-06-25 20:00:00-07:00,TH_SP15_GEN-APND,73.57362
2024-06-25 20:00:00-07:00,TH_ZP26_GEN-APND,71.92102
2024-06-25 21:00:00-07:00,TH_NP15_GEN-APND,65.65167
2024-06-25 21:00:00-07:00,TH_SP15_GEN-APND,67.36932
2024-06-25 21:00:00-07:00,TH_ZP26_GEN-APND,66.24008
2024-06-25 22:00:00-07:00,TH_NP15_GEN-APND,48.12272
2024-06-25 22:00:00-07:00,TH_SP15_GEN-APND,51.00188
2024-06-25 22:00:00-07:00,TH_ZP26_GEN-APND,49.55977
2024-06-25 23:00:00-07:00,TH_NP15_GEN-APND,40.16826
2024-06-25 23:00:00-07:00,TH_SP15_GEN-APND,42.18664
2024-06-25 23:00:00-07:00,TH_ZP26_GEN-APND,41.37488
2024-06-26 00:00:00-07:00,TH_NP15_GEN-APND,39.93739
2024-06-26 00:00:00-07:00,TH_SP15_GEN-APND,41.3278
2024-06-26 00:00:00-07:00,TH_ZP26_GEN-APND,40.55021
2024-06-26 01:00:00-07:00,TH_NP15_GEN-APND,42.26941
2024-06-26 01:00:00-07:00,TH_SP15_GEN-APND,44.24189
2024-06-26 01:00:00-07:00,TH_ZP26_GEN-APND,43.35454
2024-06-26 02:00:00-07:00,TH_NP15_GEN-APND,40.37914
2024-06-26 02:00:00-07:00,TH_SP15_GEN-APND,41.80241
2024-06-26 02:00:00-07:00,TH_ZP26_GEN-APND,41.22507
2024-06-26 03:00:00-07:00,TH_NP15_GEN-APND,37.97346
2024-06-26 03:00:00-07:00,TH_SP15_GEN-APND,39.02735
2024-06-26 03:00:00-07:00,TH_ZP26_GEN-APND,38.56996
2024-06-26 04:00:00-07:00,TH_NP15_GEN-APND,38.16072
2024-06-26 04:00:00-07:00,TH_SP15_GEN-APND,39.44771
2024-06-26 04:00:00-07:00,TH_ZP26_GEN-APND,38.91757
2024-06-26 05:00:00-07:00,TH_NP15_GEN-APND,42.92491
2024-06-26 05:00:00-07:00,TH_SP15_GEN-APND,43.90376
2024-06-26 05:00:00-07:00,TH_ZP26_GEN-APND,43.38698
2024-06-26 06:00:00-07:00,TH_NP15_GEN-APND,39.88701
2024-06-26 06:00:00-07:00,TH_SP15_GEN-APND,40.58623
2024-06-26 06:00:00-07:00,TH_ZP26_GEN-APND,40.08549
2024-06-26 07:00:00-07:00,TH_NP15_GEN-APND,31.8
2024-06-26 07:00:00-07:00,TH_SP15_GEN-APND,29.47228
2024-06-26 07:00:00-07:00,TH_ZP26_GEN-APND,28.76744
2024-06-26 08:00:00-07:00,TH_NP15_GEN-APND,28.13095
2024-06-26 08:00:00-07:00,TH_SP15_GEN-APND,26.77633
2024-06-26 08:00:00-07:00,TH_ZP26_GEN-APND,25.84952
2024-06-26 09:00:00-07:00,TH_NP15_GEN-APND,26.45439
2024-06-26 09:00:00-07:00,TH_SP15_GEN-APND,24.64458
2024-06-26 09:00:00-07:00,TH_ZP26_GEN-APND,23.07652
2024-06-26 10:00:00-07:00,TH_NP15_GEN-APND,26.53858
2024-06-26 10:00:00-07:00,TH_SP15_GEN-APND,25.64828
2024-06-26 10:00:00-07:00,TH_ZP26_GEN-APND,24.08607
2024-06-26 11:00:00-07:00,TH_NP15_GEN-APND,26.73871
2024-06-26 11:00:00-07:00,TH_SP15_GEN-APND,26.60198
2024-06-26 11:00:00-07:00,TH_ZP26_GEN-APND,24.81771
2024-06-26 12:00:00-07:00,TH_NP15_GEN-APND,28.08282
2024-06-26 12:00:00-07:00,TH_SP15_GEN-APND,28.36001
2024-06-26 12:00:00-07:00,TH_ZP26_GEN-APND,26.2837
2024-06-26 13:00:00-07:00,TH_NP15_GEN-APND,29.6182
2024-06-26 13:00:00-07:00,TH_SP15_GEN-APND,27.5277
2024-06-26 13:00:00-07:00,TH_ZP26_GEN-APND,25.63784
2024-06-26 14:00:00-07:00,TH_NP15_GEN-APND,31.50155
2024-06-26 14:00:00-07:00,TH_SP15_GEN-APND,29.57159
2024-06-26 14:00:00-07:00,TH_ZP26_GEN-APND,27.6152
2024-06-26 15:00:00-07:00,TH_NP15_GEN-APND,33.23202
2024-06-26 15:00:00-07:00,TH_SP15_GEN-APND,34.3
2024-06-26 15:00:00-07:00,TH_ZP26_GEN-APND,33.09782
2024-06-26 16:00:00-07:00,TH_NP15_GEN-APND,35.43104
2024-06-26 16:00:00-07:00,TH_SP15_GEN-APND,37.04949
2024-06-26 16:00:00-07:00,TH_ZP26_GEN-APND,35.44566
2024-06-26 17:00:00-07:00,TH_NP15_GEN-APND,40.39
2024-06-26 17:00:00-07:00,TH_SP15_GEN-APND,40.18178
2024-06-26 17:00:00-07:00,TH_ZP26_GEN-APND,39.22202
2024-06-26 18:00:00-07:00,TH_NP15_GEN-APND,49.92269
2024-06-26 18:00:00-07:00,TH_SP15_GEN-APND,51.75731
2024-06-26 18:00:00-07:00,TH_ZP26_GEN-APND,49.7264
2024-06-26 19:00:00-07:00,TH_NP15_GEN-APND,62.23342
2024-06-26 19:00:00-07:00,TH_SP15_GEN-APND,63.34061
2024-06-26 19:00:00-07:00,TH_ZP26_GEN-APND,61.44787
2024-06-26 20:00:00-07:00,TH_NP15_GEN-APND,64.10565
2024-06-26 20:00:00-07:00,TH_SP15_GEN-APND,65.36553
2024-06-26 20:00:00-07:00,TH_ZP26_GEN-APND,63.88821
2024-06-26 21:00:00-07:00,TH_NP15_GEN-APND,53.16655
2024-06-26 21:00:00-07:00,TH_SP15_GEN-APND,53.9945
2024-06-26 21:00:00-07:00,TH_ZP26_GEN-APND,52.78979
2024-06-26 22:00:00-07:00,TH_NP15_GEN-APND,47.55992
2024-06-26 22:00:00-07:00,TH_SP15_GEN-APND,49.41702
2024-06-26 22:00:00-07:00,TH_ZP26_GEN-APND,48.52947
2024-06-26 23:00:00-07:00,TH_NP15_GEN-APND,40.45471
2024-06-26 23:00:00-07:00,TH_SP15_GEN-APND,41.47121
2024-06-26 23:00:00-07:00,TH_ZP26_GEN-APND,40.9304
2024-06-27 00:00:00-07:00,TH_NP15_GEN-APND,39.2092
2024-06-27 00:00:00-07:00,TH_SP15_GEN-APND,40.69994
2024-06-27 00:00:00-07:00,TH_ZP26_GEN-APND,39.84742
2024-06-27 01:00:00-07:00,TH_NP15_GEN-APND,37.30404
2024-06-27 01:00:00-07:00,TH_SP15_GEN-APND,38.43814
2024-06-27 01:00:00-07:00,TH_ZP26_GEN-APND,37.75208
2024-06-27 02:00:00-07:00,TH_NP15_GEN-APND,36.16871
2024-06-27 02:00:00-07:00,TH_SP15_GEN-APND,37.12738
2024-06-27 02:00:00-07:00,TH_ZP26_GEN-APND,36.63525
2024-06-27 03:00:00-07:00,TH_NP15_GEN-APND,34.66923
2024-06-27 03:00:00-07:00,TH_SP15_GEN-APND,35.18682
2024-06-27 03:00:00-07:00,TH_ZP26_GEN-APND,34.81673
2024-06-27 04:00:00-07:00,TH_NP15_GEN-APND,36.49634
2024-06-27 04:00:00-07:00,TH_SP15_GEN-APND,37.03012
2024-06-27 04:00:00-07:00,TH_ZP26_GEN-APND,36.60268
2024-06-27 05:00:00-07:00,TH_NP15_GEN-APND,40.37557
2024-06-27 05:00:00-07:00,TH_SP15_GEN-APND,40.26371
2024-06-27 05:00:00-07:00,TH_ZP26_GEN-APND,40.00499
2024-06-27 06:00:00-07:00,TH_NP15_GEN-APND,35.98478
2024-06-27 06:00:00-07:00,TH_SP15_GEN-APND,35.45586
2024-06-27 06:00:00-07:00,TH_ZP26_GEN-APND,35.33623
2024-06-27 07:00:00-07:00,TH_NP15_GEN-APND,27.21072
2024-06-27 07:00:00-07:00,TH_SP15_GEN-APND,23.75635
2024-06-27 07:00:00-07:00,TH_ZP26_GEN-APND,22.88226
2024-06-27 08:00:00-07:00,TH_NP15_GEN-APND,25.58144
2024-06-27 08:00:00-07:00,TH_SP15_GEN-APND,22.01345
2024-06-27 08:00:00-07:00,TH_ZP26_GEN-APND,20.8498
2024-06-27 09:00:00-07:00,TH_NP15_GEN-APND,23.65882
2024-06-27 09:00:00-07:00,TH_SP15_GEN-APND,20.0
2024-06-27 09:00:00-07:00,TH_ZP26_GEN-APND,18.03671
2024-06-27 10:00:00-07:00,TH_NP15_GEN-APND,23.0
2024-06-27 10:00:00-07:00,TH_SP15_GEN-APND,20.73866
2024-06-27 10:00:00-07:00,TH_ZP26_GEN-APND,18.91472
2024-06-27 11:00:00-07:00,TH_NP15_GEN-APND,24.22391
2024-06-27 11:00:00-07:00,TH_SP15_GEN-APND,21.23875
2024-06-27 11:00:00-07:00,TH_ZP26_GEN-APND,19.22863
2024-06-27 12:00:00-07:00,TH_NP15_GEN-APND,24.94198
2024-06-27 12:00:00-07:00,TH_SP15_GEN-APND,21.60075
2024-06-27 12:00:00-07:00,TH_ZP26_GEN-APND,19.51622
2024-06-27 13:00:00-07:00,TH_NP15_GEN-APND,25.94424
2024-06-27 13:00:00-07:00,TH_SP15_GEN-APND,22.21324
2024-06-27 13:00:00-07:00,TH_ZP26_GEN-APND,20.52344
2024-06-27 14:00:00-07:00,TH_NP15_GEN-APND,27.96147
2024-06-27 14:00:00-07:00,TH_SP15_GEN-APND,25.91593
2024-06-27 14:00:00-07:00,TH_ZP26_GEN-APND,24.08801
2024-06-27 15:00:00-07:00,TH_NP15_GEN-APND,29.49546
2024-06-27 15:00:00-07:00,TH_SP15_GEN-APND,27.10472
2024-06-27 15:00:00-07:00,TH_ZP26_GEN-APND,25.41159
2024-06-27 16:00:00-07:00,TH_NP15_GEN-APND,29.11085
2024-06-27 16:00:00-07:00,TH_SP15_GEN-APND,28.25774
2024-06-27 16:00:00-07:00,TH_ZP26_GEN-APND,27.1894
2024-06-27 17:00:00-07:00,TH_NP15_GEN-APND,35.352
2024-06-27 17:00:00-07:00,TH_SP15_GEN-APND,36.67601
2024-06-27 17:00:00-07:00,TH_ZP26_GEN-APND,35.06313
2024-06-27 18:00:00-07:00,TH_NP15_GEN-APND,42.99703
2024-06-27 18:00:00-07:00,TH_SP15_GEN-APND,44.87445
2024-06-27 18:00:00-07:00,TH_ZP26_GEN-APND,43.02314
2024-06-27 19:00:00-07:00,TH_NP15_GEN-APND,58.44654
2024-06-27 19:00:00-07:00,TH_SP15_GEN-APND,60.09272
2024-06-27 19:00:00-07:00,TH_ZP26_GEN-APND,58.14857
2024-06-27 20:00:00-07:00,TH_NP15_GEN-APND,62.43852
2024-06-27 20:00:00-07:00,TH_SP15_GEN-APND,64.62693
2024-06-27 20:00:00-07:00,TH_ZP26_GEN-APND,62.56245
2024-06-27 21:00:00-07:00,TH_NP15_GEN-APND,51.50216
2024-06-27 21:00:00-07:00,TH_SP15_GEN-APND,53.70869
2024-06-27 21:00:00-07:00,TH_ZP26_GEN-APND,52.16426
2024-06-27 22:00:00-07:00,TH_NP15_GEN-APND,42.96088
2024-06-27 22:00:00-07:00,TH_SP15_GEN-APND,44.61313
2024-06-27 22:00:00-07:00,TH_ZP26_GEN-APND,43.57373
2024-06-27 23:00:00-07:00,TH_NP15_GEN-APND,37.88804
2024-06-27 23:00:00-07:00,TH_SP15_GEN-APND,39.24744
2024-06-27 23:00:00-07:00,TH_ZP26_GEN-APND,38.54162
2024-06-28 00:00:00-07:00,TH_NP15_GEN-APND,36.1796
2024-06-28 00:00:00-07:00,TH_SP15_GEN-APND,36.99093
2024-06-28 00:00:00-07:00,TH_ZP26_GEN-APND,36.63874
2024-06-28 01:00:00-07:00,TH_NP15_GEN-APND,35.41613
2024-06-28 01:00:00-07:00,TH_SP15_GEN-APND,35.96699
2024-06-28 01:00:00-07:00,TH_ZP26_GEN-APND,35.69787
2024-06-28 02:00:00-07:00,TH_NP15_GEN-APND,34.80955
2024-06-28 02:00:00-07:00,TH_SP15_GEN-APND,35.28741
2024-06-28 02:00:00-07:00,TH_ZP26_GEN-APND,35.02
2024-06-28 03:00:00-07:00,TH_NP15_GEN-APND,33.96916
2024-06-28 03:00:00-07:00,TH_SP15_GEN-APND,34.54273
2024-06-28 03:00:00-07:00,TH_ZP26_GEN-APND,34.28479
2024-06-28 04:00:00-07:00,TH_NP15_GEN-APND,36.35068
2024-06-28 04:00:00-07:00,TH_SP15_GEN-APND,36.87881
2024-06-28 04:00:00-07:00,TH_ZP26_GEN-APND,36.56551
2024-06-28 05:00:00-07:00,TH_NP15_GEN-APND,40.12674
2024-06-28 05:00:00-07:00,TH_SP15_GEN-APND,40.03453
2024-06-28 05:00:00-07:00,TH_ZP26_GEN-APND,39.93139
2024-06-28 06:00:00-07:00,TH_NP15_GEN-APND,35.31247
2024-06-28 06:00:00-07:00,TH_SP15_GEN-APND,34.58805
2024-06-28 06:00:00-07:00,TH_ZP26_GEN-APND,34.7012
2024-06-28 07:00:00-07:00,TH_NP15_GEN-APND,24.69788
2024-06-28 07:00:00-07:00,TH_SP15_GEN-APND,21.27222
2024-06-28 07:00:00-07:00,TH_ZP26_GEN-APND,20.41095
2024-06-28 08:00:00-07:00,TH_NP15_GEN-APND,23.41158
2024-06-28 08:00:00-07:00,TH_SP15_GEN-APND,20.91288
2024-06-28 08:00:00-07:00,TH_ZP26_GEN-APND,19.88528
2024-06-28 09:00:00-07:00,TH_NP15_GEN-APND,23.22852
2024-06-28 09:00:00-07:00,TH_SP15_GEN-APND,19.1077
2024-06-28 09:00:00-07:00,TH_ZP26_GEN-APND,18.91224
2024-06-28 10:00:00-07:00,TH_NP15_GEN-APND,21.91701
2024-06-28 10:00:00-07:00,TH_SP15_GEN-APND,20.06781
2024-06-28 10:00:00-07:00,TH_ZP26_GEN-APND,19.56336
2024-06-28 11:00:00-07:00,TH_NP15_GEN-APND,21.63791
2024-06-28 11:00:00-07:00,TH_SP15_GEN-APND,19.79221
2024-06-28 11:00:00-07:00,TH_ZP26_GEN-APND,19.20177
2024-06-28 12:00:00-07:00,TH_NP15_GEN-APND,22.30413
2024-06-28 12:00:00-07:00,TH_SP15_GEN-APND,18.66594
2024-06-28 12:00:00-07:00,TH_ZP26_GEN-APND,18.14118
2024-06-28 13:00:00-07:00,TH_NP15_GEN-APND,24.0
2024-06-28 13:00:00-07:00,TH_SP15_GEN-APND,18.71382
2024-06-28 13:00:00-07:00,TH_ZP26_GEN-APND,18.39561
2024-06-28 14:00:00-07:00,TH_NP15_GEN-APND,26.01538
2024-06-28 14:00:00-07:00,TH_SP15_GEN-APND,22.12333
2024-06-28 14:00:00-07:00,TH_ZP26_GEN-APND,19.97543
2024-06-28 15:00:00-07:00,TH_NP15_GEN-APND,27.47399
2024-06-28 15:00:00-07:00,TH_SP15_GEN-APND,25.49
2024-06-28 15:00:00-07:00,TH_ZP26_GEN-APND,24.09931
2024-06-28 16:00:00-07:00,TH_NP15_GEN-APND,31.03046
2024-06-28 16:00:00-07:00,TH_SP15_GEN-APND,31.72114
2024-06-28 16:00:00-07:00,TH_ZP26_GEN-APND,31.26001
2024-06-28 17:00:00-07:00,TH_NP15_GEN-APND,34.37737
2024-06-28 17:00:00-07:00,TH_SP15_GEN-APND,34.81686
2024-06-28 17:00:00-07:00,TH_ZP26_GEN-APND,34.33217
2024-06-28 18:00:00-07:00,TH_NP15_GEN-APND,45.77183
2024-06-28 18:00:00-07:00,TH_SP15_GEN-APND,47.52446
2024-06-28 18:00:00-07:00,TH_ZP26_GEN-APND,46.77261
2024-06-28 19:00:00-07:00,TH_NP15_GEN-APND,58.20594
2024-06-28 19:00:00-07:00,TH_SP15_GEN-APND,58.05148
2024-06-28 19:00:00-07:00,TH_ZP26_GEN-APND,57.7016
2024-06-28 20:00:00-07:00,TH_NP15_GEN-APND,59.30679
2024-06-28 20:00:00-07:00,TH_SP15_GEN-APND,60.39965
2024-06-28 20:00:00-07:00,TH_ZP26_GEN-APND,60.08882
2024-06-28 21:00:00-07:00,TH_NP15_GEN-APND,56.49904
2024-06-28 21:00:00-07:00,TH_SP15_GEN-APND,58.35521
2024-06-28 21:00:00-07:00,TH_ZP26_GEN-APND,57.64079
2024-06-28 22:00:00-07:00,TH_NP15_GEN-APND,48.26784
2024-06-28 22:00:00-07:00,TH_SP15_GEN-APND,50.12463
2024-06-28 22:00:00-07:00,TH_ZP26_GEN-APND,49.57926
2024-06-28 23:00:00-07:00,TH_NP15_GEN-APND,44.48066
2024-06-28 23:00:00-07:00,TH_SP15_GEN-APND,46.77318
2024-06-28 23:00:00-07:00,TH_ZP26_GEN-APND,46.05557
2024-06-29 00:00:00-07:00,TH_NP15_GEN-APND,38.89438
2024-06-29 00:00:00-07:00,TH_SP15_GEN-APND,40.67507
2024-06-29 00:00:00-07:00,TH_ZP26_GEN-APND,40.39776
2024-06-29 01:00:00-07:00,TH_NP15_GEN-APND,37.17662
2024-06-29 01:00:00-07:00,TH_SP15_GEN-APND,38.07488
2024-06-29 01:00:00-07:00,TH_ZP26_GEN-APND,37.82939
2024-06-29 02:00:00-07:00,TH_NP15_GEN-APND,37.67316
2024-06-29 02:00:00-07:00,TH_SP15_GEN-APND,38.86539
2024-06-29 02:00:00-07:00,TH_ZP26_GEN-APND,38.49283
2024-06-29 03:00:00-07:00,TH_NP15_GEN-APND,36.55532
2024-06-29 03:00:00-07:00,TH_SP15_GEN-APND,37.38781
2024-06-29 03:00:00-07:00,TH_ZP26_GEN-APND,37.07872
2024-06-29 04:00:00-07:00,TH_NP15_GEN-APND,37.0
2024-06-29 04:00:00-07:00,TH_SP15_GEN-APND,37.70808
2024-06-29 04:00:00-07:00,TH_ZP26_GEN-APND,37.4652
2024-06-29 05:00:00-07:00,TH_NP15_GEN-APND,38.26095
2024-06-29 05:00:00-07:00,TH_SP15_GEN-APND,38.22896
2024-06-29 05:00:00-07:00,TH_ZP26_GEN-APND,38.2093
2024-06-29 06:00:00-07:00,TH_NP15_GEN-APND,32.33448
2024-06-29 06:00:00-07:00,TH_SP15_GEN-APND,31.52523
2024-06-29 06:00:00-07:00,TH_ZP26_GEN-APND,31.8726
2024-06-29 07:00:00-07:00,TH_NP15_GEN-APND,18.51356
2024-06-29 07:00:00-07:00,TH_SP15_GEN-APND,16.81126
2024-06-29 07:00:00-07:00,TH_ZP26_GEN-APND,16.42982
2024-06-29 08:00:00-07:00,TH_NP15_GEN-APND,17.85928
2024-06-29 08:00:00-07:00,TH_SP15_GEN-APND,15.05322
2024-06-29 08:00:00-07:00,TH_ZP26_GEN-APND,13.85126
2024-06-29 09:00:00-07:00,TH_NP15_GEN-APND,16.75569
2024-06-29 09:00:00-07:00,TH_SP15_GEN-APND,15.60712
2024-06-29 09:00:00-07:00,TH_ZP26_GEN-APND,14.03832
2024-06-29 10:00:00-07:00,TH_NP15_GEN-APND,16.92847
2024-06-29 10:00:00-07:00,TH_SP15_GEN-APND,15.51934
2024-06-29 10:00:00-07:00,TH_ZP26_GEN-APND,13.73079
2024-06-29 11:00:00-07:00,TH_NP15_GEN-APND,17.11494
2024-06-29 11:00:00-07:00,TH_SP15_GEN-APND,15.37365
2024-06-29 11:00:00-07:00,TH_ZP26_GEN-APND,13.5573
2024-06-29 12:00:00-07:00,TH_NP15_GEN-APND,18.17277
2024-06-29 12:00:00-07:00,TH_SP15_GEN-APND,16.10971
2024-06-29 12:00:00-07:00,TH_ZP26_GEN-APND,14.32353
2024-06-29 13:00:00-07:00,TH_NP15_GEN-APND,19.60542
2024-06-29 13:00:00-07:00,TH_SP15_GEN-APND,16.7119
2024-06-29 13:00:00-07:00,TH_ZP26_GEN-APND,14.9
2024-06-29 14:00:00-07:00,TH_NP15_GEN-APND,21.58692
2024-06-29 14:00:00-07:00,TH_SP15_GEN-APND,19.65949
2024-06-29 14:00:00-07:00,TH_ZP26_GEN-APND,18.24034
2024-06-29 15:00:00-07:00,TH_NP15_GEN-APND,26.16859
2024-06-29 15:00:00-07:00,TH_SP15_GEN-APND,24.42158
2024-06-29 15:00:00-07:00,TH_ZP26_GEN-APND,23.14044
2024-06-29 16:00:00-07:00,TH_NP15_GEN-APND,30.26188
2024-06-29 16:00:00-07:00,TH_SP15_GEN-APND,30.76331
2024-06-29 16:00:00-07:00,TH_ZP26_GEN-APND,30.96896
2024-06-29 17:00:00-07:00,TH_NP15_GEN-APND,34.66779
2024-06-29 17:00:00-07:00,TH_SP15_GEN-APND,35.38205
2024-06-29 17:00:00-07:00,TH_ZP26_GEN-APND,35.3148
2024-06-29 18:00:00-07:00,TH_NP15_GEN-APND,42.11284
2024-06-29 18:00:00-07:00,TH_SP15_GEN-APND,43.45572
2024-06-29 18:00:00-07:00,TH_ZP26_GEN-APND,43.09633
2024-06-29 19:00:00-07:00,TH_NP15_GEN-APND,60.30628
2024-06-29 19:00:00-07:00,TH_SP15_GEN-APND,61.49494
2024-06-29 19:00:00-07:00,TH_ZP26_GEN-APND,61.25787
2024-06-29 20:00:00-07:00,TH_NP15_GEN-APND,60.56406
2024-06-29 20:00:00-07:00,TH_SP15_GEN-APND,61.09727
2024-06-29 20:00:00-07:00,TH_ZP26_GEN-APND,60.86428
2024-06-29 21:00:00-07:00,TH_NP15_GEN-APND,53.62203
2024-06-29 21:00:00-07:00,TH_SP15_GEN-APND,54.56738
2024-06-29 21:00:00-07:00,TH_ZP26_GEN-APND,54.27199
2024-06-29 22:00:00-07:00,TH_NP15_GEN-APND,42.87849
2024-06-29 22:00:00-07:00,TH_SP15_GEN-APND,43.66533
2024-06-29 22:00:00-07:00,TH_ZP26_GEN-APND,43.38216
2024-06-29 23:00:00-07:00,TH_NP15_GEN-APND,40.6752
2024-06-29 23:00:00-07:00,TH_SP15_GEN-APND,42.16912
2024-06-29 23:00:00-07:00,TH_ZP26_GEN-APND,41.6864
2024-06-30 00:00:00-07:00,TH_NP15_GEN-APND,36.42254
2024-06-30 00:00:00-07:00,TH_SP15_GEN-APND,36.94868
2024-06-30 00:00:00-07:00,TH_ZP26_GEN-APND,36.63759
2024-06-30 01:00:00-07:00,TH_NP15_GEN-APND,36.31809
2024-06-30 01:00:00-07:00,TH_SP15_GEN-APND,37.18152
2024-06-30 01:00:00-07:00,TH_ZP26_GEN-APND,36.71414
2024-06-30 02:00:00-07:00,TH_NP15_GEN-APND,36.00607
2024-06-30 02:00:00-07:00,TH_SP15_GEN-APND,36.92448
2024-06-30 02:00:00-07:00,TH_ZP26_GEN-APND,36.47933
2024-06-30 03:00:00-07:00,TH_NP15_GEN-APND,33.44581
2024-06-30 03:00:00-07:00,TH_SP15_GEN-APND,34.27112
2024-06-30 03:00:00-07:00,TH_ZP26_GEN-APND,33.78928
2024-06-30 04:00:00-07:00,TH_NP15_GEN-APND,33.83354
2024-06-30 04:00:00-07:00,TH_SP15_GEN-APND,34.57361
2024-06-30 04:00:00-07:00,TH_ZP26_GEN-APND,34.11897
2024-06-30 05:00:00-07:00,TH_NP15_GEN-APND,34.26478
2024-06-30 05:00:00-07:00,TH_SP15_GEN-APND,34.52198
2024-06-30 05:00:00-07:00,TH_ZP26_GEN-APND,34.18247
2024-06-30 06:00:00-07:00,TH_NP15_GEN-APND,30.03005
2024-06-30 06:00:00-07:00,TH_SP15_GEN-APND,29.60865
2024-06-30 06:00:00-07:00,TH_ZP26_GEN-APND,29.66367
2024-06-30 07:00:00-07:00,TH_NP15_GEN-APND,16.32697
2024-06-30 07:00:00-07:00,TH_SP15_GEN-APND,11.50692
2024-06-30 07:00:00-07:00,TH_ZP26_GEN-APND,10.68739
2024-06-30 08:00:00-07:00,TH_NP15_GEN-APND,15.43893
2024-06-30 08:00:00-07:00,TH_SP15_GEN-APND,9.99309
2024-06-30 08:00:00-07:00,TH_ZP26_GEN-APND,9.05421
2024-06-30 09:00:00-07:00,TH_NP15_GEN-APND,15.6777
2024-06-30 09:00:00-07:00,TH_SP15_GEN-APND,10.36
2024-06-30 09:00:00-07:00,TH_ZP26_GEN-APND,9.35292
2024-06-30 10:00:00-07:00,TH_NP15_GEN-APND,15.54042
2024-06-30 10:00:00-07:00,TH_SP15_GEN-APND,10.41562
2024-06-30 10:00:00-07:00,TH_ZP26_GEN-APND,9.4717
2024-06-30 11:00:00-07:00,TH_NP15_GEN-APND,16.52417
2024-06-30 11:00:00-07:00,TH_SP15_GEN-APND,11.13212
2024-06-30 11:00:00-07:00,TH_ZP26_GEN-APND,10.2
2024-06-30 12:00:00-07:00,TH_NP15_GEN-APND,16.80186
2024-06-30 12:00:00-07:00,TH_SP15_GEN-APND,11.46192
2024-06-30 12:00:00-07:00,TH_ZP26_GEN-APND,10.52654
2024-06-30 13:00:00-07:00,TH_NP15_GEN-APND,19.80474
2024-06-30 13:00:00-07:00,TH_SP15_GEN-APND,10.56164
2024-06-30 13:00:00-07:00,TH_ZP26_GEN-APND,9.20354
2024-06-30 14:00:00-07:00,TH_NP15_GEN-APND,25.85442
2024-06-30 14:00:00-07:00,TH_SP15_GEN-APND,17.35795
2024-06-30 14:00:00-07:00,TH_ZP26_GEN-APND,15.98831
2024-06-30 15:00:00-07:00,TH_NP15_GEN-APND,31.89758
2024-06-30 15:00:00-07:00,TH_SP15_GEN-APND,26.04093
2024-06-30 15:00:00-07:00,TH_ZP26_GEN-APND,25.08766
2024-06-30 16:00:00-07:00,TH_NP15_GEN-APND,33.75356
2024-06-30 16:00:00-07:00,TH_SP15_GEN-APND,32.94709
2024-06-30 16:00:00-07:00,TH_ZP26_GEN-APND,32.32251
2024-06-30 17:00:00-07:00,TH_NP15_GEN-APND,38.37347
2024-06-30 17:00:00-07:00,TH_SP15_GEN-APND,37.98984
2024-06-30 17:00:00-07:00,TH_ZP26_GEN-APND,36.91904
2024-06-30 18:00:00-07:00,TH_NP15_GEN-APND,50.23059
2024-06-30 18:00:00-07:00,TH_SP15_GEN-APND,49.59461
2024-06-30 18:00:00-07:00,TH_ZP26_GEN-APND,48.46805
2024-06-30 19:00:00-07:00,TH_NP15_GEN-APND,61.43946
2024-06-30 19:00:00-07:00,TH_SP15_GEN-APND,61.80917
2024-06-30 19:00:00-07:00,TH_ZP26_GEN-APND,60.40352
2024-06-30 20:00:00-07:00,TH_NP15_GEN-APND,60.7623
2024-06-30 20:00:00-07:00,TH_SP15_GEN-APND,62.89575
2024-06-30 20:00:00-07:00,TH_ZP26_GEN-APND,61.73561
2024-06-30 21:00:00-07:00,TH_NP15_GEN-APND,54.28
2024-06-30 21:00:00-07:00,TH_SP15_GEN-APND,56.43399
2024-06-30 21:00:00-07:00,TH_ZP26_GEN-APND,55.27047
2024-06-30 22:00:00-07:00,TH_NP15_GEN-APND,43.01317
2024-06-30 22:00:00-07:00,TH_SP15_GEN-APND,44.47275
2024-06-30 22:00:00-07:00,TH_ZP26_GEN-APND,43.78998
2024-06-30 23:00:00-07:00,TH_NP15_GEN-APND,37.62103
2024-06-30 23:00:00-07:00,TH_SP15_GEN-APND,39.09438
2024-06-30 23:00:00-07:00,TH_ZP26_GEN-APND,38.46722
2024-07-01 00:00:00-07:00,TH_NP15_GEN-APND,37.37
2024-07-01 00:00:00-07:00,TH_SP15_GEN-APND,37.71266
2024-07-01 00:00:00-07:00,TH_ZP26_GEN-APND,37.17525
2024-07-01 01:00:00-07:00,TH_NP15_GEN-APND,35.0
2024-07-01 01:00:00-07:00,TH_SP15_GEN-APND,35.36061
2024-07-01 01:00:00-07:00,TH_ZP26_GEN-APND,34.8933
2024-07-01 02:00:00-07:00,TH_NP15_GEN-APND,34.70089
2024-07-01 02:00:00-07:00,TH_SP15_GEN-APND,34.54224
2024-07-01 02:00:00-07:00,TH_ZP26_GEN-APND,34.41711
2024-07-01 03:00:00-07:00,TH_NP15_GEN-APND,34.72449
2024-07-01 03:00:00-07:00,TH_SP15_GEN-APND,34.43954
2024-07-01 03:00:00-07:00,TH_ZP26_GEN-APND,34.3934
2024-07-01 04:00:00-07:00,TH_NP15_GEN-APND,35.0
2024-07-01 04:00:00-07:00,TH_SP15_GEN-APND,34.81018
2024-07-01 04:00:00-07:00,TH_ZP26_GEN-APND,34.6796
2024-07-01 05:00:00-07:00,TH_NP15_GEN-APND,39.0
2024-07-01 05:00:00-07:00,TH_SP15_GEN-APND,38.24277
2024-07-01 05:00:00-07:00,TH_ZP26_GEN-APND,38.16244
2024-07-01 06:00:00-07:00,TH_NP15_GEN-APND,34.96396
2024-07-01 06:00:00-07:00,TH_SP15_GEN-APND,34.02774
2024-07-01 06:00:00-07:00,TH_ZP26_GEN-APND,34.19492
2024-07-01 07:00:00-07:00,TH_NP15_GEN-APND,28.75447
2024-07-01 07:00:00-07:00,TH_SP15_GEN-APND,26.32918
2024-07-01 07:00:00-07:00,TH_ZP26_GEN-APND,25.78149
2024-07-01 08:00:00-07:00,TH_NP15_GEN-APND,27.0191
2024-07-01 08:00:00-07:00,TH_SP15_GEN-APND,21.79941
2024-07-01 08:00:00-07:00,TH_ZP26_GEN-APND,20.30658
2024-07-01 09:00:00-07:00,TH_NP15_GEN-APND,27.12214
2024-07-01 09:00:00-07:00,TH_SP15_GEN-APND,25.05665
2024-07-01 09:00:00-07:00,TH_ZP26_GEN-APND,23.09039
2024-07-01 10:00:00-07:00,TH_NP15_GEN-APND,27.73623
2024-07-01 10:00:00-07:00,TH_SP15_GEN-APND,25.98511
2024-07-01 10:00:00-07:00,TH_ZP26_GEN-APND,24.18467
2024-07-01 11:00:00-07:00,TH_NP15_GEN-APND,28.40129
2024-07-01 11:00:00-07:00,TH_SP15_GEN-APND,25.85553
2024-07-01 11:00:00-07:00,TH_ZP26_GEN-APND,23.81799
2024-07-01 12:00:00-07:00,TH_NP15_GEN-APND,29.39562
2024-07-01 12:00:00-07:00,TH_SP15_GEN-APND,25.78006
2024-07-01 12:00:00-07:00,TH_ZP26_GEN-APND,24.22659
2024-07-01 13:00:00-07:00,TH_NP15_GEN-APND,30.0526
2024-07-01 13:00:00-07:00,TH_SP15_GEN-APND,26.05928
2024-07-01 13:00:00-07:00,TH_ZP26_GEN-APND,24.5033
2024-07-01 14:00:00-07:00,TH_NP15_GEN-APND,33.73685
2024-07-01 14:00:00-07:00,TH_SP15_GEN-APND,30.43514
2024-07-01 14:00:00-07:00,TH_ZP26_GEN-APND,29.0322
2024-07-01 15:00:00-07:00,TH_NP15_GEN-APND,37.61
2024-07-01 15:00:00-07:00,TH_SP15_GEN-APND,32.96852
2024-07-01 15:00:00-07:00,TH_ZP26_GEN-APND,31.56
2024-07-01 16:00:00-07:00,TH_NP15_GEN-APND,38.99359
2024-07-01 16:00:00-07:00,TH_SP15_GEN-APND,36.675
2024-07-01 16:00:00-07:00,TH_ZP26_GEN-APND,35.5863
2024-07-01 17:00:00-07:00,TH_NP15_GEN-APND,42.12022
2024-07-01 17:00:00-07:00,TH_SP15_GEN-APND,36.72579
2024-07-01 17:00:00-07:00,TH_ZP26_GEN-APND,35.58998
2024-07-01 18:00:00-07:00,TH_NP15_GEN-APND,57.98647
2024-07-01 18:00:00-07:00,TH_SP15_GEN-APND,49.79702
2024-07-01 18:00:00-07:00,TH_ZP26_GEN-APND,49.31445
2024-07-01 19:00:00-07:00,TH_NP15_GEN-APND,76.6316
2024-07-01 19:00:00-07:00,TH_SP15_GEN-APND,69.81833
2024-07-01 19:00:00-07:00,TH_ZP26_GEN-APND,69.02004
2024-07-01 20:00:00-07:00,TH_NP15_GEN-APND,74.41258
2024-07-01 20:00:00-07:00,TH_SP15_GEN-APND,69.70106
2024-07-01 20:00:00-07:00,TH_ZP26_GEN-APND,68.74932
2024-07-01 21:00:00-07:00,TH_NP15_GEN-APND,60.44
2024-07-01 21:00:00-07:00,TH_SP15_GEN-APND,57.37797
2024-07-01 21:00:00-07:00,TH_ZP26_GEN-APND,57.04425
2024-07-01 22:00:00-07:00,TH_NP15_GEN-APND,45.83759
2024-07-01 22:00:00-07:00,TH_SP15_GEN-APND,46.1217
2024-07-01 22:00:00-07:00,TH_ZP26_GEN-APND,45.60161
2024-07-01 23:00:00-07:00,TH_NP15_GEN-APND,42.71867
2024-07-01 23:00:00-07:00,TH_SP15_GEN-APND,40.60767
2024-07-01 23:00:00-07:00,TH_ZP26_GEN-APND,41.53052
2024-07-02 00:00:00-07:00,TH_NP15_GEN-APND,41.6874
2024-07-02 00:00:00-07:00,TH_SP15_GEN-APND,39.55506
2024-07-02 00:00:00-07:00,TH_ZP26_GEN-APND,40.33872
2024-07-02 01:00:00-07:00,TH_NP15_GEN-APND,40.52348
2024-07-02 01:00:00-07:00,TH_SP15_GEN-APND,36.95645
2024-07-02 01:00:00-07:00,TH_ZP26_GEN-APND,38.5859
2024-07-02 02:00:00-07:00,TH_NP15_GEN-APND,39.08473
2024-07-02 02:00:00-07:00,TH_SP15_GEN-APND,36.69065
2024-07-02 02:00:00-07:00,TH_ZP26_GEN-APND,37.7436
2024-07-02 03:00:00-07:00,TH_NP15_GEN-APND,38.02332
2024-07-02 03:00:00-07:00,TH_SP15_GEN-APND,37.90089
2024-07-02 03:00:00-07:00,TH_ZP26_GEN-APND,37.88674
2024-07-02 04:00:00-07:00,TH_NP15_GEN-APND,38.48555
2024-07-02 04:00:00-07:00,TH_SP15_GEN-APND,38.41323
2024-07-02 04:00:00-07:00,TH_ZP26_GEN-APND,38.37119
2024-07-02 05:00:00-07:00,TH_NP15_GEN-APND,42.35905
2024-07-02 05:00:00-07:00,TH_SP15_GEN-APND,41.38177
2024-07-02 05:00:00-07:00,TH_ZP26_GEN-APND,41.78531
2024-07-02 06:00:00-07:00,TH_NP15_GEN-APND,41.49734
2024-07-02 06:00:00-07:00,TH_SP15_GEN-APND,41.01965
2024-07-02 06:00:00-07:00,TH_ZP26_GEN-APND,40.79597
2024-07-02 07:00:00-07:00,TH_NP15_GEN-APND,33.26177
2024-07-02 07:00:00-07:00,TH_SP15_GEN-APND,29.94355
2024-07-02 07:00:00-07:00,TH_ZP26_GEN-APND,29.33195
2024-07-02 08:00:00-07:00,TH_NP15_GEN-APND,31.90996
2024-07-02 08:00:00-07:00,TH_SP15_GEN-APND,28.90509
2024-07-02 08:00:00-07:00,TH_ZP26_GEN-APND,27.75857
2024-07-02 09:00:00-07:00,TH_NP15_GEN-APND,31.33312
2024-07-02 09:00:00-07:00,TH_SP15_GEN-APND,27.84857
2024-07-02 09:00:00-07:00,TH_ZP26_GEN-APND,26.15412
2024-07-02 10:00:00-07:00,TH_NP15_GEN-APND,29.59798
2024-07-02 10:00:00-07:00,TH_SP15_GEN-APND,26.05266
2024-07-02 10:00:00-07:00,TH_ZP26_GEN-APND,24.24461
2024-07-02 11:00:00-07:00,TH_NP15_GEN-APND,29.16915
2024-07-02 11:00:00-07:00,TH_SP15_GEN-APND,26.57448
2024-07-02 11:00:00-07:00,TH_ZP26_GEN-APND,25.08988
2024-07-02 12:00:00-07:00,TH_NP15_GEN-APND,30.80381
2024-07-02 12:00:00-07:00,TH_SP15_GEN-APND,24.70274
2024-07-02 12:00:00-07:00,TH_ZP26_GEN-APND,23.39998
2024-07-02 13:00:00-07:00,TH_NP15_GEN-APND,33.59865
2024-07-02 13:00:00-07:00,TH_SP15_GEN-APND,25.0
2024-07-02 13:00:00-07:00,TH_ZP26_GEN-APND,23.94414
2024-07-02 14:00:00-07:00,TH_NP15_GEN-APND,35.74582
2024-07-02 14:00:00-07:00,TH_SP15_GEN-APND,25.0
2024-07-02 14:00:00-07:00,TH_ZP26_GEN-APND,24.6757
2024-07-02 15:00:00-07:00,TH_NP15_GEN-APND,41.07277
2024-07-02 15:00:00-07:00,TH_SP15_GEN-APND,33.94179
2024-07-02 15:00:00-07:00,TH_ZP26_GEN-APND,33.4759
2024-07-02 16:00:00-07:00,TH_NP15_GEN-APND,47.33848
2024-07-02 16:00:00-07:00,TH_SP15_GEN-APND,35.06855
2024-07-02 16:00:00-07:00,TH_ZP26_GEN-APND,34.75886
2024-07-02 17:00:00-07:00,TH_NP15_GEN-APND,65.8228
2024-07-02 17:00:00-07:00,TH_SP15_GEN-APND,38.29182
2024-07-02 17:00:00-07:00,TH_ZP26_GEN-APND,38.4515
2024-07-02 18:00:00-07:00,TH_NP15_GEN-APND,69.21942
2024-07-02 18:00:00-07:00,TH_SP15_GEN-APND,47.8614
2024-07-02 18:00:00-07:00,TH_ZP26_GEN-APND,48.3048
2024-07-02 19:00:00-07:00,TH_NP15_GEN-APND,94.23963
2024-07-02 19:00:00-07:00,TH_SP15_GEN-APND,81.80214
2024-07-02 19:00:00-07:00,TH_ZP26_GEN-APND,82.05587
2024-07-02 20:00:00-07:00,TH_NP15_GEN-APND,82.88656
2024-07-02 20:00:00-07:00,TH_SP15_GEN-APND,70.62151
2024-07-02 20:00:00-07:00,TH_ZP26_GEN-APND,71.09881
2024-07-02 21:00:00-07:00,TH_NP15_GEN-APND,64.64
2024-07-02 21:00:00-07:00,TH_SP15_GEN-APND,56.95024
2024-07-02 21:00:00-07:00,TH_ZP26_GEN-APND,58.81661
2024-07-02 22:00:00-07:00,TH_NP15_GEN-APND,51.96093
2024-07-02 22:00:00-07:00,TH_SP15_GEN-APND,52.36248
2024-07-02 22:00:00-07:00,TH_ZP26_GEN-APND,52.95139
2024-07-02 23:00:00-07:00,TH_NP15_GEN-APND,47.74416
2024-07-02 23:00:00-07:00,TH_SP15_GEN-APND,44.23993
2024-07-02 23:00:00-07:00,TH_ZP26_GEN-APND,45.9817
2024-07-03 00:00:00-07:00,TH_NP15_GEN-APND,43.97913
2024-07-03 00:00:00-07:00,TH_SP15_GEN-APND,40.49992
2024-07-03 00:00:00-07:00,TH_ZP26_GEN-APND,41.47311
2024-07-03 01:00:00-07:00,TH_NP15_GEN-APND,39.9859
2024-07-03 01:00:00-07:00,TH_SP15_GEN-APND,36.51641
2024-07-03 01:00:00-07:00,TH_ZP26_GEN-APND,37.80547
2024-07-03 02:00:00-07:00,TH_NP15_GEN-APND,36.24801
2024-07-03 02:00:00-07:00,TH_SP15_GEN-APND,35.89884
2024-07-03 02:00:00-07:00,TH_ZP26_GEN-APND,35.73983
2024-07-03 03:00:00-07:00,TH_NP15_GEN-APND,35.68943
2024-07-03 03:00:00-07:00,TH_SP15_GEN-APND,35.52292
2024-07-03 03:00:00-07:00,TH_ZP26_GEN-APND,35.32349
2024-07-03 04:00:00-07:00,TH_NP15_GEN-APND,35.80408
2024-07-03 04:00:00-07:00,TH_SP15_GEN-APND,35.54205
2024-07-03 04:00:00-07:00,TH_ZP26_GEN-APND,35.39006
2024-07-03 05:00:00-07:00,TH_NP15_GEN-APND,39.83073
2024-07-03 05:00:00-07:00,TH_SP15_GEN-APND,39.42017
2024-07-03 05:00:00-07:00,TH_ZP26_GEN-APND,39.29251
2024-07-03 06:00:00-07:00,TH_NP15_GEN-APND,40.89309
2024-07-03 06:00:00-07:00,TH_SP15_GEN-APND,39.32243
2024-07-03 06:00:00-07:00,TH_ZP26_GEN-APND,39.30872
2024-07-03 07:00:00-07:00,TH_NP15_GEN-APND,33.29029
2024-07-03 07:00:00-07:00,TH_SP15_GEN-APND,31.33712
2024-07-03 07:00:00-07:00,TH_ZP26_GEN-APND,31.19924
2024-07-03 08:00:00-07:00,TH_NP15_GEN-APND,33.64157
2024-07-03 08:00:00-07:00,TH_SP15_GEN-APND,30.90899
2024-07-03 08:00:00-07:00,TH_ZP26_GEN-APND,30.66531
2024-07-03 09:00:00-07:00,TH_NP15_GEN-APND,32.26087
2024-07-03 09:00:00-07:00,TH_SP15_GEN-APND,29.5924
2024-07-03 09:00:00-07:00,TH_ZP26_GEN-APND,28.62235
2024-07-03 10:00:00-07:00,TH_NP15_GEN-APND,33.94952
2024-07-03 10:00:00-07:00,TH_SP15_GEN-APND,30.88759
2024-07-03 10:00:00-07:00,TH_ZP26_GEN-APND,29.97732
2024-07-03 11:00:00-07:00,TH_NP15_GEN-APND,33.29616
2024-07-03 11:00:00-07:00,TH_SP15_GEN-APND,29.3849
2024-07-03 11:00:00-07:00,TH_ZP26_GEN-APND,28.59055
2024-07-03 12:00:00-07:00,TH_NP15_GEN-APND,34.79
2024-07-03 12:00:00-07:00,TH_SP15_GEN-APND,23.73215
2024-07-03 12:00:00-07:00,TH_ZP26_GEN-APND,21.99
2024-07-03 13:00:00-07:00,TH_NP15_GEN-APND,39.0
2024-07-03 13:00:00-07:00,TH_SP15_GEN-APND,25.96569
2024-07-03 13:00:00-07:00,TH_ZP26_GEN-APND,24.87441
2024-07-03 14:00:00-07:00,TH_NP15_GEN-APND,40.46322
2024-07-03 14:00:00-07:00,TH_SP15_GEN-APND,20.99023
2024-07-03 14:00:00-07:00,TH_ZP26_GEN-APND,19.54186
2024-07-03 15:00:00-07:00,TH_NP15_GEN-APND,52.45586
2024-07-03 15:00:00-07:00,TH_SP15_GEN-APND,17.73433
2024-07-03 15:00:00-07:00,TH_ZP26_GEN-APND,16.21756
2024-07-03 16:00:00-07:00,TH_NP15_GEN-APND,58.17454
2024-07-03 16:00:00-07:00,TH_SP15_GEN-APND,33.13431
2024-07-03 16:00:00-07:00,TH_ZP26_GEN-APND,32.59429
2024-07-03 17:00:00-07:00,TH_NP15_GEN-APND,72.5802
2024-07-03 17:00:00-07:00,TH_SP15_GEN-APND,36.01807
2024-07-03 17:00:00-07:00,TH_ZP26_GEN-APND,35.50361
2024-07-03 18:00:00-07:00,TH_NP15_GEN-APND,94.5
2024-07-03 18:00:00-07:00,TH_SP15_GEN-APND,42.9665
2024-07-03 18:00:00-07:00,TH_ZP26_GEN-APND,42.91202
2024-07-03 19:00:00-07:00,TH_NP15_GEN-APND,131.65736
2024-07-03 19:00:00-07:00,TH_SP15_GEN-APND,105.25
2024-07-03 19:00:00-07:00,TH_ZP26_GEN-APND,104.10282
2024-07-03 20:00:00-07:00,TH_NP15_GEN-APND,100.42958
2024-07-03 20:00:00-07:00,TH_SP15_GEN-APND,68.33831
2024-07-03 20:00:00-07:00,TH_ZP26_GEN-APND,71.2096
2024-07-03 21:00:00-07:00,TH_NP15_GEN-APND,69.64
2024-07-03 21:00:00-07:00,TH_SP15_GEN-APND,55.18678
2024-07-03 21:00:00-07:00,TH_ZP26_GEN-APND,55.8601
2024-07-03 22:00:00-07:00,TH_NP15_GEN-APND,49.67814
2024-07-03 22:00:00-07:00,TH_SP15_GEN-APND,44.26096
2024-07-03 22:00:00-07:00,TH_ZP26_GEN-APND,45.28173
2024-07-03 23:00:00-07:00,TH_NP15_GEN-APND,43.37928
2024-07-03 23:00:00-07:00,TH_SP15_GEN-APND,37.66745
2024-07-03 23:00:00-07:00,TH_ZP26_GEN-APND,39.70812
2024-07-04 00:00:00-07:00,TH_NP15_GEN-APND,46.53411
2024-07-04 00:00:00-07:00,TH_SP15_GEN-APND,41.52262
2024-07-04 00:00:00-07:00,TH_ZP26_GEN-APND,43.42
2024-07-04 01:00:00-07:00,TH_NP15_GEN-APND,38.62326
2024-07-04 01:00:00-07:00,TH_SP15_GEN-APND,35.52448
2024-07-04 01:00:00-07:00,TH_ZP26_GEN-APND,36.64917
2024-07-04 02:00:00-07:00,TH_NP15_GEN-APND,39.24768
2024-07-04 02:00:00-07:00,TH_SP15_GEN-APND,38.06236
2024-07-04 02:00:00-07:00,TH_ZP26_GEN-APND,38.25298
2024-07-04 03:00:00-07:00,TH_NP15_GEN-APND,38.45618
2024-07-04 03:00:00-07:00,TH_SP15_GEN-APND,38.11462
2024-07-04 03:00:00-07:00,TH_ZP26_GEN-APND,38.04352
2024-07-04 04:00:00-07:00,TH_NP15_GEN-APND,36.31034
2024-07-04 04:00:00-07:00,TH_SP15_GEN-APND,36.08205
2024-07-04 04:00:00-07:00,TH_ZP26_GEN-APND,36.01114
2024-07-04 05:00:00-07:00,TH_NP15_GEN-APND,37.92359
2024-07-04 05:00:00-07:00,TH_SP15_GEN-APND,38.59159
2024-07-04 05:00:00-07:00,TH_ZP26_GEN-APND,38.31955
2024-07-04 06:00:00-07:00,TH_NP15_GEN-APND,32.86841
2024-07-04 06:00:00-07:00,TH_SP15_GEN-APND,32.19389
2024-07-04 06:00:00-07:00,TH_ZP26_GEN-APND,32.01996
2024-07-04 07:00:00-07:00,TH_NP15_GEN-APND,26.65716
2024-07-04 07:00:00-07:00,TH_SP15_GEN-APND,24.89332
2024-07-04 07:00:00-07:00,TH_ZP26_GEN-APND,24.85261
2024-07-04 08:00:00-07:00,TH_NP15_GEN-APND,26.4239
2024-07-04 08:00:00-07:00,TH_SP15_GEN-APND,23.01733
2024-07-04 08:00:00-07:00,TH_ZP26_GEN-APND,22.57
2024-07-04 09:00:00-07:00,TH_NP15_GEN-APND,27.90847
2024-07-04 09:00:00-07:00,TH_SP15_GEN-APND,22.94148
2024-07-04 09:00:00-07:00,TH_ZP26_GEN-APND,22.55488
2024-07-04 10:00:00-07:00,TH_NP15_GEN-APND,26.65465
2024-07-04 10:00:00-07:00,TH_SP15_GEN-APND,23.33632
2024-07-04 10:00:00-07:00,TH_ZP26_GEN-APND,23.07355
2024-07-04 11:00:00-07:00,TH_NP15_GEN-APND,30.60645
2024-07-04 11:00:00-07:00,TH_SP15_GEN-APND,22.97452
2024-07-04 11:00:00-07:00,TH_ZP26_GEN-APND,22.45119
2024-07-04 12:00:00-07:00,TH_NP15_GEN-APND,31.75329
2024-07-04 12:00:00-07:00,TH_SP15_GEN-APND,24.9244
2024-07-04 12:00:00-07:00,TH_ZP26_GEN-APND,24.93017
2024-07-04 13:00:00-07:00,TH_NP15_GEN-APND,35.39704
2024-07-04 13:00:00-07:00,TH_SP15_GEN-APND,26.75486
2024-07-04 13:00:00-07:00,TH_ZP26_GEN-APND,26.6812
2024-07-04 14:00:00-07:00,TH_NP15_GEN-APND,38.69041
2024-07-04 14:00:00-07:00,TH_SP15_GEN-APND,26.60804
2024-07-04 14:00:00-07:00,TH_ZP26_GEN-APND,26.50932
2024-07-04 15:00:00-07:00,TH_NP15_GEN-APND,49.6
2024-07-04 15:00:00-07:00,TH_SP15_GEN-APND,19.37319
2024-07-04 15:00:00-07:00,TH_ZP26_GEN-APND,18.62358
2024-07-04 16:00:00-07:00,TH_NP15_GEN-APND,61.73681
2024-07-04 16:00:00-07:00,TH_SP15_GEN-APND,23.66514
2024-07-04 16:00:00-07:00,TH_ZP26_GEN-APND,22.70896
2024-07-04 17:00:00-07:00,TH_NP15_GEN-APND,91.10516
2024-07-04 17:00:00-07:00,TH_SP15_GEN-APND,22.72942
2024-07-04 17:00:00-07:00,TH_ZP26_GEN-APND,21.10177
2024-07-04 18:00:00-07:00,TH_NP15_GEN-APND,92.46464
2024-07-04 18:00:00-07:00,TH_SP15_GEN-APND,29.27687
2024-07-04 18:00:00-07:00,TH_ZP26_GEN-APND,28.24675
2024-07-04 19:00:00-07:00,TH_NP15_GEN-APND,94.60102
2024-07-04 19:00:00-07:00,TH_SP15_GEN-APND,60.68966
2024-07-04 19:00:00-07:00,TH_ZP26_GEN-APND,59.50882
2024-07-04 20:00:00-07:00,TH_NP15_GEN-APND,84.71448
2024-07-04 20:00:00-07:00,TH_SP15_GEN-APND,53.45591
2024-07-04 20:00:00-07:00,TH_ZP26_GEN-APND,54.12117
2024-07-04 21:00:00-07:00,TH_NP15_GEN-APND,67.08184
2024-07-04 21:00:00-07:00,TH_SP15_GEN-APND,54.75864
2024-07-04 21:00:00-07:00,TH_ZP26_GEN-APND,56.70313
2024-07-04 22:00:00-07:00,TH_NP15_GEN-APND,54.72966
2024-07-04 22:00:00-07:00,TH_SP15_GEN-APND,47.28091
2024-07-04 22:00:00-07:00,TH_ZP26_GEN-APND,49.21403
2024-07-04 23:00:00-07:00,TH_NP15_GEN-APND,45.71135
2024-07-04 23:00:00-07:00,TH_SP15_GEN-APND,38.41254
2024-07-04 23:00:00-07:00,TH_ZP26_GEN-APND,41.06207
2024-07-05 00:00:00-07:00,TH_NP15_GEN-APND,38.77734
2024-07-05 00:00:00-07:00,TH_SP15_GEN-APND,38.41254
2024-07-05 00:00:00-07:00,TH_ZP26_GEN-APND,37.90373
2024-07-05 01:00:00-07:00,TH_NP15_GEN-APND,36.1676
2024-07-05 01:00:00-07:00,TH_SP15_GEN-APND,36.00253
2024-07-05 01:00:00-07:00,TH_ZP26_GEN-APND,35.57535
2024-07-05 02:00:00-07:00,TH_NP15_GEN-APND,35.32242
2024-07-05 02:00:00-07:00,TH_SP15_GEN-APND,35.86521
2024-07-05 02:00:00-07:00,TH_ZP26_GEN-APND,35.24869
2024-07-05 03:00:00-07:00,TH_NP15_GEN-APND,35.31773
2024-07-05 03:00:00-07:00,TH_SP15_GEN-APND,35.81422
2024-07-05 03:00:00-07:00,TH_ZP26_GEN-APND,35.3664
2024-07-05 04:00:00-07:00,TH_NP15_GEN-APND,35.30463
2024-07-05 04:00:00-07:00,TH_SP15_GEN-APND,35.97382
2024-07-05 04:00:00-07:00,TH_ZP26_GEN-APND,35.35798
2024-07-05 05:00:00-07:00,TH_NP15_GEN-APND,35.44728
2024-07-05 05:00:00-07:00,TH_SP15_GEN-APND,36.15708
2024-07-05 05:00:00-07:00,TH_ZP26_GEN-APND,35.45873
2024-07-05 06:00:00-07:00,TH_NP15_GEN-APND,38.92296
2024-07-05 06:00:00-07:00,TH_SP15_GEN-APND,40.07233
2024-07-05 06:00:00-07:00,TH_ZP26_GEN-APND,39.11812
2024-07-05 07:00:00-07:00,TH_NP15_GEN-APND,32.59859
2024-07-05 07:00:00-07:00,TH_SP15_GEN-APND,32.62481
2024-07-05 07:00:00-07:00,TH_ZP26_GEN-APND,32.02968
2024-07-05 08:00:00-07:00,TH_NP15_GEN-APND,30.79418
2024-07-05 08:00:00-07:00,TH_SP15_GEN-APND,32.01135
2024-07-05 08:00:00-07:00,TH_ZP26_GEN-APND,31.08905
2024-07-05 09:00:00-07:00,TH_NP15_GEN-APND,31.713
2024-07-05 09:00:00-07:00,TH_SP15_GEN-APND,31.95413
2024-07-05 09:00:00-07:00,TH_ZP26_GEN-APND,31.21644
2024-07-05 10:00:00-07:00,TH_NP15_GEN-APND,33.14495
2024-07-05 10:00:00-07:00,TH_SP15_GEN-APND,34.83351
2024-07-05 10:00:00-07:00,TH_ZP26_GEN-APND,33.16143
2024-07-05 11:00:00-07:00,TH_NP15_GEN-APND,34.03573
2024-07-05 11:00:00-07:00,TH_SP15_GEN-APND,35.24059
2024-07-05 11:00:00-07:00,TH_ZP26_GEN-APND,33.43934
2024-07-05 12:00:00-07:00,TH_NP15_GEN-APND,36.02452
2024-07-05 12:00:00-07:00,TH_SP15_GEN-APND,35.40955
2024-07-05 12:00:00-07:00,TH_ZP26_GEN-APND,33.83141
2024-07-05 13:00:00-07:00,TH_NP15_GEN-APND,39.0719
2024-07-05 13:00:00-07:00,TH_SP15_GEN-APND,38.50884
2024-07-05 13:00:00-07:00,TH_ZP26_GEN-APND,37.28999
2024-07-05 14:00:00-07:00,TH_NP15_GEN-APND,44.64
2024-07-05 14:00:00-07:00,TH_SP15_GEN-APND,42.5
2024-07-05 14:00:00-07:00,TH_ZP26_GEN-APND,41.873
2024-07-05 15:00:00-07:00,TH_NP15_GEN-APND,56.96811
2024-07-05 15:00:00-07:00,TH_SP15_GEN-APND,38.09
2024-07-05 15:00:00-07:00,TH_ZP26_GEN-APND,37.11164
2024-07-05 16:00:00-07:00,TH_NP15_GEN-APND,72.0028
2024-07-05 16:00:00-07:00,TH_SP15_GEN-APND,34.69412
2024-07-05 16:00:00-07:00,TH_ZP26_GEN-APND,33.94335
2024-07-05 17:00:00-07:00,TH_NP15_GEN-APND,111.32843
2024-07-05 17:00:00-07:00,TH_SP15_GEN-APND,30.01974
2024-07-05 17:00:00-07:00,TH_ZP26_GEN-APND,30.56872
2024-07-05 18:00:00-07:00,TH_NP15_GEN-APND,144.9167
2024-07-05 18:00:00-07:00,TH_SP15_GEN-APND,64.27416
2024-07-05 18:00:00-07:00,TH_ZP26_GEN-APND,65.42388
2024-07-05 19:00:00-07:00,TH_NP15_GEN-APND,173.4753
2024-07-05 19:00:00-07:00,TH_SP15_GEN-APND,159.13197
2024-07-05 19:00:00-07:00,TH_ZP26_GEN-APND,161.58496
2024-07-05 20:00:00-07:00,TH_NP15_GEN-APND,140.0
2024-07-05 20:00:00-07:00,TH_SP15_GEN-APND,134.97601
2024-07-05 20:00:00-07:00,TH_ZP26_GEN-APND,134.93274
2024-07-05 21:00:00-07:00,TH_NP15_GEN-APND,81.34593
2024-07-05 21:00:00-07:00,TH_SP15_GEN-APND,78.6637
2024-07-05 21:00:00-07:00,TH_ZP26_GEN-APND,78.56493
2024-07-05 22:00:00-07:00,TH_NP15_GEN-APND,62.95459
2024-07-05 22:00:00-07:00,TH_SP15_GEN-APND,61.10343
2024-07-05 22:00:00-07:00,TH_ZP26_GEN-APND,61.23165
2024-07-05 23:00:00-07:00,TH_NP15_GEN-APND,51.45046
2024-07-05 23:00:00-07:00,TH_SP15_GEN-APND,51.52253
2024-07-05 23:00:00-07:00,TH_ZP26_GEN-APND,51.0254
2024-07-06 00:00:00-07:00,TH_NP15_GEN-APND,40.61545
2024-07-06 00:00:00-07:00,TH_SP15_GEN-APND,40.48678
2024-07-06 00:00:00-07:00,TH_ZP26_GEN-APND,39.95255
2024-07-06 01:00:00-07:00,TH_NP15_GEN-APND,38.05151
2024-07-06 01:00:00-07:00,TH_SP15_GEN-APND,38.4364
2024-07-06 01:00:00-07:00,TH_ZP26_GEN-APND,38.05981
2024-07-06 02:00:00-07:00,TH_NP15_GEN-APND,36.9176
2024-07-06 02:00:00-07:00,TH_SP15_GEN-APND,37.58883
2024-07-06 02:00:00-07:00,TH_ZP26_GEN-APND,37.13511
2024-07-06 03:00:00-07:00,TH_NP15_GEN-APND,37.50254
2024-07-06 03:00:00-07:00,TH_SP15_GEN-APND,38.80808
2024-07-06 03:00:00-07:00,TH_ZP26_GEN-APND,38.17001
2024-07-06 04:00:00-07:00,TH_NP15_GEN-APND,37.33732
2024-07-06 04:00:00-07:00,TH_SP15_GEN-APND,38.61155
2024-07-06 04:00:00-07:00,TH_ZP26_GEN-APND,37.91475
2024-07-06 05:00:00-07:00,TH_NP15_GEN-APND,37.22274
2024-07-06 05:00:00-07:00,TH_SP15_GEN-APND,38.42192
2024-07-06 05:00:00-07:00,TH_ZP26_GEN-APND,37.70033
2024-07-06 06:00:00-07:00,TH_NP15_GEN-APND,35.80142
2024-07-06 06:00:00-07:00,TH_SP15_GEN-APND,37.0552
2024-07-06 06:00:00-07:00,TH_ZP26_GEN-APND,36.24042
2024-07-06 07:00:00-07:00,TH_NP15_GEN-APND,25.21904
2024-07-06 07:00:00-07:00,TH_SP15_GEN-APND,26.1203
2024-07-06 07:00:00-07:00,TH_ZP26_GEN-APND,25.83876
2024-07-06 08:00:00-07:00,TH_NP15_GEN-APND,23.08726
2024-07-06 08:00:00-07:00,TH_SP15_GEN-APND,24.27255
2024-07-06 08:00:00-07:00,TH_ZP26_GEN-APND,23.66441
2024-07-06 09:00:00-07:00,TH_NP15_GEN-APND,24.26968
2024-07-06 09:00:00-07:00,TH_SP15_GEN-APND,25.11812
2024-07-06 09:00:00-07:00,TH_ZP26_GEN-APND,24.25359
2024-07-06 10:00:00-07:00,TH_NP15_GEN-APND,25.33607
2024-07-06 10:00:00-07:00,TH_SP15_GEN-APND,26.2898
2024-07-06 10:00:00-07:00,TH_ZP26_GEN-APND,24.98906
2024-07-06 11:00:00-07:00,TH_NP15_GEN-APND,25.79446
2024-07-06 11:00:00-07:00,TH_SP15_GEN-APND,26.74037
2024-07-06 11:00:00-07:00,TH_ZP26_GEN-APND,25.5822
2024-07-06 12:00:00-07:00,TH_NP15_GEN-APND,27.89541
2024-07-06 12:00:00-07:00,TH_SP15_GEN-APND,28.6416
2024-07-06 12:00:00-07:00,TH_ZP26_GEN-APND,27.61211
2024-07-06 13:00:00-07:00,TH_NP15_GEN-APND,33.4577
2024-07-06 13:00:00-07:00,TH_SP15_GEN-APND,30.62904
2024-07-06 13:00:00-07:00,TH_ZP26_GEN-APND,28.47183
2024-07-06 14:00:00-07:00,TH_NP15_GEN-APND,34.42093
2024-07-06 14:00:00-07:00,TH_SP15_GEN-APND,33.9011
2024-07-06 14:00:00-07:00,TH_ZP26_GEN-APND,32.6555
2024-07-06 15:00:00-07:00,TH_NP15_GEN-APND,40.29892
2024-07-06 15:00:00-07:00,TH_SP15_GEN-APND,27.0471
2024-07-06 15:00:00-07:00,TH_ZP26_GEN-APND,24.35864
2024-07-06 16:00:00-07:00,TH_NP15_GEN-APND,47.42587
2024-07-06 16:00:00-07:00,TH_SP15_GEN-APND,45.0
2024-07-06 16:00:00-07:00,TH_ZP26_GEN-APND,44.06702
2024-07-06 17:00:00-07:00,TH_NP15_GEN-APND,56.10754
2024-07-06 17:00:00-07:00,TH_SP15_GEN-APND,47.88481
2024-07-06 17:00:00-07:00,TH_ZP26_GEN-APND,47.50747
2024-07-06 18:00:00-07:00,TH_NP15_GEN-APND,75.97549
2024-07-06 18:00:00-07:00,TH_SP15_GEN-APND,64.08398
2024-07-06 18:00:00-07:00,TH_ZP26_GEN-APND,63.71961
2024-07-06 19:00:00-07:00,TH_NP15_GEN-APND,101.13999
2024-07-06 19:00:00-07:00,TH_SP15_GEN-APND,91.50679
2024-07-06 19:00:00-07:00,TH_ZP26_GEN-APND,91.20971
2024-07-06 20:00:00-07:00,TH_NP15_GEN-APND,86.84559
2024-07-06 20:00:00-07:00,TH_SP15_GEN-APND,78.03825
2024-07-06 20:00:00-07:00,TH_ZP26_GEN-APND,77.74178
2024-07-06 21:00:00-07:00,TH_NP15_GEN-APND,62.31834
2024-07-06 21:00:00-07:00,TH_SP15_GEN-APND,61.32243
2024-07-06 21:00:00-07:00,TH_ZP26_GEN-APND,60.58713
2024-07-06 22:00:00-07:00,TH_NP15_GEN-APND,51.51155
2024-07-06 22:00:00-07:00,TH_SP15_GEN-APND,51.56341
2024-07-06 22:00:00-07:00,TH_ZP26_GEN-APND,50.81655
2024-07-06 23:00:00-07:00,TH_NP15_GEN-APND,41.17401
2024-07-06 23:00:00-07:00,TH_SP15_GEN-APND,41.20924
2024-07-06 23:00:00-07:00,TH_ZP26_GEN-APND,40.56556
2024-07-07 00:00:00-07:00,TH_NP15_GEN-APND,37.04556
2024-07-07 00:00:00-07:00,TH_SP15_GEN-APND,36.96301
2024-07-07 00:00:00-07:00,TH_ZP26_GEN-APND,36.5569
2024-07-07 01:00:00-07:00,TH_NP15_GEN-APND,36.59618
2024-07-07 01:00:00-07:00,TH_SP15_GEN-APND,37.08728
2024-07-07 01:00:00-07:00,TH_ZP26_GEN-APND,36.69346
2024-07-07 02:00:00-07:00,TH_NP15_GEN-APND,36.14862
2024-07-07 02:00:00-07:00,TH_SP15_GEN-APND,36.96715
2024-07-07 02:00:00-07:00,TH_ZP26_GEN-APND,36.49534
2024-07-07 03:00:00-07:00,TH_NP15_GEN-APND,34.86797
2024-07-07 03:00:00-07:00,TH_SP15_GEN-APND,35.02
2024-07-07 03:00:00-07:00,TH_ZP26_GEN-APND,34.74016
2024-07-07 04:00:00-07:00,TH_NP15_GEN-APND,35.0
2024-07-07 04:00:00-07:00,TH_SP15_GEN-APND,35.46272
2024-07-07 04:00:00-07:00,TH_ZP26_GEN-APND,35.07979
2024-07-07 05:00:00-07:00,TH_NP15_GEN-APND,34.84376
2024-07-07 05:00:00-07:00,TH_SP15_GEN-APND,35.08898
2024-07-07 05:00:00-07:00,TH_ZP26_GEN-APND,34.76215
2024-07-07 06:00:00-07:00,TH_NP15_GEN-APND,32.19272
2024-07-07 06:00:00-07:00,TH_SP15_GEN-APND,32.31527
2024-07-07 06:00:00-07:00,TH_ZP26_GEN-APND,31.89941
2024-07-07 07:00:00-07:00,TH_NP15_GEN-APND,21.03272
2024-07-07 07:00:00-07:00,TH_SP15_GEN-APND,20.86429
2024-07-07 07:00:00-07:00,TH_ZP26_GEN-APND,20.58764
2024-07-07 08:00:00-07:00,TH_NP15_GEN-APND,19.86057
2024-07-07 08:00:00-07:00,TH_SP15_GEN-APND,15.5379
2024-07-07 08:00:00-07:00,TH_ZP26_GEN-APND,14.72685
2024-07-07 09:00:00-07:00,TH_NP15_GEN-APND,20.63146
2024-07-07 09:00:00-07:00,TH_SP15_GEN-APND,15.67311
2024-07-07 09:00:00-07:00,TH_ZP26_GEN-APND,14.72101
2024-07-07 10:00:00-07:00,TH_NP15_GEN-APND,22.7709
2024-07-07 10:00:00-07:00,TH_SP15_GEN-APND,18.15678
2024-07-07 10:00:00-07:00,TH_ZP26_GEN-APND,17.21512
2024-07-07 11:00:00-07:00,TH_NP15_GEN-APND,24.55252
2024-07-07 11:00:00-07:00,TH_SP15_GEN-APND,18.60242
2024-07-07 11:00:00-07:00,TH_ZP26_GEN-APND,17.34384
2024-07-07 12:00:00-07:00,TH_NP15_GEN-APND,26.83172
2024-07-07 12:00:00-07:00,TH_SP15_GEN-APND,19.94669
2024-07-07 12:00:00-07:00,TH_ZP26_GEN-APND,18.71287
2024-07-07 13:00:00-07:00,TH_NP15_GEN-APND,31.33559
2024-07-07 13:00:00-07:00,TH_SP15_GEN-APND,20.30557
2024-07-07 13:00:00-07:00,TH_ZP26_GEN-APND,18.43241
2024-07-07 14:00:00-07:00,TH_NP15_GEN-APND,34.56211
2024-07-07 14:00:00-07:00,TH_SP15_GEN-APND,24.16137
2024-07-07 14:00:00-07:00,TH_ZP26_GEN-APND,22.2919
2024-07-07 15:00:00-07:00,TH_NP15_GEN-APND,37.159
2024-07-07 15:00:00-07:00,TH_SP15_GEN-APND,27.49462
2024-07-07 15:00:00-07:00,TH_ZP26_GEN-APND,25.49735
2024-07-07 16:00:00-07:00,TH_NP15_GEN-APND,40.27008
2024-07-07 16:00:00-07:00,TH_SP15_GEN-APND,32.6755
2024-07-07 16:00:00-07:00,TH_ZP26_GEN-APND,32.0301
2024-07-07 17:00:00-07:00,TH_NP15_GEN-APND,51.75526
2024-07-07 17:00:00-07:00,TH_SP15_GEN-APND,37.40209
2024-07-07 17:00:00-07:00,TH_ZP26_GEN-APND,36.70579
2024-07-07 18:00:00-07:00,TH_NP15_GEN-APND,65.51255
2024-07-07 18:00:00-07:00,TH_SP15_GEN-APND,45.44567
2024-07-07 18:00:00-07:00,TH_ZP26_GEN-APND,47.00422
2024-07-07 19:00:00-07:00,TH_NP15_GEN-APND,77.14739
2024-07-07 19:00:00-07:00,TH_SP15_GEN-APND,56.06315
2024-07-07 19:00:00-07:00,TH_ZP26_GEN-APND,57.45623
2024-07-07 20:00:00-07:00,TH_NP15_GEN-APND,66.26631
2024-07-07 20:00:00-07:00,TH_SP15_GEN-APND,59.55721
2024-07-07 20:00:00-07:00,TH_ZP26_GEN-APND,59.50063
2024-07-07 21:00:00-07:00,TH_NP15_GEN-APND,54.20036
2024-07-07 21:00:00-07:00,TH_SP15_GEN-APND,50.82542
2024-07-07 21:00:00-07:00,TH_ZP26_GEN-APND,50.51514
2024-07-07 22:00:00-07:00,TH_NP15_GEN-APND,42.86997
2024-07-07 22:00:00-07:00,TH_SP15_GEN-APND,42.25673
2024-07-07 22:00:00-07:00,TH_ZP26_GEN-APND,41.53704
2024-07-07 23:00:00-07:00,TH_NP15_GEN-APND,38.32182
2024-07-07 23:00:00-07:00,TH_SP15_GEN-APND,38.1953
2024-07-07 23:00:00-07:00,TH_ZP26_GEN-APND,37.55321
2024-07-08 00:00:00-07:00,TH_NP15_GEN-APND,35.89497
2024-07-08 00:00:00-07:00,TH_SP15_GEN-APND,35.90772
2024-07-08 00:00:00-07:00,TH_ZP26_GEN-APND,35.48725
2024-07-08 01:00:00-07:00,TH_NP15_GEN-APND,34.34191
2024-07-08 01:00:00-07:00,TH_SP15_GEN-APND,35.44477
2024-07-08 01:00:00-07:00,TH_ZP26_GEN-APND,34.68513
2024-07-08 02:00:00-07:00,TH_NP15_GEN-APND,33.16
2024-07-08 02:00:00-07:00,TH_SP15_GEN-APND,33.90202
2024-07-08 02:00:00-07:00,TH_ZP26_GEN-APND,33.23783
2024-07-08 03:00:00-07:00,TH_NP15_GEN-APND,32.49681
2024-07-08 03:00:00-07:00,TH_SP15_GEN-APND,33.68046
2024-07-08 03:00:00-07:00,TH_ZP26_GEN-APND,32.94548
2024-07-08 04:00:00-07:00,TH_NP15_GEN-APND,32.52995
2024-07-08 04:00:00-07:00,TH_SP15_GEN-APND,33.68499
2024-07-08 04:00:00-07:00,TH_ZP26_GEN-APND,32.94301
2024-07-08 05:00:00-07:00,TH_NP15_GEN-APND,34.09658
2024-07-08 05:00:00-07:00,TH_SP15_GEN-APND,35.0
2024-07-08 05:00:00-07:00,TH_ZP26_GEN-APND,34.30426
2024-07-08 06:00:00-07:00,TH_NP15_GEN-APND,37.39368
2024-07-08 06:00:00-07:00,TH_SP15_GEN-APND,37.47755
2024-07-08 06:00:00-07:00,TH_ZP26_GEN-APND,37.1618
2024-07-08 07:00:00-07:00,TH_NP15_GEN-APND,32.17421
2024-07-08 07:00:00-07:00,TH_SP15_GEN-APND,31.74942
2024-07-08 07:00:00-07:00,TH_ZP26_GEN-APND,31.21925
2024-07-08 08:00:00-07:00,TH_NP15_GEN-APND,30.94321
2024-07-08 08:00:00-07:00,TH_SP15_GEN-APND,31.21631
2024-07-08 08:00:00-07:00,TH_ZP26_GEN-APND,30.79097
2024-07-08 09:00:00-07:00,TH_NP15_GEN-APND,31.08764
2024-07-08 09:00:00-07:00,TH_SP15_GEN-APND,31.3223
2024-07-08 09:00:00-07:00,TH_ZP26_GEN-APND,30.63808
2024-07-08 10:00:00-07:00,TH_NP15_GEN-APND,31.1504
2024-07-08 10:00:00-07:00,TH_SP15_GEN-APND,31.4017
2024-07-08 10:00:00-07:00,TH_ZP26_GEN-APND,30.48025
2024-07-08 11:00:00-07:00,TH_NP15_GEN-APND,32.12576
2024-07-08 11:00:00-07:00,TH_SP15_GEN-APND,32.53745
2024-07-08 11:00:00-07:00,TH_ZP26_GEN-APND,31.40476
2024-07-08 12:00:00-07:00,TH_NP15_GEN-APND,32.99394
2024-07-08 12:00:00-07:00,TH_SP15_GEN-APND,33.19824
2024-07-08 12:00:00-07:00,TH_ZP26_GEN-APND,32.14474
2024-07-08 13:00:00-07:00,TH_NP15_GEN-APND,38.03593
2024-07-08 13:00:00-07:00,TH_SP15_GEN-APND,36.14383
2024-07-08 13:00:00-07:00,TH_ZP26_GEN-APND,34.7201
2024-07-08 14:00:00-07:00,TH_NP15_GEN-APND,43.12646
2024-07-08 14:00:00-07:00,TH_SP15_GEN-APND,35.80957
2024-07-08 14:00:00-07:00,TH_ZP26_GEN-APND,34.27061
2024-07-08 15:00:00-07:00,TH_NP15_GEN-APND,55.74417
2024-07-08 15:00:00-07:00,TH_SP15_GEN-APND,47.96107
2024-07-08 15:00:00-07:00,TH_ZP26_GEN-APND,46.35148
2024-07-08 16:00:00-07:00,TH_NP15_GEN-APND,62.41
2024-07-08 16:00:00-07:00,TH_SP15_GEN-APND,48.05324
2024-07-08 16:00:00-07:00,TH_ZP26_GEN-APND,46.21782
2024-07-08 17:00:00-07:00,TH_NP15_GEN-APND,72.75675
2024-07-08 17:00:00-07:00,TH_SP15_GEN-APND,51.41224
2024-07-08 17:00:00-07:00,TH_ZP26_GEN-APND,50.5519
2024-07-08 18:00:00-07:00,TH_NP15_GEN-APND,94.79953
2024-07-08 18:00:00-07:00,TH_SP15_GEN-APND,64.52
2024-07-08 18:00:00-07:00,TH_ZP26_GEN-APND,67.03635
2024-07-08 19:00:00-07:00,TH_NP15_GEN-APND,151.32066
2024-07-08 19:00:00-07:00,TH_SP15_GEN-APND,132.729
2024-07-08 19:00:00-07:00,TH_ZP26_GEN-APND,133.96129
2024-07-08 20:00:00-07:00,TH_NP15_GEN-APND,122.70476
2024-07-08 20:00:00-07:00,TH_SP15_GEN-APND,116.83975
2024-07-08 20:00:00-07:00,TH_ZP26_GEN-APND,116.68057
2024-07-08 21:00:00-07:00,TH_NP15_GEN-APND,74.64541
2024-07-08 21:00:00-07:00,TH_SP15_GEN-APND,71.18795
2024-07-08 21:00:00-07:00,TH_ZP26_GEN-APND,71.95821
2024-07-08 22:00:00-07:00,TH_NP15_GEN-APND,55.21413
2024-07-08 22:00:00-07:00,TH_SP15_GEN-APND,55.05676
2024-07-08 22:00:00-07:00,TH_ZP26_GEN-APND,53.82343
2024-07-08 23:00:00-07:00,TH_NP15_GEN-APND,47.53544
2024-07-08 23:00:00-07:00,TH_SP15_GEN-APND,46.19545
2024-07-08 23:00:00-07:00,TH_ZP26_GEN-APND,46.20837
2024-07-09 00:00:00-07:00,TH_NP15_GEN-APND,38.59858
2024-07-09 00:00:00-07:00,TH_SP15_GEN-APND,38.37504
2024-07-09 00:00:00-07:00,TH_ZP26_GEN-APND,37.82127
2024-07-09 01:00:00-07:00,TH_NP15_GEN-APND,37.54947
2024-07-09 01:00:00-07:00,TH_SP15_GEN-APND,37.48798
2024-07-09 01:00:00-07:00,TH_ZP26_GEN-APND,36.9589
2024-07-09 02:00:00-07:00,TH_NP15_GEN-APND,36.79915
2024-07-09 02:00:00-07:00,TH_SP15_GEN-APND,37.42816
2024-07-09 02:00:00-07:00,TH_ZP26_GEN-APND,36.76695
2024-07-09 03:00:00-07:00,TH_NP15_GEN-APND,36.48917
2024-07-09 03:00:00-07:00,TH_SP15_GEN-APND,37.08732
2024-07-09 03:00:00-07:00,TH_ZP26_GEN-APND,36.45193
2024-07-09 04:00:00-07:00,TH_NP15_GEN-APND,38.67571
2024-07-09 04:00:00-07:00,TH_SP15_GEN-APND,39.14676
2024-07-09 04:00:00-07:00,TH_ZP26_GEN-APND,38.5352
2024-07-09 05:00:00-07:00,TH_NP15_GEN-APND,41.41391
2024-07-09 05:00:00-07:00,TH_SP15_GEN-APND,42.0958
2024-07-09 05:00:00-07:00,TH_ZP26_GEN-APND,41.27722
2024-07-09 06:00:00-07:00,TH_NP15_GEN-APND,42.98278
2024-07-09 06:00:00-07:00,TH_SP15_GEN-APND,44.2502
2024-07-09 06:00:00-07:00,TH_ZP26_GEN-APND,43.40534
2024-07-09 07:00:00-07:00,TH_NP15_GEN-APND,32.626
2024-07-09 07:00:00-07:00,TH_SP15_GEN-APND,34.04052
2024-07-09 07:00:00-07:00,TH_ZP26_GEN-APND,32.9849
2024-07-09 08:00:00-07:00,TH_NP15_GEN-APND,31.28994
2024-07-09 08:00:00-07:00,TH_SP15_GEN-APND,33.38165
2024-07-09 08:00:00-07:00,TH_ZP26_GEN-APND,31.81753
2024-07-09 09:00:00-07:00,TH_NP15_GEN-APND,30.86758
2024-07-09 09:00:00-07:00,TH_SP15_GEN-APND,32.82688
2024-07-09 09:00:00-07:00,TH_ZP26_GEN-APND,30.08352
2024-07-09 10:00:00-07:00,TH_NP15_GEN-APND,31.13403
2024-07-09 10:00:00-07:00,TH_SP15_GEN-APND,33.12311
2024-07-09 10:00:00-07:00,TH_ZP26_GEN-APND,29.62
2024-07-09 11:00:00-07:00,TH_NP15_GEN-APND,31.2128
2024-07-09 11:00:00-07:00,TH_SP15_GEN-APND,33.91692
2024-07-09 11:00:00-07:00,TH_ZP26_GEN-APND,29.89848
2024-07-09 12:00:00-07:00,TH_NP15_GEN-APND,33.72574
2024-07-09 12:00:00-07:00,TH_SP15_GEN-APND,34.64481
2024-07-09 12:00:00-07:00,TH_ZP26_GEN-APND,30.97551
2024-07-09 13:00:00-07:00,TH_NP15_GEN-APND,35.22614
2024-07-09 13:00:00-07:00,TH_SP15_GEN-APND,38.83887
2024-07-09 13:00:00-07:00,TH_ZP26_GEN-APND,33.81059
2024-07-09 14:00:00-07:00,TH_NP15_GEN-APND,39.32397
2024-07-09 14:00:00-07:00,TH_SP15_GEN-APND,49.8438
2024-07-09 14:00:00-07:00,TH_ZP26_GEN-APND,37.69832
2024-07-09 15:00:00-07:00,TH_NP15_GEN-APND,47.94184
2024-07-09 15:00:00-07:00,TH_SP15_GEN-APND,55.31881
2024-07-09 15:00:00-07:00,TH_ZP26_GEN-APND,46.34419
2024-07-09 16:00:00-07:00,TH_NP15_GEN-APND,52.61017
2024-07-09 16:00:00-07:00,TH_SP15_GEN-APND,58.58142
2024-07-09 16:00:00-07:00,TH_ZP26_GEN-APND,48.66924
2024-07-09 17:00:00-07:00,TH_NP15_GEN-APND,70.48503
2024-07-09 17:00:00-07:00,TH_SP15_GEN-APND,63.28571
2024-07-09 17:00:00-07:00,TH_ZP26_GEN-APND,61.82899
2024-07-09 18:00:00-07:00,TH_NP15_GEN-APND,104.81592
2024-07-09 18:00:00-07:00,TH_SP15_GEN-APND,102.95712
2024-07-09 18:00:00-07:00,TH_ZP26_GEN-APND,87.11973
2024-07-09 19:00:00-07:00,TH_NP15_GEN-APND,200.60634
2024-07-09 19:00:00-07:00,TH_SP15_GEN-APND,245.76952
2024-07-09 19:00:00-07:00,TH_ZP26_GEN-APND,169.979
2024-07-09 20:00:00-07:00,TH_NP15_GEN-APND,153.05
2024-07-09 20:00:00-07:00,TH_SP15_GEN-APND,158.86623
2024-07-09 20:00:00-07:00,TH_ZP26_GEN-APND,143.1413
2024-07-09 21:00:00-07:00,TH_NP15_GEN-APND,88.27774
2024-07-09 21:00:00-07:00,TH_SP15_GEN-APND,91.00727
2024-07-09 21:00:00-07:00,TH_ZP26_GEN-APND,84.96281
2024-07-09 22:00:00-07:00,TH_NP15_GEN-APND,58.91015
2024-07-09 22:00:00-07:00,TH_SP15_GEN-APND,59.52761
2024-07-09 22:00:00-07:00,TH_ZP26_GEN-APND,57.70055
2024-07-09 23:00:00-07:00,TH_NP15_GEN-APND,49.44904
2024-07-09 23:00:00-07:00,TH_SP15_GEN-APND,51.0415
2024-07-09 23:00:00-07:00,TH_ZP26_GEN-APND,49.28655
2024-07-10 00:00:00-07:00,TH_NP15_GEN-APND,45.15227
2024-07-10 00:00:00-07:00,TH_SP15_GEN-APND,47.06849
2024-07-10 00:00:00-07:00,TH_ZP26_GEN-APND,45.64482
2024-07-10 01:00:00-07:00,TH_NP15_GEN-APND,42.10117
2024-07-10 01:00:00-07:00,TH_SP15_GEN-APND,44.13699
2024-07-10 01:00:00-07:00,TH_ZP26_GEN-APND,42.80531
2024-07-10 02:00:00-07:00,TH_NP15_GEN-APND,40.58873
2024-07-10 02:00:00-07:00,TH_SP15_GEN-APND,42.61945
2024-07-10 02:00:00-07:00,TH_ZP26_GEN-APND,41.29609
2024-07-10 03:00:00-07:00,TH_NP15_GEN-APND,40.40822
2024-07-10 03:00:00-07:00,TH_SP15_GEN-APND,42.27686
2024-07-10 03:00:00-07:00,TH_ZP26_GEN-APND,40.98309
2024-07-10 04:00:00-07:00,TH_NP15_GEN-APND,40.80412
2024-07-10 04:00:00-07:00,TH_SP15_GEN-APND,42.40281
2024-07-10 04:00:00-07:00,TH_ZP26_GEN-APND,41.20293
2024-07-10 05:00:00-07:00,TH_NP15_GEN-APND,43.62472
2024-07-10 05:00:00-07:00,TH_SP15_GEN-APND,44.82405
2024-07-10 05:00:00-07:00,TH_ZP26_GEN-APND,43.64162
2024-07-10 06:00:00-07:00,TH_NP15_GEN-APND,40.38979
2024-07-10 06:00:00-07:00,TH_SP15_GEN-APND,41.38567
2024-07-10 06:00:00-07:00,TH_ZP26_GEN-APND,40.44626
2024-07-10 07:00:00-07:00,TH_NP15_GEN-APND,36.79937
2024-07-10 07:00:00-07:00,TH_SP15_GEN-APND,37.38367
2024-07-10 07:00:00-07:00,TH_ZP26_GEN-APND,36.46893
2024-07-10 08:00:00-07:00,TH_NP15_GEN-APND,35.99553
2024-07-10 08:00:00-07:00,TH_SP15_GEN-APND,37.59583
2024-07-10 08:00:00-07:00,TH_ZP26_GEN-APND,36.15047
2024-07-10 09:00:00-07:00,TH_NP15_GEN-APND,36.35191
2024-07-10 09:00:00-07:00,TH_SP15_GEN-APND,37.07
2024-07-10 09:00:00-07:00,TH_ZP26_GEN-APND,35.21422
2024-07-10 10:00:00-07:00,TH_NP15_GEN-APND,36.17079
2024-07-10 10:00:00-07:00,TH_SP15_GEN-APND,36.98819
2024-07-10 10:00:00-07:00,TH_ZP26_GEN-APND,34.53985
2024-07-10 11:00:00-07:00,TH_NP15_GEN-APND,36.68777
2024-07-10 11:00:00-07:00,TH_SP15_GEN-APND,37.88735
2024-07-10 11:00:00-07:00,TH_ZP26_GEN-APND,35.30513
2024-07-10 12:00:00-07:00,TH_NP15_GEN-APND,37.3691
2024-07-10 12:00:00-07:00,TH_SP15_GEN-APND,40.21561
2024-07-10 12:00:00-07:00,TH_ZP26_GEN-APND,36.82616
2024-07-10 13:00:00-07:00,TH_NP15_GEN-APND,40.13075
2024-07-10 13:00:00-07:00,TH_SP15_GEN-APND,43.05266
2024-07-10 13:00:00-07:00,TH_ZP26_GEN-APND,39.58556
2024-07-10 14:00:00-07:00,TH_NP15_GEN-APND,48.94944
2024-07-10 14:00:00-07:00,TH_SP15_GEN-APND,54.8336
2024-07-10 14:00:00-07:00,TH_ZP26_GEN-APND,48.83317
2024-07-10 15:00:00-07:00,TH_NP15_GEN-APND,59.77202
2024-07-10 15:00:00-07:00,TH_SP15_GEN-APND,62.17306
2024-07-10 15:00:00-07:00,TH_ZP26_GEN-APND,56.96436
2024-07-10 16:00:00-07:00,TH_NP15_GEN-APND,68.47561
2024-07-10 16:00:00-07:00,TH_SP15_GEN-APND,65.59858
2024-07-10 16:00:00-07:00,TH_ZP26_GEN-APND,62.91594
2024-07-10 17:00:00-07:00,TH_NP15_GEN-APND,95.04404
2024-07-10 17:00:00-07:00,TH_SP15_GEN-APND,87.54007
2024-07-10 17:00:00-07:00,TH_ZP26_GEN-APND,70.11798
2024-07-10 18:00:00-07:00,TH_NP15_GEN-APND,212.92336
2024-07-10 18:00:00-07:00,TH_SP15_GEN-APND,212.48785
2024-07-10 18:00:00-07:00,TH_ZP26_GEN-APND,179.85342
2024-07-10 19:00:00-07:00,TH_NP15_GEN-APND,389.65417
2024-07-10 19:00:00-07:00,TH_SP15_GEN-APND,411.11
2024-07-10 19:00:00-07:00,TH_ZP26_GEN-APND,349.1287
2024-07-10 20:00:00-07:00,TH_NP15_GEN-APND,222.5993
2024-07-10 20:00:00-07:00,TH_SP15_GEN-APND,235.62494
2024-07-10 20:00:00-07:00,TH_ZP26_GEN-APND,205.88406
2024-07-10 21:00:00-07:00,TH_NP15_GEN-APND,105.69585
2024-07-10 21:00:00-07:00,TH_SP15_GEN-APND,111.95626
2024-07-10 21:00:00-07:00,TH_ZP26_GEN-APND,100.8699
2024-07-10 22:00:00-07:00,TH_NP15_GEN-APND,71.45373
2024-07-10 22:00:00-07:00,TH_SP15_GEN-APND,71.54612
2024-07-10 22:00:00-07:00,TH_ZP26_GEN-APND,70.34697
2024-07-10 23:00:00-07:00,TH_NP15_GEN-APND,60.0
2024-07-10 23:00:00-07:00,TH_SP15_GEN-APND,62.57433
2024-07-10 23:00:00-07:00,TH_ZP26_GEN-APND,60.36686
2024-07-11 00:00:00-07:00,TH_NP15_GEN-APND,54.22577
2024-07-11 00:00:00-07:00,TH_SP15_GEN-APND,56.7371
2024-07-11 00:00:00-07:00,TH_ZP26_GEN-APND,54.97803
2024-07-11 01:00:00-07:00,TH_NP15_GEN-APND,46.27951
2024-07-11 01:00:00-07:00,TH_SP15_GEN-APND,48.24149
2024-07-11 01:00:00-07:00,TH_ZP26_GEN-APND,46.70781
2024-07-11 02:00:00-07:00,TH_NP15_GEN-APND,43.99079
2024-07-11 02:00:00-07:00,TH_SP15_GEN-APND,46.39396
2024-07-11 02:00:00-07:00,TH_ZP26_GEN-APND,44.76167
2024-07-11 03:00:00-07:00,TH_NP15_GEN-APND,43.96404
2024-07-11 03:00:00-07:00,TH_SP15_GEN-APND,46.12415
2024-07-11 03:00:00-07:00,TH_ZP26_GEN-APND,44.69801
2024-07-11 04:00:00-07:00,TH_NP15_GEN-APND,44.02094
2024-07-11 04:00:00-07:00,TH_SP15_GEN-APND,46.43507
2024-07-11 04:00:00-07:00,TH_ZP26_GEN-APND,44.83475
2024-07-11 05:00:00-07:00,TH_NP15_GEN-APND,45.54822
2024-07-11 05:00:00-07:00,TH_SP15_GEN-APND,47.65812
2024-07-11 05:00:00-07:00,TH_ZP26_GEN-APND,46.08923
2024-07-11 06:00:00-07:00,TH_NP15_GEN-APND,46.2306
2024-07-11 06:00:00-07:00,TH_SP15_GEN-APND,48.27415
2024-07-11 06:00:00-07:00,TH_ZP26_GEN-APND,46.91787
2024-07-11 07:00:00-07:00,TH_NP15_GEN-APND,35.53702
2024-07-11 07:00:00-07:00,TH_SP15_GEN-APND,36.50976
2024-07-11 07:00:00-07:00,TH_ZP26_GEN-APND,35.49297
2024-07-11 08:00:00-07:00,TH_NP15_GEN-APND,33.16932
2024-07-11 08:00:00-07:00,TH_SP15_GEN-APND,34.37565
2024-07-11 08:00:00-07:00,TH_ZP26_GEN-APND,33.29148
2024-07-11 09:00:00-07:00,TH_NP15_GEN-APND,36.68085
2024-07-11 09:00:00-07:00,TH_SP15_GEN-APND,37.72088
2024-07-11 09:00:00-07:00,TH_ZP26_GEN-APND,36.2446
2024-07-11 10:00:00-07:00,TH_NP15_GEN-APND,34.54175
2024-07-11 10:00:00-07:00,TH_SP15_GEN-APND,35.59405
2024-07-11 10:00:00-07:00,TH_ZP26_GEN-APND,33.93682
2024-07-11 11:00:00-07:00,TH_NP15_GEN-APND,33.5005
2024-07-11 11:00:00-07:00,TH_SP15_GEN-APND,34.00086
2024-07-11 11:00:00-07:00,TH_ZP26_GEN-APND,32.40385
2024-07-11 12:00:00-07:00,TH_NP15_GEN-APND,36.7632
2024-07-11 12:00:00-07:00,TH_SP15_GEN-APND,36.45299
2024-07-11 12:00:00-07:00,TH_ZP26_GEN-APND,34.54754
2024-07-11 13:00:00-07:00,TH_NP15_GEN-APND,41.49982
2024-07-11 13:00:00-07:00,TH_SP15_GEN-APND,39.47533
2024-07-11 13:00:00-07:00,TH_ZP26_GEN-APND,37.80677
2024-07-11 14:00:00-07:00,TH_NP15_GEN-APND,55.94567
2024-07-11 14:00:00-07:00,TH_SP15_GEN-APND,38.17633
2024-07-11 14:00:00-07:00,TH_ZP26_GEN-APND,37.69578
2024-07-11 15:00:00-07:00,TH_NP15_GEN-APND,59.98583
2024-07-11 15:00:00-07:00,TH_SP15_GEN-APND,38.34
2024-07-11 15:00:00-07:00,TH_ZP26_GEN-APND,37.20092
2024-07-11 16:00:00-07:00,TH_NP15_GEN-APND,80.68456
2024-07-11 16:00:00-07:00,TH_SP15_GEN-APND,38.27
2024-07-11 16:00:00-07:00,TH_ZP26_GEN-APND,37.368
2024-07-11 17:00:00-07:00,TH_NP15_GEN-APND,111.66252
2024-07-11 17:00:00-07:00,TH_SP15_GEN-APND,53.46898
2024-07-11 17:00:00-07:00,TH_ZP26_GEN-APND,50.71782
2024-07-11 18:00:00-07:00,TH_NP15_GEN-APND,282.18274
2024-07-11 18:00:00-07:00,TH_SP15_GEN-APND,213.66513
2024-07-11 18:00:00-07:00,TH_ZP26_GEN-APND,205.34656
2024-07-11 19:00:00-07:00,TH_NP15_GEN-APND,582.63617
2024-07-11 19:00:00-07:00,TH_SP15_GEN-APND,531.7936
2024-07-11 19:00:00-07:00,TH_ZP26_GEN-APND,510.66623
2024-07-11 20:00:00-07:00,TH_NP15_GEN-APND,251.45882
2024-07-11 20:00:00-07:00,TH_SP15_GEN-APND,229.64088
2024-07-11 20:00:00-07:00,TH_ZP26_GEN-APND,223.4532
2024-07-11 21:00:00-07:00,TH_NP15_GEN-APND,110.8835
2024-07-11 21:00:00-07:00,TH_SP15_GEN-APND,104.28782
2024-07-11 21:00:00-07:00,TH_ZP26_GEN-APND,102.97123
2024-07-11 22:00:00-07:00,TH_NP15_GEN-APND,66.89928
2024-07-11 22:00:00-07:00,TH_SP15_GEN-APND,66.02023
2024-07-11 22:00:00-07:00,TH_ZP26_GEN-APND,64.64588
2024-07-11 23:00:00-07:00,TH_NP15_GEN-APND,60.38774
2024-07-11 23:00:00-07:00,TH_SP15_GEN-APND,60.87948
2024-07-11 23:00:00-07:00,TH_ZP26_GEN-APND,59.29684
2024-07-12 00:00:00-07:00,TH_NP15_GEN-APND,44.70498
2024-07-12 00:00:00-07:00,TH_SP15_GEN-APND,45.06194
2024-07-12 00:00:00-07:00,TH_ZP26_GEN-APND,44.48913
2024-07-12 01:00:00-07:00,TH_NP15_GEN-APND,41.52467
2024-07-12 01:00:00-07:00,TH_SP15_GEN-APND,41.64618
2024-07-12 01:00:00-07:00,TH_ZP26_GEN-APND,41.21866
2024-07-12 02:00:00-07:00,TH_NP15_GEN-APND,39.93336
2024-07-12 02:00:00-07:00,TH_SP15_GEN-APND,40.1914
2024-07-12 02:00:00-07:00,TH_ZP26_GEN-APND,39.7166
2024-07-12 03:00:00-07:00,TH_NP15_GEN-APND,39.04938
2024-07-12 03:00:00-07:00,TH_SP15_GEN-APND,40.23659
2024-07-12 03:00:00-07:00,TH_ZP26_GEN-APND,39.43781
2024-07-12 04:00:00-07:00,TH_NP15_GEN-APND,39.57962
2024-07-12 04:00:00-07:00,TH_SP15_GEN-APND,40.54
2024-07-12 04:00:00-07:00,TH_ZP26_GEN-APND,39.75623
2024-07-12 05:00:00-07:00,TH_NP15_GEN-APND,41.01989
2024-07-12 05:00:00-07:00,TH_SP15_GEN-APND,41.55773
2024-07-12 05:00:00-07:00,TH_ZP26_GEN-APND,40.91571
2024-07-12 06:00:00-07:00,TH_NP15_GEN-APND,41.18798
2024-07-12 06:00:00-07:00,TH_SP15_GEN-APND,42.20912
2024-07-12 06:00:00-07:00,TH_ZP26_GEN-APND,41.45133
2024-07-12 07:00:00-07:00,TH_NP15_GEN-APND,38.9912
2024-07-12 07:00:00-07:00,TH_SP15_GEN-APND,40.05158
2024-07-12 07:00:00-07:00,TH_ZP26_GEN-APND,38.88227
2024-07-12 08:00:00-07:00,TH_NP15_GEN-APND,38.15097
2024-07-12 08:00:00-07:00,TH_SP15_GEN-APND,38.97922
2024-07-12 08:00:00-07:00,TH_ZP26_GEN-APND,37.98896
2024-07-12 09:00:00-07:00,TH_NP15_GEN-APND,37.51627
2024-07-12 09:00:00-07:00,TH_SP15_GEN-APND,36.89288
2024-07-12 09:00:00-07:00,TH_ZP26_GEN-APND,35.55088
2024-07-12 10:00:00-07:00,TH_NP15_GEN-APND,37.78004
2024-07-12 10:00:00-07:00,TH_SP15_GEN-APND,37.75137
2024-07-12 10:00:00-07:00,TH_ZP26_GEN-APND,36.11812
2024-07-12 11:00:00-07:00,TH_NP15_GEN-APND,40.51969
2024-07-12 11:00:00-07:00,TH_SP15_GEN-APND,38.94
2024-07-12 11:00:00-07:00,TH_ZP26_GEN-APND,37.13393
2024-07-12 12:00:00-07:00,TH_NP15_GEN-APND,40.95561
2024-07-12 12:00:00-07:00,TH_SP15_GEN-APND,40.50186
2024-07-12 12:00:00-07:00,TH_ZP26_GEN-APND,39.42449
2024-07-12 13:00:00-07:00,TH_NP15_GEN-APND,43.63545
2024-07-12 13:00:00-07:00,TH_SP15_GEN-APND,43.6152
2024-07-12 13:00:00-07:00,TH_ZP26_GEN-APND,42.6791
2024-07-12 14:00:00-07:00,TH_NP15_GEN-APND,55.25045
2024-07-12 14:00:00-07:00,TH_SP15_GEN-APND,49.7
2024-07-12 14:00:00-07:00,TH_ZP26_GEN-APND,48.93337
2024-07-12 15:00:00-07:00,TH_NP15_GEN-APND,58.93795
2024-07-12 15:00:00-07:00,TH_SP15_GEN-APND,52.05807
2024-07-12 15:00:00-07:00,TH_ZP26_GEN-APND,51.32639
2024-07-12 16:00:00-07:00,TH_NP15_GEN-APND,61.13723
2024-07-12 16:00:00-07:00,TH_SP15_GEN-APND,50.4433
2024-07-12 16:00:00-07:00,TH_ZP26_GEN-APND,51.40028
2024-07-12 17:00:00-07:00,TH_NP15_GEN-APND,67.02923
2024-07-12 17:00:00-07:00,TH_SP15_GEN-APND,51.95365
2024-07-12 17:00:00-07:00,TH_ZP26_GEN-APND,52.50616
2024-07-12 18:00:00-07:00,TH_NP15_GEN-APND,124.20326
2024-07-12 18:00:00-07:00,TH_SP15_GEN-APND,99.64
2024-07-12 18:00:00-07:00,TH_ZP26_GEN-APND,101.34858
2024-07-12 19:00:00-07:00,TH_NP15_GEN-APND,232.99945
2024-07-12 19:00:00-07:00,TH_SP15_GEN-APND,208.64835
2024-07-12 19:00:00-07:00,TH_ZP26_GEN-APND,211.8379
2024-07-12 20:00:00-07:00,TH_NP15_GEN-APND,108.19
2024-07-12 20:00:00-07:00,TH_SP15_GEN-APND,101.62939
2024-07-12 20:00:00-07:00,TH_ZP26_GEN-APND,103.47946
2024-07-12 21:00:00-07:00,TH_NP15_GEN-APND,78.64951
2024-07-12 21:00:00-07:00,TH_SP15_GEN-APND,74.60983
2024-07-12 21:00:00-07:00,TH_ZP26_GEN-APND,74.53926
2024-07-12 22:00:00-07:00,TH_NP15_GEN-APND,63.98392
2024-07-12 22:00:00-07:00,TH_SP15_GEN-APND,61.0339
2024-07-12 22:00:00-07:00,TH_ZP26_GEN-APND,60.19399
2024-07-12 23:00:00-07:00,TH_NP15_GEN-APND,55.99401
2024-07-12 23:00:00-07:00,TH_SP15_GEN-APND,55.9982
2024-07-12 23:00:00-07:00,TH_ZP26_GEN-APND,54.97051
2024-07-13 00:00:00-07:00,TH_NP15_GEN-APND,43.2055
2024-07-13 00:00:00-07:00,TH_SP15_GEN-APND,42.96081
2024-07-13 00:00:00-07:00,TH_ZP26_GEN-APND,42.34867
2024-07-13 01:00:00-07:00,TH_NP15_GEN-APND,41.42487
2024-07-13 01:00:00-07:00,TH_SP15_GEN-APND,41.83504
2024-07-13 01:00:00-07:00,TH_ZP26_GEN-APND,41.13138
2024-07-13 02:00:00-07:00,TH_NP15_GEN-APND,38.96773
2024-07-13 02:00:00-07:00,TH_SP15_GEN-APND,39.10156
2024-07-13 02:00:00-07:00,TH_ZP26_GEN-APND,38.7641
2024-07-13 03:00:00-07:00,TH_NP15_GEN-APND,39.58154
2024-07-13 03:00:00-07:00,TH_SP15_GEN-APND,39.706
2024-07-13 03:00:00-07:00,TH_ZP26_GEN-APND,39.31475
2024-07-13 04:00:00-07:00,TH_NP15_GEN-APND,39.88503
2024-07-13 04:00:00-07:00,TH_SP15_GEN-APND,40.2101
2024-07-13 04:00:00-07:00,TH_ZP26_GEN-APND,39.72043
2024-07-13 05:00:00-07:00,TH_NP15_GEN-APND,39.56142
2024-07-13 05:00:00-07:00,TH_SP15_GEN-APND,39.91054
2024-07-13 05:00:00-07:00,TH_ZP26_GEN-APND,39.43147
2024-07-13 06:00:00-07:00,TH_NP15_GEN-APND,36.27
2024-07-13 06:00:00-07:00,TH_SP15_GEN-APND,36.55724
2024-07-13 06:00:00-07:00,TH_ZP26_GEN-APND,36.10587
2024-07-13 07:00:00-07:00,TH_NP15_GEN-APND,31.15592
2024-07-13 07:00:00-07:00,TH_SP15_GEN-APND,30.56277
2024-07-13 07:00:00-07:00,TH_ZP26_GEN-APND,30.49967
2024-07-13 08:00:00-07:00,TH_NP15_GEN-APND,29.98063
2024-07-13 08:00:00-07:00,TH_SP15_GEN-APND,30.00123
2024-07-13 08:00:00-07:00,TH_ZP26_GEN-APND,29.87039
2024-07-13 09:00:00-07:00,TH_NP15_GEN-APND,29.36679
2024-07-13 09:00:00-07:00,TH_SP15_GEN-APND,29.25147
2024-07-13 09:00:00-07:00,TH_ZP26_GEN-APND,28.60046
2024-07-13 10:00:00-07:00,TH_NP15_GEN-APND,29.40743
2024-07-13 10:00:00-07:00,TH_SP15_GEN-APND,29.02709
2024-07-13 10:00:00-07:00,TH_ZP26_GEN-APND,28.26513
2024-07-13 11:00:00-07:00,TH_NP15_GEN-APND,29.48
2024-07-13 11:00:00-07:00,TH_SP15_GEN-APND,29.59601
2024-07-13 11:00:00-07:00,TH_ZP26_GEN-APND,28.73667
2024-07-13 12:00:00-07:00,TH_NP15_GEN-APND,30.88497
2024-07-13 12:00:00-07:00,TH_SP15_GEN-APND,30.62734
2024-07-13 12:00:00-07:00,TH_ZP26_GEN-APND,29.79851
2024-07-13 13:00:00-07:00,TH_NP15_GEN-APND,32.36195
2024-07-13 13:00:00-07:00,TH_SP15_GEN-APND,32.06111
2024-07-13 13:00:00-07:00,TH_ZP26_GEN-APND,31.23172
2024-07-13 14:00:00-07:00,TH_NP15_GEN-APND,36.76577
2024-07-13 14:00:00-07:00,TH_SP15_GEN-APND,34.79906
2024-07-13 14:00:00-07:00,TH_ZP26_GEN-APND,33.58893
2024-07-13 15:00:00-07:00,TH_NP15_GEN-APND,34.17467
2024-07-13 15:00:00-07:00,TH_SP15_GEN-APND,35.85079
2024-07-13 15:00:00-07:00,TH_ZP26_GEN-APND,35.78205
2024-07-13 16:00:00-07:00,TH_NP15_GEN-APND,38.21317
2024-07-13 16:00:00-07:00,TH_SP15_GEN-APND,39.0805
2024-07-13 16:00:00-07:00,TH_ZP26_GEN-APND,38.77403
2024-07-13 17:00:00-07:00,TH_NP15_GEN-APND,52.21058
2024-07-13 17:00:00-07:00,TH_SP15_GEN-APND,47.992
2024-07-13 17:00:00-07:00,TH_ZP26_GEN-APND,48.80377
2024-07-13 18:00:00-07:00,TH_NP15_GEN-APND,59.64758
2024-07-13 18:00:00-07:00,TH_SP15_GEN-APND,49.92235
2024-07-13 18:00:00-07:00,TH_ZP26_GEN-APND,51.24273
2024-07-13 19:00:00-07:00,TH_NP15_GEN-APND,79.28377
2024-07-13 19:00:00-07:00,TH_SP15_GEN-APND,71.94
2024-07-13 19:00:00-07:00,TH_ZP26_GEN-APND,72.9843
2024-07-13 20:00:00-07:00,TH_NP15_GEN-APND,63.67428
2024-07-13 20:00:00-07:00,TH_SP15_GEN-APND,56.45924
2024-07-13 20:00:00-07:00,TH_ZP26_GEN-APND,57.27506
2024-07-13 21:00:00-07:00,TH_NP15_GEN-APND,55.6018
2024-07-13 21:00:00-07:00,TH_SP15_GEN-APND,53.09346
2024-07-13 21:00:00-07:00,TH_ZP26_GEN-APND,52.39019
2024-07-13 22:00:00-07:00,TH_NP15_GEN-APND,47.7715
2024-07-13 22:00:00-07:00,TH_SP15_GEN-APND,48.20085
2024-07-13 22:00:00-07:00,TH_ZP26_GEN-APND,46.98241
2024-07-13 23:00:00-07:00,TH_NP15_GEN-APND,41.0772
2024-07-13 23:00:00-07:00,TH_SP15_GEN-APND,41.79053
2024-07-13 23:00:00-07:00,TH_ZP26_GEN-APND,40.75587
2024-07-14 00:00:00-07:00,TH_NP15_GEN-APND,41.90494
2024-07-14 00:00:00-07:00,TH_SP15_GEN-APND,41.55431
2024-07-14 00:00:00-07:00,TH_ZP26_GEN-APND,41.09435
2024-07-14 01:00:00-07:00,TH_NP15_GEN-APND,40.13174
2024-07-14 01:00:00-07:00,TH_SP15_GEN-APND,40.27563
2024-07-14 01:00:00-07:00,TH_ZP26_GEN-APND,39.79564
2024-07-14 02:00:00-07:00,TH_NP15_GEN-APND,36.77597
2024-07-14 02:00:00-07:00,TH_SP15_GEN-APND,36.81499
2024-07-14 02:00:00-07:00,TH_ZP26_GEN-APND,36.61894
2024-07-14 03:00:00-07:00,TH_NP15_GEN-APND,36.08367
2024-07-14 03:00:00-07:00,TH_SP15_GEN-APND,36.33469
2024-07-14 03:00:00-07:00,TH_ZP26_GEN-APND,36.08488
2024-07-14 04:00:00-07:00,TH_NP15_GEN-APND,37.75889
2024-07-14 04:00:00-07:00,TH_SP15_GEN-APND,38.24247
2024-07-14 04:00:00-07:00,TH_ZP26_GEN-APND,37.89148
2024-07-14 05:00:00-07:00,TH_NP15_GEN-APND,38.0441
2024-07-14 05:00:00-07:00,TH_SP15_GEN-APND,38.33388
2024-07-14 05:00:00-07:00,TH_ZP26_GEN-APND,37.97302
2024-07-14 06:00:00-07:00,TH_NP15_GEN-APND,34.77208
2024-07-14 06:00:00-07:00,TH_SP15_GEN-APND,34.53833
2024-07-14 06:00:00-07:00,TH_ZP26_GEN-APND,34.29042
2024-07-14 07:00:00-07:00,TH_NP15_GEN-APND,28.98959
2024-07-14 07:00:00-07:00,TH_SP15_GEN-APND,27.98793
2024-07-14 07:00:00-07:00,TH_ZP26_GEN-APND,27.94444
2024-07-14 08:00:00-07:00,TH_NP15_GEN-APND,28.02018
2024-07-14 08:00:00-07:00,TH_SP15_GEN-APND,24.56655
2024-07-14 08:00:00-07:00,TH_ZP26_GEN-APND,23.90786
2024-07-14 09:00:00-07:00,TH_NP15_GEN-APND,31.37241
2024-07-14 09:00:00-07:00,TH_SP15_GEN-APND,21.95179
2024-07-14 09:00:00-07:00,TH_ZP26_GEN-APND,20.34101
2024-07-14 10:00:00-07:00,TH_NP15_GEN-APND,28.04617
2024-07-14 10:00:00-07:00,TH_SP15_GEN-APND,24.17603
2024-07-14 10:00:00-07:00,TH_ZP26_GEN-APND,23.11859
2024-07-14 11:00:00-07:00,TH_NP15_GEN-APND,28.24985
2024-07-14 11:00:00-07:00,TH_SP15_GEN-APND,24.427
2024-07-14 11:00:00-07:00,TH_ZP26_GEN-APND,23.69262
2024-07-14 12:00:00-07:00,TH_NP15_GEN-APND,28.09108
2024-07-14 12:00:00-07:00,TH_SP15_GEN-APND,23.95732
2024-07-14 12:00:00-07:00,TH_ZP26_GEN-APND,22.82045
2024-07-14 13:00:00-07:00,TH_NP15_GEN-APND,28.6367
2024-07-14 13:00:00-07:00,TH_SP15_GEN-APND,24.96587
2024-07-14 13:00:00-07:00,TH_ZP26_GEN-APND,24.02582
2024-07-14 14:00:00-07:00,TH_NP15_GEN-APND,32.39872
2024-07-14 14:00:00-07:00,TH_SP15_GEN-APND,30.11753
2024-07-14 14:00:00-07:00,TH_ZP26_GEN-APND,29.38127
2024-07-14 15:00:00-07:00,TH_NP15_GEN-APND,32.64692
2024-07-14 15:00:00-07:00,TH_SP15_GEN-APND,31.26681
2024-07-14 15:00:00-07:00,TH_ZP26_GEN-APND,30.45744
2024-07-14 16:00:00-07:00,TH_NP15_GEN-APND,33.73613
2024-07-14 16:00:00-07:00,TH_SP15_GEN-APND,31.59802
2024-07-14 16:00:00-07:00,TH_ZP26_GEN-APND,30.48797
2024-07-14 17:00:00-07:00,TH_NP15_GEN-APND,37.6861
2024-07-14 17:00:00-07:00,TH_SP15_GEN-APND,32.78371
2024-07-14 17:00:00-07:00,TH_ZP26_GEN-APND,31.92257
2024-07-14 18:00:00-07:00,TH_NP15_GEN-APND,51.52122
2024-07-14 18:00:00-07:00,TH_SP15_GEN-APND,46.73856
2024-07-14 18:00:00-07:00,TH_ZP26_GEN-APND,46.33461
2024-07-14 19:00:00-07:00,TH_NP15_GEN-APND,67.23547
2024-07-14 19:00:00-07:00,TH_SP15_GEN-APND,63.38612
2024-07-14 19:00:00-07:00,TH_ZP26_GEN-APND,62.82594
2024-07-14 20:00:00-07:00,TH_NP15_GEN-APND,59.03
2024-07-14 20:00:00-07:00,TH_SP15_GEN-APND,54.78487
2024-07-14 20:00:00-07:00,TH_ZP26_GEN-APND,54.80444
2024-07-14 21:00:00-07:00,TH_NP15_GEN-APND,48.19737
2024-07-14 21:00:00-07:00,TH_SP15_GEN-APND,47.63185
2024-07-14 21:00:00-07:00,TH_ZP26_GEN-APND,46.84548
2024-07-14 22:00:00-07:00,TH_NP15_GEN-APND,42.35759
2024-07-14 22:00:00-07:00,TH_SP15_GEN-APND,43.27985
2024-07-14 22:00:00-07:00,TH_ZP26_GEN-APND,42.40802
2024-07-14 23:00:00-07:00,TH_NP15_GEN-APND,38.38899
2024-07-14 23:00:00-07:00,TH_SP15_GEN-APND,39.38325
2024-07-14 23:00:00-07:00,TH_ZP26_GEN-APND,38.61743
2024-07-15 00:00:00-07:00,TH_NP15_GEN-APND,34.05053
2024-07-15 00:00:00-07:00,TH_SP15_GEN-APND,34.77563
2024-07-15 00:00:00-07:00,TH_ZP26_GEN-APND,34.15506
2024-07-15 01:00:00-07:00,TH_NP15_GEN-APND,33.93639
2024-07-15 01:00:00-07:00,TH_SP15_GEN-APND,34.79074
2024-07-15 01:00:00-07:00,TH_ZP26_GEN-APND,34.20662
2024-07-15 02:00:00-07:00,TH_NP15_GEN-APND,33.18
2024-07-15 02:00:00-07:00,TH_SP15_GEN-APND,33.98994
2024-07-15 02:00:00-07:00,TH_ZP26_GEN-APND,33.44194
2024-07-15 03:00:00-07:00,TH_NP15_GEN-APND,32.9611
2024-07-15 03:00:00-07:00,TH_SP15_GEN-APND,33.69934
2024-07-15 03:00:00-07:00,TH_ZP26_GEN-APND,33.15249
2024-07-15 04:00:00-07:00,TH_NP15_GEN-APND,33.0358
2024-07-15 04:00:00-07:00,TH_SP15_GEN-APND,33.89414
2024-07-15 04:00:00-07:00,TH_ZP26_GEN-APND,33.32077
2024-07-15 05:00:00-07:00,TH_NP15_GEN-APND,38.76837
2024-07-15 05:00:00-07:00,TH_SP15_GEN-APND,39.09771
2024-07-15 05:00:00-07:00,TH_ZP26_GEN-APND,38.6926
2024-07-15 06:00:00-07:00,TH_NP15_GEN-APND,36.22161
2024-07-15 06:00:00-07:00,TH_SP15_GEN-APND,37.0145
2024-07-15 06:00:00-07:00,TH_ZP26_GEN-APND,36.51819
2024-07-15 07:00:00-07:00,TH_NP15_GEN-APND,32.09625
2024-07-15 07:00:00-07:00,TH_SP15_GEN-APND,31.82
2024-07-15 07:00:00-07:00,TH_ZP26_GEN-APND,31.49156
2024-07-15 08:00:00-07:00,TH_NP15_GEN-APND,30.97133
2024-07-15 08:00:00-07:00,TH_SP15_GEN-APND,30.89072
2024-07-15 08:00:00-07:00,TH_ZP26_GEN-APND,30.25013
2024-07-15 09:00:00-07:00,TH_NP15_GEN-APND,30.82081
2024-07-15 09:00:00-07:00,TH_SP15_GEN-APND,29.22
2024-07-15 09:00:00-07:00,TH_ZP26_GEN-APND,27.89105
2024-07-15 10:00:00-07:00,TH_NP15_GEN-APND,30.29152
2024-07-15 10:00:00-07:00,TH_SP15_GEN-APND,30.06799
2024-07-15 10:00:00-07:00,TH_ZP26_GEN-APND,28.79714
2024-07-15 11:00:00-07:00,TH_NP15_GEN-APND,30.13333
2024-07-15 11:00:00-07:00,TH_SP15_GEN-APND,29.79226
2024-07-15 11:00:00-07:00,TH_ZP26_GEN-APND,28.42128
2024-07-15 12:00:00-07:00,TH_NP15_GEN-APND,30.7493
2024-07-15 12:00:00-07:00,TH_SP15_GEN-APND,31.17608
2024-07-15 12:00:00-07:00,TH_ZP26_GEN-APND,29.51066
2024-07-15 13:00:00-07:00,TH_NP15_GEN-APND,32.85647
2024-07-15 13:00:00-07:00,TH_SP15_GEN-APND,30.73979
2024-07-15 13:00:00-07:00,TH_ZP26_GEN-APND,28.90773
2024-07-15 14:00:00-07:00,TH_NP15_GEN-APND,34.65092
2024-07-15 14:00:00-07:00,TH_SP15_GEN-APND,32.98008
2024-07-15 14:00:00-07:00,TH_ZP26_GEN-APND,31.38883
2024-07-15 15:00:00-07:00,TH_NP15_GEN-APND,39.13369
2024-07-15 15:00:00-07:00,TH_SP15_GEN-APND,35.80232
2024-07-15 15:00:00-07:00,TH_ZP26_GEN-APND,33.90591
2024-07-15 16:00:00-07:00,TH_NP15_GEN-APND,39.56474
2024-07-15 16:00:00-07:00,TH_SP15_GEN-APND,36.08823
2024-07-15 16:00:00-07:00,TH_ZP26_GEN-APND,35.58994
2024-07-15 17:00:00-07:00,TH_NP15_GEN-APND,43.62388
2024-07-15 17:00:00-07:00,TH_SP15_GEN-APND,41.12568
2024-07-15 17:00:00-07:00,TH_ZP26_GEN-APND,40.12015
2024-07-15 18:00:00-07:00,TH_NP15_GEN-APND,49.50891
2024-07-15 18:00:00-07:00,TH_SP15_GEN-APND,48.86951
2024-07-15 18:00:00-07:00,TH_ZP26_GEN-APND,49.11118
2024-07-15 19:00:00-07:00,TH_NP15_GEN-APND,75.91028
2024-07-15 19:00:00-07:00,TH_SP15_GEN-APND,69.36263
2024-07-15 19:00:00-07:00,TH_ZP26_GEN-APND,68.16809
2024-07-15 20:00:00-07:00,TH_NP15_GEN-APND,60.56407
2024-07-15 20:00:00-07:00,TH_SP15_GEN-APND,57.4198
2024-07-15 20:00:00-07:00,TH_ZP26_GEN-APND,57.5899
2024-07-15 21:00:00-07:00,TH_NP15_GEN-APND,49.68556
2024-07-15 21:00:00-07:00,TH_SP15_GEN-APND,50.83207
2024-07-15 21:00:00-07:00,TH_ZP26_GEN-APND,49.71079
2024-07-15 22:00:00-07:00,TH_NP15_GEN-APND,42.8258
2024-07-15 22:00:00-07:00,TH_SP15_GEN-APND,43.45115
2024-07-15 22:00:00-07:00,TH_ZP26_GEN-APND,42.56141
2024-07-15 23:00:00-07:00,TH_NP15_GEN-APND,39.11245
2024-07-15 23:00:00-07:00,TH_SP15_GEN-APND,39.31303
2024-07-15 23:00:00-07:00,TH_ZP26_GEN-APND,38.85062
2024-07-16 00:00:00-07:00,TH_NP15_GEN-APND,39.55515
2024-07-16 00:00:00-07:00,TH_SP15_GEN-APND,41.61465
2024-07-16 00:00:00-07:00,TH_ZP26_GEN-APND,40.13731
2024-07-16 01:00:00-07:00,TH_NP15_GEN-APND,37.04745
2024-07-16 01:00:00-07:00,TH_SP15_GEN-APND,39.28719
2024-07-16 01:00:00-07:00,TH_ZP26_GEN-APND,37.80318
2024-07-16 02:00:00-07:00,TH_NP15_GEN-APND,36.88257
2024-07-16 02:00:00-07:00,TH_SP15_GEN-APND,38.80053
2024-07-16 02:00:00-07:00,TH_ZP26_GEN-APND,37.40867
2024-07-16 03:00:00-07:00,TH_NP15_GEN-APND,36.84859
2024-07-16 03:00:00-07:00,TH_SP15_GEN-APND,38.81048
2024-07-16 03:00:00-07:00,TH_ZP26_GEN-APND,37.4006
2024-07-16 04:00:00-07:00,TH_NP15_GEN-APND,38.28817
2024-07-16 04:00:00-07:00,TH_SP15_GEN-APND,40.32015
2024-07-16 04:00:00-07:00,TH_ZP26_GEN-APND,38.85543
2024-07-16 05:00:00-07:00,TH_NP15_GEN-APND,40.80901
2024-07-16 05:00:00-07:00,TH_SP15_GEN-APND,43.18752
2024-07-16 05:00:00-07:00,TH_ZP26_GEN-APND,41.54129
2024-07-16 06:00:00-07:00,TH_NP15_GEN-APND,40.64752
2024-07-16 06:00:00-07:00,TH_SP15_GEN-APND,42.71996
2024-07-16 06:00:00-07:00,TH_ZP26_GEN-APND,41.14442
2024-07-16 07:00:00-07:00,TH_NP15_GEN-APND,33.51385
2024-07-16 07:00:00-07:00,TH_SP15_GEN-APND,33.76669
2024-07-16 07:00:00-07:00,TH_ZP26_GEN-APND,33.76872
2024-07-16 08:00:00-07:00,TH_NP15_GEN-APND,31.40117
2024-07-16 08:00:00-07:00,TH_SP15_GEN-APND,32.19617
2024-07-16 08:00:00-07:00,TH_ZP26_GEN-APND,30.81874
2024-07-16 09:00:00-07:00,TH_NP15_GEN-APND,30.8125
2024-07-16 09:00:00-07:00,TH_SP15_GEN-APND,31.23653
2024-07-16 09:00:00-07:00,TH_ZP26_GEN-APND,29.27049
2024-07-16 10:00:00-07:00,TH_NP15_GEN-APND,31.00502
2024-07-16 10:00:00-07:00,TH_SP15_GEN-APND,31.93546
2024-07-16 10:00:00-07:00,TH_ZP26_GEN-APND,29.8719
2024-07-16 11:00:00-07:00,TH_NP15_GEN-APND,31.7119
2024-07-16 11:00:00-07:00,TH_SP15_GEN-APND,32.69492
2024-07-16 11:00:00-07:00,TH_ZP26_GEN-APND,30.14792
2024-07-16 12:00:00-07:00,TH_NP15_GEN-APND,31.60117
2024-07-16 12:00:00-07:00,TH_SP15_GEN-APND,33.32909
2024-07-16 12:00:00-07:00,TH_ZP26_GEN-APND,30.7376
2024-07-16 13:00:00-07:00,TH_NP15_GEN-APND,33.30219
2024-07-16 13:00:00-07:00,TH_SP15_GEN-APND,35.61524
2024-07-16 13:00:00-07:00,TH_ZP26_GEN-APND,31.50743
2024-07-16 14:00:00-07:00,TH_NP15_GEN-APND,35.49946
2024-07-16 14:00:00-07:00,TH_SP15_GEN-APND,38.08456
2024-07-16 14:00:00-07:00,TH_ZP26_GEN-APND,34.05527
2024-07-16 15:00:00-07:00,TH_NP15_GEN-APND,36.65792
2024-07-16 15:00:00-07:00,TH_SP15_GEN-APND,39.26175
2024-07-16 15:00:00-07:00,TH_ZP26_GEN-APND,35.53563
2024-07-16 16:00:00-07:00,TH_NP15_GEN-APND,37.88199
2024-07-16 16:00:00-07:00,TH_SP15_GEN-APND,39.55
2024-07-16 16:00:00-07:00,TH_ZP26_GEN-APND,37.85872
2024-07-16 17:00:00-07:00,TH_NP15_GEN-APND,43.50033
2024-07-16 17:00:00-07:00,TH_SP15_GEN-APND,45.57995
2024-07-16 17:00:00-07:00,TH_ZP26_GEN-APND,43.30463
2024-07-16 18:00:00-07:00,TH_NP15_GEN-APND,52.6817
2024-07-16 18:00:00-07:00,TH_SP15_GEN-APND,56.88274
2024-07-16 18:00:00-07:00,TH_ZP26_GEN-APND,54.50251
2024-07-16 19:00:00-07:00,TH_NP15_GEN-APND,71.63815
2024-07-16 19:00:00-07:00,TH_SP15_GEN-APND,75.57987
2024-07-16 19:00:00-07:00,TH_ZP26_GEN-APND,73.05611
2024-07-16 20:00:00-07:00,TH_NP15_GEN-APND,63.0783
2024-07-16 20:00:00-07:00,TH_SP15_GEN-APND,64.37515
2024-07-16 20:00:00-07:00,TH_ZP26_GEN-APND,62.82325
2024-07-16 21:00:00-07:00,TH_NP15_GEN-APND,54.86367
2024-07-16 21:00:00-07:00,TH_SP15_GEN-APND,56.69706
2024-07-16 21:00:00-07:00,TH_ZP26_GEN-APND,54.98178
2024-07-16 22:00:00-07:00,TH_NP15_GEN-APND,49.83768
2024-07-16 22:00:00-07:00,TH_SP15_GEN-APND,52.04711
2024-07-16 22:00:00-07:00,TH_ZP26_GEN-APND,50.24945
2024-07-16 23:00:00-07:00,TH_NP15_GEN-APND,42.27434
2024-07-16 23:00:00-07:00,TH_SP15_GEN-APND,43.50826
2024-07-16 23:00:00-07:00,TH_ZP26_GEN-APND,42.27335
2024-07-17 00:00:00-07:00,TH_NP15_GEN-APND,38.53542
2024-07-17 00:00:00-07:00,TH_SP15_GEN-APND,39.48692
2024-07-17 00:00:00-07:00,TH_ZP26_GEN-APND,38.58726
2024-07-17 01:00:00-07:00,TH_NP15_GEN-APND,37.3562
2024-07-17 01:00:00-07:00,TH_SP15_GEN-APND,38.22514
2024-07-17 01:00:00-07:00,TH_ZP26_GEN-APND,37.43277
2024-07-17 02:00:00-07:00,TH_NP15_GEN-APND,34.58587
2024-07-17 02:00:00-07:00,TH_SP15_GEN-APND,35.16065
2024-07-17 02:00:00-07:00,TH_ZP26_GEN-APND,34.5134
2024-07-17 03:00:00-07:00,TH_NP15_GEN-APND,34.60389
2024-07-17 03:00:00-07:00,TH_SP15_GEN-APND,35.21652
2024-07-17 03:00:00-07:00,TH_ZP26_GEN-APND,34.59982
2024-07-17 04:00:00-07:00,TH_NP15_GEN-APND,35.57526
2024-07-17 04:00:00-07:00,TH_SP15_GEN-APND,36.37969
2024-07-17 04:00:00-07:00,TH_ZP26_GEN-APND,35.64773
2024-07-17 05:00:00-07:00,TH_NP15_GEN-APND,40.58065
2024-07-17 05:00:00-07:00,TH_SP15_GEN-APND,41.02878
2024-07-17 05:00:00-07:00,TH_ZP26_GEN-APND,40.39595
2024-07-17 06:00:00-07:00,TH_NP15_GEN-APND,39.05893
2024-07-17 06:00:00-07:00,TH_SP15_GEN-APND,39.81011
2024-07-17 06:00:00-07:00,TH_ZP26_GEN-APND,39.07218
2024-07-17 07:00:00-07:00,TH_NP15_GEN-APND,31.93105
2024-07-17 07:00:00-07:00,TH_SP15_GEN-APND,31.61486
2024-07-17 07:00:00-07:00,TH_ZP26_GEN-APND,31.30816
2024-07-17 08:00:00-07:00,TH_NP15_GEN-APND,31.31607
2024-07-17 08:00:00-07:00,TH_SP15_GEN-APND,29.39188
2024-07-17 08:00:00-07:00,TH_ZP26_GEN-APND,27.82093
2024-07-17 09:00:00-07:00,TH_NP15_GEN-APND,31.24167
2024-07-17 09:00:00-07:00,TH_SP15_GEN-APND,28.49161
2024-07-17 09:00:00-07:00,TH_ZP26_GEN-APND,26.14074
2024-07-17 10:00:00-07:00,TH_NP15_GEN-APND,31.23098
2024-07-17 10:00:00-07:00,TH_SP15_GEN-APND,27.3728
2024-07-17 10:00:00-07:00,TH_ZP26_GEN-APND,25.25481
2024-07-17 11:00:00-07:00,TH_NP15_GEN-APND,29.89473
2024-07-17 11:00:00-07:00,TH_SP15_GEN-APND,29.69252
2024-07-17 11:00:00-07:00,TH_ZP26_GEN-APND,26.57893
2024-07-17 12:00:00-07:00,TH_NP15_GEN-APND,29.83289
2024-07-17 12:00:00-07:00,TH_SP15_GEN-APND,30.318
2024-07-17 12:00:00-07:00,TH_ZP26_GEN-APND,26.74237
2024-07-17 13:00:00-07:00,TH_NP15_GEN-APND,31.98656
2024-07-17 13:00:00-07:00,TH_SP15_GEN-APND,30.37819
2024-07-17 13:00:00-07:00,TH_ZP26_GEN-APND,28.09667
2024-07-17 14:00:00-07:00,TH_NP15_GEN-APND,34.46317
2024-07-17 14:00:00-07:00,TH_SP15_GEN-APND,36.65972
2024-07-17 14:00:00-07:00,TH_ZP26_GEN-APND,31.95705
2024-07-17 15:00:00-07:00,TH_NP15_GEN-APND,34.87282
2024-07-17 15:00:00-07:00,TH_SP15_GEN-APND,37.7059
2024-07-17 15:00:00-07:00,TH_ZP26_GEN-APND,35.28238
2024-07-17 16:00:00-07:00,TH_NP15_GEN-APND,39.8504
2024-07-17 16:00:00-07:00,TH_SP15_GEN-APND,43.12118
2024-07-17 16:00:00-07:00,TH_ZP26_GEN-APND,38.42724
2024-07-17 17:00:00-07:00,TH_NP15_GEN-APND,44.55067
2024-07-17 17:00:00-07:00,TH_SP15_GEN-APND,53.28491
2024-07-17 17:00:00-07:00,TH_ZP26_GEN-APND,42.77824
2024-07-17 18:00:00-07:00,TH_NP15_GEN-APND,50.3248
2024-07-17 18:00:00-07:00,TH_SP15_GEN-APND,59.42447
2024-07-17 18:00:00-07:00,TH_ZP26_GEN-APND,49.29191
2024-07-17 19:00:00-07:00,TH_NP15_GEN-APND,67.48467
2024-07-17 19:00:00-07:00,TH_SP15_GEN-APND,74.96634
2024-07-17 19:00:00-07:00,TH_ZP26_GEN-APND,67.05899
2024-07-17 20:00:00-07:00,TH_NP15_GEN-APND,60.89954
2024-07-17 20:00:00-07:00,TH_SP15_GEN-APND,62.18087
2024-07-17 20:00:00-07:00,TH_ZP26_GEN-APND,60.69591
2024-07-17 21:00:00-07:00,TH_NP15_GEN-APND,49.13443
2024-07-17 21:00:00-07:00,TH_SP15_GEN-APND,57.59942
2024-07-17 21:00:00-07:00,TH_ZP26_GEN-APND,48.56294
2024-07-17 22:00:00-07:00,TH_NP15_GEN-APND,41.21611
2024-07-17 22:00:00-07:00,TH_SP15_GEN-APND,52.80381
2024-07-17 22:00:00-07:00,TH_ZP26_GEN-APND,40.1505
2024-07-17 23:00:00-07:00,TH_NP15_GEN-APND,40.48705
2024-07-17 23:00:00-07:00,TH_SP15_GEN-APND,41.93573
2024-07-17 23:00:00-07:00,TH_ZP26_GEN-APND,40.61205
2024-07-18 00:00:00-07:00,TH_NP15_GEN-APND,41.85997
2024-07-18 00:00:00-07:00,TH_SP15_GEN-APND,43.04716
2024-07-18 00:00:00-07:00,TH_ZP26_GEN-APND,41.98729
2024-07-18 01:00:00-07:00,TH_NP15_GEN-APND,40.43797
2024-07-18 01:00:00-07:00,TH_SP15_GEN-APND,41.40679
2024-07-18 01:00:00-07:00,TH_ZP26_GEN-APND,40.48009
2024-07-18 02:00:00-07:00,TH_NP15_GEN-APND,37.35428
2024-07-18 02:00:00-07:00,TH_SP15_GEN-APND,38.20898
2024-07-18 02:00:00-07:00,TH_ZP26_GEN-APND,37.47472
2024-07-18 03:00:00-07:00,TH_NP15_GEN-APND,35.82569
2024-07-18 03:00:00-07:00,TH_SP15_GEN-APND,36.72021
2024-07-18 03:00:00-07:00,TH_ZP26_GEN-APND,36.0195
2024-07-18 04:00:00-07:00,TH_NP15_GEN-APND,37.23253
2024-07-18 04:00:00-07:00,TH_SP15_GEN-APND,38.26073
2024-07-18 04:00:00-07:00,TH_ZP26_GEN-APND,37.47309
2024-07-18 05:00:00-07:00,TH_NP15_GEN-APND,41.49055
2024-07-18 05:00:00-07:00,TH_SP15_GEN-APND,42.74121
2024-07-18 05:00:00-07:00,TH_ZP26_GEN-APND,41.83044
2024-07-18 06:00:00-07:00,TH_NP15_GEN-APND,40.61175
2024-07-18 06:00:00-07:00,TH_SP15_GEN-APND,40.90822
2024-07-18 06:00:00-07:00,TH_ZP26_GEN-APND,40.98864
2024-07-18 07:00:00-07:00,TH_NP15_GEN-APND,36.23137
2024-07-18 07:00:00-07:00,TH_SP15_GEN-APND,36.5125
2024-07-18 07:00:00-07:00,TH_ZP26_GEN-APND,36.53006
2024-07-18 08:00:00-07:00,TH_NP15_GEN-APND,32.84769
2024-07-18 08:00:00-07:00,TH_SP15_GEN-APND,32.98946
2024-07-18 08:00:00-07:00,TH_ZP26_GEN-APND,32.70245
2024-07-18 09:00:00-07:00,TH_NP15_GEN-APND,32.09484
2024-07-18 09:00:00-07:00,TH_SP15_GEN-APND,31.21396
2024-07-18 09:00:00-07:00,TH_ZP26_GEN-APND,30.22917
2024-07-18 10:00:00-07:00,TH_NP15_GEN-APND,31.22335
2024-07-18 10:00:00-07:00,TH_SP15_GEN-APND,31.59829
2024-07-18 10:00:00-07:00,TH_ZP26_GEN-APND,30.65422
2024-07-18 11:00:00-07:00,TH_NP15_GEN-APND,32.63
2024-07-18 11:00:00-07:00,TH_SP15_GEN-APND,34.16749
2024-07-18 11:00:00-07:00,TH_ZP26_GEN-APND,32.16641
2024-07-18 12:00:00-07:00,TH_NP15_GEN-APND,32.80647
2024-07-18 12:00:00-07:00,TH_SP15_GEN-APND,34.61955
2024-07-18 12:00:00-07:00,TH_ZP26_GEN-APND,31.12869
2024-07-18 13:00:00-07:00,TH_NP15_GEN-APND,34.39707
2024-07-18 13:00:00-07:00,TH_SP15_GEN-APND,36.24498
2024-07-18 13:00:00-07:00,TH_ZP26_GEN-APND,33.41296
2024-07-18 14:00:00-07:00,TH_NP15_GEN-APND,38.41448
2024-07-18 14:00:00-07:00,TH_SP15_GEN-APND,43.32009
2024-07-18 14:00:00-07:00,TH_ZP26_GEN-APND,36.7033
2024-07-18 15:00:00-07:00,TH_NP15_GEN-APND,40.03866
2024-07-18 15:00:00-07:00,TH_SP15_GEN-APND,45.58627
2024-07-18 15:00:00-07:00,TH_ZP26_GEN-APND,38.82627
2024-07-18 16:00:00-07:00,TH_NP15_GEN-APND,42.33542
2024-07-18 16:00:00-07:00,TH_SP15_GEN-APND,48.16
2024-07-18 16:00:00-07:00,TH_ZP26_GEN-APND,39.51538
2024-07-18 17:00:00-07:00,TH_NP15_GEN-APND,49.48658
2024-07-18 17:00:00-07:00,TH_SP15_GEN-APND,57.6436
2024-07-18 17:00:00-07:00,TH_ZP26_GEN-APND,46.82834
2024-07-18 18:00:00-07:00,TH_NP15_GEN-APND,66.46469
2024-07-18 18:00:00-07:00,TH_SP15_GEN-APND,64.00414
2024-07-18 18:00:00-07:00,TH_ZP26_GEN-APND,62.03566
2024-07-18 19:00:00-07:00,TH_NP15_GEN-APND,88.76927
2024-07-18 19:00:00-07:00,TH_SP15_GEN-APND,88.10418
2024-07-18 19:00:00-07:00,TH_ZP26_GEN-APND,84.24644
2024-07-18 20:00:00-07:00,TH_NP15_GEN-APND,71.26653
2024-07-18 20:00:00-07:00,TH_SP15_GEN-APND,69.37494
2024-07-18 20:00:00-07:00,TH_ZP26_GEN-APND,67.53293
2024-07-18 21:00:00-07:00,TH_NP15_GEN-APND,60.04433
2024-07-18 21:00:00-07:00,TH_SP15_GEN-APND,61.93778
2024-07-18 21:00:00-07:00,TH_ZP26_GEN-APND,59.94701
2024-07-18 22:00:00-07:00,TH_NP15_GEN-APND,44.90661
2024-07-18 22:00:00-07:00,TH_SP15_GEN-APND,52.27093
2024-07-18 22:00:00-07:00,TH_ZP26_GEN-APND,44.05392
2024-07-18 23:00:00-07:00,TH_NP15_GEN-APND,43.77945
2024-07-18 23:00:00-07:00,TH_SP15_GEN-APND,48.31181
2024-07-18 23:00:00-07:00,TH_ZP26_GEN-APND,43.3262
2024-07-19 00:00:00-07:00,TH_NP15_GEN-APND,40.11915
2024-07-19 00:00:00-07:00,TH_SP15_GEN-APND,45.53659
2024-07-19 00:00:00-07:00,TH_ZP26_GEN-APND,40.58524
2024-07-19 01:00:00-07:00,TH_NP15_GEN-APND,39.43664
2024-07-19 01:00:00-07:00,TH_SP15_GEN-APND,42.68
2024-07-19 01:00:00-07:00,TH_ZP26_GEN-APND,40.30176
2024-07-19 02:00:00-07:00,TH_NP15_GEN-APND,39.30916
2024-07-19 02:00:00-07:00,TH_SP15_GEN-APND,41.57318
2024-07-19 02:00:00-07:00,TH_ZP26_GEN-APND,40.30869
2024-07-19 03:00:00-07:00,TH_NP15_GEN-APND,39.12751
2024-07-19 03:00:00-07:00,TH_SP15_GEN-APND,41.17965
2024-07-19 03:00:00-07:00,TH_ZP26_GEN-APND,39.98008
2024-07-19 04:00:00-07:00,TH_NP15_GEN-APND,39.17784
2024-07-19 04:00:00-07:00,TH_SP15_GEN-APND,41.35967
2024-07-19 04:00:00-07:00,TH_ZP26_GEN-APND,40.03326
2024-07-19 05:00:00-07:00,TH_NP15_GEN-APND,41.34981
2024-07-19 05:00:00-07:00,TH_SP15_GEN-APND,43.84684
2024-07-19 05:00:00-07:00,TH_ZP26_GEN-APND,42.45705
2024-07-19 06:00:00-07:00,TH_NP15_GEN-APND,39.75187
2024-07-19 06:00:00-07:00,TH_SP15_GEN-APND,41.85199
2024-07-19 06:00:00-07:00,TH_ZP26_GEN-APND,40.68674
2024-07-19 07:00:00-07:00,TH_NP15_GEN-APND,36.85992
2024-07-19 07:00:00-07:00,TH_SP15_GEN-APND,37.72087
2024-07-19 07:00:00-07:00,TH_ZP26_GEN-APND,36.6654
2024-07-19 08:00:00-07:00,TH_NP15_GEN-APND,33.25012
2024-07-19 08:00:00-07:00,TH_SP15_GEN-APND,32.46081
2024-07-19 08:00:00-07:00,TH_ZP26_GEN-APND,30.89901
2024-07-19 09:00:00-07:00,TH_NP15_GEN-APND,33.42342
2024-07-19 09:00:00-07:00,TH_SP15_GEN-APND,34.24501
2024-07-19 09:00:00-07:00,TH_ZP26_GEN-APND,31.27295
2024-07-19 10:00:00-07:00,TH_NP15_GEN-APND,32.7633
2024-07-19 10:00:00-07:00,TH_SP15_GEN-APND,35.65691
2024-07-19 10:00:00-07:00,TH_ZP26_GEN-APND,29.96
2024-07-19 11:00:00-07:00,TH_NP15_GEN-APND,32.45942
2024-07-19 11:00:00-07:00,TH_SP15_GEN-APND,37.01672
2024-07-19 11:00:00-07:00,TH_ZP26_GEN-APND,29.13
2024-07-19 12:00:00-07:00,TH_NP15_GEN-APND,32.98159
2024-07-19 12:00:00-07:00,TH_SP15_GEN-APND,39.31612
2024-07-19 12:00:00-07:00,TH_ZP26_GEN-APND,29.69
2024-07-19 13:00:00-07:00,TH_NP15_GEN-APND,36.84214
2024-07-19 13:00:00-07:00,TH_SP15_GEN-APND,40.564
2024-07-19 13:00:00-07:00,TH_ZP26_GEN-APND,35.43339
2024-07-19 14:00:00-07:00,TH_NP15_GEN-APND,39.84318
2024-07-19 14:00:00-07:00,TH_SP15_GEN-APND,48.24076
2024-07-19 14:00:00-07:00,TH_ZP26_GEN-APND,36.72396
2024-07-19 15:00:00-07:00,TH_NP15_GEN-APND,46.49539
2024-07-19 15:00:00-07:00,TH_SP15_GEN-APND,54.48095
2024-07-19 15:00:00-07:00,TH_ZP26_GEN-APND,44.4074
2024-07-19 16:00:00-07:00,TH_NP15_GEN-APND,53.5317
2024-07-19 16:00:00-07:00,TH_SP15_GEN-APND,57.11658
2024-07-19 16:00:00-07:00,TH_ZP26_GEN-APND,48.78846
2024-07-19 17:00:00-07:00,TH_NP15_GEN-APND,67.63204
2024-07-19 17:00:00-07:00,TH_SP15_GEN-APND,63.54287
2024-07-19 17:00:00-07:00,TH_ZP26_GEN-APND,59.3247
2024-07-19 18:00:00-07:00,TH_NP15_GEN-APND,78.81442
2024-07-19 18:00:00-07:00,TH_SP15_GEN-APND,74.07385
2024-07-19 18:00:00-07:00,TH_ZP26_GEN-APND,71.27775
2024-07-19 19:00:00-07:00,TH_NP15_GEN-APND,125.57355
2024-07-19 19:00:00-07:00,TH_SP15_GEN-APND,170.26369
2024-07-19 19:00:00-07:00,TH_ZP26_GEN-APND,116.26792
2024-07-19 20:00:00-07:00,TH_NP15_GEN-APND,81.82309
2024-07-19 20:00:00-07:00,TH_SP15_GEN-APND,91.74555
2024-07-19 20:00:00-07:00,TH_ZP26_GEN-APND,76.55685
2024-07-19 21:00:00-07:00,TH_NP15_GEN-APND,62.67342
2024-07-19 21:00:00-07:00,TH_SP15_GEN-APND,72.34837
2024-07-19 21:00:00-07:00,TH_ZP26_GEN-APND,61.29889
2024-07-19 22:00:00-07:00,TH_NP15_GEN-APND,61.23745
2024-07-19 22:00:00-07:00,TH_SP15_GEN-APND,68.03127
2024-07-19 22:00:00-07:00,TH_ZP26_GEN-APND,61.30118
2024-07-19 23:00:00-07:00,TH_NP15_GEN-APND,49.28669
2024-07-19 23:00:00-07:00,TH_SP15_GEN-APND,61.09211
2024-07-19 23:00:00-07:00,TH_ZP26_GEN-APND,48.61969
2024-07-20 00:00:00-07:00,TH_NP15_GEN-APND,45.38253
2024-07-20 00:00:00-07:00,TH_SP15_GEN-APND,51.2114
2024-07-20 00:00:00-07:00,TH_ZP26_GEN-APND,44.33575
2024-07-20 01:00:00-07:00,TH_NP15_GEN-APND,43.57799
2024-07-20 01:00:00-07:00,TH_SP15_GEN-APND,49.25857
2024-07-20 01:00:00-07:00,TH_ZP26_GEN-APND,43.0
2024-07-20 02:00:00-07:00,TH_NP15_GEN-APND,41.16398
2024-07-20 02:00:00-07:00,TH_SP15_GEN-APND,42.34691
2024-07-20 02:00:00-07:00,TH_ZP26_GEN-APND,41.21463
2024-07-20 03:00:00-07:00,TH_NP15_GEN-APND,42.76011
2024-07-20 03:00:00-07:00,TH_SP15_GEN-APND,43.99276
2024-07-20 03:00:00-07:00,TH_ZP26_GEN-APND,42.69452
2024-07-20 04:00:00-07:00,TH_NP15_GEN-APND,39.77122
2024-07-20 04:00:00-07:00,TH_SP15_GEN-APND,43.27747
2024-07-20 04:00:00-07:00,TH_ZP26_GEN-APND,41.93492
2024-07-20 05:00:00-07:00,TH_NP15_GEN-APND,39.7186
2024-07-20 05:00:00-07:00,TH_SP15_GEN-APND,43.36589
2024-07-20 05:00:00-07:00,TH_ZP26_GEN-APND,41.95558
2024-07-20 06:00:00-07:00,TH_NP15_GEN-APND,39.32122
2024-07-20 06:00:00-07:00,TH_SP15_GEN-APND,40.82093
2024-07-20 06:00:00-07:00,TH_ZP26_GEN-APND,39.6988
2024-07-20 07:00:00-07:00,TH_NP15_GEN-APND,31.38743
2024-07-20 07:00:00-07:00,TH_SP15_GEN-APND,31.99364
2024-07-20 07:00:00-07:00,TH_ZP26_GEN-APND,31.44617
2024-07-20 08:00:00-07:00,TH_NP15_GEN-APND,29.31715
2024-07-20 08:00:00-07:00,TH_SP15_GEN-APND,28.53297
2024-07-20 08:00:00-07:00,TH_ZP26_GEN-APND,27.23351
2024-07-20 09:00:00-07:00,TH_NP15_GEN-APND,28.17058
2024-07-20 09:00:00-07:00,TH_SP15_GEN-APND,28.02
2024-07-20 09:00:00-07:00,TH_ZP26_GEN-APND,25.07041
2024-07-20 10:00:00-07:00,TH_NP15_GEN-APND,28.66959
2024-07-20 10:00:00-07:00,TH_SP15_GEN-APND,29.00031
2024-07-20 10:00:00-07:00,TH_ZP26_GEN-APND,25.86
2024-07-20 11:00:00-07:00,TH_NP15_GEN-APND,30.22471
2024-07-20 11:00:00-07:00,TH_SP15_GEN-APND,31.66581
2024-07-20 11:00:00-07:00,TH_ZP26_GEN-APND,27.93931
2024-07-20 12:00:00-07:00,TH_NP15_GEN-APND,32.34189
2024-07-20 12:00:00-07:00,TH_SP15_GEN-APND,33.51591
2024-07-20 12:00:00-07:00,TH_ZP26_GEN-APND,29.30916
2024-07-20 13:00:00-07:00,TH_NP15_GEN-APND,33.25304
2024-07-20 13:00:00-07:00,TH_SP15_GEN-APND,35.16969
2024-07-20 13:00:00-07:00,TH_ZP26_GEN-APND,31.1648
2024-07-20 14:00:00-07:00,TH_NP15_GEN-APND,36.22053
2024-07-20 14:00:00-07:00,TH_SP15_GEN-APND,40.7697
2024-07-20 14:00:00-07:00,TH_ZP26_GEN-APND,34.01323
2024-07-20 15:00:00-07:00,TH_NP15_GEN-APND,42.4263
2024-07-20 15:00:00-07:00,TH_SP15_GEN-APND,47.28284
2024-07-20 15:00:00-07:00,TH_ZP26_GEN-APND,40.14043
2024-07-20 16:00:00-07:00,TH_NP15_GEN-APND,45.03264
2024-07-20 16:00:00-07:00,TH_SP15_GEN-APND,50.17118
2024-07-20 16:00:00-07:00,TH_ZP26_GEN-APND,43.58357
2024-07-20 17:00:00-07:00,TH_NP15_GEN-APND,53.95875
2024-07-20 17:00:00-07:00,TH_SP15_GEN-APND,59.67134
2024-07-20 17:00:00-07:00,TH_ZP26_GEN-APND,53.74298
2024-07-20 18:00:00-07:00,TH_NP15_GEN-APND,63.78981
2024-07-20 18:00:00-07:00,TH_SP15_GEN-APND,64.68587
2024-07-20 18:00:00-07:00,TH_ZP26_GEN-APND,61.97435
2024-07-20 19:00:00-07:00,TH_NP15_GEN-APND,94.64238
2024-07-20 19:00:00-07:00,TH_SP15_GEN-APND,107.54863
2024-07-20 19:00:00-07:00,TH_ZP26_GEN-APND,91.66473
2024-07-20 20:00:00-07:00,TH_NP15_GEN-APND,73.29119
2024-07-20 20:00:00-07:00,TH_SP15_GEN-APND,72.63117
2024-07-20 20:00:00-07:00,TH_ZP26_GEN-APND,70.56054
2024-07-20 21:00:00-07:00,TH_NP15_GEN-APND,60.43695
2024-07-20 21:00:00-07:00,TH_SP15_GEN-APND,64.41612
2024-07-20 21:00:00-07:00,TH_ZP26_GEN-APND,59.4045
2024-07-20 22:00:00-07:00,TH_NP15_GEN-APND,53.97907
2024-07-20 22:00:00-07:00,TH_SP15_GEN-APND,63.56406
2024-07-20 22:00:00-07:00,TH_ZP26_GEN-APND,53.11946
2024-07-20 23:00:00-07:00,TH_NP15_GEN-APND,44.44236
2024-07-20 23:00:00-07:00,TH_SP15_GEN-APND,56.38211
2024-07-20 23:00:00-07:00,TH_ZP26_GEN-APND,42.94
2024-07-21 00:00:00-07:00,TH_NP15_GEN-APND,52.49414
2024-07-21 00:00:00-07:00,TH_SP15_GEN-APND,53.9571
2024-07-21 00:00:00-07:00,TH_ZP26_GEN-APND,52.31091
2024-07-21 01:00:00-07:00,TH_NP15_GEN-APND,43.15955
2024-07-21 01:00:00-07:00,TH_SP15_GEN-APND,45.65813
2024-07-21 01:00:00-07:00,TH_ZP26_GEN-APND,43.11228
2024-07-21 02:00:00-07:00,TH_NP15_GEN-APND,40.74999
2024-07-21 02:00:00-07:00,TH_SP15_GEN-APND,41.6633
2024-07-21 02:00:00-07:00,TH_ZP26_GEN-APND,40.80923
2024-07-21 03:00:00-07:00,TH_NP15_GEN-APND,42.43255
2024-07-21 03:00:00-07:00,TH_SP15_GEN-APND,42.98863
2024-07-21 03:00:00-07:00,TH_ZP26_GEN-APND,42.18736
2024-07-21 04:00:00-07:00,TH_NP15_GEN-APND,40.79352
2024-07-21 04:00:00-07:00,TH_SP15_GEN-APND,41.83161
2024-07-21 04:00:00-07:00,TH_ZP26_GEN-APND,40.8233
2024-07-21 05:00:00-07:00,TH_NP15_GEN-APND,42.92741
2024-07-21 05:00:00-07:00,TH_SP15_GEN-APND,44.45824
2024-07-21 05:00:00-07:00,TH_ZP26_GEN-APND,43.31378
2024-07-21 06:00:00-07:00,TH_NP15_GEN-APND,39.30701
2024-07-21 06:00:00-07:00,TH_SP15_GEN-APND,40.53817
2024-07-21 06:00:00-07:00,TH_ZP26_GEN-APND,39.20884
2024-07-21 07:00:00-07:00,TH_NP15_GEN-APND,30.9291
2024-07-21 07:00:00-07:00,TH_SP15_GEN-APND,30.02
2024-07-21 07:00:00-07:00,TH_ZP26_GEN-APND,29.56131
2024-07-21 08:00:00-07:00,TH_NP15_GEN-APND,29.49544
2024-07-21 08:00:00-07:00,TH_SP15_GEN-APND,26.79495
2024-07-21 08:00:00-07:00,TH_ZP26_GEN-APND,25.59513
2024-07-21 09:00:00-07:00,TH_NP15_GEN-APND,27.96842
2024-07-21 09:00:00-07:00,TH_SP15_GEN-APND,23.90687
2024-07-21 09:00:00-07:00,TH_ZP26_GEN-APND,22.55574
2024-07-21 10:00:00-07:00,TH_NP15_GEN-APND,28.90414
2024-07-21 10:00:00-07:00,TH_SP15_GEN-APND,24.66982
2024-07-21 10:00:00-07:00,TH_ZP26_GEN-APND,22.8623
2024-07-21 11:00:00-07:00,TH_NP15_GEN-APND,29.36849
2024-07-21 11:00:00-07:00,TH_SP15_GEN-APND,26.97
2024-07-21 11:00:00-07:00,TH_ZP26_GEN-APND,24.53485
2024-07-21 12:00:00-07:00,TH_NP15_GEN-APND,30.51336
2024-07-21 12:00:00-07:00,TH_SP15_GEN-APND,28.28351
2024-07-21 12:00:00-07:00,TH_ZP26_GEN-APND,25.69645
2024-07-21 13:00:00-07:00,TH_NP15_GEN-APND,35.84372
2024-07-21 13:00:00-07:00,TH_SP15_GEN-APND,27.24439
2024-07-21 13:00:00-07:00,TH_ZP26_GEN-APND,25.45584
2024-07-21 14:00:00-07:00,TH_NP15_GEN-APND,35.00091
2024-07-21 14:00:00-07:00,TH_SP15_GEN-APND,37.04744
2024-07-21 14:00:00-07:00,TH_ZP26_GEN-APND,33.06385
2024-07-21 15:00:00-07:00,TH_NP15_GEN-APND,37.10916
2024-07-21 15:00:00-07:00,TH_SP15_GEN-APND,38.63876
2024-07-21 15:00:00-07:00,TH_ZP26_GEN-APND,35.97347
2024-07-21 16:00:00-07:00,TH_NP15_GEN-APND,39.24252
2024-07-21 16:00:00-07:00,TH_SP15_GEN-APND,39.80707
2024-07-21 16:00:00-07:00,TH_ZP26_GEN-APND,36.97812
2024-07-21 17:00:00-07:00,TH_NP15_GEN-APND,47.33595
2024-07-21 17:00:00-07:00,TH_SP15_GEN-APND,48.218
2024-07-21 17:00:00-07:00,TH_ZP26_GEN-APND,43.29343
2024-07-21 18:00:00-07:00,TH_NP15_GEN-APND,59.89604
2024-07-21 18:00:00-07:00,TH_SP15_GEN-APND,57.85745
2024-07-21 18:00:00-07:00,TH_ZP26_GEN-APND,56.30185
2024-07-21 19:00:00-07:00,TH_NP15_GEN-APND,78.6878
2024-07-21 19:00:00-07:00,TH_SP15_GEN-APND,79.7207
2024-07-21 19:00:00-07:00,TH_ZP26_GEN-APND,76.87229
2024-07-21 20:00:00-07:00,TH_NP15_GEN-APND,65.85108
2024-07-21 20:00:00-07:00,TH_SP15_GEN-APND,65.82665
2024-07-21 20:00:00-07:00,TH_ZP26_GEN-APND,63.93484
2024-07-21 21:00:00-07:00,TH_NP15_GEN-APND,58.68527
2024-07-21 21:00:00-07:00,TH_SP15_GEN-APND,59.68026
2024-07-21 21:00:00-07:00,TH_ZP26_GEN-APND,57.98369
2024-07-21 22:00:00-07:00,TH_NP15_GEN-APND,48.0
2024-07-21 22:00:00-07:00,TH_SP15_GEN-APND,54.97042
2024-07-21 22:00:00-07:00,TH_ZP26_GEN-APND,47.41203
2024-07-21 23:00:00-07:00,TH_NP15_GEN-APND,41.57145
2024-07-21 23:00:00-07:00,TH_SP15_GEN-APND,50.57426
2024-07-21 23:00:00-07:00,TH_ZP26_GEN-APND,40.52808
2024-07-22 00:00:00-07:00,TH_NP15_GEN-APND,41.58455
2024-07-22 00:00:00-07:00,TH_SP15_GEN-APND,42.18766
2024-07-22 00:00:00-07:00,TH_ZP26_GEN-APND,41.51964
2024-07-22 01:00:00-07:00,TH_NP15_GEN-APND,41.20974
2024-07-22 01:00:00-07:00,TH_SP15_GEN-APND,41.49648
2024-07-22 01:00:00-07:00,TH_ZP26_GEN-APND,41.00101
2024-07-22 02:00:00-07:00,TH_NP15_GEN-APND,38.55925
2024-07-22 02:00:00-07:00,TH_SP15_GEN-APND,39.24693
2024-07-22 02:00:00-07:00,TH_ZP26_GEN-APND,38.62433
2024-07-22 03:00:00-07:00,TH_NP15_GEN-APND,38.42889
2024-07-22 03:00:00-07:00,TH_SP15_GEN-APND,38.43642
2024-07-22 03:00:00-07:00,TH_ZP26_GEN-APND,38.04037
2024-07-22 04:00:00-07:00,TH_NP15_GEN-APND,38.70622
2024-07-22 04:00:00-07:00,TH_SP15_GEN-APND,39.10733
2024-07-22 04:00:00-07:00,TH_ZP26_GEN-APND,38.5502
2024-07-22 05:00:00-07:00,TH_NP15_GEN-APND,43.49102
2024-07-22 05:00:00-07:00,TH_SP15_GEN-APND,43.28945
2024-07-22 05:00:00-07:00,TH_ZP26_GEN-APND,42.71938
2024-07-22 06:00:00-07:00,TH_NP15_GEN-APND,40.29448
2024-07-22 06:00:00-07:00,TH_SP15_GEN-APND,40.23205
2024-07-22 06:00:00-07:00,TH_ZP26_GEN-APND,39.64656
2024-07-22 07:00:00-07:00,TH_NP15_GEN-APND,35.25609
2024-07-22 07:00:00-07:00,TH_SP15_GEN-APND,35.97306
2024-07-22 07:00:00-07:00,TH_ZP26_GEN-APND,35.94
2024-07-22 08:00:00-07:00,TH_NP15_GEN-APND,33.27589
2024-07-22 08:00:00-07:00,TH_SP15_GEN-APND,32.45299
2024-07-22 08:00:00-07:00,TH_ZP26_GEN-APND,31.36217
2024-07-22 09:00:00-07:00,TH_NP15_GEN-APND,33.12886
2024-07-22 09:00:00-07:00,TH_SP15_GEN-APND,30.44492
2024-07-22 09:00:00-07:00,TH_ZP26_GEN-APND,28.46895
2024-07-22 10:00:00-07:00,TH_NP15_GEN-APND,32.91758
2024-07-22 10:00:00-07:00,TH_SP15_GEN-APND,31.78936
2024-07-22 10:00:00-07:00,TH_ZP26_GEN-APND,30.04164
2024-07-22 11:00:00-07:00,TH_NP15_GEN-APND,34.39548
2024-07-22 11:00:00-07:00,TH_SP15_GEN-APND,33.72986
2024-07-22 11:00:00-07:00,TH_ZP26_GEN-APND,31.89982
2024-07-22 12:00:00-07:00,TH_NP15_GEN-APND,35.30721
2024-07-22 12:00:00-07:00,TH_SP15_GEN-APND,34.5327
2024-07-22 12:00:00-07:00,TH_ZP26_GEN-APND,32.97462
2024-07-22 13:00:00-07:00,TH_NP15_GEN-APND,37.27294
2024-07-22 13:00:00-07:00,TH_SP15_GEN-APND,37.23867
2024-07-22 13:00:00-07:00,TH_ZP26_GEN-APND,36.11418
2024-07-22 14:00:00-07:00,TH_NP15_GEN-APND,40.40471
2024-07-22 14:00:00-07:00,TH_SP15_GEN-APND,38.10391
2024-07-22 14:00:00-07:00,TH_ZP26_GEN-APND,36.97242
2024-07-22 15:00:00-07:00,TH_NP15_GEN-APND,47.69
2024-07-22 15:00:00-07:00,TH_SP15_GEN-APND,42.63953
2024-07-22 15:00:00-07:00,TH_ZP26_GEN-APND,39.60672
2024-07-22 16:00:00-07:00,TH_NP15_GEN-APND,55.62237
2024-07-22 16:00:00-07:00,TH_SP15_GEN-APND,54.34769
2024-07-22 16:00:00-07:00,TH_ZP26_GEN-APND,52.60855
2024-07-22 17:00:00-07:00,TH_NP15_GEN-APND,62.55599
2024-07-22 17:00:00-07:00,TH_SP15_GEN-APND,50.69793
2024-07-22 17:00:00-07:00,TH_ZP26_GEN-APND,47.30241
2024-07-22 18:00:00-07:00,TH_NP15_GEN-APND,84.50211
2024-07-22 18:00:00-07:00,TH_SP15_GEN-APND,65.97871
2024-07-22 18:00:00-07:00,TH_ZP26_GEN-APND,63.95297
2024-07-22 19:00:00-07:00,TH_NP15_GEN-APND,150.70161
2024-07-22 19:00:00-07:00,TH_SP15_GEN-APND,141.07306
2024-07-22 19:00:00-07:00,TH_ZP26_GEN-APND,139.69014
2024-07-22 20:00:00-07:00,TH_NP15_GEN-APND,84.47694
2024-07-22 20:00:00-07:00,TH_SP15_GEN-APND,73.84781
2024-07-22 20:00:00-07:00,TH_ZP26_GEN-APND,72.71364
2024-07-22 21:00:00-07:00,TH_NP15_GEN-APND,65.94273
2024-07-22 21:00:00-07:00,TH_SP15_GEN-APND,61.0125
2024-07-22 21:00:00-07:00,TH_ZP26_GEN-APND,59.80399
2024-07-22 22:00:00-07:00,TH_NP15_GEN-APND,58.49023
2024-07-22 22:00:00-07:00,TH_SP15_GEN-APND,57.64434
2024-07-22 22:00:00-07:00,TH_ZP26_GEN-APND,56.40588
2024-07-22 23:00:00-07:00,TH_NP15_GEN-APND,52.62979
2024-07-22 23:00:00-07:00,TH_SP15_GEN-APND,52.83203
2024-07-22 23:00:00-07:00,TH_ZP26_GEN-APND,52.00111
2024-07-23 00:00:00-07:00,TH_NP15_GEN-APND,47.28234
2024-07-23 00:00:00-07:00,TH_SP15_GEN-APND,47.96124
2024-07-23 00:00:00-07:00,TH_ZP26_GEN-APND,47.04885
2024-07-23 01:00:00-07:00,TH_NP15_GEN-APND,45.20976
2024-07-23 01:00:00-07:00,TH_SP15_GEN-APND,45.40053
2024-07-23 01:00:00-07:00,TH_ZP26_GEN-APND,44.69637
2024-07-23 02:00:00-07:00,TH_NP15_GEN-APND,44.57588
2024-07-23 02:00:00-07:00,TH_SP15_GEN-APND,44.94432
2024-07-23 02:00:00-07:00,TH_ZP26_GEN-APND,44.19328
2024-07-23 03:00:00-07:00,TH_NP15_GEN-APND,44.29484
2024-07-23 03:00:00-07:00,TH_SP15_GEN-APND,44.45074
2024-07-23 03:00:00-07:00,TH_ZP26_GEN-APND,43.92159
2024-07-23 04:00:00-07:00,TH_NP15_GEN-APND,44.34193
2024-07-23 04:00:00-07:00,TH_SP15_GEN-APND,44.72748
2024-07-23 04:00:00-07:00,TH_ZP26_GEN-APND,43.98745
2024-07-23 05:00:00-07:00,TH_NP15_GEN-APND,44.61165
2024-07-23 05:00:00-07:00,TH_SP15_GEN-APND,45.34407
2024-07-23 05:00:00-07:00,TH_ZP26_GEN-APND,44.34671
2024-07-23 06:00:00-07:00,TH_NP15_GEN-APND,50.37303
2024-07-23 06:00:00-07:00,TH_SP15_GEN-APND,51.28375
2024-07-23 06:00:00-07:00,TH_ZP26_GEN-APND,50.30464
2024-07-23 07:00:00-07:00,TH_NP15_GEN-APND,40.19
2024-07-23 07:00:00-07:00,TH_SP15_GEN-APND,41.4062
2024-07-23 07:00:00-07:00,TH_ZP26_GEN-APND,41.42158
2024-07-23 08:00:00-07:00,TH_NP15_GEN-APND,38.63023
2024-07-23 08:00:00-07:00,TH_SP15_GEN-APND,37.28413
2024-07-23 08:00:00-07:00,TH_ZP26_GEN-APND,35.98611
2024-07-23 09:00:00-07:00,TH_NP15_GEN-APND,38.05
2024-07-23 09:00:00-07:00,TH_SP15_GEN-APND,37.03567
2024-07-23 09:00:00-07:00,TH_ZP26_GEN-APND,35.28402
2024-07-23 10:00:00-07:00,TH_NP15_GEN-APND,39.26634
2024-07-23 10:00:00-07:00,TH_SP15_GEN-APND,37.75703
2024-07-23 10:00:00-07:00,TH_ZP26_GEN-APND,35.64545
2024-07-23 11:00:00-07:00,TH_NP15_GEN-APND,41.08939
2024-07-23 11:00:00-07:00,TH_SP15_GEN-APND,39.05051
2024-07-23 11:00:00-07:00,TH_ZP26_GEN-APND,36.19918
2024-07-23 12:00:00-07:00,TH_NP15_GEN-APND,43.58792
2024-07-23 12:00:00-07:00,TH_SP15_GEN-APND,41.61375
2024-07-23 12:00:00-07:00,TH_ZP26_GEN-APND,38.87027
2024-07-23 13:00:00-07:00,TH_NP15_GEN-APND,50.24871
2024-07-23 13:00:00-07:00,TH_SP15_GEN-APND,44.0104
2024-07-23 13:00:00-07:00,TH_ZP26_GEN-APND,42.33208
2024-07-23 14:00:00-07:00,TH_NP15_GEN-APND,58.64137
2024-07-23 14:00:00-07:00,TH_SP15_GEN-APND,54.0093
2024-07-23 14:00:00-07:00,TH_ZP26_GEN-APND,49.77949
2024-07-23 15:00:00-07:00,TH_NP15_GEN-APND,64.19
2024-07-23 15:00:00-07:00,TH_SP15_GEN-APND,56.31374
2024-07-23 15:00:00-07:00,TH_ZP26_GEN-APND,52.66406
2024-07-23 16:00:00-07:00,TH_NP15_GEN-APND,70.70638
2024-07-23 16:00:00-07:00,TH_SP15_GEN-APND,57.59185
2024-07-23 16:00:00-07:00,TH_ZP26_GEN-APND,54.11222
2024-07-23 17:00:00-07:00,TH_NP15_GEN-APND,85.20634
2024-07-23 17:00:00-07:00,TH_SP15_GEN-APND,64.92445
2024-07-23 17:00:00-07:00,TH_ZP26_GEN-APND,60.79503
2024-07-23 18:00:00-07:00,TH_NP15_GEN-APND,142.81639
2024-07-23 18:00:00-07:00,TH_SP15_GEN-APND,113.79715
2024-07-23 18:00:00-07:00,TH_ZP26_GEN-APND,106.50948
2024-07-23 19:00:00-07:00,TH_NP15_GEN-APND,292.00266
2024-07-23 19:00:00-07:00,TH_SP15_GEN-APND,275.8159
2024-07-23 19:00:00-07:00,TH_ZP26_GEN-APND,270.44357
2024-07-23 20:00:00-07:00,TH_NP15_GEN-APND,137.73238
2024-07-23 20:00:00-07:00,TH_SP15_GEN-APND,124.20496
2024-07-23 20:00:00-07:00,TH_ZP26_GEN-APND,121.72411
2024-07-23 21:00:00-07:00,TH_NP15_GEN-APND,87.64309
2024-07-23 21:00:00-07:00,TH_SP15_GEN-APND,78.60978
2024-07-23 21:00:00-07:00,TH_ZP26_GEN-APND,76.87179
2024-07-23 22:00:00-07:00,TH_NP15_GEN-APND,66.84824
2024-07-23 22:00:00-07:00,TH_SP15_GEN-APND,66.38218
2024-07-23 22:00:00-07:00,TH_ZP26_GEN-APND,65.0079
2024-07-23 23:00:00-07:00,TH_NP15_GEN-APND,57.07766
2024-07-23 23:00:00-07:00,TH_SP15_GEN-APND,57.70763
2024-07-23 23:00:00-07:00,TH_ZP26_GEN-APND,56.36676
2024-07-24 00:00:00-07:00,TH_NP15_GEN-APND,52.12429
2024-07-24 00:00:00-07:00,TH_SP15_GEN-APND,53.84318
2024-07-24 00:00:00-07:00,TH_ZP26_GEN-APND,52.39751
2024-07-24 01:00:00-07:00,TH_NP15_GEN-APND,47.02742
2024-07-24 01:00:00-07:00,TH_SP15_GEN-APND,48.16375
2024-07-24 01:00:00-07:00,TH_ZP26_GEN-APND,47.05799
2024-07-24 02:00:00-07:00,TH_NP15_GEN-APND,43.33736
2024-07-24 02:00:00-07:00,TH_SP15_GEN-APND,44.51286
2024-07-24 02:00:00-07:00,TH_ZP26_GEN-APND,43.49837
2024-07-24 03:00:00-07:00,TH_NP15_GEN-APND,42.72906
2024-07-24 03:00:00-07:00,TH_SP15_GEN-APND,43.91923
2024-07-24 03:00:00-07:00,TH_ZP26_GEN-APND,42.87263
2024-07-24 04:00:00-07:00,TH_NP15_GEN-APND,42.96465
2024-07-24 04:00:00-07:00,TH_SP15_GEN-APND,43.84917
2024-07-24 04:00:00-07:00,TH_ZP26_GEN-APND,42.91075
2024-07-24 05:00:00-07:00,TH_NP15_GEN-APND,46.65716
2024-07-24 05:00:00-07:00,TH_SP15_GEN-APND,47.41942
2024-07-24 05:00:00-07:00,TH_ZP26_GEN-APND,46.45811
2024-07-24 06:00:00-07:00,TH_NP15_GEN-APND,47.97202
2024-07-24 06:00:00-07:00,TH_SP15_GEN-APND,48.79815
2024-07-24 06:00:00-07:00,TH_ZP26_GEN-APND,47.85641
2024-07-24 07:00:00-07:00,TH_NP15_GEN-APND,40.60502
2024-07-24 07:00:00-07:00,TH_SP15_GEN-APND,40.04886
2024-07-24 07:00:00-07:00,TH_ZP26_GEN-APND,39.33276
2024-07-24 08:00:00-07:00,TH_NP15_GEN-APND,37.77158
2024-07-24 08:00:00-07:00,TH_SP15_GEN-APND,36.25643
2024-07-24 08:00:00-07:00,TH_ZP26_GEN-APND,35.23558
2024-07-24 09:00:00-07:00,TH_NP15_GEN-APND,37.43529
2024-07-24 09:00:00-07:00,TH_SP15_GEN-APND,36.06132
2024-07-24 09:00:00-07:00,TH_ZP26_GEN-APND,34.25222
2024-07-24 10:00:00-07:00,TH_NP15_GEN-APND,38.29447
2024-07-24 10:00:00-07:00,TH_SP15_GEN-APND,36.84233
2024-07-24 10:00:00-07:00,TH_ZP26_GEN-APND,34.84191
2024-07-24 11:00:00-07:00,TH_NP15_GEN-APND,39.88012
2024-07-24 11:00:00-07:00,TH_SP15_GEN-APND,37.48611
2024-07-24 11:00:00-07:00,TH_ZP26_GEN-APND,34.65845
2024-07-24 12:00:00-07:00,TH_NP15_GEN-APND,41.93531
2024-07-24 12:00:00-07:00,TH_SP15_GEN-APND,39.86788
2024-07-24 12:00:00-07:00,TH_ZP26_GEN-APND,36.9104
2024-07-24 13:00:00-07:00,TH_NP15_GEN-APND,48.23079
2024-07-24 13:00:00-07:00,TH_SP15_GEN-APND,44.47795
2024-07-24 13:00:00-07:00,TH_ZP26_GEN-APND,41.57281
2024-07-24 14:00:00-07:00,TH_NP15_GEN-APND,56.10003
2024-07-24 14:00:00-07:00,TH_SP15_GEN-APND,57.55161
2024-07-24 14:00:00-07:00,TH_ZP26_GEN-APND,50.1
2024-07-24 15:00:00-07:00,TH_NP15_GEN-APND,61.82987
2024-07-24 15:00:00-07:00,TH_SP15_GEN-APND,58.75004
2024-07-24 15:00:00-07:00,TH_ZP26_GEN-APND,50.96801
2024-07-24 16:00:00-07:00,TH_NP15_GEN-APND,71.3532
2024-07-24 16:00:00-07:00,TH_SP15_GEN-APND,51.95704
2024-07-24 16:00:00-07:00,TH_ZP26_GEN-APND,47.77957
2024-07-24 17:00:00-07:00,TH_NP15_GEN-APND,79.148
2024-07-24 17:00:00-07:00,TH_SP15_GEN-APND,53.79128
2024-07-24 17:00:00-07:00,TH_ZP26_GEN-APND,48.53257
2024-07-24 18:00:00-07:00,TH_NP15_GEN-APND,108.99905
2024-07-24 18:00:00-07:00,TH_SP15_GEN-APND,80.61818
2024-07-24 18:00:00-07:00,TH_ZP26_GEN-APND,74.87508
2024-07-24 19:00:00-07:00,TH_NP15_GEN-APND,220.14313
2024-07-24 19:00:00-07:00,TH_SP15_GEN-APND,205.39531
2024-07-24 19:00:00-07:00,TH_ZP26_GEN-APND,199.6182
2024-07-24 20:00:00-07:00,TH_NP15_GEN-APND,109.26801
2024-07-24 20:00:00-07:00,TH_SP15_GEN-APND,93.46
2024-07-24 20:00:00-07:00,TH_ZP26_GEN-APND,90.1627
2024-07-24 21:00:00-07:00,TH_NP15_GEN-APND,77.00341
2024-07-24 21:00:00-07:00,TH_SP15_GEN-APND,69.09176
2024-07-24 21:00:00-07:00,TH_ZP26_GEN-APND,67.18648
2024-07-24 22:00:00-07:00,TH_NP15_GEN-APND,63.47208
2024-07-24 22:00:00-07:00,TH_SP15_GEN-APND,61.47859
2024-07-24 22:00:00-07:00,TH_ZP26_GEN-APND,59.67838
2024-07-24 23:00:00-07:00,TH_NP15_GEN-APND,53.60681
2024-07-24 23:00:00-07:00,TH_SP15_GEN-APND,53.55499
2024-07-24 23:00:00-07:00,TH_ZP26_GEN-APND,52.23276
2024-07-25 00:00:00-07:00,TH_NP15_GEN-APND,50.83533
2024-07-25 00:00:00-07:00,TH_SP15_GEN-APND,52.09181
2024-07-25 00:00:00-07:00,TH_ZP26_GEN-APND,50.82695
2024-07-25 01:00:00-07:00,TH_NP15_GEN-APND,45.70328
2024-07-25 01:00:00-07:00,TH_SP15_GEN-APND,47.21292
2024-07-25 01:00:00-07:00,TH_ZP26_GEN-APND,46.17938
2024-07-25 02:00:00-07:00,TH_NP15_GEN-APND,42.85093
2024-07-25 02:00:00-07:00,TH_SP15_GEN-APND,43.7169
2024-07-25 02:00:00-07:00,TH_ZP26_GEN-APND,42.84964
2024-07-25 03:00:00-07:00,TH_NP15_GEN-APND,42.34027
2024-07-25 03:00:00-07:00,TH_SP15_GEN-APND,43.10503
2024-07-25 03:00:00-07:00,TH_ZP26_GEN-APND,42.32072
2024-07-25 04:00:00-07:00,TH_NP15_GEN-APND,42.12753
2024-07-25 04:00:00-07:00,TH_SP15_GEN-APND,42.97062
2024-07-25 04:00:00-07:00,TH_ZP26_GEN-APND,42.1435
2024-07-25 05:00:00-07:00,TH_NP15_GEN-APND,44.29542
2024-07-25 05:00:00-07:00,TH_SP15_GEN-APND,44.95649
2024-07-25 05:00:00-07:00,TH_ZP26_GEN-APND,44.1768
2024-07-25 06:00:00-07:00,TH_NP15_GEN-APND,47.18726
2024-07-25 06:00:00-07:00,TH_SP15_GEN-APND,48.28285
2024-07-25 06:00:00-07:00,TH_ZP26_GEN-APND,47.25835
2024-07-25 07:00:00-07:00,TH_NP15_GEN-APND,40.0
2024-07-25 07:00:00-07:00,TH_SP15_GEN-APND,40.29833
2024-07-25 07:00:00-07:00,TH_ZP26_GEN-APND,39.25488
2024-07-25 08:00:00-07:00,TH_NP15_GEN-APND,37.02433
2024-07-25 08:00:00-07:00,TH_SP15_GEN-APND,37.66457
2024-07-25 08:00:00-07:00,TH_ZP26_GEN-APND,35.74562
2024-07-25 09:00:00-07:00,TH_NP15_GEN-APND,36.52675
2024-07-25 09:00:00-07:00,TH_SP15_GEN-APND,36.06069
2024-07-25 09:00:00-07:00,TH_ZP26_GEN-APND,33.47581
2024-07-25 10:00:00-07:00,TH_NP15_GEN-APND,36.44227
2024-07-25 10:00:00-07:00,TH_SP15_GEN-APND,35.61932
2024-07-25 10:00:00-07:00,TH_ZP26_GEN-APND,31.90254
2024-07-25 11:00:00-07:00,TH_NP15_GEN-APND,39.21308
2024-07-25 11:00:00-07:00,TH_SP15_GEN-APND,36.92095
2024-07-25 11:00:00-07:00,TH_ZP26_GEN-APND,32.27596
2024-07-25 12:00:00-07:00,TH_NP15_GEN-APND,40.43535
2024-07-25 12:00:00-07:00,TH_SP15_GEN-APND,39.17789
2024-07-25 12:00:00-07:00,TH_ZP26_GEN-APND,33.66142
2024-07-25 13:00:00-07:00,TH_NP15_GEN-APND,44.48367
2024-07-25 13:00:00-07:00,TH_SP15_GEN-APND,43.69581
2024-07-25 13:00:00-07:00,TH_ZP26_GEN-APND,36.41556
2024-07-25 14:00:00-07:00,TH_NP15_GEN-APND,52.03804
2024-07-25 14:00:00-07:00,TH_SP15_GEN-APND,51.92776
2024-07-25 14:00:00-07:00,TH_ZP26_GEN-APND,45.67587
2024-07-25 15:00:00-07:00,TH_NP15_GEN-APND,50.47435
2024-07-25 15:00:00-07:00,TH_SP15_GEN-APND,50.53125
2024-07-25 15:00:00-07:00,TH_ZP26_GEN-APND,43.39816
2024-07-25 16:00:00-07:00,TH_NP15_GEN-APND,63.44137
2024-07-25 16:00:00-07:00,TH_SP15_GEN-APND,52.78687
2024-07-25 16:00:00-07:00,TH_ZP26_GEN-APND,46.01269
2024-07-25 17:00:00-07:00,TH_NP15_GEN-APND,71.83873
2024-07-25 17:00:00-07:00,TH_SP15_GEN-APND,56.72257
2024-07-25 17:00:00-07:00,TH_ZP26_GEN-APND,43.99388
2024-07-25 18:00:00-07:00,TH_NP15_GEN-APND,114.00329
2024-07-25 18:00:00-07:00,TH_SP15_GEN-APND,96.77426
2024-07-25 18:00:00-07:00,TH_ZP26_GEN-APND,80.44278
2024-07-25 19:00:00-07:00,TH_NP15_GEN-APND,216.53061
2024-07-25 19:00:00-07:00,TH_SP15_GEN-APND,224.30031
2024-07-25 19:00:00-07:00,TH_ZP26_GEN-APND,190.3297
2024-07-25 20:00:00-07:00,TH_NP15_GEN-APND,133.80298
2024-07-25 20:00:00-07:00,TH_SP15_GEN-APND,123.72654
2024-07-25 20:00:00-07:00,TH_ZP26_GEN-APND,119.21627
2024-07-25 21:00:00-07:00,TH_NP15_GEN-APND,79.69656
2024-07-25 21:00:00-07:00,TH_SP15_GEN-APND,73.72345
2024-07-25 21:00:00-07:00,TH_ZP26_GEN-APND,70.87542
2024-07-25 22:00:00-07:00,TH_NP15_GEN-APND,60.98
2024-07-25 22:00:00-07:00,TH_SP15_GEN-APND,61.48607
2024-07-25 22:00:00-07:00,TH_ZP26_GEN-APND,59.29644
2024-07-25 23:00:00-07:00,TH_NP15_GEN-APND,55.09079
2024-07-25 23:00:00-07:00,TH_SP15_GEN-APND,56.56198
2024-07-25 23:00:00-07:00,TH_ZP26_GEN-APND,54.87362
2024-07-26 00:00:00-07:00,TH_NP15_GEN-APND,55.52
2024-07-26 00:00:00-07:00,TH_SP15_GEN-APND,56.8406
2024-07-26 00:00:00-07:00,TH_ZP26_GEN-APND,55.44154
2024-07-26 01:00:00-07:00,TH_NP15_GEN-APND,48.14853
2024-07-26 01:00:00-07:00,TH_SP15_GEN-APND,48.92499
2024-07-26 01:00:00-07:00,TH_ZP26_GEN-APND,48.00105
2024-07-26 02:00:00-07:00,TH_NP15_GEN-APND,44.61735
2024-07-26 02:00:00-07:00,TH_SP15_GEN-APND,45.08333
2024-07-26 02:00:00-07:00,TH_ZP26_GEN-APND,44.37988
2024-07-26 03:00:00-07:00,TH_NP15_GEN-APND,43.23962
2024-07-26 03:00:00-07:00,TH_SP15_GEN-APND,44.10452
2024-07-26 03:00:00-07:00,TH_ZP26_GEN-APND,43.23321
2024-07-26 04:00:00-07:00,TH_NP15_GEN-APND,43.34937
2024-07-26 04:00:00-07:00,TH_SP15_GEN-APND,44.09425
2024-07-26 04:00:00-07:00,TH_ZP26_GEN-APND,43.30568
2024-07-26 05:00:00-07:00,TH_NP15_GEN-APND,47.95787
2024-07-26 05:00:00-07:00,TH_SP15_GEN-APND,48.39533
2024-07-26 05:00:00-07:00,TH_ZP26_GEN-APND,47.67371
2024-07-26 06:00:00-07:00,TH_NP15_GEN-APND,49.16307
2024-07-26 06:00:00-07:00,TH_SP15_GEN-APND,49.81808
2024-07-26 06:00:00-07:00,TH_ZP26_GEN-APND,48.99352
2024-07-26 07:00:00-07:00,TH_NP15_GEN-APND,38.46082
2024-07-26 07:00:00-07:00,TH_SP15_GEN-APND,38.37806
2024-07-26 07:00:00-07:00,TH_ZP26_GEN-APND,37.72497
2024-07-26 08:00:00-07:00,TH_NP15_GEN-APND,35.42348
2024-07-26 08:00:00-07:00,TH_SP15_GEN-APND,35.22012
2024-07-26 08:00:00-07:00,TH_ZP26_GEN-APND,33.85135
2024-07-26 09:00:00-07:00,TH_NP15_GEN-APND,33.40863
2024-07-26 09:00:00-07:00,TH_SP15_GEN-APND,33.25451
2024-07-26 09:00:00-07:00,TH_ZP26_GEN-APND,31.11816
2024-07-26 10:00:00-07:00,TH_NP15_GEN-APND,33.66594
2024-07-26 10:00:00-07:00,TH_SP15_GEN-APND,33.23952
2024-07-26 10:00:00-07:00,TH_ZP26_GEN-APND,30.72605
2024-07-26 11:00:00-07:00,TH_NP15_GEN-APND,35.05272
2024-07-26 11:00:00-07:00,TH_SP15_GEN-APND,33.55862
2024-07-26 11:00:00-07:00,TH_ZP26_GEN-APND,30.04454
2024-07-26 12:00:00-07:00,TH_NP15_GEN-APND,35.65199
2024-07-26 12:00:00-07:00,TH_SP15_GEN-APND,34.96371
2024-07-26 12:00:00-07:00,TH_ZP26_GEN-APND,31.85885
2024-07-26 13:00:00-07:00,TH_NP15_GEN-APND,38.15466
2024-07-26 13:00:00-07:00,TH_SP15_GEN-APND,36.95741
2024-07-26 13:00:00-07:00,TH_ZP26_GEN-APND,33.47268
2024-07-26 14:00:00-07:00,TH_NP15_GEN-APND,40.9692
2024-07-26 14:00:00-07:00,TH_SP15_GEN-APND,42.77441
2024-07-26 14:00:00-07:00,TH_ZP26_GEN-APND,35.38489
2024-07-26 15:00:00-07:00,TH_NP15_GEN-APND,44.0
2024-07-26 15:00:00-07:00,TH_SP15_GEN-APND,42.77815
2024-07-26 15:00:00-07:00,TH_ZP26_GEN-APND,33.9452
2024-07-26 16:00:00-07:00,TH_NP15_GEN-APND,47.0
2024-07-26 16:00:00-07:00,TH_SP15_GEN-APND,43.2
2024-07-26 16:00:00-07:00,TH_ZP26_GEN-APND,40.50687
2024-07-26 17:00:00-07:00,TH_NP15_GEN-APND,58.63469
2024-07-26 17:00:00-07:00,TH_SP15_GEN-APND,48.84859
2024-07-26 17:00:00-07:00,TH_ZP26_GEN-APND,44.81077
2024-07-26 18:00:00-07:00,TH_NP15_GEN-APND,68.672
2024-07-26 18:00:00-07:00,TH_SP15_GEN-APND,63.31527
2024-07-26 18:00:00-07:00,TH_ZP26_GEN-APND,56.02069
2024-07-26 19:00:00-07:00,TH_NP15_GEN-APND,122.49355
2024-07-26 19:00:00-07:00,TH_SP15_GEN-APND,126.28634
2024-07-26 19:00:00-07:00,TH_ZP26_GEN-APND,113.37906
2024-07-26 20:00:00-07:00,TH_NP15_GEN-APND,74.15269
2024-07-26 20:00:00-07:00,TH_SP15_GEN-APND,75.38514
2024-07-26 20:00:00-07:00,TH_ZP26_GEN-APND,67.7617
2024-07-26 21:00:00-07:00,TH_NP15_GEN-APND,61.15872
2024-07-26 21:00:00-07:00,TH_SP15_GEN-APND,65.0
2024-07-26 21:00:00-07:00,TH_ZP26_GEN-APND,58.09016
2024-07-26 22:00:00-07:00,TH_NP15_GEN-APND,49.16305
2024-07-26 22:00:00-07:00,TH_SP15_GEN-APND,53.13957
2024-07-26 22:00:00-07:00,TH_ZP26_GEN-APND,48.08249
2024-07-26 23:00:00-07:00,TH_NP15_GEN-APND,46.53092
2024-07-26 23:00:00-07:00,TH_SP15_GEN-APND,48.15682
2024-07-26 23:00:00-07:00,TH_ZP26_GEN-APND,45.75079
2024-07-27 00:00:00-07:00,TH_NP15_GEN-APND,42.37041
2024-07-27 00:00:00-07:00,TH_SP15_GEN-APND,42.98598
2024-07-27 00:00:00-07:00,TH_ZP26_GEN-APND,42.18679
2024-07-27 01:00:00-07:00,TH_NP15_GEN-APND,40.68798
2024-07-27 01:00:00-07:00,TH_SP15_GEN-APND,40.42861
2024-07-27 01:00:00-07:00,TH_ZP26_GEN-APND,40.16977
2024-07-27 02:00:00-07:00,TH_NP15_GEN-APND,38.91005
2024-07-27 02:00:00-07:00,TH_SP15_GEN-APND,38.87641
2024-07-27 02:00:00-07:00,TH_ZP26_GEN-APND,38.58088
2024-07-27 03:00:00-07:00,TH_NP15_GEN-APND,39.53384
2024-07-27 03:00:00-07:00,TH_SP15_GEN-APND,39.44485
2024-07-27 03:00:00-07:00,TH_ZP26_GEN-APND,39.16573
2024-07-27 04:00:00-07:00,TH_NP15_GEN-APND,40.00324
2024-07-27 04:00:00-07:00,TH_SP15_GEN-APND,40.26728
2024-07-27 04:00:00-07:00,TH_ZP26_GEN-APND,39.87169
2024-07-27 05:00:00-07:00,TH_NP15_GEN-APND,41.83262
2024-07-27 05:00:00-07:00,TH_SP15_GEN-APND,41.59189
2024-07-27 05:00:00-07:00,TH_ZP26_GEN-APND,41.23734
2024-07-27 06:00:00-07:00,TH_NP15_GEN-APND,40.48252
2024-07-27 06:00:00-07:00,TH_SP15_GEN-APND,40.3216
2024-07-27 06:00:00-07:00,TH_ZP26_GEN-APND,39.94611
2024-07-27 07:00:00-07:00,TH_NP15_GEN-APND,31.25101
2024-07-27 07:00:00-07:00,TH_SP15_GEN-APND,31.08546
2024-07-27 07:00:00-07:00,TH_ZP26_GEN-APND,30.69736
2024-07-27 08:00:00-07:00,TH_NP15_GEN-APND,23.42
2024-07-27 08:00:00-07:00,TH_SP15_GEN-APND,20.49445
2024-07-27 08:00:00-07:00,TH_ZP26_GEN-APND,19.54191
2024-07-27 09:00:00-07:00,TH_NP15_GEN-APND,26.83302
2024-07-27 09:00:00-07:00,TH_SP15_GEN-APND,16.67018
2024-07-27 09:00:00-07:00,TH_ZP26_GEN-APND,12.82208
2024-07-27 10:00:00-07:00,TH_NP15_GEN-APND,21.64535
2024-07-27 10:00:00-07:00,TH_SP15_GEN-APND,18.31231
2024-07-27 10:00:00-07:00,TH_ZP26_GEN-APND,14.41518
2024-07-27 11:00:00-07:00,TH_NP15_GEN-APND,23.35504
2024-07-27 11:00:00-07:00,TH_SP15_GEN-APND,18.16092
2024-07-27 11:00:00-07:00,TH_ZP26_GEN-APND,14.00679
2024-07-27 12:00:00-07:00,TH_NP15_GEN-APND,21.7368
2024-07-27 12:00:00-07:00,TH_SP15_GEN-APND,18.48938
2024-07-27 12:00:00-07:00,TH_ZP26_GEN-APND,14.77457
2024-07-27 13:00:00-07:00,TH_NP15_GEN-APND,24.82535
2024-07-27 13:00:00-07:00,TH_SP15_GEN-APND,18.17217
2024-07-27 13:00:00-07:00,TH_ZP26_GEN-APND,15.63844
2024-07-27 14:00:00-07:00,TH_NP15_GEN-APND,23.66547
2024-07-27 14:00:00-07:00,TH_SP15_GEN-APND,22.25899
2024-07-27 14:00:00-07:00,TH_ZP26_GEN-APND,20.57573
2024-07-27 15:00:00-07:00,TH_NP15_GEN-APND,28.51159
2024-07-27 15:00:00-07:00,TH_SP15_GEN-APND,29.29412
2024-07-27 15:00:00-07:00,TH_ZP26_GEN-APND,27.98013
2024-07-27 16:00:00-07:00,TH_NP15_GEN-APND,29.34793
2024-07-27 16:00:00-07:00,TH_SP15_GEN-APND,29.88962
2024-07-27 16:00:00-07:00,TH_ZP26_GEN-APND,29.19821
2024-07-27 17:00:00-07:00,TH_NP15_GEN-APND,37.56343
2024-07-27 17:00:00-07:00,TH_SP15_GEN-APND,37.66312
2024-07-27 17:00:00-07:00,TH_ZP26_GEN-APND,37.01894
2024-07-27 18:00:00-07:00,TH_NP15_GEN-APND,50.00095
2024-07-27 18:00:00-07:00,TH_SP15_GEN-APND,49.07932
2024-07-27 18:00:00-07:00,TH_ZP26_GEN-APND,48.3589
2024-07-27 19:00:00-07:00,TH_NP15_GEN-APND,63.78801
2024-07-27 19:00:00-07:00,TH_SP15_GEN-APND,61.52838
2024-07-27 19:00:00-07:00,TH_ZP26_GEN-APND,60.76685
2024-07-27 20:00:00-07:00,TH_NP15_GEN-APND,62.31
2024-07-27 20:00:00-07:00,TH_SP15_GEN-APND,60.29792
2024-07-27 20:00:00-07:00,TH_ZP26_GEN-APND,59.62836
2024-07-27 21:00:00-07:00,TH_NP15_GEN-APND,52.2395
2024-07-27 21:00:00-07:00,TH_SP15_GEN-APND,51.42386
2024-07-27 21:00:00-07:00,TH_ZP26_GEN-APND,50.67631
2024-07-27 22:00:00-07:00,TH_NP15_GEN-APND,49.19704
2024-07-27 22:00:00-07:00,TH_SP15_GEN-APND,49.62546
2024-07-27 22:00:00-07:00,TH_ZP26_GEN-APND,48.88368
2024-07-27 23:00:00-07:00,TH_NP15_GEN-APND,42.79714
2024-07-27 23:00:00-07:00,TH_SP15_GEN-APND,43.35927
2024-07-27 23:00:00-07:00,TH_ZP26_GEN-APND,42.43636
2024-07-28 00:00:00-07:00,TH_NP15_GEN-APND,38.94942
2024-07-28 00:00:00-07:00,TH_SP15_GEN-APND,39.29935
2024-07-28 00:00:00-07:00,TH_ZP26_GEN-APND,38.72329
2024-07-28 01:00:00-07:00,TH_NP15_GEN-APND,39.19833
2024-07-28 01:00:00-07:00,TH_SP15_GEN-APND,39.37949
2024-07-28 01:00:00-07:00,TH_ZP26_GEN-APND,38.96887
2024-07-28 02:00:00-07:00,TH_NP15_GEN-APND,38.72765
2024-07-28 02:00:00-07:00,TH_SP15_GEN-APND,38.9904
2024-07-28 02:00:00-07:00,TH_ZP26_GEN-APND,38.57239
2024-07-28 03:00:00-07:00,TH_NP15_GEN-APND,35.79619
2024-07-28 03:00:00-07:00,TH_SP15_GEN-APND,36.14955
2024-07-28 03:00:00-07:00,TH_ZP26_GEN-APND,35.66
2024-07-28 04:00:00-07:00,TH_NP15_GEN-APND,37.59472
2024-07-28 04:00:00-07:00,TH_SP15_GEN-APND,37.84929
2024-07-28 04:00:00-07:00,TH_ZP26_GEN-APND,37.40187
2024-07-28 05:00:00-07:00,TH_NP15_GEN-APND,38.26067
2024-07-28 05:00:00-07:00,TH_SP15_GEN-APND,38.21767
2024-07-28 05:00:00-07:00,TH_ZP26_GEN-APND,37.91271
2024-07-28 06:00:00-07:00,TH_NP15_GEN-APND,35.01768
2024-07-28 06:00:00-07:00,TH_SP15_GEN-APND,35.03556
2024-07-28 06:00:00-07:00,TH_ZP26_GEN-APND,34.68868
2024-07-28 07:00:00-07:00,TH_NP15_GEN-APND,27.16154
2024-07-28 07:00:00-07:00,TH_SP15_GEN-APND,24.3151
2024-07-28 07:00:00-07:00,TH_ZP26_GEN-APND,23.82896
2024-07-28 08:00:00-07:00,TH_NP15_GEN-APND,21.05978
2024-07-28 08:00:00-07:00,TH_SP15_GEN-APND,9.56362
2024-07-28 08:00:00-07:00,TH_ZP26_GEN-APND,7.99919
2024-07-28 09:00:00-07:00,TH_NP15_GEN-APND,21.1469
2024-07-28 09:00:00-07:00,TH_SP15_GEN-APND,7.38473
2024-07-28 09:00:00-07:00,TH_ZP26_GEN-APND,5.52722
2024-07-28 10:00:00-07:00,TH_NP15_GEN-APND,16.59583
2024-07-28 10:00:00-07:00,TH_SP15_GEN-APND,5.81535
2024-07-28 10:00:00-07:00,TH_ZP26_GEN-APND,4.33252
2024-07-28 11:00:00-07:00,TH_NP15_GEN-APND,16.42807
2024-07-28 11:00:00-07:00,TH_SP15_GEN-APND,6.97393
2024-07-28 11:00:00-07:00,TH_ZP26_GEN-APND,5.27866
2024-07-28 12:00:00-07:00,TH_NP15_GEN-APND,17.39039
2024-07-28 12:00:00-07:00,TH_SP15_GEN-APND,8.13813
2024-07-28 12:00:00-07:00,TH_ZP26_GEN-APND,6.37424
2024-07-28 13:00:00-07:00,TH_NP15_GEN-APND,19.42727
2024-07-28 13:00:00-07:00,TH_SP15_GEN-APND,9.05491
2024-07-28 13:00:00-07:00,TH_ZP26_GEN-APND,7.31064
2024-07-28 14:00:00-07:00,TH_NP15_GEN-APND,20.59525
2024-07-28 14:00:00-07:00,TH_SP15_GEN-APND,10.63308
2024-07-28 14:00:00-07:00,TH_ZP26_GEN-APND,8.74008
2024-07-28 15:00:00-07:00,TH_NP15_GEN-APND,24.95859
2024-07-28 15:00:00-07:00,TH_SP15_GEN-APND,16.4555
2024-07-28 15:00:00-07:00,TH_ZP26_GEN-APND,14.39686
2024-07-28 16:00:00-07:00,TH_NP15_GEN-APND,30.73754
2024-07-28 16:00:00-07:00,TH_SP15_GEN-APND,25.04202
2024-07-28 16:00:00-07:00,TH_ZP26_GEN-APND,23.40683
2024-07-28 17:00:00-07:00,TH_NP15_GEN-APND,35.45831
2024-07-28 17:00:00-07:00,TH_SP15_GEN-APND,34.31681
2024-07-28 17:00:00-07:00,TH_ZP26_GEN-APND,33.82647
2024-07-28 18:00:00-07:00,TH_NP15_GEN-APND,47.31064
2024-07-28 18:00:00-07:00,TH_SP15_GEN-APND,46.5241
2024-07-28 18:00:00-07:00,TH_ZP26_GEN-APND,45.84504
2024-07-28 19:00:00-07:00,TH_NP15_GEN-APND,56.99429
2024-07-28 19:00:00-07:00,TH_SP15_GEN-APND,59.98834
2024-07-28 19:00:00-07:00,TH_ZP26_GEN-APND,59.17681
2024-07-28 20:00:00-07:00,TH_NP15_GEN-APND,54.8475
2024-07-28 20:00:00-07:00,TH_SP15_GEN-APND,57.55401
2024-07-28 20:00:00-07:00,TH_ZP26_GEN-APND,57.04142
2024-07-28 21:00:00-07:00,TH_NP15_GEN-APND,47.47053
2024-07-28 21:00:00-07:00,TH_SP15_GEN-APND,48.84034
2024-07-28 21:00:00-07:00,TH_ZP26_GEN-APND,48.05826
2024-07-28 22:00:00-07:00,TH_NP15_GEN-APND,44.5667
2024-07-28 22:00:00-07:00,TH_SP15_GEN-APND,46.01347
2024-07-28 22:00:00-07:00,TH_ZP26_GEN-APND,45.4462
2024-07-28 23:00:00-07:00,TH_NP15_GEN-APND,37.41555
2024-07-28 23:00:00-07:00,TH_SP15_GEN-APND,38.34445
2024-07-28 23:00:00-07:00,TH_ZP26_GEN-APND,37.81583
2024-07-29 00:00:00-07:00,TH_NP15_GEN-APND,34.32377
2024-07-29 00:00:00-07:00,TH_SP15_GEN-APND,36.6246
2024-07-29 00:00:00-07:00,TH_ZP26_GEN-APND,36.0
2024-07-29 01:00:00-07:00,TH_NP15_GEN-APND,35.35954
2024-07-29 01:00:00-07:00,TH_SP15_GEN-APND,36.39436
2024-07-29 01:00:00-07:00,TH_ZP26_GEN-APND,36.0
2024-07-29 02:00:00-07:00,TH_NP15_GEN-APND,35.10308
2024-07-29 02:00:00-07:00,TH_SP15_GEN-APND,35.40793
2024-07-29 02:00:00-07:00,TH_ZP26_GEN-APND,34.99511
2024-07-29 03:00:00-07:00,TH_NP15_GEN-APND,34.79201
2024-07-29 03:00:00-07:00,TH_SP15_GEN-APND,35.30325
2024-07-29 03:00:00-07:00,TH_ZP26_GEN-APND,34.99231
2024-07-29 04:00:00-07:00,TH_NP15_GEN-APND,36.31145
2024-07-29 04:00:00-07:00,TH_SP15_GEN-APND,36.57975
2024-07-29 04:00:00-07:00,TH_ZP26_GEN-APND,36.10178
2024-07-29 05:00:00-07:00,TH_NP15_GEN-APND,41.67627
2024-07-29 05:00:00-07:00,TH_SP15_GEN-APND,41.41728
2024-07-29 05:00:00-07:00,TH_ZP26_GEN-APND,41.14051
2024-07-29 06:00:00-07:00,TH_NP15_GEN-APND,40.59735
2024-07-29 06:00:00-07:00,TH_SP15_GEN-APND,41.88515
2024-07-29 06:00:00-07:00,TH_ZP26_GEN-APND,41.53736
2024-07-29 07:00:00-07:00,TH_NP15_GEN-APND,32.57551
2024-07-29 07:00:00-07:00,TH_SP15_GEN-APND,32.68537
2024-07-29 07:00:00-07:00,TH_ZP26_GEN-APND,32.5589
2024-07-29 08:00:00-07:00,TH_NP15_GEN-APND,27.43484
2024-07-29 08:00:00-07:00,TH_SP15_GEN-APND,23.54638
2024-07-29 08:00:00-07:00,TH_ZP26_GEN-APND,22.3355
2024-07-29 09:00:00-07:00,TH_NP15_GEN-APND,25.85
2024-07-29 09:00:00-07:00,TH_SP15_GEN-APND,22.46719
2024-07-29 09:00:00-07:00,TH_ZP26_GEN-APND,20.60137
2024-07-29 10:00:00-07:00,TH_NP15_GEN-APND,25.40104
2024-07-29 10:00:00-07:00,TH_SP15_GEN-APND,21.14
2024-07-29 10:00:00-07:00,TH_ZP26_GEN-APND,19.09139
2024-07-29 11:00:00-07:00,TH_NP15_GEN-APND,25.69897
2024-07-29 11:00:00-07:00,TH_SP15_GEN-APND,22.31194
2024-07-29 11:00:00-07:00,TH_ZP26_GEN-APND,20.05
2024-07-29 12:00:00-07:00,TH_NP15_GEN-APND,25.52755
2024-07-29 12:00:00-07:00,TH_SP15_GEN-APND,22.89407
2024-07-29 12:00:00-07:00,TH_ZP26_GEN-APND,20.64484
2024-07-29 13:00:00-07:00,TH_NP15_GEN-APND,24.95765
2024-07-29 13:00:00-07:00,TH_SP15_GEN-APND,24.13289
2024-07-29 13:00:00-07:00,TH_ZP26_GEN-APND,21.32593
2024-07-29 14:00:00-07:00,TH_NP15_GEN-APND,27.2166
2024-07-29 14:00:00-07:00,TH_SP15_GEN-APND,27.43599
2024-07-29 14:00:00-07:00,TH_ZP26_GEN-APND,22.9094
2024-07-29 15:00:00-07:00,TH_NP15_GEN-APND,29.58343
2024-07-29 15:00:00-07:00,TH_SP15_GEN-APND,32.50118
2024-07-29 15:00:00-07:00,TH_ZP26_GEN-APND,28.24542
2024-07-29 16:00:00-07:00,TH_NP15_GEN-APND,31.80645
2024-07-29 16:00:00-07:00,TH_SP15_GEN-APND,31.69105
2024-07-29 16:00:00-07:00,TH_ZP26_GEN-APND,31.2689
2024-07-29 17:00:00-07:00,TH_NP15_GEN-APND,38.9171
2024-07-29 17:00:00-07:00,TH_SP15_GEN-APND,38.94633
2024-07-29 17:00:00-07:00,TH_ZP26_GEN-APND,38.48957
2024-07-29 18:00:00-07:00,TH_NP15_GEN-APND,46.114
2024-07-29 18:00:00-07:00,TH_SP15_GEN-APND,49.69618
2024-07-29 18:00:00-07:00,TH_ZP26_GEN-APND,47.24237
2024-07-29 19:00:00-07:00,TH_NP15_GEN-APND,62.44167
2024-07-29 19:00:00-07:00,TH_SP15_GEN-APND,63.89927
2024-07-29 19:00:00-07:00,TH_ZP26_GEN-APND,62.22192
2024-07-29 20:00:00-07:00,TH_NP15_GEN-APND,57.20396
2024-07-29 20:00:00-07:00,TH_SP15_GEN-APND,58.36323
2024-07-29 20:00:00-07:00,TH_ZP26_GEN-APND,57.28876
2024-07-29 21:00:00-07:00,TH_NP15_GEN-APND,46.50225
2024-07-29 21:00:00-07:00,TH_SP15_GEN-APND,47.17466
2024-07-29 21:00:00-07:00,TH_ZP26_GEN-APND,46.12024
2024-07-29 22:00:00-07:00,TH_NP15_GEN-APND,45.59812
2024-07-29 22:00:00-07:00,TH_SP15_GEN-APND,46.69727
2024-07-29 22:00:00-07:00,TH_ZP26_GEN-APND,45.71954
2024-07-29 23:00:00-07:00,TH_NP15_GEN-APND,39.73056
2024-07-29 23:00:00-07:00,TH_SP15_GEN-APND,40.49791
2024-07-29 23:00:00-07:00,TH_ZP26_GEN-APND,39.69574
2024-07-30 00:00:00-07:00,TH_NP15_GEN-APND,37.45479
2024-07-30 00:00:00-07:00,TH_SP15_GEN-APND,38.54849
2024-07-30 00:00:00-07:00,TH_ZP26_GEN-APND,37.92985
2024-07-30 01:00:00-07:00,TH_NP15_GEN-APND,35.18117
2024-07-30 01:00:00-07:00,TH_SP15_GEN-APND,35.94652
2024-07-30 01:00:00-07:00,TH_ZP26_GEN-APND,35.4388
2024-07-30 02:00:00-07:00,TH_NP15_GEN-APND,32.90344
2024-07-30 02:00:00-07:00,TH_SP15_GEN-APND,33.28923
2024-07-30 02:00:00-07:00,TH_ZP26_GEN-APND,32.83615
2024-07-30 03:00:00-07:00,TH_NP15_GEN-APND,32.89482
2024-07-30 03:00:00-07:00,TH_SP15_GEN-APND,33.30663
2024-07-30 03:00:00-07:00,TH_ZP26_GEN-APND,32.92748
2024-07-30 04:00:00-07:00,TH_NP15_GEN-APND,33.09544
2024-07-30 04:00:00-07:00,TH_SP15_GEN-APND,35.35662
2024-07-30 04:00:00-07:00,TH_ZP26_GEN-APND,34.94317
2024-07-30 05:00:00-07:00,TH_NP15_GEN-APND,33.35038
2024-07-30 05:00:00-07:00,TH_SP15_GEN-APND,35.98293
2024-07-30 05:00:00-07:00,TH_ZP26_GEN-APND,35.5296
2024-07-30 06:00:00-07:00,TH_NP15_GEN-APND,33.94066
2024-07-30 06:00:00-07:00,TH_SP15_GEN-APND,35.90246
2024-07-30 06:00:00-07:00,TH_ZP26_GEN-APND,35.64751
2024-07-30 07:00:00-07:00,TH_NP15_GEN-APND,25.36286
2024-07-30 07:00:00-07:00,TH_SP15_GEN-APND,27.11739
2024-07-30 07:00:00-07:00,TH_ZP26_GEN-APND,27.07492
2024-07-30 08:00:00-07:00,TH_NP15_GEN-APND,20.04471
2024-07-30 08:00:00-07:00,TH_SP15_GEN-APND,17.68879
2024-07-30 08:00:00-07:00,TH_ZP26_GEN-APND,16.1965
2024-07-30 09:00:00-07:00,TH_NP15_GEN-APND,18.39729
2024-07-30 09:00:00-07:00,TH_SP15_GEN-APND,14.66632
2024-07-30 09:00:00-07:00,TH_ZP26_GEN-APND,12.38
2024-07-30 10:00:00-07:00,TH_NP15_GEN-APND,18.09686
2024-07-30 10:00:00-07:00,TH_SP15_GEN-APND,15.84875
2024-07-30 10:00:00-07:00,TH_ZP26_GEN-APND,13.6247
2024-07-30 11:00:00-07:00,TH_NP15_GEN-APND,17.6
2024-07-30 11:00:00-07:00,TH_SP15_GEN-APND,16.54841
2024-07-30 11:00:00-07:00,TH_ZP26_GEN-APND,14.56782
2024-07-30 12:00:00-07:00,TH_NP15_GEN-APND,19.20503
2024-07-30 12:00:00-07:00,TH_SP15_GEN-APND,17.97325
2024-07-30 12:00:00-07:00,TH_ZP26_GEN-APND,15.67295
2024-07-30 13:00:00-07:00,TH_NP15_GEN-APND,23.04501
2024-07-30 13:00:00-07:00,TH_SP15_GEN-APND,19.02476
2024-07-30 13:00:00-07:00,TH_ZP26_GEN-APND,16.53112
2024-07-30 14:00:00-07:00,TH_NP15_GEN-APND,27.95178
2024-07-30 14:00:00-07:00,TH_SP15_GEN-APND,22.80528
2024-07-30 14:00:00-07:00,TH_ZP26_GEN-APND,20.23133
2024-07-30 15:00:00-07:00,TH_NP15_GEN-APND,30.47197
2024-07-30 15:00:00-07:00,TH_SP15_GEN-APND,27.68496
2024-07-30 15:00:00-07:00,TH_ZP26_GEN-APND,25.624
2024-07-30 16:00:00-07:00,TH_NP15_GEN-APND,28.66052
2024-07-30 16:00:00-07:00,TH_SP15_GEN-APND,28.57231
2024-07-30 16:00:00-07:00,TH_ZP26_GEN-APND,28.08708
2024-07-30 17:00:00-07:00,TH_NP15_GEN-APND,33.55827
2024-07-30 17:00:00-07:00,TH_SP15_GEN-APND,32.18225
2024-07-30 17:00:00-07:00,TH_ZP26_GEN-APND,30.97051
2024-07-30 18:00:00-07:00,TH_NP15_GEN-APND,46.47802
2024-07-30 18:00:00-07:00,TH_SP15_GEN-APND,47.13594
2024-07-30 18:00:00-07:00,TH_ZP26_GEN-APND,45.97683
2024-07-30 19:00:00-07:00,TH_NP15_GEN-APND,58.28421
2024-07-30 19:00:00-07:00,TH_SP15_GEN-APND,58.35153
2024-07-30 19:00:00-07:00,TH_ZP26_GEN-APND,57.71136
2024-07-30 20:00:00-07:00,TH_NP15_GEN-APND,53.17168
2024-07-30 20:00:00-07:00,TH_SP15_GEN-APND,53.22539
2024-07-30 20:00:00-07:00,TH_ZP26_GEN-APND,52.68085
2024-07-30 21:00:00-07:00,TH_NP15_GEN-APND,48.32338
2024-07-30 21:00:00-07:00,TH_SP15_GEN-APND,48.55732
2024-07-30 21:00:00-07:00,TH_ZP26_GEN-APND,47.86304
2024-07-30 22:00:00-07:00,TH_NP15_GEN-APND,44.46696
2024-07-30 22:00:00-07:00,TH_SP15_GEN-APND,45.82833
2024-07-30 22:00:00-07:00,TH_ZP26_GEN-APND,44.92761
2024-07-30 23:00:00-07:00,TH_NP15_GEN-APND,37.72326
2024-07-30 23:00:00-07:00,TH_SP15_GEN-APND,38.6696
2024-07-30 23:00:00-07:00,TH_ZP26_GEN-APND,37.98123
2024-07-31 00:00:00-07:00,TH_NP15_GEN-APND,40.86307
2024-07-31 00:00:00-07:00,TH_SP15_GEN-APND,41.39
2024-07-31 00:00:00-07:00,TH_ZP26_GEN-APND,40.77447
2024-07-31 01:00:00-07:00,TH_NP15_GEN-APND,36.17056
2024-07-31 01:00:00-07:00,TH_SP15_GEN-APND,36.31218
2024-07-31 01:00:00-07:00,TH_ZP26_GEN-APND,35.83209
2024-07-31 02:00:00-07:00,TH_NP15_GEN-APND,35.41608
2024-07-31 02:00:00-07:00,TH_SP15_GEN-APND,35.57716
2024-07-31 02:00:00-07:00,TH_ZP26_GEN-APND,35.053
2024-07-31 03:00:00-07:00,TH_NP15_GEN-APND,34.82192
2024-07-31 03:00:00-07:00,TH_SP15_GEN-APND,35.25776
2024-07-31 03:00:00-07:00,TH_ZP26_GEN-APND,34.67853
2024-07-31 04:00:00-07:00,TH_NP15_GEN-APND,34.76185
2024-07-31 04:00:00-07:00,TH_SP15_GEN-APND,36.97639
2024-07-31 04:00:00-07:00,TH_ZP26_GEN-APND,36.51088
2024-07-31 05:00:00-07:00,TH_NP15_GEN-APND,42.02179
2024-07-31 05:00:00-07:00,TH_SP15_GEN-APND,43.48296
2024-07-31 05:00:00-07:00,TH_ZP26_GEN-APND,43.15162
2024-07-31 06:00:00-07:00,TH_NP15_GEN-APND,41.90076
2024-07-31 06:00:00-07:00,TH_SP15_GEN-APND,42.83563
2024-07-31 06:00:00-07:00,TH_ZP26_GEN-APND,42.77378
2024-07-31 07:00:00-07:00,TH_NP15_GEN-APND,31.30894
2024-07-31 07:00:00-07:00,TH_SP15_GEN-APND,32.27099
2024-07-31 07:00:00-07:00,TH_ZP26_GEN-APND,32.09955
2024-07-31 08:00:00-07:00,TH_NP15_GEN-APND,28.00071
2024-07-31 08:00:00-07:00,TH_SP15_GEN-APND,26.26682
2024-07-31 08:00:00-07:00,TH_ZP26_GEN-APND,25.14515
2024-07-31 09:00:00-07:00,TH_NP15_GEN-APND,25.91976
2024-07-31 09:00:00-07:00,TH_SP15_GEN-APND,25.44852
2024-07-31 09:00:00-07:00,TH_ZP26_GEN-APND,23.66197
2024-07-31 10:00:00-07:00,TH_NP15_GEN-APND,26.11552
2024-07-31 10:00:00-07:00,TH_SP15_GEN-APND,24.52338
2024-07-31 10:00:00-07:00,TH_ZP26_GEN-APND,22.54118
2024-07-31 11:00:00-07:00,TH_NP15_GEN-APND,26.81788
2024-07-31 11:00:00-07:00,TH_SP15_GEN-APND,25.55552
2024-07-31 11:00:00-07:00,TH_ZP26_GEN-APND,23.4833
2024-07-31 12:00:00-07:00,TH_NP15_GEN-APND,27.19809
2024-07-31 12:00:00-07:00,TH_SP15_GEN-APND,26.90524
2024-07-31 12:00:00-07:00,TH_ZP26_GEN-APND,25.0
2024-07-31 13:00:00-07:00,TH_NP15_GEN-APND,28.26465
2024-07-31 13:00:00-07:00,TH_SP15_GEN-APND,27.18521
2024-07-31 13:00:00-07:00,TH_ZP26_GEN-APND,25.423
2024-07-31 14:00:00-07:00,TH_NP15_GEN-APND,34.03547
2024-07-31 14:00:00-07:00,TH_SP15_GEN-APND,31.80743
2024-07-31 14:00:00-07:00,TH_ZP26_GEN-APND,28.81164
2024-07-31 15:00:00-07:00,TH_NP15_GEN-APND,38.08004
2024-07-31 15:00:00-07:00,TH_SP15_GEN-APND,34.55782
2024-07-31 15:00:00-07:00,TH_ZP26_GEN-APND,33.07
2024-07-31 16:00:00-07:00,TH_NP15_GEN-APND,45.51387
2024-07-31 16:00:00-07:00,TH_SP15_GEN-APND,39.34637
2024-07-31 16:00:00-07:00,TH_ZP26_GEN-APND,37.10164
2024-07-31 17:00:00-07:00,TH_NP15_GEN-APND,59.99658
2024-07-31 17:00:00-07:00,TH_SP15_GEN-APND,49.29704
2024-07-31 17:00:00-07:00,TH_ZP26_GEN-APND,47.19742
2024-07-31 18:00:00-07:00,TH_NP15_GEN-APND,67.71802
2024-07-31 18:00:00-07:00,TH_SP15_GEN-APND,56.20243
2024-07-31 18:00:00-07:00,TH_ZP26_GEN-APND,54.18244
2024-07-31 19:00:00-07:00,TH_NP15_GEN-APND,99.12408
2024-07-31 19:00:00-07:00,TH_SP15_GEN-APND,89.85147
2024-07-31 19:00:00-07:00,TH_ZP26_GEN-APND,88.09571
2024-07-31 20:00:00-07:00,TH_NP15_GEN-APND,76.84462
2024-07-31 20:00:00-07:00,TH_SP15_GEN-APND,72.1521
2024-07-31 20:00:00-07:00,TH_ZP26_GEN-APND,72.2716
2024-07-31 21:00:00-07:00,TH_NP15_GEN-APND,60.53108
2024-07-31 21:00:00-07:00,TH_SP15_GEN-APND,58.33062
2024-07-31 21:00:00-07:00,TH_ZP26_GEN-APND,58.39222
2024-07-31 22:00:00-07:00,TH_NP15_GEN-APND,53.65157
2024-07-31 22:00:00-07:00,TH_SP15_GEN-APND,53.78484
2024-07-31 22:00:00-07:00,TH_ZP26_GEN-APND,53.03893
2024-07-31 23:00:00-07:00,TH_NP15_GEN-APND,48.57158
2024-07-31 23:00:00-07:00,TH_SP15_GEN-APND,49.85222
2024-07-31 23:00:00-07:00,TH_ZP26_GEN-APND,48.67796
2024-08-01 00:00:00-07:00,TH_NP15_GEN-APND,43.50994
2024-08-01 00:00:00-07:00,TH_SP15_GEN-APND,44.44426
2024-08-01 00:00:00-07:00,TH_ZP26_GEN-APND,43.51655
2024-08-01 01:00:00-07:00,TH_NP15_GEN-APND,45.18938
2024-08-01 01:00:00-07:00,TH_SP15_GEN-APND,46.01326
2024-08-01 01:00:00-07:00,TH_ZP26_GEN-APND,45.18136
2024-08-01 02:00:00-07:00,TH_NP15_GEN-APND,42.483
2024-08-01 02:00:00-07:00,TH_SP15_GEN-APND,43.06688
2024-08-01 02:00:00-07:00,TH_ZP26_GEN-APND,42.39081
2024-08-01 03:00:00-07:00,TH_NP15_GEN-APND,42.08
2024-08-01 03:00:00-07:00,TH_SP15_GEN-APND,42.29622
2024-08-01 03:00:00-07:00,TH_ZP26_GEN-APND,41.78162
2024-08-01 04:00:00-07:00,TH_NP15_GEN-APND,42.46722
2024-08-01 04:00:00-07:00,TH_SP15_GEN-APND,42.9225
2024-08-01 04:00:00-07:00,TH_ZP26_GEN-APND,42.28336
2024-08-01 05:00:00-07:00,TH_NP15_GEN-APND,43.07957
2024-08-01 05:00:00-07:00,TH_SP15_GEN-APND,43.81154
2024-08-01 05:00:00-07:00,TH_ZP26_GEN-APND,42.99408
2024-08-01 06:00:00-07:00,TH_NP15_GEN-APND,48.63328
2024-08-01 06:00:00-07:00,TH_SP15_GEN-APND,49.24239
2024-08-01 06:00:00-07:00,TH_ZP26_GEN-APND,48.58346
2024-08-01 07:00:00-07:00,TH_NP15_GEN-APND,41.29977
2024-08-01 07:00:00-07:00,TH_SP15_GEN-APND,41.48396
2024-08-01 07:00:00-07:00,TH_ZP26_GEN-APND,40.69448
2024-08-01 08:00:00-07:00,TH_NP15_GEN-APND,38.37982
2024-08-01 08:00:00-07:00,TH_SP15_GEN-APND,38.35679
2024-08-01 08:00:00-07:00,TH_ZP26_GEN-APND,36.81015
2024-08-01 09:00:00-07:00,TH_NP15_GEN-APND,35.64394
2024-08-01 09:00:00-07:00,TH_SP15_GEN-APND,34.85835
2024-08-01 09:00:00-07:00,TH_ZP26_GEN-APND,32.42088
2024-08-01 10:00:00-07:00,TH_NP15_GEN-APND,36.59851
2024-08-01 10:00:00-07:00,TH_SP15_GEN-APND,37.67475
2024-08-01 10:00:00-07:00,TH_ZP26_GEN-APND,33.31151
2024-08-01 11:00:00-07:00,TH_NP15_GEN-APND,38.30641
2024-08-01 11:00:00-07:00,TH_SP15_GEN-APND,39.64553
2024-08-01 11:00:00-07:00,TH_ZP26_GEN-APND,33.95
2024-08-01 12:00:00-07:00,TH_NP15_GEN-APND,38.78809
2024-08-01 12:00:00-07:00,TH_SP15_GEN-APND,41.35696
2024-08-01 12:00:00-07:00,TH_ZP26_GEN-APND,35.13732
2024-08-01 13:00:00-07:00,TH_NP15_GEN-APND,40.53189
2024-08-01 13:00:00-07:00,TH_SP15_GEN-APND,42.89067
2024-08-01 13:00:00-07:00,TH_ZP26_GEN-APND,37.12185
2024-08-01 14:00:00-07:00,TH_NP15_GEN-APND,46.59055
2024-08-01 14:00:00-07:00,TH_SP15_GEN-APND,49.42265
2024-08-01 14:00:00-07:00,TH_ZP26_GEN-APND,41.40195
2024-08-01 15:00:00-07:00,TH_NP15_GEN-APND,59.91913
2024-08-01 15:00:00-07:00,TH_SP15_GEN-APND,57.49649
2024-08-01 15:00:00-07:00,TH_ZP26_GEN-APND,51.91916
2024-08-01 16:00:00-07:00,TH_NP15_GEN-APND,70.15567
2024-08-01 16:00:00-07:00,TH_SP15_GEN-APND,58.44366
2024-08-01 16:00:00-07:00,TH_ZP26_GEN-APND,52.96904
2024-08-01 17:00:00-07:00,TH_NP15_GEN-APND,80.0
2024-08-01 17:00:00-07:00,TH_SP15_GEN-APND,67.80681
2024-08-01 17:00:00-07:00,TH_ZP26_GEN-APND,64.20557
2024-08-01 18:00:00-07:00,TH_NP15_GEN-APND,115.11372
2024-08-01 18:00:00-07:00,TH_SP15_GEN-APND,96.75631
2024-08-01 18:00:00-07:00,TH_ZP26_GEN-APND,91.36827
2024-08-01 19:00:00-07:00,TH_NP15_GEN-APND,179.75417
2024-08-01 19:00:00-07:00,TH_SP15_GEN-APND,164.82358
2024-08-01 19:00:00-07:00,TH_ZP26_GEN-APND,161.01051
2024-08-01 20:00:00-07:00,TH_NP15_GEN-APND,99.38257
2024-08-01 20:00:00-07:00,TH_SP15_GEN-APND,89.69503
2024-08-01 20:00:00-07:00,TH_ZP26_GEN-APND,88.0227
2024-08-01 21:00:00-07:00,TH_NP15_GEN-APND,77.1694
2024-08-01 21:00:00-07:00,TH_SP15_GEN-APND,73.89931
2024-08-01 21:00:00-07:00,TH_ZP26_GEN-APND,73.00369
2024-08-01 22:00:00-07:00,TH_NP15_GEN-APND,59.90282
2024-08-01 22:00:00-07:00,TH_SP15_GEN-APND,60.24732
2024-08-01 22:00:00-07:00,TH_ZP26_GEN-APND,59.07257
2024-08-01 23:00:00-07:00,TH_NP15_GEN-APND,53.70902
2024-08-01 23:00:00-07:00,TH_SP15_GEN-APND,54.83562
2024-08-01 23:00:00-07:00,TH_ZP26_GEN-APND,53.76645
2024-08-02 00:00:00-07:00,TH_NP15_GEN-APND,56.98578
2024-08-02 00:00:00-07:00,TH_SP15_GEN-APND,58.13
2024-08-02 00:00:00-07:00,TH_ZP26_GEN-APND,57.11028
2024-08-02 01:00:00-07:00,TH_NP15_GEN-APND,55.43158
2024-08-02 01:00:00-07:00,TH_SP15_GEN-APND,57.00285
2024-08-02 01:00:00-07:00,TH_ZP26_GEN-APND,55.90166
2024-08-02 02:00:00-07:00,TH_NP15_GEN-APND,46.9564
2024-08-02 02:00:00-07:00,TH_SP15_GEN-APND,48.22916
2024-08-02 02:00:00-07:00,TH_ZP26_GEN-APND,47.19568
2024-08-02 03:00:00-07:00,TH_NP15_GEN-APND,46.32611
2024-08-02 03:00:00-07:00,TH_SP15_GEN-APND,47.47883
2024-08-02 03:00:00-07:00,TH_ZP26_GEN-APND,46.53358
2024-08-02 04:00:00-07:00,TH_NP15_GEN-APND,46.71
2024-08-02 04:00:00-07:00,TH_SP15_GEN-APND,47.84765
2024-08-02 04:00:00-07:00,TH_ZP26_GEN-APND,46.84179
2024-08-02 05:00:00-07:00,TH_NP15_GEN-APND,54.56747
2024-08-02 05:00:00-07:00,TH_SP15_GEN-APND,55.4073
2024-08-02 05:00:00-07:00,TH_ZP26_GEN-APND,54.59772
2024-08-02 06:00:00-07:00,TH_NP15_GEN-APND,55.73106
2024-08-02 06:00:00-07:00,TH_SP15_GEN-APND,56.45048
2024-08-02 06:00:00-07:00,TH_ZP26_GEN-APND,55.67691
2024-08-02 07:00:00-07:00,TH_NP15_GEN-APND,44.75715
2024-08-02 07:00:00-07:00,TH_SP15_GEN-APND,44.37721
2024-08-02 07:00:00-07:00,TH_ZP26_GEN-APND,43.50722
2024-08-02 08:00:00-07:00,TH_NP15_GEN-APND,42.78455
2024-08-02 08:00:00-07:00,TH_SP15_GEN-APND,42.70687
2024-08-02 08:00:00-07:00,TH_ZP26_GEN-APND,41.63585
2024-08-02 09:00:00-07:00,TH_NP15_GEN-APND,42.17072
2024-08-02 09:00:00-07:00,TH_SP15_GEN-APND,41.16346
2024-08-02 09:00:00-07:00,TH_ZP26_GEN-APND,38.80732
2024-08-02 10:00:00-07:00,TH_NP15_GEN-APND,41.51983
2024-08-02 10:00:00-07:00,TH_SP15_GEN-APND,40.01653
2024-08-02 10:00:00-07:00,TH_ZP26_GEN-APND,37.06445
2024-08-02 11:00:00-07:00,TH_NP15_GEN-APND,44.56337
2024-08-02 11:00:00-07:00,TH_SP15_GEN-APND,41.96039
2024-08-02 11:00:00-07:00,TH_ZP26_GEN-APND,38.30554
2024-08-02 12:00:00-07:00,TH_NP15_GEN-APND,44.98436
2024-08-02 12:00:00-07:00,TH_SP15_GEN-APND,42.29883
2024-08-02 12:00:00-07:00,TH_ZP26_GEN-APND,38.08271
2024-08-02 13:00:00-07:00,TH_NP15_GEN-APND,49.40724
2024-08-02 13:00:00-07:00,TH_SP15_GEN-APND,45.2483
2024-08-02 13:00:00-07:00,TH_ZP26_GEN-APND,40.87571
2024-08-02 14:00:00-07:00,TH_NP15_GEN-APND,55.78717
2024-08-02 14:00:00-07:00,TH_SP15_GEN-APND,52.38261
2024-08-02 14:00:00-07:00,TH_ZP26_GEN-APND,48.55728
2024-08-02 15:00:00-07:00,TH_NP15_GEN-APND,65.48175
2024-08-02 15:00:00-07:00,TH_SP15_GEN-APND,60.39207
2024-08-02 15:00:00-07:00,TH_ZP26_GEN-APND,56.34763
2024-08-02 16:00:00-07:00,TH_NP15_GEN-APND,75.74656
2024-08-02 16:00:00-07:00,TH_SP15_GEN-APND,65.01994
2024-08-02 16:00:00-07:00,TH_ZP26_GEN-APND,61.00831
2024-08-02 17:00:00-07:00,TH_NP15_GEN-APND,91.15933
2024-08-02 17:00:00-07:00,TH_SP15_GEN-APND,76.82956
2024-08-02 17:00:00-07:00,TH_ZP26_GEN-APND,72.65591
2024-08-02 18:00:00-07:00,TH_NP15_GEN-APND,140.26074
2024-08-02 18:00:00-07:00,TH_SP15_GEN-APND,125.41398
2024-08-02 18:00:00-07:00,TH_ZP26_GEN-APND,119.43249
2024-08-02 19:00:00-07:00,TH_NP15_GEN-APND,222.92934
2024-08-02 19:00:00-07:00,TH_SP15_GEN-APND,213.33945
2024-08-02 19:00:00-07:00,TH_ZP26_GEN-APND,210.20879
2024-08-02 20:00:00-07:00,TH_NP15_GEN-APND,124.46325
2024-08-02 20:00:00-07:00,TH_SP15_GEN-APND,114.36806
2024-08-02 20:00:00-07:00,TH_ZP26_GEN-APND,112.46005
2024-08-02 21:00:00-07:00,TH_NP15_GEN-APND,81.77042
2024-08-02 21:00:00-07:00,TH_SP15_GEN-APND,78.45
2024-08-02 21:00:00-07:00,TH_ZP26_GEN-APND,77.52167
2024-08-02 22:00:00-07:00,TH_NP15_GEN-APND,64.14925
2024-08-02 22:00:00-07:00,TH_SP15_GEN-APND,63.06139
2024-08-02 22:00:00-07:00,TH_ZP26_GEN-APND,62.39572
2024-08-02 23:00:00-07:00,TH_NP15_GEN-APND,57.84727
2024-08-02 23:00:00-07:00,TH_SP15_GEN-APND,58.28712
2024-08-02 23:00:00-07:00,TH_ZP26_GEN-APND,57.43217
2024-08-03 00:00:00-07:00,TH_NP15_GEN-APND,57.17917
2024-08-03 00:00:00-07:00,TH_SP15_GEN-APND,57.11323
2024-08-03 00:00:00-07:00,TH_ZP26_GEN-APND,56.45971
2024-08-03 01:00:00-07:00,TH_NP15_GEN-APND,56.49199
2024-08-03 01:00:00-07:00,TH_SP15_GEN-APND,56.60806
2024-08-03 01:00:00-07:00,TH_ZP26_GEN-APND,56.07413
2024-08-03 02:00:00-07:00,TH_NP15_GEN-APND,50.66846
2024-08-03 02:00:00-07:00,TH_SP15_GEN-APND,50.58537
2024-08-03 02:00:00-07:00,TH_ZP26_GEN-APND,50.1907
2024-08-03 03:00:00-07:00,TH_NP15_GEN-APND,45.13182
2024-08-03 03:00:00-07:00,TH_SP15_GEN-APND,45.08352
2024-08-03 03:00:00-07:00,TH_ZP26_GEN-APND,44.62136
2024-08-03 04:00:00-07:00,TH_NP15_GEN-APND,46.00775
2024-08-03 04:00:00-07:00,TH_SP15_GEN-APND,45.83404
2024-08-03 04:00:00-07:00,TH_ZP26_GEN-APND,45.41053
2024-08-03 05:00:00-07:00,TH_NP15_GEN-APND,45.58655
2024-08-03 05:00:00-07:00,TH_SP15_GEN-APND,45.94511
2024-08-03 05:00:00-07:00,TH_ZP26_GEN-APND,45.22754
2024-08-03 06:00:00-07:00,TH_NP15_GEN-APND,44.97442
2024-08-03 06:00:00-07:00,TH_SP15_GEN-APND,44.9928
2024-08-03 06:00:00-07:00,TH_ZP26_GEN-APND,44.42746
2024-08-03 07:00:00-07:00,TH_NP15_GEN-APND,38.35677
2024-08-03 07:00:00-07:00,TH_SP15_GEN-APND,36.89386
2024-08-03 07:00:00-07:00,TH_ZP26_GEN-APND,36.5346
2024-08-03 08:00:00-07:00,TH_NP15_GEN-APND,34.03598
2024-08-03 08:00:00-07:00,TH_SP15_GEN-APND,32.56068
2024-08-03 08:00:00-07:00,TH_ZP26_GEN-APND,31.46691
2024-08-03 09:00:00-07:00,TH_NP15_GEN-APND,33.4049
2024-08-03 09:00:00-07:00,TH_SP15_GEN-APND,31.59119
2024-08-03 09:00:00-07:00,TH_ZP26_GEN-APND,29.28397
2024-08-03 10:00:00-07:00,TH_NP15_GEN-APND,35.39164
2024-08-03 10:00:00-07:00,TH_SP15_GEN-APND,33.22159
2024-08-03 10:00:00-07:00,TH_ZP26_GEN-APND,30.18774
2024-08-03 11:00:00-07:00,TH_NP15_GEN-APND,36.40701
2024-08-03 11:00:00-07:00,TH_SP15_GEN-APND,34.08477
2024-08-03 11:00:00-07:00,TH_ZP26_GEN-APND,30.59101
2024-08-03 12:00:00-07:00,TH_NP15_GEN-APND,38.86477
2024-08-03 12:00:00-07:00,TH_SP15_GEN-APND,36.33136
2024-08-03 12:00:00-07:00,TH_ZP26_GEN-APND,33.37878
2024-08-03 13:00:00-07:00,TH_NP15_GEN-APND,42.6034
2024-08-03 13:00:00-07:00,TH_SP15_GEN-APND,39.84239
2024-08-03 13:00:00-07:00,TH_ZP26_GEN-APND,35.97549
2024-08-03 14:00:00-07:00,TH_NP15_GEN-APND,46.11264
2024-08-03 14:00:00-07:00,TH_SP15_GEN-APND,41.95257
2024-08-03 14:00:00-07:00,TH_ZP26_GEN-APND,37.08618
2024-08-03 15:00:00-07:00,TH_NP15_GEN-APND,56.52952
2024-08-03 15:00:00-07:00,TH_SP15_GEN-APND,50.31042
2024-08-03 15:00:00-07:00,TH_ZP26_GEN-APND,47.11609
2024-08-03 16:00:00-07:00,TH_NP15_GEN-APND,65.0302
2024-08-03 16:00:00-07:00,TH_SP15_GEN-APND,56.59796
2024-08-03 16:00:00-07:00,TH_ZP26_GEN-APND,52.55357
2024-08-03 17:00:00-07:00,TH_NP15_GEN-APND,72.41907
2024-08-03 17:00:00-07:00,TH_SP15_GEN-APND,62.31266
2024-08-03 17:00:00-07:00,TH_ZP26_GEN-APND,59.05696
2024-08-03 18:00:00-07:00,TH_NP15_GEN-APND,121.48119
2024-08-03 18:00:00-07:00,TH_SP15_GEN-APND,111.0
2024-08-03 18:00:00-07:00,TH_ZP26_GEN-APND,106.5765
2024-08-03 19:00:00-07:00,TH_NP15_GEN-APND,235.68251
2024-08-03 19:00:00-07:00,TH_SP15_GEN-APND,227.31955
2024-08-03 19:00:00-07:00,TH_ZP26_GEN-APND,224.65508
2024-08-03 20:00:00-07:00,TH_NP15_GEN-APND,99.67276
2024-08-03 20:00:00-07:00,TH_SP15_GEN-APND,93.27077
2024-08-03 20:00:00-07:00,TH_ZP26_GEN-APND,91.8907
2024-08-03 21:00:00-07:00,TH_NP15_GEN-APND,71.08495
2024-08-03 21:00:00-07:00,TH_SP15_GEN-APND,68.74016
2024-08-03 21:00:00-07:00,TH_ZP26_GEN-APND,67.71845
2024-08-03 22:00:00-07:00,TH_NP15_GEN-APND,59.51002
2024-08-03 22:00:00-07:00,TH_SP15_GEN-APND,59.04869
2024-08-03 22:00:00-07:00,TH_ZP26_GEN-APND,58.35903
2024-08-03 23:00:00-07:00,TH_NP15_GEN-APND,54.23925
2024-08-03 23:00:00-07:00,TH_SP15_GEN-APND,54.52
2024-08-03 23:00:00-07:00,TH_ZP26_GEN-APND,53.83996
2024-08-04 00:00:00-07:00,TH_NP15_GEN-APND,46.10553
2024-08-04 00:00:00-07:00,TH_SP15_GEN-APND,46.5858
2024-08-04 00:00:00-07:00,TH_ZP26_GEN-APND,45.7722
2024-08-04 01:00:00-07:00,TH_NP15_GEN-APND,43.85089
2024-08-04 01:00:00-07:00,TH_SP15_GEN-APND,44.42095
2024-08-04 01:00:00-07:00,TH_ZP26_GEN-APND,43.55433
2024-08-04 02:00:00-07:00,TH_NP15_GEN-APND,41.46785
2024-08-04 02:00:00-07:00,TH_SP15_GEN-APND,41.69341
2024-08-04 02:00:00-07:00,TH_ZP26_GEN-APND,41.01481
2024-08-04 03:00:00-07:00,TH_NP15_GEN-APND,39.66923
2024-08-04 03:00:00-07:00,TH_SP15_GEN-APND,39.93195
2024-08-04 03:00:00-07:00,TH_ZP26_GEN-APND,39.20521
2024-08-04 04:00:00-07:00,TH_NP15_GEN-APND,39.63666
2024-08-04 04:00:00-07:00,TH_SP15_GEN-APND,40.01731
2024-08-04 04:00:00-07:00,TH_ZP26_GEN-APND,39.22929
2024-08-04 05:00:00-07:00,TH_NP15_GEN-APND,41.44108
2024-08-04 05:00:00-07:00,TH_SP15_GEN-APND,42.12666
2024-08-04 05:00:00-07:00,TH_ZP26_GEN-APND,41.23081
2024-08-04 06:00:00-07:00,TH_NP15_GEN-APND,38.34365
2024-08-04 06:00:00-07:00,TH_SP15_GEN-APND,39.09742
2024-08-04 06:00:00-07:00,TH_ZP26_GEN-APND,38.15645
2024-08-04 07:00:00-07:00,TH_NP15_GEN-APND,33.69416
2024-08-04 07:00:00-07:00,TH_SP15_GEN-APND,33.7245
2024-08-04 07:00:00-07:00,TH_ZP26_GEN-APND,33.02524
2024-08-04 08:00:00-07:00,TH_NP15_GEN-APND,32.07464
2024-08-04 08:00:00-07:00,TH_SP15_GEN-APND,28.45526
2024-08-04 08:00:00-07:00,TH_ZP26_GEN-APND,27.01958
2024-08-04 09:00:00-07:00,TH_NP15_GEN-APND,31.2501
2024-08-04 09:00:00-07:00,TH_SP15_GEN-APND,26.81341
2024-08-04 09:00:00-07:00,TH_ZP26_GEN-APND,24.35728
2024-08-04 10:00:00-07:00,TH_NP15_GEN-APND,32.39816
2024-08-04 10:00:00-07:00,TH_SP15_GEN-APND,29.56137
2024-08-04 10:00:00-07:00,TH_ZP26_GEN-APND,27.16
2024-08-04 11:00:00-07:00,TH_NP15_GEN-APND,34.95127
2024-08-04 11:00:00-07:00,TH_SP15_GEN-APND,32.63553
2024-08-04 11:00:00-07:00,TH_ZP26_GEN-APND,29.01265
2024-08-04 12:00:00-07:00,TH_NP15_GEN-APND,37.19455
2024-08-04 12:00:00-07:00,TH_SP15_GEN-APND,35.77531
2024-08-04 12:00:00-07:00,TH_ZP26_GEN-APND,32.31
2024-08-04 13:00:00-07:00,TH_NP15_GEN-APND,41.34744
2024-08-04 13:00:00-07:00,TH_SP15_GEN-APND,39.8328
2024-08-04 13:00:00-07:00,TH_ZP26_GEN-APND,36.73845
2024-08-04 14:00:00-07:00,TH_NP15_GEN-APND,43.0377
2024-08-04 14:00:00-07:00,TH_SP15_GEN-APND,44.31958
2024-08-04 14:00:00-07:00,TH_ZP26_GEN-APND,40.02058
2024-08-04 15:00:00-07:00,TH_NP15_GEN-APND,47.64011
2024-08-04 15:00:00-07:00,TH_SP15_GEN-APND,47.24287
2024-08-04 15:00:00-07:00,TH_ZP26_GEN-APND,44.22573
2024-08-04 16:00:00-07:00,TH_NP15_GEN-APND,54.18065
2024-08-04 16:00:00-07:00,TH_SP15_GEN-APND,53.16114
2024-08-04 16:00:00-07:00,TH_ZP26_GEN-APND,48.83111
2024-08-04 17:00:00-07:00,TH_NP15_GEN-APND,66.65015
2024-08-04 17:00:00-07:00,TH_SP15_GEN-APND,64.02121
2024-08-04 17:00:00-07:00,TH_ZP26_GEN-APND,61.41624
2024-08-04 18:00:00-07:00,TH_NP15_GEN-APND,95.65456
2024-08-04 18:00:00-07:00,TH_SP15_GEN-APND,92.97973
2024-08-04 18:00:00-07:00,TH_ZP26_GEN-APND,87.83697
2024-08-04 19:00:00-07:00,TH_NP15_GEN-APND,177.8786
2024-08-04 19:00:00-07:00,TH_SP15_GEN-APND,175.55775
2024-08-04 19:00:00-07:00,TH_ZP26_GEN-APND,171.81805
2024-08-04 20:00:00-07:00,TH_NP15_GEN-APND,88.79008
2024-08-04 20:00:00-07:00,TH_SP15_GEN-APND,87.20928
2024-08-04 20:00:00-07:00,TH_ZP26_GEN-APND,85.35388
2024-08-04 21:00:00-07:00,TH_NP15_GEN-APND,65.06521
2024-08-04 21:00:00-07:00,TH_SP15_GEN-APND,65.77399
2024-08-04 21:00:00-07:00,TH_ZP26_GEN-APND,64.32455
2024-08-04 22:00:00-07:00,TH_NP15_GEN-APND,55.8178
2024-08-04 22:00:00-07:00,TH_SP15_GEN-APND,56.27
2024-08-04 22:00:00-07:00,TH_ZP26_GEN-APND,55.64632
2024-08-04 23:00:00-07:00,TH_NP15_GEN-APND,49.53009
2024-08-04 23:00:00-07:00,TH_SP15_GEN-APND,49.88722
2024-08-04 23:00:00-07:00,TH_ZP26_GEN-APND,49.15381
2024-08-05 00:00:00-07:00,TH_NP15_GEN-APND,50.3365
2024-08-05 00:00:00-07:00,TH_SP15_GEN-APND,51.89857
2024-08-05 00:00:00-07:00,TH_ZP26_GEN-APND,50.75604
2024-08-05 01:00:00-07:00,TH_NP15_GEN-APND,45.21052
2024-08-05 01:00:00-07:00,TH_SP15_GEN-APND,46.2409
2024-08-05 01:00:00-07:00,TH_ZP26_GEN-APND,45.03841
2024-08-05 02:00:00-07:00,TH_NP15_GEN-APND,42.81265
2024-08-05 02:00:00-07:00,TH_SP15_GEN-APND,43.92652
2024-08-05 02:00:00-07:00,TH_ZP26_GEN-APND,42.75487
2024-08-05 03:00:00-07:00,TH_NP15_GEN-APND,42.50456
2024-08-05 03:00:00-07:00,TH_SP15_GEN-APND,43.51589
2024-08-05 03:00:00-07:00,TH_ZP26_GEN-APND,42.44264
2024-08-05 04:00:00-07:00,TH_NP15_GEN-APND,42.69836
2024-08-05 04:00:00-07:00,TH_SP15_GEN-APND,44.00673
2024-08-05 04:00:00-07:00,TH_ZP26_GEN-APND,42.77754
2024-08-05 05:00:00-07:00,TH_NP15_GEN-APND,47.00082
2024-08-05 05:00:00-07:00,TH_SP15_GEN-APND,48.17336
2024-08-05 05:00:00-07:00,TH_ZP26_GEN-APND,47.01375
2024-08-05 06:00:00-07:00,TH_NP15_GEN-APND,51.2928
2024-08-05 06:00:00-07:00,TH_SP15_GEN-APND,52.54499
2024-08-05 06:00:00-07:00,TH_ZP26_GEN-APND,51.16631
2024-08-05 07:00:00-07:00,TH_NP15_GEN-APND,42.57512
2024-08-05 07:00:00-07:00,TH_SP15_GEN-APND,42.89116
2024-08-05 07:00:00-07:00,TH_ZP26_GEN-APND,41.62688
2024-08-05 08:00:00-07:00,TH_NP15_GEN-APND,40.00278
2024-08-05 08:00:00-07:00,TH_SP15_GEN-APND,40.24505
2024-08-05 08:00:00-07:00,TH_ZP26_GEN-APND,38.56
2024-08-05 09:00:00-07:00,TH_NP15_GEN-APND,37.50266
2024-08-05 09:00:00-07:00,TH_SP15_GEN-APND,38.65188
2024-08-05 09:00:00-07:00,TH_ZP26_GEN-APND,35.44965
2024-08-05 10:00:00-07:00,TH_NP15_GEN-APND,38.28622
2024-08-05 10:00:00-07:00,TH_SP15_GEN-APND,41.20936
2024-08-05 10:00:00-07:00,TH_ZP26_GEN-APND,36.52344
2024-08-05 11:00:00-07:00,TH_NP15_GEN-APND,39.23209
2024-08-05 11:00:00-07:00,TH_SP15_GEN-APND,43.58759
2024-08-05 11:00:00-07:00,TH_ZP26_GEN-APND,37.46811
2024-08-05 12:00:00-07:00,TH_NP15_GEN-APND,42.5148
2024-08-05 12:00:00-07:00,TH_SP15_GEN-APND,47.87321
2024-08-05 12:00:00-07:00,TH_ZP26_GEN-APND,39.46285
2024-08-05 13:00:00-07:00,TH_NP15_GEN-APND,49.68981
2024-08-05 13:00:00-07:00,TH_SP15_GEN-APND,58.66
2024-08-05 13:00:00-07:00,TH_ZP26_GEN-APND,44.17617
2024-08-05 14:00:00-07:00,TH_NP15_GEN-APND,56.07
2024-08-05 14:00:00-07:00,TH_SP15_GEN-APND,65.20575
2024-08-05 14:00:00-07:00,TH_ZP26_GEN-APND,53.19631
2024-08-05 15:00:00-07:00,TH_NP15_GEN-APND,63.46148
2024-08-05 15:00:00-07:00,TH_SP15_GEN-APND,70.80593
2024-08-05 15:00:00-07:00,TH_ZP26_GEN-APND,56.90754
2024-08-05 16:00:00-07:00,TH_NP15_GEN-APND,67.88025
2024-08-05 16:00:00-07:00,TH_SP15_GEN-APND,98.85114
2024-08-05 16:00:00-07:00,TH_ZP26_GEN-APND,63.29256
2024-08-05 17:00:00-07:00,TH_NP15_GEN-APND,92.7
2024-08-05 17:00:00-07:00,TH_SP15_GEN-APND,115.05121
2024-08-05 17:00:00-07:00,TH_ZP26_GEN-APND,85.93728
2024-08-05 18:00:00-07:00,TH_NP15_GEN-APND,130.57466
2024-08-05 18:00:00-07:00,TH_SP15_GEN-APND,293.0392
2024-08-05 18:00:00-07:00,TH_ZP26_GEN-APND,108.3506
2024-08-05 19:00:00-07:00,TH_NP15_GEN-APND,239.8868
2024-08-05 19:00:00-07:00,TH_SP15_GEN-APND,419.79523
2024-08-05 19:00:00-07:00,TH_ZP26_GEN-APND,222.84438
2024-08-05 20:00:00-07:00,TH_NP15_GEN-APND,112.92697
2024-08-05 20:00:00-07:00,TH_SP15_GEN-APND,149.08408
2024-08-05 20:00:00-07:00,TH_ZP26_GEN-APND,108.76472
2024-08-05 21:00:00-07:00,TH_NP15_GEN-APND,74.96003
2024-08-05 21:00:00-07:00,TH_SP15_GEN-APND,108.68302
2024-08-05 21:00:00-07:00,TH_ZP26_GEN-APND,71.71869
2024-08-05 22:00:00-07:00,TH_NP15_GEN-APND,58.44027
2024-08-05 22:00:00-07:00,TH_SP15_GEN-APND,60.35277
2024-08-05 22:00:00-07:00,TH_ZP26_GEN-APND,58.44685
2024-08-05 23:00:00-07:00,TH_NP15_GEN-APND,53.35655
2024-08-05 23:00:00-07:00,TH_SP15_GEN-APND,54.34123
2024-08-05 23:00:00-07:00,TH_ZP26_GEN-APND,53.10399
2024-08-06 00:00:00-07:00,TH_NP15_GEN-APND,43.12667
2024-08-06 00:00:00-07:00,TH_SP15_GEN-APND,44.74377
2024-08-06 00:00:00-07:00,TH_ZP26_GEN-APND,43.61579
2024-08-06 01:00:00-07:00,TH_NP15_GEN-APND,40.71726
2024-08-06 01:00:00-07:00,TH_SP15_GEN-APND,42.17887
2024-08-06 01:00:00-07:00,TH_ZP26_GEN-APND,41.27967
2024-08-06 02:00:00-07:00,TH_NP15_GEN-APND,39.99417
2024-08-06 02:00:00-07:00,TH_SP15_GEN-APND,41.3902
2024-08-06 02:00:00-07:00,TH_ZP26_GEN-APND,40.54755
2024-08-06 03:00:00-07:00,TH_NP15_GEN-APND,40.09121
2024-08-06 03:00:00-07:00,TH_SP15_GEN-APND,41.23357
2024-08-06 03:00:00-07:00,TH_ZP26_GEN-APND,40.5264
2024-08-06 04:00:00-07:00,TH_NP15_GEN-APND,40.24226
2024-08-06 04:00:00-07:00,TH_SP15_GEN-APND,41.83961
2024-08-06 04:00:00-07:00,TH_ZP26_GEN-APND,40.88035
2024-08-06 05:00:00-07:00,TH_NP15_GEN-APND,43.96797
2024-08-06 05:00:00-07:00,TH_SP15_GEN-APND,45.66001
2024-08-06 05:00:00-07:00,TH_ZP26_GEN-APND,44.65343
2024-08-06 06:00:00-07:00,TH_NP15_GEN-APND,44.27579
2024-08-06 06:00:00-07:00,TH_SP15_GEN-APND,46.76165
2024-08-06 06:00:00-07:00,TH_ZP26_GEN-APND,45.22983
2024-08-06 07:00:00-07:00,TH_NP15_GEN-APND,39.43972
2024-08-06 07:00:00-07:00,TH_SP15_GEN-APND,41.07928
2024-08-06 07:00:00-07:00,TH_ZP26_GEN-APND,39.84039
2024-08-06 08:00:00-07:00,TH_NP15_GEN-APND,37.1854
2024-08-06 08:00:00-07:00,TH_SP15_GEN-APND,39.27756
2024-08-06 08:00:00-07:00,TH_ZP26_GEN-APND,37.57431
2024-08-06 09:00:00-07:00,TH_NP15_GEN-APND,36.30803
2024-08-06 09:00:00-07:00,TH_SP15_GEN-APND,38.35354
2024-08-06 09:00:00-07:00,TH_ZP26_GEN-APND,36.09924
2024-08-06 10:00:00-07:00,TH_NP15_GEN-APND,37.40635
2024-08-06 10:00:00-07:00,TH_SP15_GEN-APND,40.35573
2024-08-06 10:00:00-07:00,TH_ZP26_GEN-APND,36.61036
2024-08-06 11:00:00-07:00,TH_NP15_GEN-APND,37.72909
2024-08-06 11:00:00-07:00,TH_SP15_GEN-APND,40.71043
2024-08-06 11:00:00-07:00,TH_ZP26_GEN-APND,36.56128
2024-08-06 12:00:00-07:00,TH_NP15_GEN-APND,37.85136
2024-08-06 12:00:00-07:00,TH_SP15_GEN-APND,41.13859
2024-08-06 12:00:00-07:00,TH_ZP26_GEN-APND,36.83011
2024-08-06 13:00:00-07:00,TH_NP15_GEN-APND,40.49425
2024-08-06 13:00:00-07:00,TH_SP15_GEN-APND,44.4003
2024-08-06 13:00:00-07:00,TH_ZP26_GEN-APND,38.59297
2024-08-06 14:00:00-07:00,TH_NP15_GEN-APND,45.09637
2024-08-06 14:00:00-07:00,TH_SP15_GEN-APND,48.42746
2024-08-06 14:00:00-07:00,TH_ZP26_GEN-APND,41.96113
2024-08-06 15:00:00-07:00,TH_NP15_GEN-APND,56.85047
2024-08-06 15:00:00-07:00,TH_SP15_GEN-APND,58.93862
2024-08-06 15:00:00-07:00,TH_ZP26_GEN-APND,51.92407
2024-08-06 16:00:00-07:00,TH_NP15_GEN-APND,71.05483
2024-08-06 16:00:00-07:00,TH_SP15_GEN-APND,65.89638
2024-08-06 16:00:00-07:00,TH_ZP26_GEN-APND,61.20719
2024-08-06 17:00:00-07:00,TH_NP15_GEN-APND,94.27516
2024-08-06 17:00:00-07:00,TH_SP15_GEN-APND,84.19503
2024-08-06 17:00:00-07:00,TH_ZP26_GEN-APND,77.90673
2024-08-06 18:00:00-07:00,TH_NP15_GEN-APND,168.97916
2024-08-06 18:00:00-07:00,TH_SP15_GEN-APND,173.13934
2024-08-06 18:00:00-07:00,TH_ZP26_GEN-APND,152.34103
2024-08-06 19:00:00-07:00,TH_NP15_GEN-APND,310.58182
2024-08-06 19:00:00-07:00,TH_SP15_GEN-APND,311.96536
2024-08-06 19:00:00-07:00,TH_ZP26_GEN-APND,303.92175
2024-08-06 20:00:00-07:00,TH_NP15_GEN-APND,132.12163
2024-08-06 20:00:00-07:00,TH_SP15_GEN-APND,129.36867
2024-08-06 20:00:00-07:00,TH_ZP26_GEN-APND,126.86698
2024-08-06 21:00:00-07:00,TH_NP15_GEN-APND,81.26878
2024-08-06 21:00:00-07:00,TH_SP15_GEN-APND,83.13704
2024-08-06 21:00:00-07:00,TH_ZP26_GEN-APND,79.98887
2024-08-06 22:00:00-07:00,TH_NP15_GEN-APND,60.05728
2024-08-06 22:00:00-07:00,TH_SP15_GEN-APND,61.61605
2024-08-06 22:00:00-07:00,TH_ZP26_GEN-APND,59.96869
2024-08-06 23:00:00-07:00,TH_NP15_GEN-APND,49.64536
2024-08-06 23:00:00-07:00,TH_SP15_GEN-APND,49.96988
2024-08-06 23:00:00-07:00,TH_ZP26_GEN-APND,49.13651
2024-08-07 00:00:00-07:00,TH_NP15_GEN-APND,41.48621
2024-08-07 00:00:00-07:00,TH_SP15_GEN-APND,41.99081
2024-08-07 00:00:00-07:00,TH_ZP26_GEN-APND,41.31617
2024-08-07 01:00:00-07:00,TH_NP15_GEN-APND,40.01028
2024-08-07 01:00:00-07:00,TH_SP15_GEN-APND,40.50363
2024-08-07 01:00:00-07:00,TH_ZP26_GEN-APND,39.92813
2024-08-07 02:00:00-07:00,TH_NP15_GEN-APND,39.83628
2024-08-07 02:00:00-07:00,TH_SP15_GEN-APND,40.06792
2024-08-07 02:00:00-07:00,TH_ZP26_GEN-APND,39.54692
2024-08-07 03:00:00-07:00,TH_NP15_GEN-APND,39.65768
2024-08-07 03:00:00-07:00,TH_SP15_GEN-APND,39.69581
2024-08-07 03:00:00-07:00,TH_ZP26_GEN-APND,39.34156
2024-08-07 04:00:00-07:00,TH_NP15_GEN-APND,39.62918
2024-08-07 04:00:00-07:00,TH_SP15_GEN-APND,39.9493
2024-08-07 04:00:00-07:00,TH_ZP26_GEN-APND,39.41038
2024-08-07 05:00:00-07:00,TH_NP15_GEN-APND,40.47674
2024-08-07 05:00:00-07:00,TH_SP15_GEN-APND,40.66103
2024-08-07 05:00:00-07:00,TH_ZP26_GEN-APND,40.23526
2024-08-07 06:00:00-07:00,TH_NP15_GEN-APND,43.02228
2024-08-07 06:00:00-07:00,TH_SP15_GEN-APND,44.06077
2024-08-07 06:00:00-07:00,TH_ZP26_GEN-APND,43.26793
2024-08-07 07:00:00-07:00,TH_NP15_GEN-APND,38.49289
2024-08-07 07:00:00-07:00,TH_SP15_GEN-APND,38.66393
2024-08-07 07:00:00-07:00,TH_ZP26_GEN-APND,38.0026
2024-08-07 08:00:00-07:00,TH_NP15_GEN-APND,34.70562
2024-08-07 08:00:00-07:00,TH_SP15_GEN-APND,34.39437
2024-08-07 08:00:00-07:00,TH_ZP26_GEN-APND,32.6541
2024-08-07 09:00:00-07:00,TH_NP15_GEN-APND,34.3075
2024-08-07 09:00:00-07:00,TH_SP15_GEN-APND,33.69343
2024-08-07 09:00:00-07:00,TH_ZP26_GEN-APND,31.60954
2024-08-07 10:00:00-07:00,TH_NP15_GEN-APND,34.61693
2024-08-07 10:00:00-07:00,TH_SP15_GEN-APND,33.89618
2024-08-07 10:00:00-07:00,TH_ZP26_GEN-APND,31.51958
2024-08-07 11:00:00-07:00,TH_NP15_GEN-APND,34.90808
2024-08-07 11:00:00-07:00,TH_SP15_GEN-APND,34.20303
2024-08-07 11:00:00-07:00,TH_ZP26_GEN-APND,31.62281
2024-08-07 12:00:00-07:00,TH_NP15_GEN-APND,35.54
2024-08-07 12:00:00-07:00,TH_SP15_GEN-APND,34.83602
2024-08-07 12:00:00-07:00,TH_ZP26_GEN-APND,32.15176
2024-08-07 13:00:00-07:00,TH_NP15_GEN-APND,38.8957
2024-08-07 13:00:00-07:00,TH_SP15_GEN-APND,37.96353
2024-08-07 13:00:00-07:00,TH_ZP26_GEN-APND,35.77102
2024-08-07 14:00:00-07:00,TH_NP15_GEN-APND,41.61333
2024-08-07 14:00:00-07:00,TH_SP15_GEN-APND,39.40475
2024-08-07 14:00:00-07:00,TH_ZP26_GEN-APND,37.02476
2024-08-07 15:00:00-07:00,TH_NP15_GEN-APND,44.97185
2024-08-07 15:00:00-07:00,TH_SP15_GEN-APND,43.12754
2024-08-07 15:00:00-07:00,TH_ZP26_GEN-APND,41.72166
2024-08-07 16:00:00-07:00,TH_NP15_GEN-APND,48.66233
2024-08-07 16:00:00-07:00,TH_SP15_GEN-APND,44.93986
2024-08-07 16:00:00-07:00,TH_ZP26_GEN-APND,42.88472
2024-08-07 17:00:00-07:00,TH_NP15_GEN-APND,56.25472
2024-08-07 17:00:00-07:00,TH_SP15_GEN-APND,52.40388
2024-08-07 17:00:00-07:00,TH_ZP26_GEN-APND,50.44343
2024-08-07 18:00:00-07:00,TH_NP15_GEN-APND,70.50686
2024-08-07 18:00:00-07:00,TH_SP15_GEN-APND,64.5081
2024-08-07 18:00:00-07:00,TH_ZP26_GEN-APND,62.04721
2024-08-07 19:00:00-07:00,TH_NP15_GEN-APND,113.72869
2024-08-07 19:00:00-07:00,TH_SP15_GEN-APND,109.89438
2024-08-07 19:00:00-07:00,TH_ZP26_GEN-APND,109.97401
2024-08-07 20:00:00-07:00,TH_NP15_GEN-APND,72.92281
2024-08-07 20:00:00-07:00,TH_SP15_GEN-APND,68.78366
2024-08-07 20:00:00-07:00,TH_ZP26_GEN-APND,68.19671
2024-08-07 21:00:00-07:00,TH_NP15_GEN-APND,59.9591
2024-08-07 21:00:00-07:00,TH_SP15_GEN-APND,57.99468
2024-08-07 21:00:00-07:00,TH_ZP26_GEN-APND,57.37119
2024-08-07 22:00:00-07:00,TH_NP15_GEN-APND,50.65175
2024-08-07 22:00:00-07:00,TH_SP15_GEN-APND,49.81039
2024-08-07 22:00:00-07:00,TH_ZP26_GEN-APND,49.29174
2024-08-07 23:00:00-07:00,TH_NP15_GEN-APND,43.53311
2024-08-07 23:00:00-07:00,TH_SP15_GEN-APND,43.58777
2024-08-07 23:00:00-07:00,TH_ZP26_GEN-APND,42.94439
2024-08-08 00:00:00-07:00,TH_NP15_GEN-APND,40.64646
2024-08-08 00:00:00-07:00,TH_SP15_GEN-APND,40.86791
2024-08-08 00:00:00-07:00,TH_ZP26_GEN-APND,40.38943
2024-08-08 01:00:00-07:00,TH_NP15_GEN-APND,38.786
2024-08-08 01:00:00-07:00,TH_SP15_GEN-APND,38.98197
2024-08-08 01:00:00-07:00,TH_ZP26_GEN-APND,38.55804
2024-08-08 02:00:00-07:00,TH_NP15_GEN-APND,35.83492
2024-08-08 02:00:00-07:00,TH_SP15_GEN-APND,35.90122
2024-08-08 02:00:00-07:00,TH_ZP26_GEN-APND,35.54394
2024-08-08 03:00:00-07:00,TH_NP15_GEN-APND,34.10984
2024-08-08 03:00:00-07:00,TH_SP15_GEN-APND,33.9562
2024-08-08 03:00:00-07:00,TH_ZP26_GEN-APND,33.72223
2024-08-08 04:00:00-07:00,TH_NP15_GEN-APND,35.45602
2024-08-08 04:00:00-07:00,TH_SP15_GEN-APND,35.63167
2024-08-08 04:00:00-07:00,TH_ZP26_GEN-APND,35.19398
2024-08-08 05:00:00-07:00,TH_NP15_GEN-APND,37.95813
2024-08-08 05:00:00-07:00,TH_SP15_GEN-APND,38.27154
2024-08-08 05:00:00-07:00,TH_ZP26_GEN-APND,37.83668
2024-08-08 06:00:00-07:00,TH_NP15_GEN-APND,38.20238
2024-08-08 06:00:00-07:00,TH_SP15_GEN-APND,38.78557
2024-08-08 06:00:00-07:00,TH_ZP26_GEN-APND,38.16869
2024-08-08 07:00:00-07:00,TH_NP15_GEN-APND,33.44843
2024-08-08 07:00:00-07:00,TH_SP15_GEN-APND,33.83919
2024-08-08 07:00:00-07:00,TH_ZP26_GEN-APND,33.92163
2024-08-08 08:00:00-07:00,TH_NP15_GEN-APND,29.57529
2024-08-08 08:00:00-07:00,TH_SP15_GEN-APND,28.67143
2024-08-08 08:00:00-07:00,TH_ZP26_GEN-APND,27.81439
2024-08-08 09:00:00-07:00,TH_NP15_GEN-APND,28.60493
2024-08-08 09:00:00-07:00,TH_SP15_GEN-APND,27.49813
2024-08-08 09:00:00-07:00,TH_ZP26_GEN-APND,26.21428
2024-08-08 10:00:00-07:00,TH_NP15_GEN-APND,28.21015
2024-08-08 10:00:00-07:00,TH_SP15_GEN-APND,26.56886
2024-08-08 10:00:00-07:00,TH_ZP26_GEN-APND,25.13163
2024-08-08 11:00:00-07:00,TH_NP15_GEN-APND,29.48327
2024-08-08 11:00:00-07:00,TH_SP15_GEN-APND,28.51029
2024-08-08 11:00:00-07:00,TH_ZP26_GEN-APND,26.38159
2024-08-08 12:00:00-07:00,TH_NP15_GEN-APND,31.82733
2024-08-08 12:00:00-07:00,TH_SP15_GEN-APND,28.02
2024-08-08 12:00:00-07:00,TH_ZP26_GEN-APND,25.86708
2024-08-08 13:00:00-07:00,TH_NP15_GEN-APND,32.01404
2024-08-08 13:00:00-07:00,TH_SP15_GEN-APND,30.43137
2024-08-08 13:00:00-07:00,TH_ZP26_GEN-APND,28.90196
2024-08-08 14:00:00-07:00,TH_NP15_GEN-APND,33.07911
2024-08-08 14:00:00-07:00,TH_SP15_GEN-APND,33.53417
2024-08-08 14:00:00-07:00,TH_ZP26_GEN-APND,32.56448
2024-08-08 15:00:00-07:00,TH_NP15_GEN-APND,37.13182
2024-08-08 15:00:00-07:00,TH_SP15_GEN-APND,34.92197
2024-08-08 15:00:00-07:00,TH_ZP26_GEN-APND,33.89779
2024-08-08 16:00:00-07:00,TH_NP15_GEN-APND,44.04092
2024-08-08 16:00:00-07:00,TH_SP15_GEN-APND,39.69435
2024-08-08 16:00:00-07:00,TH_ZP26_GEN-APND,37.31763
2024-08-08 17:00:00-07:00,TH_NP15_GEN-APND,56.8425
2024-08-08 17:00:00-07:00,TH_SP15_GEN-APND,49.48717
2024-08-08 17:00:00-07:00,TH_ZP26_GEN-APND,46.2552
2024-08-08 18:00:00-07:00,TH_NP15_GEN-APND,58.29871
2024-08-08 18:00:00-07:00,TH_SP15_GEN-APND,56.87197
2024-08-08 18:00:00-07:00,TH_ZP26_GEN-APND,55.61842
2024-08-08 19:00:00-07:00,TH_NP15_GEN-APND,70.91528
2024-08-08 19:00:00-07:00,TH_SP15_GEN-APND,67.76573
2024-08-08 19:00:00-07:00,TH_ZP26_GEN-APND,66.95389
2024-08-08 20:00:00-07:00,TH_NP15_GEN-APND,59.77584
2024-08-08 20:00:00-07:00,TH_SP15_GEN-APND,58.69667
2024-08-08 20:00:00-07:00,TH_ZP26_GEN-APND,58.29691
2024-08-08 21:00:00-07:00,TH_NP15_GEN-APND,55.75864
2024-08-08 21:00:00-07:00,TH_SP15_GEN-APND,55.05092
2024-08-08 21:00:00-07:00,TH_ZP26_GEN-APND,54.88741
2024-08-08 22:00:00-07:00,TH_NP15_GEN-APND,52.7954
2024-08-08 22:00:00-07:00,TH_SP15_GEN-APND,53.00919
2024-08-08 22:00:00-07:00,TH_ZP26_GEN-APND,52.20142
2024-08-08 23:00:00-07:00,TH_NP15_GEN-APND,41.94915
2024-08-08 23:00:00-07:00,TH_SP15_GEN-APND,42.11369
2024-08-08 23:00:00-07:00,TH_ZP26_GEN-APND,41.59276
2024-08-09 00:00:00-07:00,TH_NP15_GEN-APND,35.60294
2024-08-09 00:00:00-07:00,TH_SP15_GEN-APND,35.46964
2024-08-09 00:00:00-07:00,TH_ZP26_GEN-APND,35.33702
2024-08-09 01:00:00-07:00,TH_NP15_GEN-APND,33.32386
2024-08-09 01:00:00-07:00,TH_SP15_GEN-APND,33.21102
2024-08-09 01:00:00-07:00,TH_ZP26_GEN-APND,33.1734
2024-08-09 02:00:00-07:00,TH_NP15_GEN-APND,32.90715
2024-08-09 02:00:00-07:00,TH_SP15_GEN-APND,32.88352
2024-08-09 02:00:00-07:00,TH_ZP26_GEN-APND,32.74846
2024-08-09 03:00:00-07:00,TH_NP15_GEN-APND,32.68098
2024-08-09 03:00:00-07:00,TH_SP15_GEN-APND,32.59051
2024-08-09 03:00:00-07:00,TH_ZP26_GEN-APND,32.48663
2024-08-09 04:00:00-07:00,TH_NP15_GEN-APND,32.74927
2024-08-09 04:00:00-07:00,TH_SP15_GEN-APND,32.88741
2024-08-09 04:00:00-07:00,TH_ZP26_GEN-APND,32.67178
2024-08-09 05:00:00-07:00,TH_NP15_GEN-APND,35.9264
2024-08-09 05:00:00-07:00,TH_SP15_GEN-APND,35.61802
2024-08-09 05:00:00-07:00,TH_ZP26_GEN-APND,35.5307
2024-08-09 06:00:00-07:00,TH_NP15_GEN-APND,36.15006
2024-08-09 06:00:00-07:00,TH_SP15_GEN-APND,36.23323
2024-08-09 06:00:00-07:00,TH_ZP26_GEN-APND,35.99279
2024-08-09 07:00:00-07:00,TH_NP15_GEN-APND,31.059
2024-08-09 07:00:00-07:00,TH_SP15_GEN-APND,30.36559
2024-08-09 07:00:00-07:00,TH_ZP26_GEN-APND,30.26878
2024-08-09 08:00:00-07:00,TH_NP15_GEN-APND,28.7603
2024-08-09 08:00:00-07:00,TH_SP15_GEN-APND,28.5136
2024-08-09 08:00:00-07:00,TH_ZP26_GEN-APND,27.93338
2024-08-09 09:00:00-07:00,TH_NP15_GEN-APND,27.95276
2024-08-09 09:00:00-07:00,TH_SP15_GEN-APND,27.60046
2024-08-09 09:00:00-07:00,TH_ZP26_GEN-APND,26.18991
2024-08-09 10:00:00-07:00,TH_NP15_GEN-APND,27.8899
2024-08-09 10:00:00-07:00,TH_SP15_GEN-APND,27.50549
2024-08-09 10:00:00-07:00,TH_ZP26_GEN-APND,25.74384
2024-08-09 11:00:00-07:00,TH_NP15_GEN-APND,28.15426
2024-08-09 11:00:00-07:00,TH_SP15_GEN-APND,27.88957
2024-08-09 11:00:00-07:00,TH_ZP26_GEN-APND,25.92412
2024-08-09 12:00:00-07:00,TH_NP15_GEN-APND,28.66926
2024-08-09 12:00:00-07:00,TH_SP15_GEN-APND,28.46211
2024-08-09 12:00:00-07:00,TH_ZP26_GEN-APND,26.61429
2024-08-09 13:00:00-07:00,TH_NP15_GEN-APND,29.9068
2024-08-09 13:00:00-07:00,TH_SP15_GEN-APND,29.87019
2024-08-09 13:00:00-07:00,TH_ZP26_GEN-APND,28.35683
2024-08-09 14:00:00-07:00,TH_NP15_GEN-APND,32.38728
2024-08-09 14:00:00-07:00,TH_SP15_GEN-APND,32.89474
2024-08-09 14:00:00-07:00,TH_ZP26_GEN-APND,31.31916
2024-08-09 15:00:00-07:00,TH_NP15_GEN-APND,36.67
2024-08-09 15:00:00-07:00,TH_SP15_GEN-APND,35.06237
2024-08-09 15:00:00-07:00,TH_ZP26_GEN-APND,33.02
2024-08-09 16:00:00-07:00,TH_NP15_GEN-APND,38.44372
2024-08-09 16:00:00-07:00,TH_SP15_GEN-APND,37.33759
2024-08-09 16:00:00-07:00,TH_ZP26_GEN-APND,36.29205
2024-08-09 17:00:00-07:00,TH_NP15_GEN-APND,45.06685
2024-08-09 17:00:00-07:00,TH_SP15_GEN-APND,44.98343
2024-08-09 17:00:00-07:00,TH_ZP26_GEN-APND,43.20239
2024-08-09 18:00:00-07:00,TH_NP15_GEN-APND,54.51731
2024-08-09 18:00:00-07:00,TH_SP15_GEN-APND,53.80404
2024-08-09 18:00:00-07:00,TH_ZP26_GEN-APND,52.04097
2024-08-09 19:00:00-07:00,TH_NP15_GEN-APND,67.19932
2024-08-09 19:00:00-07:00,TH_SP15_GEN-APND,67.6145
2024-08-09 19:00:00-07:00,TH_ZP26_GEN-APND,66.89924
2024-08-09 20:00:00-07:00,TH_NP15_GEN-APND,55.45425
2024-08-09 20:00:00-07:00,TH_SP15_GEN-APND,55.69266
2024-08-09 20:00:00-07:00,TH_ZP26_GEN-APND,54.95271
2024-08-09 21:00:00-07:00,TH_NP15_GEN-APND,49.10047
2024-08-09 21:00:00-07:00,TH_SP15_GEN-APND,49.96694
2024-08-09 21:00:00-07:00,TH_ZP26_GEN-APND,49.12598
2024-08-09 22:00:00-07:00,TH_NP15_GEN-APND,47.65616
2024-08-09 22:00:00-07:00,TH_SP15_GEN-APND,48.16764
2024-08-09 22:00:00-07:00,TH_ZP26_GEN-APND,47.64
2024-08-09 23:00:00-07:00,TH_NP15_GEN-APND,42.22525
2024-08-09 23:00:00-07:00,TH_SP15_GEN-APND,43.08628
2024-08-09 23:00:00-07:00,TH_ZP26_GEN-APND,42.42153
2024-08-10 00:00:00-07:00,TH_NP15_GEN-APND,36.6724
2024-08-10 00:00:00-07:00,TH_SP15_GEN-APND,36.78827
2024-08-10 00:00:00-07:00,TH_ZP26_GEN-APND,36.44809
2024-08-10 01:00:00-07:00,TH_NP15_GEN-APND,36.44275
2024-08-10 01:00:00-07:00,TH_SP15_GEN-APND,36.41039
2024-08-10 01:00:00-07:00,TH_ZP26_GEN-APND,36.20444
2024-08-10 02:00:00-07:00,TH_NP15_GEN-APND,35.09078
2024-08-10 02:00:00-07:00,TH_SP15_GEN-APND,34.82576
2024-08-10 02:00:00-07:00,TH_ZP26_GEN-APND,34.65027
2024-08-10 03:00:00-07:00,TH_NP15_GEN-APND,35.86762
2024-08-10 03:00:00-07:00,TH_SP15_GEN-APND,35.59341
2024-08-10 03:00:00-07:00,TH_ZP26_GEN-APND,35.40694
2024-08-10 04:00:00-07:00,TH_NP15_GEN-APND,35.62927
2024-08-10 04:00:00-07:00,TH_SP15_GEN-APND,35.27392
2024-08-10 04:00:00-07:00,TH_ZP26_GEN-APND,35.09987
2024-08-10 05:00:00-07:00,TH_NP15_GEN-APND,35.5191
2024-08-10 05:00:00-07:00,TH_SP15_GEN-APND,34.98595
2024-08-10 05:00:00-07:00,TH_ZP26_GEN-APND,34.83465
2024-08-10 06:00:00-07:00,TH_NP15_GEN-APND,32.78221
2024-08-10 06:00:00-07:00,TH_SP15_GEN-APND,32.30408
2024-08-10 06:00:00-07:00,TH_ZP26_GEN-APND,32.1779
2024-08-10 07:00:00-07:00,TH_NP15_GEN-APND,28.22061
2024-08-10 07:00:00-07:00,TH_SP15_GEN-APND,27.20757
2024-08-10 07:00:00-07:00,TH_ZP26_GEN-APND,27.01511
2024-08-10 08:00:00-07:00,TH_NP15_GEN-APND,22.41839
2024-08-10 08:00:00-07:00,TH_SP15_GEN-APND,21.00462
2024-08-10 08:00:00-07:00,TH_ZP26_GEN-APND,19.80324
2024-08-10 09:00:00-07:00,TH_NP15_GEN-APND,24.1769
2024-08-10 09:00:00-07:00,TH_SP15_GEN-APND,22.35029
2024-08-10 09:00:00-07:00,TH_ZP26_GEN-APND,20.08223
2024-08-10 10:00:00-07:00,TH_NP15_GEN-APND,23.6547
2024-08-10 10:00:00-07:00,TH_SP15_GEN-APND,23.86223
2024-08-10 10:00:00-07:00,TH_ZP26_GEN-APND,20.91425
2024-08-10 11:00:00-07:00,TH_NP15_GEN-APND,25.71764
2024-08-10 11:00:00-07:00,TH_SP15_GEN-APND,26.84218
2024-08-10 11:00:00-07:00,TH_ZP26_GEN-APND,22.77946
2024-08-10 12:00:00-07:00,TH_NP15_GEN-APND,27.81422
2024-08-10 12:00:00-07:00,TH_SP15_GEN-APND,28.2925
2024-08-10 12:00:00-07:00,TH_ZP26_GEN-APND,24.30983
2024-08-10 13:00:00-07:00,TH_NP15_GEN-APND,29.47828
2024-08-10 13:00:00-07:00,TH_SP15_GEN-APND,28.18903
2024-08-10 13:00:00-07:00,TH_ZP26_GEN-APND,24.577
2024-08-10 14:00:00-07:00,TH_NP15_GEN-APND,30.01289
2024-08-10 14:00:00-07:00,TH_SP15_GEN-APND,31.36791
2024-08-10 14:00:00-07:00,TH_ZP26_GEN-APND,27.76177
2024-08-10 15:00:00-07:00,TH_NP15_GEN-APND,34.84659
2024-08-10 15:00:00-07:00,TH_SP15_GEN-APND,34.55356
2024-08-10 15:00:00-07:00,TH_ZP26_GEN-APND,31.89373
2024-08-10 16:00:00-07:00,TH_NP15_GEN-APND,32.3136
2024-08-10 16:00:00-07:00,TH_SP15_GEN-APND,32.46224
2024-08-10 16:00:00-07:00,TH_ZP26_GEN-APND,30.94082
2024-08-10 17:00:00-07:00,TH_NP15_GEN-APND,38.42307
2024-08-10 17:00:00-07:00,TH_SP15_GEN-APND,38.08425
2024-08-10 17:00:00-07:00,TH_ZP26_GEN-APND,36.69837
2024-08-10 18:00:00-07:00,TH_NP15_GEN-APND,45.66145
2024-08-10 18:00:00-07:00,TH_SP15_GEN-APND,44.14379
2024-08-10 18:00:00-07:00,TH_ZP26_GEN-APND,43.27842
2024-08-10 19:00:00-07:00,TH_NP15_GEN-APND,56.6733
2024-08-10 19:00:00-07:00,TH_SP15_GEN-APND,57.00099
2024-08-10 19:00:00-07:00,TH_ZP26_GEN-APND,56.04659
2024-08-10 20:00:00-07:00,TH_NP15_GEN-APND,51.0764
2024-08-10 20:00:00-07:00,TH_SP15_GEN-APND,49.94742
2024-08-10 20:00:00-07:00,TH_ZP26_GEN-APND,49.31327
2024-08-10 21:00:00-07:00,TH_NP15_GEN-APND,44.05174
2024-08-10 21:00:00-07:00,TH_SP15_GEN-APND,44.23243
2024-08-10 21:00:00-07:00,TH_ZP26_GEN-APND,43.56294
2024-08-10 22:00:00-07:00,TH_NP15_GEN-APND,44.11674
2024-08-10 22:00:00-07:00,TH_SP15_GEN-APND,44.65605
2024-08-10 22:00:00-07:00,TH_ZP26_GEN-APND,44.04245
2024-08-10 23:00:00-07:00,TH_NP15_GEN-APND,39.52202
2024-08-10 23:00:00-07:00,TH_SP15_GEN-APND,40.51322
2024-08-10 23:00:00-07:00,TH_ZP26_GEN-APND,39.6921
2024-08-11 00:00:00-07:00,TH_NP15_GEN-APND,34.13
2024-08-11 00:00:00-07:00,TH_SP15_GEN-APND,35.16641
2024-08-11 00:00:00-07:00,TH_ZP26_GEN-APND,34.35181
2024-08-11 01:00:00-07:00,TH_NP15_GEN-APND,33.85
2024-08-11 01:00:00-07:00,TH_SP15_GEN-APND,34.56004
2024-08-11 01:00:00-07:00,TH_ZP26_GEN-APND,33.90976
2024-08-11 02:00:00-07:00,TH_NP15_GEN-APND,33.75609
2024-08-11 02:00:00-07:00,TH_SP15_GEN-APND,34.25851
2024-08-11 02:00:00-07:00,TH_ZP26_GEN-APND,33.67933
2024-08-11 03:00:00-07:00,TH_NP15_GEN-APND,33.64464
2024-08-11 03:00:00-07:00,TH_SP15_GEN-APND,33.97367
2024-08-11 03:00:00-07:00,TH_ZP26_GEN-APND,33.47492
2024-08-11 04:00:00-07:00,TH_NP15_GEN-APND,33.29183
2024-08-11 04:00:00-07:00,TH_SP15_GEN-APND,33.70348
2024-08-11 04:00:00-07:00,TH_ZP26_GEN-APND,33.15805
2024-08-11 05:00:00-07:00,TH_NP15_GEN-APND,33.26288
2024-08-11 05:00:00-07:00,TH_SP15_GEN-APND,33.47114
2024-08-11 05:00:00-07:00,TH_ZP26_GEN-APND,33.0
2024-08-11 06:00:00-07:00,TH_NP15_GEN-APND,32.20382
2024-08-11 06:00:00-07:00,TH_SP15_GEN-APND,32.26642
2024-08-11 06:00:00-07:00,TH_ZP26_GEN-APND,31.7656
2024-08-11 07:00:00-07:00,TH_NP15_GEN-APND,22.67158
2024-08-11 07:00:00-07:00,TH_SP15_GEN-APND,22.20823
2024-08-11 07:00:00-07:00,TH_ZP26_GEN-APND,21.9
2024-08-11 08:00:00-07:00,TH_NP15_GEN-APND,19.01851
2024-08-11 08:00:00-07:00,TH_SP15_GEN-APND,14.71093
2024-08-11 08:00:00-07:00,TH_ZP26_GEN-APND,13.1926
2024-08-11 09:00:00-07:00,TH_NP15_GEN-APND,22.06813
2024-08-11 09:00:00-07:00,TH_SP15_GEN-APND,16.84
2024-08-11 09:00:00-07:00,TH_ZP26_GEN-APND,14.79681
2024-08-11 10:00:00-07:00,TH_NP15_GEN-APND,22.10128
2024-08-11 10:00:00-07:00,TH_SP15_GEN-APND,16.96601
2024-08-11 10:00:00-07:00,TH_ZP26_GEN-APND,14.94882
2024-08-11 11:00:00-07:00,TH_NP15_GEN-APND,23.67797
2024-08-11 11:00:00-07:00,TH_SP15_GEN-APND,17.51151
2024-08-11 11:00:00-07:00,TH_ZP26_GEN-APND,15.16814
2024-08-11 12:00:00-07:00,TH_NP15_GEN-APND,23.91272
2024-08-11 12:00:00-07:00,TH_SP15_GEN-APND,18.27397
2024-08-11 12:00:00-07:00,TH_ZP26_GEN-APND,16.15766
2024-08-11 13:00:00-07:00,TH_NP15_GEN-APND,25.61517
2024-08-11 13:00:00-07:00,TH_SP15_GEN-APND,20.22949
2024-08-11 13:00:00-07:00,TH_ZP26_GEN-APND,17.28884
2024-08-11 14:00:00-07:00,TH_NP15_GEN-APND,25.84271
2024-08-11 14:00:00-07:00,TH_SP15_GEN-APND,26.11372
2024-08-11 14:00:00-07:00,TH_ZP26_GEN-APND,21.76905
2024-08-11 15:00:00-07:00,TH_NP15_GEN-APND,28.86798
2024-08-11 15:00:00-07:00,TH_SP15_GEN-APND,29.66916
2024-08-11 15:00:00-07:00,TH_ZP26_GEN-APND,26.5855
2024-08-11 16:00:00-07:00,TH_NP15_GEN-APND,30.09467
2024-08-11 16:00:00-07:00,TH_SP15_GEN-APND,29.98362
2024-08-11 16:00:00-07:00,TH_ZP26_GEN-APND,28.92902
2024-08-11 17:00:00-07:00,TH_NP15_GEN-APND,36.44053
2024-08-11 17:00:00-07:00,TH_SP15_GEN-APND,37.26343
2024-08-11 17:00:00-07:00,TH_ZP26_GEN-APND,36.12589
2024-08-11 18:00:00-07:00,TH_NP15_GEN-APND,42.02
2024-08-11 18:00:00-07:00,TH_SP15_GEN-APND,44.01829
2024-08-11 18:00:00-07:00,TH_ZP26_GEN-APND,42.97426
2024-08-11 19:00:00-07:00,TH_NP15_GEN-APND,53.22807
2024-08-11 19:00:00-07:00,TH_SP15_GEN-APND,56.70722
2024-08-11 19:00:00-07:00,TH_ZP26_GEN-APND,55.08591
2024-08-11 20:00:00-07:00,TH_NP15_GEN-APND,47.42339
2024-08-11 20:00:00-07:00,TH_SP15_GEN-APND,48.69546
2024-08-11 20:00:00-07:00,TH_ZP26_GEN-APND,47.60982
2024-08-11 21:00:00-07:00,TH_NP15_GEN-APND,43.22197
2024-08-11 21:00:00-07:00,TH_SP15_GEN-APND,44.55789
2024-08-11 21:00:00-07:00,TH_ZP26_GEN-APND,43.54271
2024-08-11 22:00:00-07:00,TH_NP15_GEN-APND,42.19947
2024-08-11 22:00:00-07:00,TH_SP15_GEN-APND,43.85574
2024-08-11 22:00:00-07:00,TH_ZP26_GEN-APND,42.80499
2024-08-11 23:00:00-07:00,TH_NP15_GEN-APND,37.85098
2024-08-11 23:00:00-07:00,TH_SP15_GEN-APND,39.72101
2024-08-11 23:00:00-07:00,TH_ZP26_GEN-APND,38.7632
2024-08-12 00:00:00-07:00,TH_NP15_GEN-APND,33.18907
2024-08-12 00:00:00-07:00,TH_SP15_GEN-APND,34.41934
2024-08-12 00:00:00-07:00,TH_ZP26_GEN-APND,33.77942
2024-08-12 01:00:00-07:00,TH_NP15_GEN-APND,32.14725
2024-08-12 01:00:00-07:00,TH_SP15_GEN-APND,33.13155
2024-08-12 01:00:00-07:00,TH_ZP26_GEN-APND,32.61966
2024-08-12 02:00:00-07:00,TH_NP15_GEN-APND,31.94715
2024-08-12 02:00:00-07:00,TH_SP15_GEN-APND,32.65264
2024-08-12 02:00:00-07:00,TH_ZP26_GEN-APND,32.27308
2024-08-12 03:00:00-07:00,TH_NP15_GEN-APND,31.93728
2024-08-12 03:00:00-07:00,TH_SP15_GEN-APND,32.5514
2024-08-12 03:00:00-07:00,TH_ZP26_GEN-APND,32.18282
2024-08-12 04:00:00-07:00,TH_NP15_GEN-APND,32.88816
2024-08-12 04:00:00-07:00,TH_SP15_GEN-APND,33.58154
2024-08-12 04:00:00-07:00,TH_ZP26_GEN-APND,33.16048
2024-08-12 05:00:00-07:00,TH_NP15_GEN-APND,37.10719
2024-08-12 05:00:00-07:00,TH_SP15_GEN-APND,37.64386
2024-08-12 05:00:00-07:00,TH_ZP26_GEN-APND,37.25519
2024-08-12 06:00:00-07:00,TH_NP15_GEN-APND,37.32605
2024-08-12 06:00:00-07:00,TH_SP15_GEN-APND,37.77144
2024-08-12 06:00:00-07:00,TH_ZP26_GEN-APND,37.40064
2024-08-12 07:00:00-07:00,TH_NP15_GEN-APND,33.24296
2024-08-12 07:00:00-07:00,TH_SP15_GEN-APND,32.28
2024-08-12 07:00:00-07:00,TH_ZP26_GEN-APND,32.12539
2024-08-12 08:00:00-07:00,TH_NP15_GEN-APND,28.78445
2024-08-12 08:00:00-07:00,TH_SP15_GEN-APND,24.18418
2024-08-12 08:00:00-07:00,TH_ZP26_GEN-APND,22.50345
2024-08-12 09:00:00-07:00,TH_NP15_GEN-APND,28.25598
2024-08-12 09:00:00-07:00,TH_SP15_GEN-APND,21.49918
2024-08-12 09:00:00-07:00,TH_ZP26_GEN-APND,18.66
2024-08-12 10:00:00-07:00,TH_NP15_GEN-APND,25.14075
2024-08-12 10:00:00-07:00,TH_SP15_GEN-APND,23.54561
2024-08-12 10:00:00-07:00,TH_ZP26_GEN-APND,20.8959
2024-08-12 11:00:00-07:00,TH_NP15_GEN-APND,25.47339
2024-08-12 11:00:00-07:00,TH_SP15_GEN-APND,24.27377
2024-08-12 11:00:00-07:00,TH_ZP26_GEN-APND,21.51955
2024-08-12 12:00:00-07:00,TH_NP15_GEN-APND,25.98251
2024-08-12 12:00:00-07:00,TH_SP15_GEN-APND,25.78063
2024-08-12 12:00:00-07:00,TH_ZP26_GEN-APND,22.89001
2024-08-12 13:00:00-07:00,TH_NP15_GEN-APND,26.66123
2024-08-12 13:00:00-07:00,TH_SP15_GEN-APND,26.94527
2024-08-12 13:00:00-07:00,TH_ZP26_GEN-APND,23.86511
2024-08-12 14:00:00-07:00,TH_NP15_GEN-APND,28.21877
2024-08-12 14:00:00-07:00,TH_SP15_GEN-APND,30.07383
2024-08-12 14:00:00-07:00,TH_ZP26_GEN-APND,26.6668
2024-08-12 15:00:00-07:00,TH_NP15_GEN-APND,29.98259
2024-08-12 15:00:00-07:00,TH_SP15_GEN-APND,31.89793
2024-08-12 15:00:00-07:00,TH_ZP26_GEN-APND,29.45976
2024-08-12 16:00:00-07:00,TH_NP15_GEN-APND,29.87208
2024-08-12 16:00:00-07:00,TH_SP15_GEN-APND,31.67232
2024-08-12 16:00:00-07:00,TH_ZP26_GEN-APND,30.2588
2024-08-12 17:00:00-07:00,TH_NP15_GEN-APND,38.82489
2024-08-12 17:00:00-07:00,TH_SP15_GEN-APND,41.23914
2024-08-12 17:00:00-07:00,TH_ZP26_GEN-APND,39.54621
2024-08-12 18:00:00-07:00,TH_NP15_GEN-APND,45.51913
2024-08-12 18:00:00-07:00,TH_SP15_GEN-APND,48.17434
2024-08-12 18:00:00-07:00,TH_ZP26_GEN-APND,46.88013
2024-08-12 19:00:00-07:00,TH_NP15_GEN-APND,55.6291
2024-08-12 19:00:00-07:00,TH_SP15_GEN-APND,58.13921
2024-08-12 19:00:00-07:00,TH_ZP26_GEN-APND,56.98625
2024-08-12 20:00:00-07:00,TH_NP15_GEN-APND,49.53582
2024-08-12 20:00:00-07:00,TH_SP15_GEN-APND,51.25639
2024-08-12 20:00:00-07:00,TH_ZP26_GEN-APND,50.24131
2024-08-12 21:00:00-07:00,TH_NP15_GEN-APND,45.3218
2024-08-12 21:00:00-07:00,TH_SP15_GEN-APND,47.70288
2024-08-12 21:00:00-07:00,TH_ZP26_GEN-APND,46.61291
2024-08-12 22:00:00-07:00,TH_NP15_GEN-APND,42.76378
2024-08-12 22:00:00-07:00,TH_SP15_GEN-APND,45.64871
2024-08-12 22:00:00-07:00,TH_ZP26_GEN-APND,44.4253
2024-08-12 23:00:00-07:00,TH_NP15_GEN-APND,36.97488
2024-08-12 23:00:00-07:00,TH_SP15_GEN-APND,38.93625
2024-08-12 23:00:00-07:00,TH_ZP26_GEN-APND,37.89402
2024-08-13 00:00:00-07:00,TH_NP15_GEN-APND,32.58406
2024-08-13 00:00:00-07:00,TH_SP15_GEN-APND,34.243
2024-08-13 00:00:00-07:00,TH_ZP26_GEN-APND,33.36061
2024-08-13 01:00:00-07:00,TH_NP15_GEN-APND,30.90632
2024-08-13 01:00:00-07:00,TH_SP15_GEN-APND,32.57304
2024-08-13 01:00:00-07:00,TH_ZP26_GEN-APND,31.78694
2024-08-13 02:00:00-07:00,TH_NP15_GEN-APND,30.90143
2024-08-13 02:00:00-07:00,TH_SP15_GEN-APND,31.94385
2024-08-13 02:00:00-07:00,TH_ZP26_GEN-APND,31.30273
2024-08-13 03:00:00-07:00,TH_NP15_GEN-APND,31.01802
2024-08-13 03:00:00-07:00,TH_SP15_GEN-APND,32.06012
2024-08-13 03:00:00-07:00,TH_ZP26_GEN-APND,31.47484
2024-08-13 04:00:00-07:00,TH_NP15_GEN-APND,31.64805
2024-08-13 04:00:00-07:00,TH_SP15_GEN-APND,32.47957
2024-08-13 04:00:00-07:00,TH_ZP26_GEN-APND,31.9449
2024-08-13 05:00:00-07:00,TH_NP15_GEN-APND,32.74015
2024-08-13 05:00:00-07:00,TH_SP15_GEN-APND,33.89548
2024-08-13 05:00:00-07:00,TH_ZP26_GEN-APND,33.28301
2024-08-13 06:00:00-07:00,TH_NP15_GEN-APND,36.08233
2024-08-13 06:00:00-07:00,TH_SP15_GEN-APND,37.20896
2024-08-13 06:00:00-07:00,TH_ZP26_GEN-APND,36.59247
2024-08-13 07:00:00-07:00,TH_NP15_GEN-APND,28.20655
2024-08-13 07:00:00-07:00,TH_SP15_GEN-APND,27.6941
2024-08-13 07:00:00-07:00,TH_ZP26_GEN-APND,27.57044
2024-08-13 08:00:00-07:00,TH_NP15_GEN-APND,23.36895
2024-08-13 08:00:00-07:00,TH_SP15_GEN-APND,16.9978
2024-08-13 08:00:00-07:00,TH_ZP26_GEN-APND,14.68362
2024-08-13 09:00:00-07:00,TH_NP15_GEN-APND,23.58033
2024-08-13 09:00:00-07:00,TH_SP15_GEN-APND,16.27386
2024-08-13 09:00:00-07:00,TH_ZP26_GEN-APND,13.13073
2024-08-13 10:00:00-07:00,TH_NP15_GEN-APND,19.7815
2024-08-13 10:00:00-07:00,TH_SP15_GEN-APND,16.89995
2024-08-13 10:00:00-07:00,TH_ZP26_GEN-APND,12.98544
2024-08-13 11:00:00-07:00,TH_NP15_GEN-APND,19.00875
2024-08-13 11:00:00-07:00,TH_SP15_GEN-APND,18.01366
2024-08-13 11:00:00-07:00,TH_ZP26_GEN-APND,12.64991
2024-08-13 12:00:00-07:00,TH_NP15_GEN-APND,19.25806
2024-08-13 12:00:00-07:00,TH_SP15_GEN-APND,17.2273
2024-08-13 12:00:00-07:00,TH_ZP26_GEN-APND,14.18555
2024-08-13 13:00:00-07:00,TH_NP15_GEN-APND,23.23965
2024-08-13 13:00:00-07:00,TH_SP15_GEN-APND,19.60416
2024-08-13 13:00:00-07:00,TH_ZP26_GEN-APND,16.69689
2024-08-13 14:00:00-07:00,TH_NP15_GEN-APND,24.76968
2024-08-13 14:00:00-07:00,TH_SP15_GEN-APND,23.18351
2024-08-13 14:00:00-07:00,TH_ZP26_GEN-APND,20.58678
2024-08-13 15:00:00-07:00,TH_NP15_GEN-APND,27.49463
2024-08-13 15:00:00-07:00,TH_SP15_GEN-APND,28.66512
2024-08-13 15:00:00-07:00,TH_ZP26_GEN-APND,26.88104
2024-08-13 16:00:00-07:00,TH_NP15_GEN-APND,27.39944
2024-08-13 16:00:00-07:00,TH_SP15_GEN-APND,29.56492
2024-08-13 16:00:00-07:00,TH_ZP26_GEN-APND,27.80027
2024-08-13 17:00:00-07:00,TH_NP15_GEN-APND,34.02
2024-08-13 17:00:00-07:00,TH_SP15_GEN-APND,35.52485
2024-08-13 17:00:00-07:00,TH_ZP26_GEN-APND,34.03478
2024-08-13 18:00:00-07:00,TH_NP15_GEN-APND,44.23426
2024-08-13 18:00:00-07:00,TH_SP15_GEN-APND,47.2424
2024-08-13 18:00:00-07:00,TH_ZP26_GEN-APND,45.99255
2024-08-13 19:00:00-07:00,TH_NP15_GEN-APND,53.77336
2024-08-13 19:00:00-07:00,TH_SP15_GEN-APND,56.29103
2024-08-13 19:00:00-07:00,TH_ZP26_GEN-APND,55.15206
2024-08-13 20:00:00-07:00,TH_NP15_GEN-APND,48.79424
2024-08-13 20:00:00-07:00,TH_SP15_GEN-APND,50.01843
2024-08-13 20:00:00-07:00,TH_ZP26_GEN-APND,49.15644
2024-08-13 21:00:00-07:00,TH_NP15_GEN-APND,44.62692
2024-08-13 21:00:00-07:00,TH_SP15_GEN-APND,46.16516
2024-08-13 21:00:00-07:00,TH_ZP26_GEN-APND,45.13013
2024-08-13 22:00:00-07:00,TH_NP15_GEN-APND,41.85415
2024-08-13 22:00:00-07:00,TH_SP15_GEN-APND,43.55031
2024-08-13 22:00:00-07:00,TH_ZP26_GEN-APND,42.49491
2024-08-13 23:00:00-07:00,TH_NP15_GEN-APND,37.53185
2024-08-13 23:00:00-07:00,TH_SP15_GEN-APND,38.95726
2024-08-13 23:00:00-07:00,TH_ZP26_GEN-APND,38.0149
2024-08-14 00:00:00-07:00,TH_NP15_GEN-APND,36.00384
2024-08-14 00:00:00-07:00,TH_SP15_GEN-APND,36.57948
2024-08-14 00:00:00-07:00,TH_ZP26_GEN-APND,36.0001
2024-08-14 01:00:00-07:00,TH_NP15_GEN-APND,33.26
2024-08-14 01:00:00-07:00,TH_SP15_GEN-APND,33.54838
2024-08-14 01:00:00-07:00,TH_ZP26_GEN-APND,33.16387
2024-08-14 02:00:00-07:00,TH_NP15_GEN-APND,31.0127
2024-08-14 02:00:00-07:00,TH_SP15_GEN-APND,30.8226
2024-08-14 02:00:00-07:00,TH_ZP26_GEN-APND,30.62615
2024-08-14 03:00:00-07:00,TH_NP15_GEN-APND,30.96734
2024-08-14 03:00:00-07:00,TH_SP15_GEN-APND,30.72736
2024-08-14 03:00:00-07:00,TH_ZP26_GEN-APND,30.55685
2024-08-14 04:00:00-07:00,TH_NP15_GEN-APND,31.14821
2024-08-14 04:00:00-07:00,TH_SP15_GEN-APND,30.88468
2024-08-14 04:00:00-07:00,TH_ZP26_GEN-APND,30.73544
2024-08-14 05:00:00-07:00,TH_NP15_GEN-APND,37.16397
2024-08-14 05:00:00-07:00,TH_SP15_GEN-APND,36.83059
2024-08-14 05:00:00-07:00,TH_ZP26_GEN-APND,36.61466
2024-08-14 06:00:00-07:00,TH_NP15_GEN-APND,39.8
2024-08-14 06:00:00-07:00,TH_SP15_GEN-APND,39.46492
2024-08-14 06:00:00-07:00,TH_ZP26_GEN-APND,39.48775
2024-08-14 07:00:00-07:00,TH_NP15_GEN-APND,29.49835
2024-08-14 07:00:00-07:00,TH_SP15_GEN-APND,30.77236
2024-08-14 07:00:00-07:00,TH_ZP26_GEN-APND,30.92819
2024-08-14 08:00:00-07:00,TH_NP15_GEN-APND,23.61917
2024-08-14 08:00:00-07:00,TH_SP15_GEN-APND,18.81457
2024-08-14 08:00:00-07:00,TH_ZP26_GEN-APND,16.91782
2024-08-14 09:00:00-07:00,TH_NP15_GEN-APND,21.23049
2024-08-14 09:00:00-07:00,TH_SP15_GEN-APND,18.3891
2024-08-14 09:00:00-07:00,TH_ZP26_GEN-APND,16.31241
2024-08-14 10:00:00-07:00,TH_NP15_GEN-APND,21.37085
2024-08-14 10:00:00-07:00,TH_SP15_GEN-APND,18.66
2024-08-14 10:00:00-07:00,TH_ZP26_GEN-APND,15.91083
2024-08-14 11:00:00-07:00,TH_NP15_GEN-APND,22.39847
2024-08-14 11:00:00-07:00,TH_SP15_GEN-APND,19.34531
2024-08-14 11:00:00-07:00,TH_ZP26_GEN-APND,16.39796
2024-08-14 12:00:00-07:00,TH_NP15_GEN-APND,22.41878
2024-08-14 12:00:00-07:00,TH_SP15_GEN-APND,19.58862
2024-08-14 12:00:00-07:00,TH_ZP26_GEN-APND,17.46819
2024-08-14 13:00:00-07:00,TH_NP15_GEN-APND,24.87167
2024-08-14 13:00:00-07:00,TH_SP15_GEN-APND,22.09697
2024-08-14 13:00:00-07:00,TH_ZP26_GEN-APND,19.22063
2024-08-14 14:00:00-07:00,TH_NP15_GEN-APND,25.95677
2024-08-14 14:00:00-07:00,TH_SP15_GEN-APND,22.36676
2024-08-14 14:00:00-07:00,TH_ZP26_GEN-APND,19.74313
2024-08-14 15:00:00-07:00,TH_NP15_GEN-APND,29.60581
2024-08-14 15:00:00-07:00,TH_SP15_GEN-APND,29.71066
2024-08-14 15:00:00-07:00,TH_ZP26_GEN-APND,27.61913
2024-08-14 16:00:00-07:00,TH_NP15_GEN-APND,31.33015
2024-08-14 16:00:00-07:00,TH_SP15_GEN-APND,31.42748
2024-08-14 16:00:00-07:00,TH_ZP26_GEN-APND,30.1674
2024-08-14 17:00:00-07:00,TH_NP15_GEN-APND,38.7601
2024-08-14 17:00:00-07:00,TH_SP15_GEN-APND,38.5819
2024-08-14 17:00:00-07:00,TH_ZP26_GEN-APND,36.90762
2024-08-14 18:00:00-07:00,TH_NP15_GEN-APND,48.19713
2024-08-14 18:00:00-07:00,TH_SP15_GEN-APND,49.47544
2024-08-14 18:00:00-07:00,TH_ZP26_GEN-APND,48.34396
2024-08-14 19:00:00-07:00,TH_NP15_GEN-APND,52.38994
2024-08-14 19:00:00-07:00,TH_SP15_GEN-APND,53.64452
2024-08-14 19:00:00-07:00,TH_ZP26_GEN-APND,52.62742
2024-08-14 20:00:00-07:00,TH_NP15_GEN-APND,48.52933
2024-08-14 20:00:00-07:00,TH_SP15_GEN-APND,48.67309
2024-08-14 20:00:00-07:00,TH_ZP26_GEN-APND,47.75924
2024-08-14 21:00:00-07:00,TH_NP15_GEN-APND,41.01981
2024-08-14 21:00:00-07:00,TH_SP15_GEN-APND,42.2789
2024-08-14 21:00:00-07:00,TH_ZP26_GEN-APND,41.40224
2024-08-14 22:00:00-07:00,TH_NP15_GEN-APND,38.80112
2024-08-14 22:00:00-07:00,TH_SP15_GEN-APND,40.072
2024-08-14 22:00:00-07:00,TH_ZP26_GEN-APND,39.09322
2024-08-14 23:00:00-07:00,TH_NP15_GEN-APND,37.15413
2024-08-14 23:00:00-07:00,TH_SP15_GEN-APND,38.21768
2024-08-14 23:00:00-07:00,TH_ZP26_GEN-APND,37.30996
2024-08-15 00:00:00-07:00,TH_NP15_GEN-APND,35.10103
2024-08-15 00:00:00-07:00,TH_SP15_GEN-APND,35.61475
2024-08-15 00:00:00-07:00,TH_ZP26_GEN-APND,34.9735
2024-08-15 01:00:00-07:00,TH_NP15_GEN-APND,34.33925
2024-08-15 01:00:00-07:00,TH_SP15_GEN-APND,34.19853
2024-08-15 01:00:00-07:00,TH_ZP26_GEN-APND,33.83266
2024-08-15 02:00:00-07:00,TH_NP15_GEN-APND,31.87092
2024-08-15 02:00:00-07:00,TH_SP15_GEN-APND,31.52241
2024-08-15 02:00:00-07:00,TH_ZP26_GEN-APND,31.25296
2024-08-15 03:00:00-07:00,TH_NP15_GEN-APND,31.535
2024-08-15 03:00:00-07:00,TH_SP15_GEN-APND,31.02
2024-08-15 03:00:00-07:00,TH_ZP26_GEN-APND,30.83103
2024-08-15 04:00:00-07:00,TH_NP15_GEN-APND,31.35488
2024-08-15 04:00:00-07:00,TH_SP15_GEN-APND,30.69448
2024-08-15 04:00:00-07:00,TH_ZP26_GEN-APND,30.55796
2024-08-15 05:00:00-07:00,TH_NP15_GEN-APND,35.24423
2024-08-15 05:00:00-07:00,TH_SP15_GEN-APND,34.94
2024-08-15 05:00:00-07:00,TH_ZP26_GEN-APND,34.60532
2024-08-15 06:00:00-07:00,TH_NP15_GEN-APND,35.62037
2024-08-15 06:00:00-07:00,TH_SP15_GEN-APND,35.13138
2024-08-15 06:00:00-07:00,TH_ZP26_GEN-APND,34.97553
2024-08-15 07:00:00-07:00,TH_NP15_GEN-APND,28.60659
2024-08-15 07:00:00-07:00,TH_SP15_GEN-APND,26.74901
2024-08-15 07:00:00-07:00,TH_ZP26_GEN-APND,26.74429
2024-08-15 08:00:00-07:00,TH_NP15_GEN-APND,21.85768
2024-08-15 08:00:00-07:00,TH_SP15_GEN-APND,15.32206
2024-08-15 08:00:00-07:00,TH_ZP26_GEN-APND,13.22808
2024-08-15 09:00:00-07:00,TH_NP15_GEN-APND,19.56684
2024-08-15 09:00:00-07:00,TH_SP15_GEN-APND,12.97856
2024-08-15 09:00:00-07:00,TH_ZP26_GEN-APND,10.4481
2024-08-15 10:00:00-07:00,TH_NP15_GEN-APND,20.39007
2024-08-15 10:00:00-07:00,TH_SP15_GEN-APND,15.60997
2024-08-15 10:00:00-07:00,TH_ZP26_GEN-APND,12.47346
2024-08-15 11:00:00-07:00,TH_NP15_GEN-APND,23.00866
2024-08-15 11:00:00-07:00,TH_SP15_GEN-APND,18.10549
2024-08-15 11:00:00-07:00,TH_ZP26_GEN-APND,15.36087
2024-08-15 12:00:00-07:00,TH_NP15_GEN-APND,23.53317
2024-08-15 12:00:00-07:00,TH_SP15_GEN-APND,18.91887
2024-08-15 12:00:00-07:00,TH_ZP26_GEN-APND,16.84759
2024-08-15 13:00:00-07:00,TH_NP15_GEN-APND,25.40301
2024-08-15 13:00:00-07:00,TH_SP15_GEN-APND,20.19422
2024-08-15 13:00:00-07:00,TH_ZP26_GEN-APND,17.98436
2024-08-15 14:00:00-07:00,TH_NP15_GEN-APND,26.33688
2024-08-15 14:00:00-07:00,TH_SP15_GEN-APND,22.66904
2024-08-15 14:00:00-07:00,TH_ZP26_GEN-APND,19.75998
2024-08-15 15:00:00-07:00,TH_NP15_GEN-APND,31.05314
2024-08-15 15:00:00-07:00,TH_SP15_GEN-APND,29.94312
2024-08-15 15:00:00-07:00,TH_ZP26_GEN-APND,27.80154
2024-08-15 16:00:00-07:00,TH_NP15_GEN-APND,30.84557
2024-08-15 16:00:00-07:00,TH_SP15_GEN-APND,30.6587
2024-08-15 16:00:00-07:00,TH_ZP26_GEN-APND,28.90318
2024-08-15 17:00:00-07:00,TH_NP15_GEN-APND,37.31611
2024-08-15 17:00:00-07:00,TH_SP15_GEN-APND,38.04048
2024-08-15 17:00:00-07:00,TH_ZP26_GEN-APND,36.22206
2024-08-15 18:00:00-07:00,TH_NP15_GEN-APND,49.82975
2024-08-15 18:00:00-07:00,TH_SP15_GEN-APND,49.36212
2024-08-15 18:00:00-07:00,TH_ZP26_GEN-APND,48.3745
2024-08-15 19:00:00-07:00,TH_NP15_GEN-APND,57.65726
2024-08-15 19:00:00-07:00,TH_SP15_GEN-APND,58.56098
2024-08-15 19:00:00-07:00,TH_ZP26_GEN-APND,57.56241
2024-08-15 20:00:00-07:00,TH_NP15_GEN-APND,50.64
2024-08-15 20:00:00-07:00,TH_SP15_GEN-APND,50.87633
2024-08-15 20:00:00-07:00,TH_ZP26_GEN-APND,50.02395
2024-08-15 21:00:00-07:00,TH_NP15_GEN-APND,44.09513
2024-08-15 21:00:00-07:00,TH_SP15_GEN-APND,45.26906
2024-08-15 21:00:00-07:00,TH_ZP26_GEN-APND,44.0751
2024-08-15 22:00:00-07:00,TH_NP15_GEN-APND,39.88491
2024-08-15 22:00:00-07:00,TH_SP15_GEN-APND,41.33826
2024-08-15 22:00:00-07:00,TH_ZP26_GEN-APND,40.11714
2024-08-15 23:00:00-07:00,TH_NP15_GEN-APND,37.30707
2024-08-15 23:00:00-07:00,TH_SP15_GEN-APND,38.39637
2024-08-15 23:00:00-07:00,TH_ZP26_GEN-APND,37.3323
2024-08-16 00:00:00-07:00,TH_NP15_GEN-APND,35.08091
2024-08-16 00:00:00-07:00,TH_SP15_GEN-APND,35.4473
2024-08-16 00:00:00-07:00,TH_ZP26_GEN-APND,34.964
2024-08-16 01:00:00-07:00,TH_NP15_GEN-APND,32.64
2024-08-16 01:00:00-07:00,TH_SP15_GEN-APND,32.77114
2024-08-16 01:00:00-07:00,TH_ZP26_GEN-APND,32.44497
2024-08-16 02:00:00-07:00,TH_NP15_GEN-APND,31.98837
2024-08-16 02:00:00-07:00,TH_SP15_GEN-APND,32.00807
2024-08-16 02:00:00-07:00,TH_ZP26_GEN-APND,31.73228
2024-08-16 03:00:00-07:00,TH_NP15_GEN-APND,31.67131
2024-08-16 03:00:00-07:00,TH_SP15_GEN-APND,31.7787
2024-08-16 03:00:00-07:00,TH_ZP26_GEN-APND,31.47605
2024-08-16 04:00:00-07:00,TH_NP15_GEN-APND,31.71551
2024-08-16 04:00:00-07:00,TH_SP15_GEN-APND,31.72619
2024-08-16 04:00:00-07:00,TH_ZP26_GEN-APND,31.43007
2024-08-16 05:00:00-07:00,TH_NP15_GEN-APND,35.25922
2024-08-16 05:00:00-07:00,TH_SP15_GEN-APND,35.03281
2024-08-16 05:00:00-07:00,TH_ZP26_GEN-APND,34.86454
2024-08-16 06:00:00-07:00,TH_NP15_GEN-APND,37.55403
2024-08-16 06:00:00-07:00,TH_SP15_GEN-APND,37.50055
2024-08-16 06:00:00-07:00,TH_ZP26_GEN-APND,37.27346
2024-08-16 07:00:00-07:00,TH_NP15_GEN-APND,30.31985
2024-08-16 07:00:00-07:00,TH_SP15_GEN-APND,29.91175
2024-08-16 07:00:00-07:00,TH_ZP26_GEN-APND,29.93668
2024-08-16 08:00:00-07:00,TH_NP15_GEN-APND,23.56437
2024-08-16 08:00:00-07:00,TH_SP15_GEN-APND,18.90111
2024-08-16 08:00:00-07:00,TH_ZP26_GEN-APND,16.98
2024-08-16 09:00:00-07:00,TH_NP15_GEN-APND,22.29553
2024-08-16 09:00:00-07:00,TH_SP15_GEN-APND,16.02496
2024-08-16 09:00:00-07:00,TH_ZP26_GEN-APND,13.30385
2024-08-16 10:00:00-07:00,TH_NP15_GEN-APND,22.68934
2024-08-16 10:00:00-07:00,TH_SP15_GEN-APND,18.8157
2024-08-16 10:00:00-07:00,TH_ZP26_GEN-APND,15.66205
2024-08-16 11:00:00-07:00,TH_NP15_GEN-APND,24.89431
2024-08-16 11:00:00-07:00,TH_SP15_GEN-APND,21.59976
2024-08-16 11:00:00-07:00,TH_ZP26_GEN-APND,19.08566
2024-08-16 12:00:00-07:00,TH_NP15_GEN-APND,25.13731
2024-08-16 12:00:00-07:00,TH_SP15_GEN-APND,22.26578
2024-08-16 12:00:00-07:00,TH_ZP26_GEN-APND,19.13199
2024-08-16 13:00:00-07:00,TH_NP15_GEN-APND,28.78801
2024-08-16 13:00:00-07:00,TH_SP15_GEN-APND,26.90061
2024-08-16 13:00:00-07:00,TH_ZP26_GEN-APND,24.31572
2024-08-16 14:00:00-07:00,TH_NP15_GEN-APND,30.70062
2024-08-16 14:00:00-07:00,TH_SP15_GEN-APND,30.34217
2024-08-16 14:00:00-07:00,TH_ZP26_GEN-APND,27.6118
2024-08-16 15:00:00-07:00,TH_NP15_GEN-APND,33.95764
2024-08-16 15:00:00-07:00,TH_SP15_GEN-APND,33.9666
2024-08-16 15:00:00-07:00,TH_ZP26_GEN-APND,31.59831
2024-08-16 16:00:00-07:00,TH_NP15_GEN-APND,36.03962
2024-08-16 16:00:00-07:00,TH_SP15_GEN-APND,36.4204
2024-08-16 16:00:00-07:00,TH_ZP26_GEN-APND,35.44461
2024-08-16 17:00:00-07:00,TH_NP15_GEN-APND,45.15649
2024-08-16 17:00:00-07:00,TH_SP15_GEN-APND,46.72638
2024-08-16 17:00:00-07:00,TH_ZP26_GEN-APND,45.15576
2024-08-16 18:00:00-07:00,TH_NP15_GEN-APND,53.36816
2024-08-16 18:00:00-07:00,TH_SP15_GEN-APND,53.65014
2024-08-16 18:00:00-07:00,TH_ZP26_GEN-APND,52.60878
2024-08-16 19:00:00-07:00,TH_NP15_GEN-APND,61.02
2024-08-16 19:00:00-07:00,TH_SP15_GEN-APND,60.31467
2024-08-16 19:00:00-07:00,TH_ZP26_GEN-APND,59.25119
2024-08-16 20:00:00-07:00,TH_NP15_GEN-APND,53.39948
2024-08-16 20:00:00-07:00,TH_SP15_GEN-APND,54.18533
2024-08-16 20:00:00-07:00,TH_ZP26_GEN-APND,53.43604
2024-08-16 21:00:00-07:00,TH_NP15_GEN-APND,46.96302
2024-08-16 21:00:00-07:00,TH_SP15_GEN-APND,48.84258
2024-08-16 21:00:00-07:00,TH_ZP26_GEN-APND,47.7102
2024-08-16 22:00:00-07:00,TH_NP15_GEN-APND,45.50109
2024-08-16 22:00:00-07:00,TH_SP15_GEN-APND,47.86216
2024-08-16 22:00:00-07:00,TH_ZP26_GEN-APND,46.9151
2024-08-16 23:00:00-07:00,TH_NP15_GEN-APND,41.0598
2024-08-16 23:00:00-07:00,TH_SP15_GEN-APND,43.43188
2024-08-16 23:00:00-07:00,TH_ZP26_GEN-APND,42.5163
2024-08-17 00:00:00-07:00,TH_NP15_GEN-APND,38.72376
2024-08-17 00:00:00-07:00,TH_SP15_GEN-APND,40.17396
2024-08-17 00:00:00-07:00,TH_ZP26_GEN-APND,39.45293
2024-08-17 01:00:00-07:00,TH_NP15_GEN-APND,37.59034
2024-08-17 01:00:00-07:00,TH_SP15_GEN-APND,38.511
2024-08-17 01:00:00-07:00,TH_ZP26_GEN-APND,38.0448
2024-08-17 02:00:00-07:00,TH_NP15_GEN-APND,36.02
2024-08-17 02:00:00-07:00,TH_SP15_GEN-APND,36.22151
2024-08-17 02:00:00-07:00,TH_ZP26_GEN-APND,35.98425
2024-08-17 03:00:00-07:00,TH_NP15_GEN-APND,36.04047
2024-08-17 03:00:00-07:00,TH_SP15_GEN-APND,37.43538
2024-08-17 03:00:00-07:00,TH_ZP26_GEN-APND,37.09668
2024-08-17 04:00:00-07:00,TH_NP15_GEN-APND,35.52784
2024-08-17 04:00:00-07:00,TH_SP15_GEN-APND,36.28313
2024-08-17 04:00:00-07:00,TH_ZP26_GEN-APND,35.75259
2024-08-17 05:00:00-07:00,TH_NP15_GEN-APND,35.85046
2024-08-17 05:00:00-07:00,TH_SP15_GEN-APND,36.53753
2024-08-17 05:00:00-07:00,TH_ZP26_GEN-APND,36.03615
2024-08-17 06:00:00-07:00,TH_NP15_GEN-APND,34.778
2024-08-17 06:00:00-07:00,TH_SP15_GEN-APND,35.63269
2024-08-17 06:00:00-07:00,TH_ZP26_GEN-APND,35.16477
2024-08-17 07:00:00-07:00,TH_NP15_GEN-APND,28.1355
2024-08-17 07:00:00-07:00,TH_SP15_GEN-APND,27.58339
2024-08-17 07:00:00-07:00,TH_ZP26_GEN-APND,27.62786
2024-08-17 08:00:00-07:00,TH_NP15_GEN-APND,22.32087
2024-08-17 08:00:00-07:00,TH_SP15_GEN-APND,16.69445
2024-08-17 08:00:00-07:00,TH_ZP26_GEN-APND,14.85843
2024-08-17 09:00:00-07:00,TH_NP15_GEN-APND,21.99668
2024-08-17 09:00:00-07:00,TH_SP15_GEN-APND,14.88931
2024-08-17 09:00:00-07:00,TH_ZP26_GEN-APND,12.29315
2024-08-17 10:00:00-07:00,TH_NP15_GEN-APND,19.15953
2024-08-17 10:00:00-07:00,TH_SP15_GEN-APND,15.66
2024-08-17 10:00:00-07:00,TH_ZP26_GEN-APND,13.06619
2024-08-17 11:00:00-07:00,TH_NP15_GEN-APND,19.28922
2024-08-17 11:00:00-07:00,TH_SP15_GEN-APND,15.03692
2024-08-17 11:00:00-07:00,TH_ZP26_GEN-APND,11.93196
2024-08-17 12:00:00-07:00,TH_NP15_GEN-APND,20.62472
2024-08-17 12:00:00-07:00,TH_SP15_GEN-APND,15.6491
2024-08-17 12:00:00-07:00,TH_ZP26_GEN-APND,12.9423
2024-08-17 13:00:00-07:00,TH_NP15_GEN-APND,21.21157
2024-08-17 13:00:00-07:00,TH_SP15_GEN-APND,17.3629
2024-08-17 13:00:00-07:00,TH_ZP26_GEN-APND,14.58975
2024-08-17 14:00:00-07:00,TH_NP15_GEN-APND,23.35204
2024-08-17 14:00:00-07:00,TH_SP15_GEN-APND,19.20385
2024-08-17 14:00:00-07:00,TH_ZP26_GEN-APND,16.82421
2024-08-17 15:00:00-07:00,TH_NP15_GEN-APND,25.80783
2024-08-17 15:00:00-07:00,TH_SP15_GEN-APND,23.71575
2024-08-17 15:00:00-07:00,TH_ZP26_GEN-APND,22.05618
2024-08-17 16:00:00-07:00,TH_NP15_GEN-APND,25.31
2024-08-17 16:00:00-07:00,TH_SP15_GEN-APND,25.3746
2024-08-17 16:00:00-07:00,TH_ZP26_GEN-APND,24.61187
2024-08-17 17:00:00-07:00,TH_NP15_GEN-APND,34.19416
2024-08-17 17:00:00-07:00,TH_SP15_GEN-APND,34.5958
2024-08-17 17:00:00-07:00,TH_ZP26_GEN-APND,33.83496
2024-08-17 18:00:00-07:00,TH_NP15_GEN-APND,41.98696
2024-08-17 18:00:00-07:00,TH_SP15_GEN-APND,42.56956
2024-08-17 18:00:00-07:00,TH_ZP26_GEN-APND,41.68145
2024-08-17 19:00:00-07:00,TH_NP15_GEN-APND,50.41878
2024-08-17 19:00:00-07:00,TH_SP15_GEN-APND,50.0763
2024-08-17 19:00:00-07:00,TH_ZP26_GEN-APND,49.4499
2024-08-17 20:00:00-07:00,TH_NP15_GEN-APND,45.00412
2024-08-17 20:00:00-07:00,TH_SP15_GEN-APND,43.90223
2024-08-17 20:00:00-07:00,TH_ZP26_GEN-APND,43.53491
2024-08-17 21:00:00-07:00,TH_NP15_GEN-APND,41.05231
2024-08-17 21:00:00-07:00,TH_SP15_GEN-APND,42.00464
2024-08-17 21:00:00-07:00,TH_ZP26_GEN-APND,41.10991
2024-08-17 22:00:00-07:00,TH_NP15_GEN-APND,39.24954
2024-08-17 22:00:00-07:00,TH_SP15_GEN-APND,40.36274
2024-08-17 22:00:00-07:00,TH_ZP26_GEN-APND,39.52476
2024-08-17 23:00:00-07:00,TH_NP15_GEN-APND,37.18134
2024-08-17 23:00:00-07:00,TH_SP15_GEN-APND,38.64967
2024-08-17 23:00:00-07:00,TH_ZP26_GEN-APND,37.75084
2024-08-18 00:00:00-07:00,TH_NP15_GEN-APND,34.73885
2024-08-18 00:00:00-07:00,TH_SP15_GEN-APND,35.39376
2024-08-18 00:00:00-07:00,TH_ZP26_GEN-APND,34.97033
2024-08-18 01:00:00-07:00,TH_NP15_GEN-APND,34.28338
2024-08-18 01:00:00-07:00,TH_SP15_GEN-APND,34.78403
2024-08-18 01:00:00-07:00,TH_ZP26_GEN-APND,34.4354
2024-08-18 02:00:00-07:00,TH_NP15_GEN-APND,30.33248
2024-08-18 02:00:00-07:00,TH_SP15_GEN-APND,30.70671
2024-08-18 02:00:00-07:00,TH_ZP26_GEN-APND,30.43661
2024-08-18 03:00:00-07:00,TH_NP15_GEN-APND,30.19774
2024-08-18 03:00:00-07:00,TH_SP15_GEN-APND,30.37402
2024-08-18 03:00:00-07:00,TH_ZP26_GEN-APND,30.15
2024-08-18 04:00:00-07:00,TH_NP15_GEN-APND,32.47053
2024-08-18 04:00:00-07:00,TH_SP15_GEN-APND,32.72956
2024-08-18 04:00:00-07:00,TH_ZP26_GEN-APND,32.47509
2024-08-18 05:00:00-07:00,TH_NP15_GEN-APND,34.29724
2024-08-18 05:00:00-07:00,TH_SP15_GEN-APND,34.60403
2024-08-18 05:00:00-07:00,TH_ZP26_GEN-APND,34.32799
2024-08-18 06:00:00-07:00,TH_NP15_GEN-APND,34.4124
2024-08-18 06:00:00-07:00,TH_SP15_GEN-APND,35.02255
2024-08-18 06:00:00-07:00,TH_ZP26_GEN-APND,34.55506
2024-08-18 07:00:00-07:00,TH_NP15_GEN-APND,25.94935
2024-08-18 07:00:00-07:00,TH_SP15_GEN-APND,25.59902
2024-08-18 07:00:00-07:00,TH_ZP26_GEN-APND,25.31797
2024-08-18 08:00:00-07:00,TH_NP15_GEN-APND,22.06476
2024-08-18 08:00:00-07:00,TH_SP15_GEN-APND,14.20937
2024-08-18 08:00:00-07:00,TH_ZP26_GEN-APND,12.88182
2024-08-18 09:00:00-07:00,TH_NP15_GEN-APND,23.38124
2024-08-18 09:00:00-07:00,TH_SP15_GEN-APND,12.32281
2024-08-18 09:00:00-07:00,TH_ZP26_GEN-APND,10.42983
2024-08-18 10:00:00-07:00,TH_NP15_GEN-APND,19.17618
2024-08-18 10:00:00-07:00,TH_SP15_GEN-APND,13.13151
2024-08-18 10:00:00-07:00,TH_ZP26_GEN-APND,10.61603
2024-08-18 11:00:00-07:00,TH_NP15_GEN-APND,20.38467
2024-08-18 11:00:00-07:00,TH_SP15_GEN-APND,14.87668
2024-08-18 11:00:00-07:00,TH_ZP26_GEN-APND,11.98339
2024-08-18 12:00:00-07:00,TH_NP15_GEN-APND,23.15392
2024-08-18 12:00:00-07:00,TH_SP15_GEN-APND,16.27272
2024-08-18 12:00:00-07:00,TH_ZP26_GEN-APND,12.97095
2024-08-18 13:00:00-07:00,TH_NP15_GEN-APND,24.08317
2024-08-18 13:00:00-07:00,TH_SP15_GEN-APND,16.42944
2024-08-18 13:00:00-07:00,TH_ZP26_GEN-APND,13.33556
2024-08-18 14:00:00-07:00,TH_NP15_GEN-APND,23.93961
2024-08-18 14:00:00-07:00,TH_SP15_GEN-APND,20.54482
2024-08-18 14:00:00-07:00,TH_ZP26_GEN-APND,17.06039
2024-08-18 15:00:00-07:00,TH_NP15_GEN-APND,27.57056
2024-08-18 15:00:00-07:00,TH_SP15_GEN-APND,25.39042
2024-08-18 15:00:00-07:00,TH_ZP26_GEN-APND,22.89652
2024-08-18 16:00:00-07:00,TH_NP15_GEN-APND,27.98376
2024-08-18 16:00:00-07:00,TH_SP15_GEN-APND,27.01525
2024-08-18 16:00:00-07:00,TH_ZP26_GEN-APND,26.04119
2024-08-18 17:00:00-07:00,TH_NP15_GEN-APND,34.76688
2024-08-18 17:00:00-07:00,TH_SP15_GEN-APND,35.01118
2024-08-18 17:00:00-07:00,TH_ZP26_GEN-APND,34.02474
2024-08-18 18:00:00-07:00,TH_NP15_GEN-APND,44.62052
2024-08-18 18:00:00-07:00,TH_SP15_GEN-APND,48.45216
2024-08-18 18:00:00-07:00,TH_ZP26_GEN-APND,44.27122
2024-08-18 19:00:00-07:00,TH_NP15_GEN-APND,53.59457
2024-08-18 19:00:00-07:00,TH_SP15_GEN-APND,55.49269
2024-08-18 19:00:00-07:00,TH_ZP26_GEN-APND,54.19417
2024-08-18 20:00:00-07:00,TH_NP15_GEN-APND,48.10433
2024-08-18 20:00:00-07:00,TH_SP15_GEN-APND,49.49094
2024-08-18 20:00:00-07:00,TH_ZP26_GEN-APND,48.70251
2024-08-18 21:00:00-07:00,TH_NP15_GEN-APND,44.69766
2024-08-18 21:00:00-07:00,TH_SP15_GEN-APND,47.52949
2024-08-18 21:00:00-07:00,TH_ZP26_GEN-APND,46.46759
2024-08-18 22:00:00-07:00,TH_NP15_GEN-APND,39.98925
2024-08-18 22:00:00-07:00,TH_SP15_GEN-APND,42.01582
2024-08-18 22:00:00-07:00,TH_ZP26_GEN-APND,41.04446
2024-08-18 23:00:00-07:00,TH_NP15_GEN-APND,35.64127
2024-08-18 23:00:00-07:00,TH_SP15_GEN-APND,37.11217
2024-08-18 23:00:00-07:00,TH_ZP26_GEN-APND,36.28829
2024-08-19 00:00:00-07:00,TH_NP15_GEN-APND,36.71888
2024-08-19 00:00:00-07:00,TH_SP15_GEN-APND,36.73395
2024-08-19 00:00:00-07:00,TH_ZP26_GEN-APND,36.50781
2024-08-19 01:00:00-07:00,TH_NP15_GEN-APND,33.43061
2024-08-19 01:00:00-07:00,TH_SP15_GEN-APND,33.52664
2024-08-19 01:00:00-07:00,TH_ZP26_GEN-APND,33.22827
2024-08-19 02:00:00-07:00,TH_NP15_GEN-APND,33.07343
2024-08-19 02:00:00-07:00,TH_SP15_GEN-APND,33.19221
2024-08-19 02:00:00-07:00,TH_ZP26_GEN-APND,32.91054
2024-08-19 03:00:00-07:00,TH_NP15_GEN-APND,32.7737
2024-08-19 03:00:00-07:00,TH_SP15_GEN-APND,32.98243
2024-08-19 03:00:00-07:00,TH_ZP26_GEN-APND,32.67607
2024-08-19 04:00:00-07:00,TH_NP15_GEN-APND,33.05192
2024-08-19 04:00:00-07:00,TH_SP15_GEN-APND,33.24882
2024-08-19 04:00:00-07:00,TH_ZP26_GEN-APND,32.95347
2024-08-19 05:00:00-07:00,TH_NP15_GEN-APND,38.47323
2024-08-19 05:00:00-07:00,TH_SP15_GEN-APND,38.31597
2024-08-19 05:00:00-07:00,TH_ZP26_GEN-APND,38.1705
2024-08-19 06:00:00-07:00,TH_NP15_GEN-APND,39.47305
2024-08-19 06:00:00-07:00,TH_SP15_GEN-APND,39.39637
2024-08-19 06:00:00-07:00,TH_ZP26_GEN-APND,39.18652
2024-08-19 07:00:00-07:00,TH_NP15_GEN-APND,32.78058
2024-08-19 07:00:00-07:00,TH_SP15_GEN-APND,30.26662
2024-08-19 07:00:00-07:00,TH_ZP26_GEN-APND,29.88148
2024-08-19 08:00:00-07:00,TH_NP15_GEN-APND,27.12433
2024-08-19 08:00:00-07:00,TH_SP15_GEN-APND,22.35717
2024-08-19 08:00:00-07:00,TH_ZP26_GEN-APND,21.04962
2024-08-19 09:00:00-07:00,TH_NP15_GEN-APND,26.29234
2024-08-19 09:00:00-07:00,TH_SP15_GEN-APND,20.71648
2024-08-19 09:00:00-07:00,TH_ZP26_GEN-APND,20.15282
2024-08-19 10:00:00-07:00,TH_NP15_GEN-APND,24.73056
2024-08-19 10:00:00-07:00,TH_SP15_GEN-APND,22.43547
2024-08-19 10:00:00-07:00,TH_ZP26_GEN-APND,20.86911
2024-08-19 11:00:00-07:00,TH_NP15_GEN-APND,26.54195
2024-08-19 11:00:00-07:00,TH_SP15_GEN-APND,24.1567
2024-08-19 11:00:00-07:00,TH_ZP26_GEN-APND,22.66303
2024-08-19 12:00:00-07:00,TH_NP15_GEN-APND,26.80157
2024-08-19 12:00:00-07:00,TH_SP15_GEN-APND,26.31901
2024-08-19 12:00:00-07:00,TH_ZP26_GEN-APND,24.92578
2024-08-19 13:00:00-07:00,TH_NP15_GEN-APND,27.25065
2024-08-19 13:00:00-07:00,TH_SP15_GEN-APND,28.09368
2024-08-19 13:00:00-07:00,TH_ZP26_GEN-APND,26.00038
2024-08-19 14:00:00-07:00,TH_NP15_GEN-APND,28.37573
2024-08-19 14:00:00-07:00,TH_SP15_GEN-APND,31.6574
2024-08-19 14:00:00-07:00,TH_ZP26_GEN-APND,27.64242
2024-08-19 15:00:00-07:00,TH_NP15_GEN-APND,31.82738
2024-08-19 15:00:00-07:00,TH_SP15_GEN-APND,35.3527
2024-08-19 15:00:00-07:00,TH_ZP26_GEN-APND,32.38965
2024-08-19 16:00:00-07:00,TH_NP15_GEN-APND,33.62878
2024-08-19 16:00:00-07:00,TH_SP15_GEN-APND,35.63061
2024-08-19 16:00:00-07:00,TH_ZP26_GEN-APND,34.39017
2024-08-19 17:00:00-07:00,TH_NP15_GEN-APND,36.87239
2024-08-19 17:00:00-07:00,TH_SP15_GEN-APND,44.22834
2024-08-19 17:00:00-07:00,TH_ZP26_GEN-APND,36.76452
2024-08-19 18:00:00-07:00,TH_NP15_GEN-APND,46.3786
2024-08-19 18:00:00-07:00,TH_SP15_GEN-APND,57.8223
2024-08-19 18:00:00-07:00,TH_ZP26_GEN-APND,45.85022
2024-08-19 19:00:00-07:00,TH_NP15_GEN-APND,60.97981
2024-08-19 19:00:00-07:00,TH_SP15_GEN-APND,73.0
2024-08-19 19:00:00-07:00,TH_ZP26_GEN-APND,60.34417
2024-08-19 20:00:00-07:00,TH_NP15_GEN-APND,55.12718
2024-08-19 20:00:00-07:00,TH_SP15_GEN-APND,56.79672
2024-08-19 20:00:00-07:00,TH_ZP26_GEN-APND,55.68054
2024-08-19 21:00:00-07:00,TH_NP15_GEN-APND,39.95423
2024-08-19 21:00:00-07:00,TH_SP15_GEN-APND,50.08174
2024-08-19 21:00:00-07:00,TH_ZP26_GEN-APND,40.04185
2024-08-19 22:00:00-07:00,TH_NP15_GEN-APND,42.85
2024-08-19 22:00:00-07:00,TH_SP15_GEN-APND,44.91078
2024-08-19 22:00:00-07:00,TH_ZP26_GEN-APND,43.85107
2024-08-19 23:00:00-07:00,TH_NP15_GEN-APND,36.3719
2024-08-19 23:00:00-07:00,TH_SP15_GEN-APND,38.52825
2024-08-19 23:00:00-07:00,TH_ZP26_GEN-APND,37.90649
2024-08-20 00:00:00-07:00,TH_NP15_GEN-APND,34.82352
2024-08-20 00:00:00-07:00,TH_SP15_GEN-APND,36.39078
2024-08-20 00:00:00-07:00,TH_ZP26_GEN-APND,35.89531
2024-08-20 01:00:00-07:00,TH_NP15_GEN-APND,32.5654
2024-08-20 01:00:00-07:00,TH_SP15_GEN-APND,33.72051
2024-08-20 01:00:00-07:00,TH_ZP26_GEN-APND,33.23776
2024-08-20 02:00:00-07:00,TH_NP15_GEN-APND,32.50479
2024-08-20 02:00:00-07:00,TH_SP15_GEN-APND,33.24184
2024-08-20 02:00:00-07:00,TH_ZP26_GEN-APND,32.7685
2024-08-20 03:00:00-07:00,TH_NP15_GEN-APND,32.1124
2024-08-20 03:00:00-07:00,TH_SP15_GEN-APND,32.76932
2024-08-20 03:00:00-07:00,TH_ZP26_GEN-APND,32.2958
2024-08-20 04:00:00-07:00,TH_NP15_GEN-APND,32.07122
2024-08-20 04:00:00-07:00,TH_SP15_GEN-APND,32.69774
2024-08-20 04:00:00-07:00,TH_ZP26_GEN-APND,32.28475
2024-08-20 05:00:00-07:00,TH_NP15_GEN-APND,33.01786
2024-08-20 05:00:00-07:00,TH_SP15_GEN-APND,33.79033
2024-08-20 05:00:00-07:00,TH_ZP26_GEN-APND,33.25387
2024-08-20 06:00:00-07:00,TH_NP15_GEN-APND,36.05959
2024-08-20 06:00:00-07:00,TH_SP15_GEN-APND,37.75546
2024-08-20 06:00:00-07:00,TH_ZP26_GEN-APND,37.15083
2024-08-20 07:00:00-07:00,TH_NP15_GEN-APND,30.07354
2024-08-20 07:00:00-07:00,TH_SP15_GEN-APND,29.98073
2024-08-20 07:00:00-07:00,TH_ZP26_GEN-APND,29.55378
2024-08-20 08:00:00-07:00,TH_NP15_GEN-APND,24.91154
2024-08-20 08:00:00-07:00,TH_SP15_GEN-APND,22.91575
2024-08-20 08:00:00-07:00,TH_ZP26_GEN-APND,21.3474
2024-08-20 09:00:00-07:00,TH_NP15_GEN-APND,23.40991
2024-08-20 09:00:00-07:00,TH_SP15_GEN-APND,24.46605
2024-08-20 09:00:00-07:00,TH_ZP26_GEN-APND,19.98034
2024-08-20 10:00:00-07:00,TH_NP15_GEN-APND,21.99901
2024-08-20 10:00:00-07:00,TH_SP15_GEN-APND,24.871
2024-08-20 10:00:00-07:00,TH_ZP26_GEN-APND,17.7206
2024-08-20 11:00:00-07:00,TH_NP15_GEN-APND,24.63919
2024-08-20 11:00:00-07:00,TH_SP15_GEN-APND,25.98783
2024-08-20 11:00:00-07:00,TH_ZP26_GEN-APND,21.74433
2024-08-20 12:00:00-07:00,TH_NP15_GEN-APND,24.93993
2024-08-20 12:00:00-07:00,TH_SP15_GEN-APND,26.67488
2024-08-20 12:00:00-07:00,TH_ZP26_GEN-APND,22.49931
2024-08-20 13:00:00-07:00,TH_NP15_GEN-APND,25.81276
2024-08-20 13:00:00-07:00,TH_SP15_GEN-APND,28.2164
2024-08-20 13:00:00-07:00,TH_ZP26_GEN-APND,24.47697
2024-08-20 14:00:00-07:00,TH_NP15_GEN-APND,27.93225
2024-08-20 14:00:00-07:00,TH_SP15_GEN-APND,32.3835
2024-08-20 14:00:00-07:00,TH_ZP26_GEN-APND,27.82013
2024-08-20 15:00:00-07:00,TH_NP15_GEN-APND,31.71369
2024-08-20 15:00:00-07:00,TH_SP15_GEN-APND,34.82787
2024-08-20 15:00:00-07:00,TH_ZP26_GEN-APND,31.38149
2024-08-20 16:00:00-07:00,TH_NP15_GEN-APND,32.01527
2024-08-20 16:00:00-07:00,TH_SP15_GEN-APND,36.20323
2024-08-20 16:00:00-07:00,TH_ZP26_GEN-APND,32.0593
2024-08-20 17:00:00-07:00,TH_NP15_GEN-APND,33.30559
2024-08-20 17:00:00-07:00,TH_SP15_GEN-APND,46.42678
2024-08-20 17:00:00-07:00,TH_ZP26_GEN-APND,32.3302
2024-08-20 18:00:00-07:00,TH_NP15_GEN-APND,43.58956
2024-08-20 18:00:00-07:00,TH_SP15_GEN-APND,59.13
2024-08-20 18:00:00-07:00,TH_ZP26_GEN-APND,41.31084
2024-08-20 19:00:00-07:00,TH_NP15_GEN-APND,58.29044
2024-08-20 19:00:00-07:00,TH_SP15_GEN-APND,82.50807
2024-08-20 19:00:00-07:00,TH_ZP26_GEN-APND,67.38207
2024-08-20 20:00:00-07:00,TH_NP15_GEN-APND,47.78
2024-08-20 20:00:00-07:00,TH_SP15_GEN-APND,56.20004
2024-08-20 20:00:00-07:00,TH_ZP26_GEN-APND,49.52656
2024-08-20 21:00:00-07:00,TH_NP15_GEN-APND,36.82169
2024-08-20 21:00:00-07:00,TH_SP15_GEN-APND,51.13939
2024-08-20 21:00:00-07:00,TH_ZP26_GEN-APND,40.22726
2024-08-20 22:00:00-07:00,TH_NP15_GEN-APND,37.15677
2024-08-20 22:00:00-07:00,TH_SP15_GEN-APND,40.00396
2024-08-20 22:00:00-07:00,TH_ZP26_GEN-APND,38.60854
2024-08-20 23:00:00-07:00,TH_NP15_GEN-APND,34.78911
2024-08-20 23:00:00-07:00,TH_SP15_GEN-APND,36.08524
2024-08-20 23:00:00-07:00,TH_ZP26_GEN-APND,35.6487
2024-08-21 00:00:00-07:00,TH_NP15_GEN-APND,33.27365
2024-08-21 00:00:00-07:00,TH_SP15_GEN-APND,35.18532
2024-08-21 00:00:00-07:00,TH_ZP26_GEN-APND,34.51236
2024-08-21 01:00:00-07:00,TH_NP15_GEN-APND,31.31813
2024-08-21 01:00:00-07:00,TH_SP15_GEN-APND,32.31611
2024-08-21 01:00:00-07:00,TH_ZP26_GEN-APND,31.85239
2024-08-21 02:00:00-07:00,TH_NP15_GEN-APND,31.8079
2024-08-21 02:00:00-07:00,TH_SP15_GEN-APND,32.15017
2024-08-21 02:00:00-07:00,TH_ZP26_GEN-APND,31.79473
2024-08-21 03:00:00-07:00,TH_NP15_GEN-APND,30.46679
2024-08-21 03:00:00-07:00,TH_SP15_GEN-APND,30.91107
2024-08-21 03:00:00-07:00,TH_ZP26_GEN-APND,30.37856
2024-08-21 04:00:00-07:00,TH_NP15_GEN-APND,30.29041
2024-08-21 04:00:00-07:00,TH_SP15_GEN-APND,30.78579
2024-08-21 04:00:00-07:00,TH_ZP26_GEN-APND,30.3707
2024-08-21 05:00:00-07:00,TH_NP15_GEN-APND,35.44358
2024-08-21 05:00:00-07:00,TH_SP15_GEN-APND,35.61905
2024-08-21 05:00:00-07:00,TH_ZP26_GEN-APND,35.28677
2024-08-21 06:00:00-07:00,TH_NP15_GEN-APND,35.18951
2024-08-21 06:00:00-07:00,TH_SP15_GEN-APND,35.81587
2024-08-21 06:00:00-07:00,TH_ZP26_GEN-APND,35.65863
2024-08-21 07:00:00-07:00,TH_NP15_GEN-APND,29.80992
2024-08-21 07:00:00-07:00,TH_SP15_GEN-APND,29.3146
2024-08-21 07:00:00-07:00,TH_ZP26_GEN-APND,29.10917
2024-08-21 08:00:00-07:00,TH_NP15_GEN-APND,24.57732
2024-08-21 08:00:00-07:00,TH_SP15_GEN-APND,22.78
2024-08-21 08:00:00-07:00,TH_ZP26_GEN-APND,21.441
2024-08-21 09:00:00-07:00,TH_NP15_GEN-APND,23.70193
2024-08-21 09:00:00-07:00,TH_SP15_GEN-APND,22.33472
2024-08-21 09:00:00-07:00,TH_ZP26_GEN-APND,19.54722
2024-08-21 10:00:00-07:00,TH_NP15_GEN-APND,21.74458
2024-08-21 10:00:00-07:00,TH_SP15_GEN-APND,22.85767
2024-08-21 10:00:00-07:00,TH_ZP26_GEN-APND,18.38576
2024-08-21 11:00:00-07:00,TH_NP15_GEN-APND,22.84869
2024-08-21 11:00:00-07:00,TH_SP15_GEN-APND,25.10876
2024-08-21 11:00:00-07:00,TH_ZP26_GEN-APND,20.01023
2024-08-21 12:00:00-07:00,TH_NP15_GEN-APND,23.81793
2024-08-21 12:00:00-07:00,TH_SP15_GEN-APND,26.7374
2024-08-21 12:00:00-07:00,TH_ZP26_GEN-APND,21.52753
2024-08-21 13:00:00-07:00,TH_NP15_GEN-APND,24.93123
2024-08-21 13:00:00-07:00,TH_SP15_GEN-APND,28.13076
2024-08-21 13:00:00-07:00,TH_ZP26_GEN-APND,23.23604
2024-08-21 14:00:00-07:00,TH_NP15_GEN-APND,27.06799
2024-08-21 14:00:00-07:00,TH_SP15_GEN-APND,31.99541
2024-08-21 14:00:00-07:00,TH_ZP26_GEN-APND,25.18726
2024-08-21 15:00:00-07:00,TH_NP15_GEN-APND,29.12735
2024-08-21 15:00:00-07:00,TH_SP15_GEN-APND,32.97159
2024-08-21 15:00:00-07:00,TH_ZP26_GEN-APND,28.58388
2024-08-21 16:00:00-07:00,TH_NP15_GEN-APND,31.2469
2024-08-21 16:00:00-07:00,TH_SP15_GEN-APND,38.18129
2024-08-21 16:00:00-07:00,TH_ZP26_GEN-APND,29.64
2024-08-21 17:00:00-07:00,TH_NP15_GEN-APND,32.47965
2024-08-21 17:00:00-07:00,TH_SP15_GEN-APND,45.93123
2024-08-21 17:00:00-07:00,TH_ZP26_GEN-APND,30.49283
2024-08-21 18:00:00-07:00,TH_NP15_GEN-APND,46.10525
2024-08-21 18:00:00-07:00,TH_SP15_GEN-APND,52.33294
2024-08-21 18:00:00-07:00,TH_ZP26_GEN-APND,43.54769
2024-08-21 19:00:00-07:00,TH_NP15_GEN-APND,57.16946
2024-08-21 19:00:00-07:00,TH_SP15_GEN-APND,62.23
2024-08-21 19:00:00-07:00,TH_ZP26_GEN-APND,57.03701
2024-08-21 20:00:00-07:00,TH_NP15_GEN-APND,46.5434
2024-08-21 20:00:00-07:00,TH_SP15_GEN-APND,50.8583
2024-08-21 20:00:00-07:00,TH_ZP26_GEN-APND,47.18484
2024-08-21 21:00:00-07:00,TH_NP15_GEN-APND,35.2531
2024-08-21 21:00:00-07:00,TH_SP15_GEN-APND,47.12226
2024-08-21 21:00:00-07:00,TH_ZP26_GEN-APND,38.39038
2024-08-21 22:00:00-07:00,TH_NP15_GEN-APND,35.78272
2024-08-21 22:00:00-07:00,TH_SP15_GEN-APND,45.7742
2024-08-21 22:00:00-07:00,TH_ZP26_GEN-APND,38.06233
2024-08-21 23:00:00-07:00,TH_NP15_GEN-APND,35.96781
2024-08-21 23:00:00-07:00,TH_SP15_GEN-APND,38.67996
2024-08-21 23:00:00-07:00,TH_ZP26_GEN-APND,36.64353
2024-08-22 00:00:00-07:00,TH_NP15_GEN-APND,36.10204
2024-08-22 00:00:00-07:00,TH_SP15_GEN-APND,37.51594
2024-08-22 00:00:00-07:00,TH_ZP26_GEN-APND,36.4695
2024-08-22 01:00:00-07:00,TH_NP15_GEN-APND,35.91515
2024-08-22 01:00:00-07:00,TH_SP15_GEN-APND,36.6921
2024-08-22 01:00:00-07:00,TH_ZP26_GEN-APND,36.1206
2024-08-22 02:00:00-07:00,TH_NP15_GEN-APND,35.3506
2024-08-22 02:00:00-07:00,TH_SP15_GEN-APND,35.88455
2024-08-22 02:00:00-07:00,TH_ZP26_GEN-APND,35.41277
2024-08-22 03:00:00-07:00,TH_NP15_GEN-APND,35.10049
2024-08-22 03:00:00-07:00,TH_SP15_GEN-APND,35.59001
2024-08-22 03:00:00-07:00,TH_ZP26_GEN-APND,35.14037
2024-08-22 04:00:00-07:00,TH_NP15_GEN-APND,35.34179
2024-08-22 04:00:00-07:00,TH_SP15_GEN-APND,35.80158
2024-08-22 04:00:00-07:00,TH_ZP26_GEN-APND,35.35274
2024-08-22 05:00:00-07:00,TH_NP15_GEN-APND,37.28708
2024-08-22 05:00:00-07:00,TH_SP15_GEN-APND,38.08521
2024-08-22 05:00:00-07:00,TH_ZP26_GEN-APND,37.56604
2024-08-22 06:00:00-07:00,TH_NP15_GEN-APND,35.644
2024-08-22 06:00:00-07:00,TH_SP15_GEN-APND,36.27167
2024-08-22 06:00:00-07:00,TH_ZP26_GEN-APND,35.74738
2024-08-22 07:00:00-07:00,TH_NP15_GEN-APND,30.77245
2024-08-22 07:00:00-07:00,TH_SP15_GEN-APND,30.0
2024-08-22 07:00:00-07:00,TH_ZP26_GEN-APND,29.89686
2024-08-22 08:00:00-07:00,TH_NP15_GEN-APND,25.05752
2024-08-22 08:00:00-07:00,TH_SP15_GEN-APND,21.23197
2024-08-22 08:00:00-07:00,TH_ZP26_GEN-APND,20.03263
2024-08-22 09:00:00-07:00,TH_NP15_GEN-APND,23.98459
2024-08-22 09:00:00-07:00,TH_SP15_GEN-APND,18.73429
2024-08-22 09:00:00-07:00,TH_ZP26_GEN-APND,16.68426
2024-08-22 10:00:00-07:00,TH_NP15_GEN-APND,21.65591
2024-08-22 10:00:00-07:00,TH_SP15_GEN-APND,17.33507
2024-08-22 10:00:00-07:00,TH_ZP26_GEN-APND,14.93331
2024-08-22 11:00:00-07:00,TH_NP15_GEN-APND,21.25918
2024-08-22 11:00:00-07:00,TH_SP15_GEN-APND,18.13303
2024-08-22 11:00:00-07:00,TH_ZP26_GEN-APND,15.23823
2024-08-22 12:00:00-07:00,TH_NP15_GEN-APND,21.25712
2024-08-22 12:00:00-07:00,TH_SP15_GEN-APND,20.05846
2024-08-22 12:00:00-07:00,TH_ZP26_GEN-APND,16.6282
2024-08-22 13:00:00-07:00,TH_NP15_GEN-APND,21.62554
2024-08-22 13:00:00-07:00,TH_SP15_GEN-APND,21.6518
2024-08-22 13:00:00-07:00,TH_ZP26_GEN-APND,18.27725
2024-08-22 14:00:00-07:00,TH_NP15_GEN-APND,22.6937
2024-08-22 14:00:00-07:00,TH_SP15_GEN-APND,24.58034
2024-08-22 14:00:00-07:00,TH_ZP26_GEN-APND,20.14387
2024-08-22 15:00:00-07:00,TH_NP15_GEN-APND,23.16481
2024-08-22 15:00:00-07:00,TH_SP15_GEN-APND,25.48671
2024-08-22 15:00:00-07:00,TH_ZP26_GEN-APND,22.86022
2024-08-22 16:00:00-07:00,TH_NP15_GEN-APND,24.72026
2024-08-22 16:00:00-07:00,TH_SP15_GEN-APND,26.94511
2024-08-22 16:00:00-07:00,TH_ZP26_GEN-APND,25.63099
2024-08-22 17:00:00-07:00,TH_NP15_GEN-APND,30.0
2024-08-22 17:00:00-07:00,TH_SP15_GEN-APND,36.56241
2024-08-22 17:00:00-07:00,TH_ZP26_GEN-APND,29.82176
2024-08-22 18:00:00-07:00,TH_NP15_GEN-APND,36.2927
2024-08-22 18:00:00-07:00,TH_SP15_GEN-APND,47.38162
2024-08-22 18:00:00-07:00,TH_ZP26_GEN-APND,35.85242
2024-08-22 19:00:00-07:00,TH_NP15_GEN-APND,47.57023
2024-08-22 19:00:00-07:00,TH_SP15_GEN-APND,52.74046
2024-08-22 19:00:00-07:00,TH_ZP26_GEN-APND,48.74632
2024-08-22 20:00:00-07:00,TH_NP15_GEN-APND,46.49617
2024-08-22 20:00:00-07:00,TH_SP15_GEN-APND,47.24209
2024-08-22 20:00:00-07:00,TH_ZP26_GEN-APND,46.57302
2024-08-22 21:00:00-07:00,TH_NP15_GEN-APND,37.41753
2024-08-22 21:00:00-07:00,TH_SP15_GEN-APND,44.32912
2024-08-22 21:00:00-07:00,TH_ZP26_GEN-APND,39.34607
2024-08-22 22:00:00-07:00,TH_NP15_GEN-APND,38.1642
2024-08-22 22:00:00-07:00,TH_SP15_GEN-APND,42.78569
2024-08-22 22:00:00-07:00,TH_ZP26_GEN-APND,39.23883
2024-08-22 23:00:00-07:00,TH_NP15_GEN-APND,37.9402
2024-08-22 23:00:00-07:00,TH_SP15_GEN-APND,38.62601
2024-08-22 23:00:00-07:00,TH_ZP26_GEN-APND,37.98356
2024-08-23 00:00:00-07:00,TH_NP15_GEN-APND,32.21865
2024-08-23 00:00:00-07:00,TH_SP15_GEN-APND,32.56998
2024-08-23 00:00:00-07:00,TH_ZP26_GEN-APND,32.12733
2024-08-23 01:00:00-07:00,TH_NP15_GEN-APND,31.66966
2024-08-23 01:00:00-07:00,TH_SP15_GEN-APND,32.0
2024-08-23 01:00:00-07:00,TH_ZP26_GEN-APND,31.60466
2024-08-23 02:00:00-07:00,TH_NP15_GEN-APND,30.83785
2024-08-23 02:00:00-07:00,TH_SP15_GEN-APND,30.67721
2024-08-23 02:00:00-07:00,TH_ZP26_GEN-APND,30.44722
2024-08-23 03:00:00-07:00,TH_NP15_GEN-APND,29.66727
2024-08-23 03:00:00-07:00,TH_SP15_GEN-APND,29.36889
2024-08-23 03:00:00-07:00,TH_ZP26_GEN-APND,29.23592
2024-08-23 04:00:00-07:00,TH_NP15_GEN-APND,29.65139
2024-08-23 04:00:00-07:00,TH_SP15_GEN-APND,29.24049
2024-08-23 04:00:00-07:00,TH_ZP26_GEN-APND,29.14104
2024-08-23 05:00:00-07:00,TH_NP15_GEN-APND,33.26413
2024-08-23 05:00:00-07:00,TH_SP15_GEN-APND,32.76302
2024-08-23 05:00:00-07:00,TH_ZP26_GEN-APND,32.64127
2024-08-23 06:00:00-07:00,TH_NP15_GEN-APND,34.35682
2024-08-23 06:00:00-07:00,TH_SP15_GEN-APND,33.43723
2024-08-23 06:00:00-07:00,TH_ZP26_GEN-APND,33.46846
2024-08-23 07:00:00-07:00,TH_NP15_GEN-APND,29.18364
2024-08-23 07:00:00-07:00,TH_SP15_GEN-APND,25.44795
2024-08-23 07:00:00-07:00,TH_ZP26_GEN-APND,25.60556
2024-08-23 08:00:00-07:00,TH_NP15_GEN-APND,19.94401
2024-08-23 08:00:00-07:00,TH_SP15_GEN-APND,11.75065
2024-08-23 08:00:00-07:00,TH_ZP26_GEN-APND,10.36932
2024-08-23 09:00:00-07:00,TH_NP15_GEN-APND,19.34414
2024-08-23 09:00:00-07:00,TH_SP15_GEN-APND,9.89037
2024-08-23 09:00:00-07:00,TH_ZP26_GEN-APND,7.38642
2024-08-23 10:00:00-07:00,TH_NP15_GEN-APND,16.71727
2024-08-23 10:00:00-07:00,TH_SP15_GEN-APND,10.52589
2024-08-23 10:00:00-07:00,TH_ZP26_GEN-APND,7.49277
2024-08-23 11:00:00-07:00,TH_NP15_GEN-APND,15.757
2024-08-23 11:00:00-07:00,TH_SP15_GEN-APND,10.00606
2024-08-23 11:00:00-07:00,TH_ZP26_GEN-APND,6.76071
2024-08-23 12:00:00-07:00,TH_NP15_GEN-APND,14.87324
2024-08-23 12:00:00-07:00,TH_SP15_GEN-APND,9.56039
2024-08-23 12:00:00-07:00,TH_ZP26_GEN-APND,6.65536
2024-08-23 13:00:00-07:00,TH_NP15_GEN-APND,16.91404
2024-08-23 13:00:00-07:00,TH_SP15_GEN-APND,10.33759
2024-08-23 13:00:00-07:00,TH_ZP26_GEN-APND,7.35675
2024-08-23 14:00:00-07:00,TH_NP15_GEN-APND,19.10574
2024-08-23 14:00:00-07:00,TH_SP15_GEN-APND,9.67503
2024-08-23 14:00:00-07:00,TH_ZP26_GEN-APND,6.93269
2024-08-23 15:00:00-07:00,TH_NP15_GEN-APND,19.60387
2024-08-23 15:00:00-07:00,TH_SP15_GEN-APND,14.5288
2024-08-23 15:00:00-07:00,TH_ZP26_GEN-APND,13.13151
2024-08-23 16:00:00-07:00,TH_NP15_GEN-APND,21.83123
2024-08-23 16:00:00-07:00,TH_SP15_GEN-APND,20.23862
2024-08-23 16:00:00-07:00,TH_ZP26_GEN-APND,19.39252
2024-08-23 17:00:00-07:00,TH_NP15_GEN-APND,27.25628
2024-08-23 17:00:00-07:00,TH_SP15_GEN-APND,27.18913
2024-08-23 17:00:00-07:00,TH_ZP26_GEN-APND,26.78546
2024-08-23 18:00:00-07:00,TH_NP15_GEN-APND,35.56524
2024-08-23 18:00:00-07:00,TH_SP15_GEN-APND,36.16363
2024-08-23 18:00:00-07:00,TH_ZP26_GEN-APND,35.35212
2024-08-23 19:00:00-07:00,TH_NP15_GEN-APND,37.67
2024-08-23 19:00:00-07:00,TH_SP15_GEN-APND,37.94515
2024-08-23 19:00:00-07:00,TH_ZP26_GEN-APND,37.29471
2024-08-23 20:00:00-07:00,TH_NP15_GEN-APND,36.35679
2024-08-23 20:00:00-07:00,TH_SP15_GEN-APND,36.42585
2024-08-23 20:00:00-07:00,TH_ZP26_GEN-APND,35.91156
2024-08-23 21:00:00-07:00,TH_NP15_GEN-APND,35.69688
2024-08-23 21:00:00-07:00,TH_SP15_GEN-APND,35.61353
2024-08-23 21:00:00-07:00,TH_ZP26_GEN-APND,35.44184
2024-08-23 22:00:00-07:00,TH_NP15_GEN-APND,35.24928
2024-08-23 22:00:00-07:00,TH_SP15_GEN-APND,35.10251
2024-08-23 22:00:00-07:00,TH_ZP26_GEN-APND,34.82762
2024-08-23 23:00:00-07:00,TH_NP15_GEN-APND,35.43319
2024-08-23 23:00:00-07:00,TH_SP15_GEN-APND,35.18579
2024-08-23 23:00:00-07:00,TH_ZP26_GEN-APND,34.89219
2024-08-24 00:00:00-07:00,TH_NP15_GEN-APND,29.83303
2024-08-24 00:00:00-07:00,TH_SP15_GEN-APND,29.6922
2024-08-24 00:00:00-07:00,TH_ZP26_GEN-APND,29.33868
2024-08-24 01:00:00-07:00,TH_NP15_GEN-APND,30.32005
2024-08-24 01:00:00-07:00,TH_SP15_GEN-APND,29.89895
2024-08-24 01:00:00-07:00,TH_ZP26_GEN-APND,29.6867
2024-08-24 02:00:00-07:00,TH_NP15_GEN-APND,28.80812
2024-08-24 02:00:00-07:00,TH_SP15_GEN-APND,28.27678
2024-08-24 02:00:00-07:00,TH_ZP26_GEN-APND,28.11946
2024-08-24 03:00:00-07:00,TH_NP15_GEN-APND,28.0835
2024-08-24 03:00:00-07:00,TH_SP15_GEN-APND,27.58
2024-08-24 03:00:00-07:00,TH_ZP26_GEN-APND,27.38138
2024-08-24 04:00:00-07:00,TH_NP15_GEN-APND,29.39813
2024-08-24 04:00:00-07:00,TH_SP15_GEN-APND,28.98163
2024-08-24 04:00:00-07:00,TH_ZP26_GEN-APND,28.73449
2024-08-24 05:00:00-07:00,TH_NP15_GEN-APND,29.2565
2024-08-24 05:00:00-07:00,TH_SP15_GEN-APND,28.68082
2024-08-24 05:00:00-07:00,TH_ZP26_GEN-APND,28.49483
2024-08-24 06:00:00-07:00,TH_NP15_GEN-APND,27.99625
2024-08-24 06:00:00-07:00,TH_SP15_GEN-APND,27.19981
2024-08-24 06:00:00-07:00,TH_ZP26_GEN-APND,27.16886
2024-08-24 07:00:00-07:00,TH_NP15_GEN-APND,9.98449
2024-08-24 07:00:00-07:00,TH_SP15_GEN-APND,7.46325
2024-08-24 07:00:00-07:00,TH_ZP26_GEN-APND,7.22378
2024-08-24 08:00:00-07:00,TH_NP15_GEN-APND,3.5799
2024-08-24 08:00:00-07:00,TH_SP15_GEN-APND,-3.72
2024-08-24 08:00:00-07:00,TH_ZP26_GEN-APND,-4.94887
2024-08-24 09:00:00-07:00,TH_NP15_GEN-APND,7.06541
2024-08-24 09:00:00-07:00,TH_SP15_GEN-APND,-7.82116
2024-08-24 09:00:00-07:00,TH_ZP26_GEN-APND,-10.25849
2024-08-24 10:00:00-07:00,TH_NP15_GEN-APND,3.0
2024-08-24 10:00:00-07:00,TH_SP15_GEN-APND,-6.70256
2024-08-24 10:00:00-07:00,TH_ZP26_GEN-APND,-9.0906
2024-08-24 11:00:00-07:00,TH_NP15_GEN-APND,0.70924
2024-08-24 11:00:00-07:00,TH_SP15_GEN-APND,-7.35457
2024-08-24 11:00:00-07:00,TH_ZP26_GEN-APND,-10.08595
2024-08-24 12:00:00-07:00,TH_NP15_GEN-APND,-0.05166
2024-08-24 12:00:00-07:00,TH_SP15_GEN-APND,-6.93235
2024-08-24 12:00:00-07:00,TH_ZP26_GEN-APND,-9.13209
2024-08-24 13:00:00-07:00,TH_NP15_GEN-APND,-0.52755
2024-08-24 13:00:00-07:00,TH_SP15_GEN-APND,-6.61624
2024-08-24 13:00:00-07:00,TH_ZP26_GEN-APND,-8.62301
2024-08-24 14:00:00-07:00,TH_NP15_GEN-APND,0.14673
2024-08-24 14:00:00-07:00,TH_SP15_GEN-APND,-6.02273
2024-08-24 14:00:00-07:00,TH_ZP26_GEN-APND,-8.58789
2024-08-24 15:00:00-07:00,TH_NP15_GEN-APND,0.01681
2024-08-24 15:00:00-07:00,TH_SP15_GEN-APND,-4.85754
2024-08-24 15:00:00-07:00,TH_ZP26_GEN-APND,-6.4298
2024-08-24 16:00:00-07:00,TH_NP15_GEN-APND,4.53043
2024-08-24 16:00:00-07:00,TH_SP15_GEN-APND,-3.97575
2024-08-24 16:00:00-07:00,TH_ZP26_GEN-APND,-5.92739
2024-08-24 17:00:00-07:00,TH_NP15_GEN-APND,19.03817
2024-08-24 17:00:00-07:00,TH_SP15_GEN-APND,13.47535
2024-08-24 17:00:00-07:00,TH_ZP26_GEN-APND,11.96411
2024-08-24 18:00:00-07:00,TH_NP15_GEN-APND,27.67067
2024-08-24 18:00:00-07:00,TH_SP15_GEN-APND,28.15163
2024-08-24 18:00:00-07:00,TH_ZP26_GEN-APND,27.64314
2024-08-24 19:00:00-07:00,TH_NP15_GEN-APND,31.91624
2024-08-24 19:00:00-07:00,TH_SP15_GEN-APND,30.9528
2024-08-24 19:00:00-07:00,TH_ZP26_GEN-APND,31.05303
2024-08-24 20:00:00-07:00,TH_NP15_GEN-APND,31.22639
2024-08-24 20:00:00-07:00,TH_SP15_GEN-APND,30.33133
2024-08-24 20:00:00-07:00,TH_ZP26_GEN-APND,30.30605
2024-08-24 21:00:00-07:00,TH_NP15_GEN-APND,29.88087
2024-08-24 21:00:00-07:00,TH_SP15_GEN-APND,29.00585
2024-08-24 21:00:00-07:00,TH_ZP26_GEN-APND,28.90927
2024-08-24 22:00:00-07:00,TH_NP15_GEN-APND,29.02472
2024-08-24 22:00:00-07:00,TH_SP15_GEN-APND,28.14857
2024-08-24 22:00:00-07:00,TH_ZP26_GEN-APND,28.08131
2024-08-24 23:00:00-07:00,TH_NP15_GEN-APND,28.38279
2024-08-24 23:00:00-07:00,TH_SP15_GEN-APND,27.90743
2024-08-24 23:00:00-07:00,TH_ZP26_GEN-APND,27.6885
2024-08-25 00:00:00-07:00,TH_NP15_GEN-APND,25.70892
2024-08-25 00:00:00-07:00,TH_SP15_GEN-APND,25.25006
2024-08-25 00:00:00-07:00,TH_ZP26_GEN-APND,25.0961
2024-08-25 01:00:00-07:00,TH_NP15_GEN-APND,25.93339
2024-08-25 01:00:00-07:00,TH_SP15_GEN-APND,25.11656
2024-08-25 01:00:00-07:00,TH_ZP26_GEN-APND,25.15048
2024-08-25 02:00:00-07:00,TH_NP15_GEN-APND,25.7703
2024-08-25 02:00:00-07:00,TH_SP15_GEN-APND,24.93755
2024-08-25 02:00:00-07:00,TH_ZP26_GEN-APND,24.90912
2024-08-25 03:00:00-07:00,TH_NP15_GEN-APND,25.65113
2024-08-25 03:00:00-07:00,TH_SP15_GEN-APND,24.74602
2024-08-25 03:00:00-07:00,TH_ZP26_GEN-APND,24.79994
2024-08-25 04:00:00-07:00,TH_NP15_GEN-APND,25.66025
2024-08-25 04:00:00-07:00,TH_SP15_GEN-APND,24.87292
2024-08-25 04:00:00-07:00,TH_ZP26_GEN-APND,24.82918
2024-08-25 05:00:00-07:00,TH_NP15_GEN-APND,25.32031
2024-08-25 05:00:00-07:00,TH_SP15_GEN-APND,24.53302
2024-08-25 05:00:00-07:00,TH_ZP26_GEN-APND,24.54571
2024-08-25 06:00:00-07:00,TH_NP15_GEN-APND,25.73476
2024-08-25 06:00:00-07:00,TH_SP15_GEN-APND,25.06209
2024-08-25 06:00:00-07:00,TH_ZP26_GEN-APND,24.90686
2024-08-25 07:00:00-07:00,TH_NP15_GEN-APND,11.96001
2024-08-25 07:00:00-07:00,TH_SP15_GEN-APND,5.89819
2024-08-25 07:00:00-07:00,TH_ZP26_GEN-APND,5.18751
2024-08-25 08:00:00-07:00,TH_NP15_GEN-APND,8.31562
2024-08-25 08:00:00-07:00,TH_SP15_GEN-APND,-5.2209
2024-08-25 08:00:00-07:00,TH_ZP26_GEN-APND,-7.68814
2024-08-25 09:00:00-07:00,TH_NP15_GEN-APND,7.5
2024-08-25 09:00:00-07:00,TH_SP15_GEN-APND,-8.067
2024-08-25 09:00:00-07:00,TH_ZP26_GEN-APND,-10.85201
2024-08-25 10:00:00-07:00,TH_NP15_GEN-APND,5.04517
2024-08-25 10:00:00-07:00,TH_SP15_GEN-APND,-6.5929
2024-08-25 10:00:00-07:00,TH_ZP26_GEN-APND,-9.30833
2024-08-25 11:00:00-07:00,TH_NP15_GEN-APND,6.35879
2024-08-25 11:00:00-07:00,TH_SP15_GEN-APND,-5.56629
2024-08-25 11:00:00-07:00,TH_ZP26_GEN-APND,-8.45915
2024-08-25 12:00:00-07:00,TH_NP15_GEN-APND,6.59367
2024-08-25 12:00:00-07:00,TH_SP15_GEN-APND,-4.95901
2024-08-25 12:00:00-07:00,TH_ZP26_GEN-APND,-7.86573
2024-08-25 13:00:00-07:00,TH_NP15_GEN-APND,8.81873
2024-08-25 13:00:00-07:00,TH_SP15_GEN-APND,-4.64219
2024-08-25 13:00:00-07:00,TH_ZP26_GEN-APND,-8.59969
2024-08-25 14:00:00-07:00,TH_NP15_GEN-APND,15.65292
2024-08-25 14:00:00-07:00,TH_SP15_GEN-APND,-4.96165
2024-08-25 14:00:00-07:00,TH_ZP26_GEN-APND,-8.79561
2024-08-25 15:00:00-07:00,TH_NP15_GEN-APND,16.93161
2024-08-25 15:00:00-07:00,TH_SP15_GEN-APND,3.69344
2024-08-25 15:00:00-07:00,TH_ZP26_GEN-APND,1.47777
2024-08-25 16:00:00-07:00,TH_NP15_GEN-APND,24.72984
2024-08-25 16:00:00-07:00,TH_SP15_GEN-APND,15.73594
2024-08-25 16:00:00-07:00,TH_ZP26_GEN-APND,13.64
2024-08-25 17:00:00-07:00,TH_NP15_GEN-APND,29.61842
2024-08-25 17:00:00-07:00,TH_SP15_GEN-APND,26.37
2024-08-25 17:00:00-07:00,TH_ZP26_GEN-APND,25.73557
2024-08-25 18:00:00-07:00,TH_NP15_GEN-APND,37.81
2024-08-25 18:00:00-07:00,TH_SP15_GEN-APND,36.3635
2024-08-25 18:00:00-07:00,TH_ZP26_GEN-APND,36.18429
2024-08-25 19:00:00-07:00,TH_NP15_GEN-APND,41.85741
2024-08-25 19:00:00-07:00,TH_SP15_GEN-APND,39.1782
2024-08-25 19:00:00-07:00,TH_ZP26_GEN-APND,39.16263
2024-08-25 20:00:00-07:00,TH_NP15_GEN-APND,38.26599
2024-08-25 20:00:00-07:00,TH_SP15_GEN-APND,35.94404
2024-08-25 20:00:00-07:00,TH_ZP26_GEN-APND,35.92569
2024-08-25 21:00:00-07:00,TH_NP15_GEN-APND,36.15746
2024-08-25 21:00:00-07:00,TH_SP15_GEN-APND,35.44
2024-08-25 21:00:00-07:00,TH_ZP26_GEN-APND,35.19374
2024-08-25 22:00:00-07:00,TH_NP15_GEN-APND,35.54152
2024-08-25 22:00:00-07:00,TH_SP15_GEN-APND,35.17844
2024-08-25 22:00:00-07:00,TH_ZP26_GEN-APND,34.92729
2024-08-25 23:00:00-07:00,TH_NP15_GEN-APND,34.00065
2024-08-25 23:00:00-07:00,TH_SP15_GEN-APND,33.90888
2024-08-25 23:00:00-07:00,TH_ZP26_GEN-APND,33.56351
2024-08-26 00:00:00-07:00,TH_NP15_GEN-APND,33.56946
2024-08-26 00:00:00-07:00,TH_SP15_GEN-APND,33.99269
2024-08-26 00:00:00-07:00,TH_ZP26_GEN-APND,33.55872
2024-08-26 01:00:00-07:00,TH_NP15_GEN-APND,33.16716
2024-08-26 01:00:00-07:00,TH_SP15_GEN-APND,33.4315
2024-08-26 01:00:00-07:00,TH_ZP26_GEN-APND,33.10349
2024-08-26 02:00:00-07:00,TH_NP15_GEN-APND,33.28954
2024-08-26 02:00:00-07:00,TH_SP15_GEN-APND,33.82034
2024-08-26 02:00:00-07:00,TH_ZP26_GEN-APND,33.34206
2024-08-26 03:00:00-07:00,TH_NP15_GEN-APND,31.51236
2024-08-26 03:00:00-07:00,TH_SP15_GEN-APND,31.96119
2024-08-26 03:00:00-07:00,TH_ZP26_GEN-APND,31.54163
2024-08-26 04:00:00-07:00,TH_NP15_GEN-APND,34.40088
2024-08-26 04:00:00-07:00,TH_SP15_GEN-APND,34.9637
2024-08-26 04:00:00-07:00,TH_ZP26_GEN-APND,34.49061
2024-08-26 05:00:00-07:00,TH_NP15_GEN-APND,35.66882
2024-08-26 05:00:00-07:00,TH_SP15_GEN-APND,36.16298
2024-08-26 05:00:00-07:00,TH_ZP26_GEN-APND,35.70581
2024-08-26 06:00:00-07:00,TH_NP15_GEN-APND,35.57982
2024-08-26 06:00:00-07:00,TH_SP15_GEN-APND,36.11321
2024-08-26 06:00:00-07:00,TH_ZP26_GEN-APND,35.77494
2024-08-26 07:00:00-07:00,TH_NP15_GEN-APND,28.38399
2024-08-26 07:00:00-07:00,TH_SP15_GEN-APND,26.69318
2024-08-26 07:00:00-07:00,TH_ZP26_GEN-APND,26.32617
2024-08-26 08:00:00-07:00,TH_NP15_GEN-APND,24.63
2024-08-26 08:00:00-07:00,TH_SP15_GEN-APND,11.48972
2024-08-26 08:00:00-07:00,TH_ZP26_GEN-APND,7.0
2024-08-26 09:00:00-07:00,TH_NP15_GEN-APND,20.76671
2024-08-26 09:00:00-07:00,TH_SP15_GEN-APND,11.66108
2024-08-26 09:00:00-07:00,TH_ZP26_GEN-APND,5.17118
2024-08-26 10:00:00-07:00,TH_NP15_GEN-APND,20.51598
2024-08-26 10:00:00-07:00,TH_SP15_GEN-APND,11.9789
2024-08-26 10:00:00-07:00,TH_ZP26_GEN-APND,1.95
2024-08-26 11:00:00-07:00,TH_NP15_GEN-APND,21.98269
2024-08-26 11:00:00-07:00,TH_SP15_GEN-APND,16.02
2024-08-26 11:00:00-07:00,TH_ZP26_GEN-APND,1.08529
2024-08-26 12:00:00-07:00,TH_NP15_GEN-APND,22.27766
2024-08-26 12:00:00-07:00,TH_SP15_GEN-APND,16.02
2024-08-26 12:00:00-07:00,TH_ZP26_GEN-APND,2.5
2024-08-26 13:00:00-07:00,TH_NP15_GEN-APND,24.32621
2024-08-26 13:00:00-07:00,TH_SP15_GEN-APND,17.20939
2024-08-26 13:00:00-07:00,TH_ZP26_GEN-APND,2.33011
2024-08-26 14:00:00-07:00,TH_NP15_GEN-APND,25.21555
2024-08-26 14:00:00-07:00,TH_SP15_GEN-APND,20.94699
2024-08-26 14:00:00-07:00,TH_ZP26_GEN-APND,4.51484
2024-08-26 15:00:00-07:00,TH_NP15_GEN-APND,29.71328
2024-08-26 15:00:00-07:00,TH_SP15_GEN-APND,29.2696
2024-08-26 15:00:00-07:00,TH_ZP26_GEN-APND,17.19832
2024-08-26 16:00:00-07:00,TH_NP15_GEN-APND,29.30984
2024-08-26 16:00:00-07:00,TH_SP15_GEN-APND,29.14822
2024-08-26 16:00:00-07:00,TH_ZP26_GEN-APND,28.79458
2024-08-26 17:00:00-07:00,TH_NP15_GEN-APND,40.31982
2024-08-26 17:00:00-07:00,TH_SP15_GEN-APND,40.54551
2024-08-26 17:00:00-07:00,TH_ZP26_GEN-APND,39.39007
2024-08-26 18:00:00-07:00,TH_NP15_GEN-APND,52.42106
2024-08-26 18:00:00-07:00,TH_SP15_GEN-APND,50.71974
2024-08-26 18:00:00-07:00,TH_ZP26_GEN-APND,49.86155
2024-08-26 19:00:00-07:00,TH_NP15_GEN-APND,65.22643
2024-08-26 19:00:00-07:00,TH_SP15_GEN-APND,62.50827
2024-08-26 19:00:00-07:00,TH_ZP26_GEN-APND,61.47995
2024-08-26 20:00:00-07:00,TH_NP15_GEN-APND,46.48763
2024-08-26 20:00:00-07:00,TH_SP15_GEN-APND,46.36431
2024-08-26 20:00:00-07:00,TH_ZP26_GEN-APND,44.77322
2024-08-26 21:00:00-07:00,TH_NP15_GEN-APND,37.45034
2024-08-26 21:00:00-07:00,TH_SP15_GEN-APND,43.74785
2024-08-26 21:00:00-07:00,TH_ZP26_GEN-APND,38.30997
2024-08-26 22:00:00-07:00,TH_NP15_GEN-APND,35.46484
2024-08-26 22:00:00-07:00,TH_SP15_GEN-APND,43.23906
2024-08-26 22:00:00-07:00,TH_ZP26_GEN-APND,36.58317
2024-08-26 23:00:00-07:00,TH_NP15_GEN-APND,33.89791
2024-08-26 23:00:00-07:00,TH_SP15_GEN-APND,37.3685
2024-08-26 23:00:00-07:00,TH_ZP26_GEN-APND,31.52976
2024-08-27 00:00:00-07:00,TH_NP15_GEN-APND,30.53322
2024-08-27 00:00:00-07:00,TH_SP15_GEN-APND,34.6049
2024-08-27 00:00:00-07:00,TH_ZP26_GEN-APND,25.71146
2024-08-27 01:00:00-07:00,TH_NP15_GEN-APND,31.59848
2024-08-27 01:00:00-07:00,TH_SP15_GEN-APND,34.19396
2024-08-27 01:00:00-07:00,TH_ZP26_GEN-APND,27.79195
2024-08-27 02:00:00-07:00,TH_NP15_GEN-APND,31.00066
2024-08-27 02:00:00-07:00,TH_SP15_GEN-APND,31.75647
2024-08-27 02:00:00-07:00,TH_ZP26_GEN-APND,29.44703
2024-08-27 03:00:00-07:00,TH_NP15_GEN-APND,31.33208
2024-08-27 03:00:00-07:00,TH_SP15_GEN-APND,31.2803
2024-08-27 03:00:00-07:00,TH_ZP26_GEN-APND,31.0466
2024-08-27 04:00:00-07:00,TH_NP15_GEN-APND,31.93498
2024-08-27 04:00:00-07:00,TH_SP15_GEN-APND,32.02
2024-08-27 04:00:00-07:00,TH_ZP26_GEN-APND,31.64623
2024-08-27 05:00:00-07:00,TH_NP15_GEN-APND,33.10382
2024-08-27 05:00:00-07:00,TH_SP15_GEN-APND,33.59325
2024-08-27 05:00:00-07:00,TH_ZP26_GEN-APND,32.76221
2024-08-27 06:00:00-07:00,TH_NP15_GEN-APND,33.74456
2024-08-27 06:00:00-07:00,TH_SP15_GEN-APND,35.91449
2024-08-27 06:00:00-07:00,TH_ZP26_GEN-APND,32.98953
2024-08-27 07:00:00-07:00,TH_NP15_GEN-APND,26.15822
2024-08-27 07:00:00-07:00,TH_SP15_GEN-APND,25.37994
2024-08-27 07:00:00-07:00,TH_ZP26_GEN-APND,25.33468
2024-08-27 08:00:00-07:00,TH_NP15_GEN-APND,22.00882
2024-08-27 08:00:00-07:00,TH_SP15_GEN-APND,16.97141
2024-08-27 08:00:00-07:00,TH_ZP26_GEN-APND,15.0
2024-08-27 09:00:00-07:00,TH_NP15_GEN-APND,20.31401
2024-08-27 09:00:00-07:00,TH_SP15_GEN-APND,15.97565
2024-08-27 09:00:00-07:00,TH_ZP26_GEN-APND,12.47288
2024-08-27 10:00:00-07:00,TH_NP15_GEN-APND,19.91873
2024-08-27 10:00:00-07:00,TH_SP15_GEN-APND,15.09572
2024-08-27 10:00:00-07:00,TH_ZP26_GEN-APND,10.59994
2024-08-27 11:00:00-07:00,TH_NP15_GEN-APND,20.69262
2024-08-27 11:00:00-07:00,TH_SP15_GEN-APND,15.96701
2024-08-27 11:00:00-07:00,TH_ZP26_GEN-APND,10.51328
2024-08-27 12:00:00-07:00,TH_NP15_GEN-APND,21.41071
2024-08-27 12:00:00-07:00,TH_SP15_GEN-APND,16.65162
2024-08-27 12:00:00-07:00,TH_ZP26_GEN-APND,11.0
2024-08-27 13:00:00-07:00,TH_NP15_GEN-APND,23.05531
2024-08-27 13:00:00-07:00,TH_SP15_GEN-APND,16.69357
2024-08-27 13:00:00-07:00,TH_ZP26_GEN-APND,11.31969
2024-08-27 14:00:00-07:00,TH_NP15_GEN-APND,27.24507
2024-08-27 14:00:00-07:00,TH_SP15_GEN-APND,20.81735
2024-08-27 14:00:00-07:00,TH_ZP26_GEN-APND,16.48208
2024-08-27 15:00:00-07:00,TH_NP15_GEN-APND,32.07417
2024-08-27 15:00:00-07:00,TH_SP15_GEN-APND,27.98872
2024-08-27 15:00:00-07:00,TH_ZP26_GEN-APND,24.9689
2024-08-27 16:00:00-07:00,TH_NP15_GEN-APND,34.61858
2024-08-27 16:00:00-07:00,TH_SP15_GEN-APND,32.40595
2024-08-27 16:00:00-07:00,TH_ZP26_GEN-APND,31.63273
2024-08-27 17:00:00-07:00,TH_NP15_GEN-APND,44.68809
2024-08-27 17:00:00-07:00,TH_SP15_GEN-APND,41.1535
2024-08-27 17:00:00-07:00,TH_ZP26_GEN-APND,39.72793
2024-08-27 18:00:00-07:00,TH_NP15_GEN-APND,63.57681
2024-08-27 18:00:00-07:00,TH_SP15_GEN-APND,52.93312
2024-08-27 18:00:00-07:00,TH_ZP26_GEN-APND,51.64096
2024-08-27 19:00:00-07:00,TH_NP15_GEN-APND,74.40271
2024-08-27 19:00:00-07:00,TH_SP15_GEN-APND,68.88
2024-08-27 19:00:00-07:00,TH_ZP26_GEN-APND,68.60972
2024-08-27 20:00:00-07:00,TH_NP15_GEN-APND,50.10681
2024-08-27 20:00:00-07:00,TH_SP15_GEN-APND,49.38909
2024-08-27 20:00:00-07:00,TH_ZP26_GEN-APND,48.85406
2024-08-27 21:00:00-07:00,TH_NP15_GEN-APND,42.5759
2024-08-27 21:00:00-07:00,TH_SP15_GEN-APND,43.4821
2024-08-27 21:00:00-07:00,TH_ZP26_GEN-APND,42.71485
2024-08-27 22:00:00-07:00,TH_NP15_GEN-APND,38.10044
2024-08-27 22:00:00-07:00,TH_SP15_GEN-APND,39.11732
2024-08-27 22:00:00-07:00,TH_ZP26_GEN-APND,38.45652
2024-08-27 23:00:00-07:00,TH_NP15_GEN-APND,33.23412
2024-08-27 23:00:00-07:00,TH_SP15_GEN-APND,33.734
2024-08-27 23:00:00-07:00,TH_ZP26_GEN-APND,33.17062
2024-08-28 00:00:00-07:00,TH_NP15_GEN-APND,34.05861
2024-08-28 00:00:00-07:00,TH_SP15_GEN-APND,34.50638
2024-08-28 00:00:00-07:00,TH_ZP26_GEN-APND,33.76598
2024-08-28 01:00:00-07:00,TH_NP15_GEN-APND,32.6697
2024-08-28 01:00:00-07:00,TH_SP15_GEN-APND,33.0
2024-08-28 01:00:00-07:00,TH_ZP26_GEN-APND,32.38321
2024-08-28 02:00:00-07:00,TH_NP15_GEN-APND,31.64946
2024-08-28 02:00:00-07:00,TH_SP15_GEN-APND,31.76
2024-08-28 02:00:00-07:00,TH_ZP26_GEN-APND,31.28859
2024-08-28 03:00:00-07:00,TH_NP15_GEN-APND,30.64006
2024-08-28 03:00:00-07:00,TH_SP15_GEN-APND,30.69348
2024-08-28 03:00:00-07:00,TH_ZP26_GEN-APND,30.25671
2024-08-28 04:00:00-07:00,TH_NP15_GEN-APND,30.39315
2024-08-28 04:00:00-07:00,TH_SP15_GEN-APND,30.50236
2024-08-28 04:00:00-07:00,TH_ZP26_GEN-APND,30.02186
2024-08-28 05:00:00-07:00,TH_NP15_GEN-APND,32.0
2024-08-28 05:00:00-07:00,TH_SP15_GEN-APND,32.24377
2024-08-28 05:00:00-07:00,TH_ZP26_GEN-APND,31.68046
2024-08-28 06:00:00-07:00,TH_NP15_GEN-APND,34.95058
2024-08-28 06:00:00-07:00,TH_SP15_GEN-APND,35.47343
2024-08-28 06:00:00-07:00,TH_ZP26_GEN-APND,34.89949
2024-08-28 07:00:00-07:00,TH_NP15_GEN-APND,29.61102
2024-08-28 07:00:00-07:00,TH_SP15_GEN-APND,29.2349
2024-08-28 07:00:00-07:00,TH_ZP26_GEN-APND,28.98895
2024-08-28 08:00:00-07:00,TH_NP15_GEN-APND,23.64763
2024-08-28 08:00:00-07:00,TH_SP15_GEN-APND,19.50281
2024-08-28 08:00:00-07:00,TH_ZP26_GEN-APND,17.77
2024-08-28 09:00:00-07:00,TH_NP15_GEN-APND,21.58244
2024-08-28 09:00:00-07:00,TH_SP15_GEN-APND,17.57741
2024-08-28 09:00:00-07:00,TH_ZP26_GEN-APND,14.94232
2024-08-28 10:00:00-07:00,TH_NP15_GEN-APND,21.72581
2024-08-28 10:00:00-07:00,TH_SP15_GEN-APND,14.62289
2024-08-28 10:00:00-07:00,TH_ZP26_GEN-APND,10.64675
2024-08-28 11:00:00-07:00,TH_NP15_GEN-APND,23.19338
2024-08-28 11:00:00-07:00,TH_SP15_GEN-APND,13.99346
2024-08-28 11:00:00-07:00,TH_ZP26_GEN-APND,8.74297
2024-08-28 12:00:00-07:00,TH_NP15_GEN-APND,25.10061
2024-08-28 12:00:00-07:00,TH_SP15_GEN-APND,15.54752
2024-08-28 12:00:00-07:00,TH_ZP26_GEN-APND,10.06189
2024-08-28 13:00:00-07:00,TH_NP15_GEN-APND,26.61547
2024-08-28 13:00:00-07:00,TH_SP15_GEN-APND,17.11235
2024-08-28 13:00:00-07:00,TH_ZP26_GEN-APND,11.27958
2024-08-28 14:00:00-07:00,TH_NP15_GEN-APND,29.93545
2024-08-28 14:00:00-07:00,TH_SP15_GEN-APND,19.90967
2024-08-28 14:00:00-07:00,TH_ZP26_GEN-APND,14.41301
2024-08-28 15:00:00-07:00,TH_NP15_GEN-APND,31.74911
2024-08-28 15:00:00-07:00,TH_SP15_GEN-APND,28.53957
2024-08-28 15:00:00-07:00,TH_ZP26_GEN-APND,25.70662
2024-08-28 16:00:00-07:00,TH_NP15_GEN-APND,33.63808
2024-08-28 16:00:00-07:00,TH_SP15_GEN-APND,30.85292
2024-08-28 16:00:00-07:00,TH_ZP26_GEN-APND,29.64379
2024-08-28 17:00:00-07:00,TH_NP15_GEN-APND,42.71857
2024-08-28 17:00:00-07:00,TH_SP15_GEN-APND,38.60824
2024-08-28 17:00:00-07:00,TH_ZP26_GEN-APND,36.7561
2024-08-28 18:00:00-07:00,TH_NP15_GEN-APND,56.37174
2024-08-28 18:00:00-07:00,TH_SP15_GEN-APND,50.32816
2024-08-28 18:00:00-07:00,TH_ZP26_GEN-APND,49.39312
2024-08-28 19:00:00-07:00,TH_NP15_GEN-APND,56.33178
2024-08-28 19:00:00-07:00,TH_SP15_GEN-APND,53.89804
2024-08-28 19:00:00-07:00,TH_ZP26_GEN-APND,53.25333
2024-08-28 20:00:00-07:00,TH_NP15_GEN-APND,46.04294
2024-08-28 20:00:00-07:00,TH_SP15_GEN-APND,45.47085
2024-08-28 20:00:00-07:00,TH_ZP26_GEN-APND,45.05731
2024-08-28 21:00:00-07:00,TH_NP15_GEN-APND,40.694
2024-08-28 21:00:00-07:00,TH_SP15_GEN-APND,41.6176
2024-08-28 21:00:00-07:00,TH_ZP26_GEN-APND,40.73806
2024-08-28 22:00:00-07:00,TH_NP15_GEN-APND,36.53911
2024-08-28 22:00:00-07:00,TH_SP15_GEN-APND,37.81061
2024-08-28 22:00:00-07:00,TH_ZP26_GEN-APND,36.76385
2024-08-28 23:00:00-07:00,TH_NP15_GEN-APND,33.65009
2024-08-28 23:00:00-07:00,TH_SP15_GEN-APND,34.65857
2024-08-28 23:00:00-07:00,TH_ZP26_GEN-APND,33.72766
2024-08-29 00:00:00-07:00,TH_NP15_GEN-APND,35.4499
2024-08-29 00:00:00-07:00,TH_SP15_GEN-APND,35.62152
2024-08-29 00:00:00-07:00,TH_ZP26_GEN-APND,35.05917
2024-08-29 01:00:00-07:00,TH_NP15_GEN-APND,33.50173
2024-08-29 01:00:00-07:00,TH_SP15_GEN-APND,33.2895
2024-08-29 01:00:00-07:00,TH_ZP26_GEN-APND,32.92665
2024-08-29 02:00:00-07:00,TH_NP15_GEN-APND,32.91538
2024-08-29 02:00:00-07:00,TH_SP15_GEN-APND,32.75726
2024-08-29 02:00:00-07:00,TH_ZP26_GEN-APND,32.39393
2024-08-29 03:00:00-07:00,TH_NP15_GEN-APND,31.70864
2024-08-29 03:00:00-07:00,TH_SP15_GEN-APND,31.634
2024-08-29 03:00:00-07:00,TH_ZP26_GEN-APND,31.27703
2024-08-29 04:00:00-07:00,TH_NP15_GEN-APND,33.05302
2024-08-29 04:00:00-07:00,TH_SP15_GEN-APND,32.98538
2024-08-29 04:00:00-07:00,TH_ZP26_GEN-APND,32.59982
2024-08-29 05:00:00-07:00,TH_NP15_GEN-APND,35.41178
2024-08-29 05:00:00-07:00,TH_SP15_GEN-APND,35.61211
2024-08-29 05:00:00-07:00,TH_ZP26_GEN-APND,35.13131
2024-08-29 06:00:00-07:00,TH_NP15_GEN-APND,35.27698
2024-08-29 06:00:00-07:00,TH_SP15_GEN-APND,36.43588
2024-08-29 06:00:00-07:00,TH_ZP26_GEN-APND,34.88404
2024-08-29 07:00:00-07:00,TH_NP15_GEN-APND,30.01341
2024-08-29 07:00:00-07:00,TH_SP15_GEN-APND,29.48107
2024-08-29 07:00:00-07:00,TH_ZP26_GEN-APND,29.18999
2024-08-29 08:00:00-07:00,TH_NP15_GEN-APND,22.76042
2024-08-29 08:00:00-07:00,TH_SP15_GEN-APND,16.68573
2024-08-29 08:00:00-07:00,TH_ZP26_GEN-APND,14.59549
2024-08-29 09:00:00-07:00,TH_NP15_GEN-APND,20.26853
2024-08-29 09:00:00-07:00,TH_SP15_GEN-APND,14.47755
2024-08-29 09:00:00-07:00,TH_ZP26_GEN-APND,7.04
2024-08-29 10:00:00-07:00,TH_NP15_GEN-APND,19.95534
2024-08-29 10:00:00-07:00,TH_SP15_GEN-APND,14.0654
2024-08-29 10:00:00-07:00,TH_ZP26_GEN-APND,-0.35631
2024-08-29 11:00:00-07:00,TH_NP15_GEN-APND,20.43241
2024-08-29 11:00:00-07:00,TH_SP15_GEN-APND,14.33925
2024-08-29 11:00:00-07:00,TH_ZP26_GEN-APND,-3.27696
2024-08-29 12:00:00-07:00,TH_NP15_GEN-APND,20.61432
2024-08-29 12:00:00-07:00,TH_SP15_GEN-APND,13.92852
2024-08-29 12:00:00-07:00,TH_ZP26_GEN-APND,-1.07283
2024-08-29 13:00:00-07:00,TH_NP15_GEN-APND,22.59298
2024-08-29 13:00:00-07:00,TH_SP15_GEN-APND,15.21
2024-08-29 13:00:00-07:00,TH_ZP26_GEN-APND,-0.36853
2024-08-29 14:00:00-07:00,TH_NP15_GEN-APND,24.80508
2024-08-29 14:00:00-07:00,TH_SP15_GEN-APND,16.77
2024-08-29 14:00:00-07:00,TH_ZP26_GEN-APND,2.02808
2024-08-29 15:00:00-07:00,TH_NP15_GEN-APND,29.87557
2024-08-29 15:00:00-07:00,TH_SP15_GEN-APND,27.12422
2024-08-29 15:00:00-07:00,TH_ZP26_GEN-APND,11.64
2024-08-29 16:00:00-07:00,TH_NP15_GEN-APND,32.61735
2024-08-29 16:00:00-07:00,TH_SP15_GEN-APND,29.30848
2024-08-29 16:00:00-07:00,TH_ZP26_GEN-APND,23.0
2024-08-29 17:00:00-07:00,TH_NP15_GEN-APND,38.32229
2024-08-29 17:00:00-07:00,TH_SP15_GEN-APND,38.14164
2024-08-29 17:00:00-07:00,TH_ZP26_GEN-APND,37.10937
2024-08-29 18:00:00-07:00,TH_NP15_GEN-APND,51.6201
2024-08-29 18:00:00-07:00,TH_SP15_GEN-APND,49.58989
2024-08-29 18:00:00-07:00,TH_ZP26_GEN-APND,48.68168
2024-08-29 19:00:00-07:00,TH_NP15_GEN-APND,52.45042
2024-08-29 19:00:00-07:00,TH_SP15_GEN-APND,51.26611
2024-08-29 19:00:00-07:00,TH_ZP26_GEN-APND,50.54319
2024-08-29 20:00:00-07:00,TH_NP15_GEN-APND,43.32776
2024-08-29 20:00:00-07:00,TH_SP15_GEN-APND,42.70495
2024-08-29 20:00:00-07:00,TH_ZP26_GEN-APND,42.26712
2024-08-29 21:00:00-07:00,TH_NP15_GEN-APND,38.06435
2024-08-29 21:00:00-07:00,TH_SP15_GEN-APND,38.62721
2024-08-29 21:00:00-07:00,TH_ZP26_GEN-APND,37.86616
2024-08-29 22:00:00-07:00,TH_NP15_GEN-APND,37.41033
2024-08-29 22:00:00-07:00,TH_SP15_GEN-APND,37.5875
2024-08-29 22:00:00-07:00,TH_ZP26_GEN-APND,37.01844
2024-08-29 23:00:00-07:00,TH_NP15_GEN-APND,36.45545
2024-08-29 23:00:00-07:00,TH_SP15_GEN-APND,37.31812
2024-08-29 23:00:00-07:00,TH_ZP26_GEN-APND,35.70121
2024-08-30 00:00:00-07:00,TH_NP15_GEN-APND,29.54
2024-08-30 00:00:00-07:00,TH_SP15_GEN-APND,32.00155
2024-08-30 00:00:00-07:00,TH_ZP26_GEN-APND,26.0
2024-08-30 01:00:00-07:00,TH_NP15_GEN-APND,30.56232
2024-08-30 01:00:00-07:00,TH_SP15_GEN-APND,32.08
2024-08-30 01:00:00-07:00,TH_ZP26_GEN-APND,27.92847
2024-08-30 02:00:00-07:00,TH_NP15_GEN-APND,29.94738
2024-08-30 02:00:00-07:00,TH_SP15_GEN-APND,31.105
2024-08-30 02:00:00-07:00,TH_ZP26_GEN-APND,28.07134
2024-08-30 03:00:00-07:00,TH_NP15_GEN-APND,29.5888
2024-08-30 03:00:00-07:00,TH_SP15_GEN-APND,31.22577
2024-08-30 03:00:00-07:00,TH_ZP26_GEN-APND,27.0
2024-08-30 04:00:00-07:00,TH_NP15_GEN-APND,30.51548
2024-08-30 04:00:00-07:00,TH_SP15_GEN-APND,31.87138
2024-08-30 04:00:00-07:00,TH_ZP26_GEN-APND,28.41607
2024-08-30 05:00:00-07:00,TH_NP15_GEN-APND,33.17453
2024-08-30 05:00:00-07:00,TH_SP15_GEN-APND,34.4487
2024-08-30 05:00:00-07:00,TH_ZP26_GEN-APND,31.12015
2024-08-30 06:00:00-07:00,TH_NP15_GEN-APND,35.79518
2024-08-30 06:00:00-07:00,TH_SP15_GEN-APND,37.14
2024-08-30 06:00:00-07:00,TH_ZP26_GEN-APND,35.87674
2024-08-30 07:00:00-07:00,TH_NP15_GEN-APND,30.71636
2024-08-30 07:00:00-07:00,TH_SP15_GEN-APND,29.99569
2024-08-30 07:00:00-07:00,TH_ZP26_GEN-APND,29.92397
2024-08-30 08:00:00-07:00,TH_NP15_GEN-APND,24.10175
2024-08-30 08:00:00-07:00,TH_SP15_GEN-APND,18.11847
2024-08-30 08:00:00-07:00,TH_ZP26_GEN-APND,16.11931
2024-08-30 09:00:00-07:00,TH_NP15_GEN-APND,21.71003
2024-08-30 09:00:00-07:00,TH_SP15_GEN-APND,15.48425
2024-08-30 09:00:00-07:00,TH_ZP26_GEN-APND,9.64
2024-08-30 10:00:00-07:00,TH_NP15_GEN-APND,20.45923
2024-08-30 10:00:00-07:00,TH_SP15_GEN-APND,14.4
2024-08-30 10:00:00-07:00,TH_ZP26_GEN-APND,5.2
2024-08-30 11:00:00-07:00,TH_NP15_GEN-APND,20.68357
2024-08-30 11:00:00-07:00,TH_SP15_GEN-APND,14.23203
2024-08-30 11:00:00-07:00,TH_ZP26_GEN-APND,5.0
2024-08-30 12:00:00-07:00,TH_NP15_GEN-APND,21.17549
2024-08-30 12:00:00-07:00,TH_SP15_GEN-APND,14.96698
2024-08-30 12:00:00-07:00,TH_ZP26_GEN-APND,5.02
2024-08-30 13:00:00-07:00,TH_NP15_GEN-APND,23.67167
2024-08-30 13:00:00-07:00,TH_SP15_GEN-APND,15.46312
2024-08-30 13:00:00-07:00,TH_ZP26_GEN-APND,5.02
2024-08-30 14:00:00-07:00,TH_NP15_GEN-APND,25.13958
2024-08-30 14:00:00-07:00,TH_SP15_GEN-APND,17.02196
2024-08-30 14:00:00-07:00,TH_ZP26_GEN-APND,3.72
2024-08-30 15:00:00-07:00,TH_NP15_GEN-APND,28.98903
2024-08-30 15:00:00-07:00,TH_SP15_GEN-APND,26.66113
2024-08-30 15:00:00-07:00,TH_ZP26_GEN-APND,14.17
2024-08-30 16:00:00-07:00,TH_NP15_GEN-APND,32.00254
2024-08-30 16:00:00-07:00,TH_SP15_GEN-APND,29.98413
2024-08-30 16:00:00-07:00,TH_ZP26_GEN-APND,21.2442
2024-08-30 17:00:00-07:00,TH_NP15_GEN-APND,37.42346
2024-08-30 17:00:00-07:00,TH_SP15_GEN-APND,36.44473
2024-08-30 17:00:00-07:00,TH_ZP26_GEN-APND,35.53443
2024-08-30 18:00:00-07:00,TH_NP15_GEN-APND,50.95582
2024-08-30 18:00:00-07:00,TH_SP15_GEN-APND,46.03003
2024-08-30 18:00:00-07:00,TH_ZP26_GEN-APND,45.20437
2024-08-30 19:00:00-07:00,TH_NP15_GEN-APND,51.10073
2024-08-30 19:00:00-07:00,TH_SP15_GEN-APND,46.81059
2024-08-30 19:00:00-07:00,TH_ZP26_GEN-APND,46.02433
2024-08-30 20:00:00-07:00,TH_NP15_GEN-APND,41.66426
2024-08-30 20:00:00-07:00,TH_SP15_GEN-APND,39.63654
2024-08-30 20:00:00-07:00,TH_ZP26_GEN-APND,39.04725
2024-08-30 21:00:00-07:00,TH_NP15_GEN-APND,36.98167
2024-08-30 21:00:00-07:00,TH_SP15_GEN-APND,38.16797
2024-08-30 21:00:00-07:00,TH_ZP26_GEN-APND,36.31173
2024-08-30 22:00:00-07:00,TH_NP15_GEN-APND,35.06237
2024-08-30 22:00:00-07:00,TH_SP15_GEN-APND,37.08
2024-08-30 22:00:00-07:00,TH_ZP26_GEN-APND,31.64
2024-08-30 23:00:00-07:00,TH_NP15_GEN-APND,32.74232
2024-08-30 23:00:00-07:00,TH_SP15_GEN-APND,35.13463
2024-08-30 23:00:00-07:00,TH_ZP26_GEN-APND,31.64
2024-08-31 00:00:00-07:00,TH_NP15_GEN-APND,34.07923
2024-08-31 00:00:00-07:00,TH_SP15_GEN-APND,39.45784
2024-08-31 00:00:00-07:00,TH_ZP26_GEN-APND,26.8895
2024-08-31 01:00:00-07:00,TH_NP15_GEN-APND,33.93024
2024-08-31 01:00:00-07:00,TH_SP15_GEN-APND,37.10474
2024-08-31 01:00:00-07:00,TH_ZP26_GEN-APND,30.51043
2024-08-31 02:00:00-07:00,TH_NP15_GEN-APND,33.04668
2024-08-31 02:00:00-07:00,TH_SP15_GEN-APND,35.20862
2024-08-31 02:00:00-07:00,TH_ZP26_GEN-APND,30.64
2024-08-31 03:00:00-07:00,TH_NP15_GEN-APND,33.45494
2024-08-31 03:00:00-07:00,TH_SP15_GEN-APND,35.43412
2024-08-31 03:00:00-07:00,TH_ZP26_GEN-APND,31.02
2024-08-31 04:00:00-07:00,TH_NP15_GEN-APND,33.13568
2024-08-31 04:00:00-07:00,TH_SP15_GEN-APND,34.94201
2024-08-31 04:00:00-07:00,TH_ZP26_GEN-APND,30.72648
2024-08-31 05:00:00-07:00,TH_NP15_GEN-APND,34.5731
2024-08-31 05:00:00-07:00,TH_SP15_GEN-APND,36.36202
2024-08-31 05:00:00-07:00,TH_ZP26_GEN-APND,32.15912
2024-08-31 06:00:00-07:00,TH_NP15_GEN-APND,32.77328
2024-08-31 06:00:00-07:00,TH_SP15_GEN-APND,33.00612
2024-08-31 06:00:00-07:00,TH_ZP26_GEN-APND,32.18804
2024-08-31 07:00:00-07:00,TH_NP15_GEN-APND,30.11446
2024-08-31 07:00:00-07:00,TH_SP15_GEN-APND,29.17
2024-08-31 07:00:00-07:00,TH_ZP26_GEN-APND,29.0491
2024-08-31 08:00:00-07:00,TH_NP15_GEN-APND,18.86145
2024-08-31 08:00:00-07:00,TH_SP15_GEN-APND,16.82237
2024-08-31 08:00:00-07:00,TH_ZP26_GEN-APND,16.04777
2024-08-31 09:00:00-07:00,TH_NP15_GEN-APND,16.99756
2024-08-31 09:00:00-07:00,TH_SP15_GEN-APND,14.38447
2024-08-31 09:00:00-07:00,TH_ZP26_GEN-APND,12.80379
2024-08-31 10:00:00-07:00,TH_NP15_GEN-APND,16.39899
2024-08-31 10:00:00-07:00,TH_SP15_GEN-APND,14.44869
2024-08-31 10:00:00-07:00,TH_ZP26_GEN-APND,11.9041
2024-08-31 11:00:00-07:00,TH_NP15_GEN-APND,15.68007
2024-08-31 11:00:00-07:00,TH_SP15_GEN-APND,15.82231
2024-08-31 11:00:00-07:00,TH_ZP26_GEN-APND,11.26571
2024-08-31 12:00:00-07:00,TH_NP15_GEN-APND,15.25437
2024-08-31 12:00:00-07:00,TH_SP15_GEN-APND,16.57512
2024-08-31 12:00:00-07:00,TH_ZP26_GEN-APND,10.78854
2024-08-31 13:00:00-07:00,TH_NP15_GEN-APND,16.25782
2024-08-31 13:00:00-07:00,TH_SP15_GEN-APND,16.8
2024-08-31 13:00:00-07:00,TH_ZP26_GEN-APND,11.51
2024-08-31 14:00:00-07:00,TH_NP15_GEN-APND,18.80588
2024-08-31 14:00:00-07:00,TH_SP15_GEN-APND,16.45189
2024-08-31 14:00:00-07:00,TH_ZP26_GEN-APND,12.33713
2024-08-31 15:00:00-07:00,TH_NP15_GEN-APND,25.51459
2024-08-31 15:00:00-07:00,TH_SP15_GEN-APND,26.74
2024-08-31 15:00:00-07:00,TH_ZP26_GEN-APND,26.11032
2024-08-31 16:00:00-07:00,TH_NP15_GEN-APND,28.80461
2024-08-31 16:00:00-07:00,TH_SP15_GEN-APND,28.2971
2024-08-31 16:00:00-07:00,TH_ZP26_GEN-APND,27.47511
2024-08-31 17:00:00-07:00,TH_NP15_GEN-APND,37.9513
2024-08-31 17:00:00-07:00,TH_SP15_GEN-APND,39.07198
2024-08-31 17:00:00-07:00,TH_ZP26_GEN-APND,38.20945
2024-08-31 18:00:00-07:00,TH_NP15_GEN-APND,47.41414
2024-08-31 18:00:00-07:00,TH_SP15_GEN-APND,47.80667
2024-08-31 18:00:00-07:00,TH_ZP26_GEN-APND,47.43
2024-08-31 19:00:00-07:00,TH_NP15_GEN-APND,49.50512
2024-08-31 19:00:00-07:00,TH_SP15_GEN-APND,48.21655
2024-08-31 19:00:00-07:00,TH_ZP26_GEN-APND,47.95148
2024-08-31 20:00:00-07:00,TH_NP15_GEN-APND,45.20969
2024-08-31 20:00:00-07:00,TH_SP15_GEN-APND,44.84127
2024-08-31 20:00:00-07:00,TH_ZP26_GEN-APND,44.54723
2024-08-31 21:00:00-07:00,TH_NP15_GEN-APND,39.23797
2024-08-31 21:00:00-07:00,TH_SP15_GEN-APND,40.90526
2024-08-31 21:00:00-07:00,TH_ZP26_GEN-APND,38.96601
2024-08-31 22:00:00-07:00,TH_NP15_GEN-APND,37.90103
2024-08-31 22:00:00-07:00,TH_SP15_GEN-APND,40.76865
2024-08-31 22:00:00-07:00,TH_ZP26_GEN-APND,35.46976
2024-08-31 23:00:00-07:00,TH_NP15_GEN-APND,35.61526
2024-08-31 23:00:00-07:00,TH_SP15_GEN-APND,39.75303
2024-08-31 23:00:00-07:00,TH_ZP26_GEN-APND,32.37538
2024-09-01 00:00:00-07:00,TH_NP15_GEN-APND,35.62737
2024-09-01 00:00:00-07:00,TH_SP15_GEN-APND,36.02823
2024-09-01 00:00:00-07:00,TH_ZP26_GEN-APND,35.40707
2024-09-01 01:00:00-07:00,TH_NP15_GEN-APND,34.81525
2024-09-01 01:00:00-07:00,TH_SP15_GEN-APND,35.08
2024-09-01 01:00:00-07:00,TH_ZP26_GEN-APND,34.54334
2024-09-01 02:00:00-07:00,TH_NP15_GEN-APND,34.66005
2024-09-01 02:00:00-07:00,TH_SP15_GEN-APND,34.93083
2024-09-01 02:00:00-07:00,TH_ZP26_GEN-APND,34.41808
2024-09-01 03:00:00-07:00,TH_NP15_GEN-APND,34.7363
2024-09-01 03:00:00-07:00,TH_SP15_GEN-APND,34.8077
2024-09-01 03:00:00-07:00,TH_ZP26_GEN-APND,34.37775
2024-09-01 04:00:00-07:00,TH_NP15_GEN-APND,33.72413
2024-09-01 04:00:00-07:00,TH_SP15_GEN-APND,33.8
2024-09-01 04:00:00-07:00,TH_ZP26_GEN-APND,33.36892
2024-09-01 05:00:00-07:00,TH_NP15_GEN-APND,34.18447
2024-09-01 05:00:00-07:00,TH_SP15_GEN-APND,34.40178
2024-09-01 05:00:00-07:00,TH_ZP26_GEN-APND,33.89005
2024-09-01 06:00:00-07:00,TH_NP15_GEN-APND,34.30713
2024-09-01 06:00:00-07:00,TH_SP15_GEN-APND,34.37376
2024-09-01 06:00:00-07:00,TH_ZP26_GEN-APND,33.89333
2024-09-01 07:00:00-07:00,TH_NP15_GEN-APND,28.77706
2024-09-01 07:00:00-07:00,TH_SP15_GEN-APND,27.07729
2024-09-01 07:00:00-07:00,TH_ZP26_GEN-APND,27.1768
2024-09-01 08:00:00-07:00,TH_NP15_GEN-APND,16.75555
2024-09-01 08:00:00-07:00,TH_SP15_GEN-APND,12.80429
2024-09-01 08:00:00-07:00,TH_ZP26_GEN-APND,12.0
2024-09-01 09:00:00-07:00,TH_NP15_GEN-APND,19.32255
2024-09-01 09:00:00-07:00,TH_SP15_GEN-APND,10.94611
2024-09-01 09:00:00-07:00,TH_ZP26_GEN-APND,9.13
2024-09-01 10:00:00-07:00,TH_NP15_GEN-APND,19.37238
2024-09-01 10:00:00-07:00,TH_SP15_GEN-APND,8.77829
2024-09-01 10:00:00-07:00,TH_ZP26_GEN-APND,0.24156
2024-09-01 11:00:00-07:00,TH_NP15_GEN-APND,18.34354
2024-09-01 11:00:00-07:00,TH_SP15_GEN-APND,11.99
2024-09-01 11:00:00-07:00,TH_ZP26_GEN-APND,1.11016
2024-09-01 12:00:00-07:00,TH_NP15_GEN-APND,18.52748
2024-09-01 12:00:00-07:00,TH_SP15_GEN-APND,12.81223
2024-09-01 12:00:00-07:00,TH_ZP26_GEN-APND,0.0
2024-09-01 13:00:00-07:00,TH_NP15_GEN-APND,18.64223
2024-09-01 13:00:00-07:00,TH_SP15_GEN-APND,13.26024
2024-09-01 13:00:00-07:00,TH_ZP26_GEN-APND,-0.33689
2024-09-01 14:00:00-07:00,TH_NP15_GEN-APND,19.97558
2024-09-01 14:00:00-07:00,TH_SP15_GEN-APND,14.6066
2024-09-01 14:00:00-07:00,TH_ZP26_GEN-APND,0.31
2024-09-01 15:00:00-07:00,TH_NP15_GEN-APND,26.10672
2024-09-01 15:00:00-07:00,TH_SP15_GEN-APND,21.03671
2024-09-01 15:00:00-07:00,TH_ZP26_GEN-APND,3.38
2024-09-01 16:00:00-07:00,TH_NP15_GEN-APND,29.4838
2024-09-01 16:00:00-07:00,TH_SP15_GEN-APND,25.66573
2024-09-01 16:00:00-07:00,TH_ZP26_GEN-APND,24.11484
2024-09-01 17:00:00-07:00,TH_NP15_GEN-APND,34.64
2024-09-01 17:00:00-07:00,TH_SP15_GEN-APND,38.99486
2024-09-01 17:00:00-07:00,TH_ZP26_GEN-APND,33.65175
2024-09-01 18:00:00-07:00,TH_NP15_GEN-APND,48.56742
2024-09-01 18:00:00-07:00,TH_SP15_GEN-APND,49.033
2024-09-01 18:00:00-07:00,TH_ZP26_GEN-APND,47.55756
2024-09-01 19:00:00-07:00,TH_NP15_GEN-APND,49.42863
2024-09-01 19:00:00-07:00,TH_SP15_GEN-APND,50.19855
2024-09-01 19:00:00-07:00,TH_ZP26_GEN-APND,48.85922
2024-09-01 20:00:00-07:00,TH_NP15_GEN-APND,44.01025
2024-09-01 20:00:00-07:00,TH_SP15_GEN-APND,44.43931
2024-09-01 20:00:00-07:00,TH_ZP26_GEN-APND,43.5086
2024-09-01 21:00:00-07:00,TH_NP15_GEN-APND,39.85349
2024-09-01 21:00:00-07:00,TH_SP15_GEN-APND,41.47853
2024-09-01 21:00:00-07:00,TH_ZP26_GEN-APND,40.14529
2024-09-01 22:00:00-07:00,TH_NP15_GEN-APND,37.95472
2024-09-01 22:00:00-07:00,TH_SP15_GEN-APND,39.88609
2024-09-01 22:00:00-07:00,TH_ZP26_GEN-APND,38.20217
2024-09-01 23:00:00-07:00,TH_NP15_GEN-APND,34.06133
2024-09-01 23:00:00-07:00,TH_SP15_GEN-APND,36.68718
2024-09-01 23:00:00-07:00,TH_ZP26_GEN-APND,32.86781
2024-09-02 00:00:00-07:00,TH_NP15_GEN-APND,33.5206
2024-09-02 00:00:00-07:00,TH_SP15_GEN-APND,33.94566
2024-09-02 00:00:00-07:00,TH_ZP26_GEN-APND,33.04717
2024-09-02 01:00:00-07:00,TH_NP15_GEN-APND,33.52646
2024-09-02 01:00:00-07:00,TH_SP15_GEN-APND,33.62257
2024-09-02 01:00:00-07:00,TH_ZP26_GEN-APND,32.88131
2024-09-02 02:00:00-07:00,TH_NP15_GEN-APND,33.32659
2024-09-02 02:00:00-07:00,TH_SP15_GEN-APND,33.32692
2024-09-02 02:00:00-07:00,TH_ZP26_GEN-APND,32.626
2024-09-02 03:00:00-07:00,TH_NP15_GEN-APND,32.63911
2024-09-02 03:00:00-07:00,TH_SP15_GEN-APND,32.58391
2024-09-02 03:00:00-07:00,TH_ZP26_GEN-APND,31.93824
2024-09-02 04:00:00-07:00,TH_NP15_GEN-APND,32.75431
2024-09-02 04:00:00-07:00,TH_SP15_GEN-APND,32.74444
2024-09-02 04:00:00-07:00,TH_ZP26_GEN-APND,32.11626
2024-09-02 05:00:00-07:00,TH_NP15_GEN-APND,32.40233
2024-09-02 05:00:00-07:00,TH_SP15_GEN-APND,32.44867
2024-09-02 05:00:00-07:00,TH_ZP26_GEN-APND,31.833
2024-09-02 06:00:00-07:00,TH_NP15_GEN-APND,32.24432
2024-09-02 06:00:00-07:00,TH_SP15_GEN-APND,32.13108
2024-09-02 06:00:00-07:00,TH_ZP26_GEN-APND,31.51369
2024-09-02 07:00:00-07:00,TH_NP15_GEN-APND,28.69383
2024-09-02 07:00:00-07:00,TH_SP15_GEN-APND,27.84006
2024-09-02 07:00:00-07:00,TH_ZP26_GEN-APND,27.64748
2024-09-02 08:00:00-07:00,TH_NP15_GEN-APND,19.89039
2024-09-02 08:00:00-07:00,TH_SP15_GEN-APND,15.62383
2024-09-02 08:00:00-07:00,TH_ZP26_GEN-APND,14.71949
2024-09-02 09:00:00-07:00,TH_NP15_GEN-APND,26.7435
2024-09-02 09:00:00-07:00,TH_SP15_GEN-APND,12.44302
2024-09-02 09:00:00-07:00,TH_ZP26_GEN-APND,10.04426
2024-09-02 10:00:00-07:00,TH_NP15_GEN-APND,18.9033
2024-09-02 10:00:00-07:00,TH_SP15_GEN-APND,15.11442
2024-09-02 10:00:00-07:00,TH_ZP26_GEN-APND,-1.0905
2024-09-02 11:00:00-07:00,TH_NP15_GEN-APND,18.95197
2024-09-02 11:00:00-07:00,TH_SP15_GEN-APND,16.79925
2024-09-02 11:00:00-07:00,TH_ZP26_GEN-APND,1.61385
2024-09-02 12:00:00-07:00,TH_NP15_GEN-APND,18.88387
2024-09-02 12:00:00-07:00,TH_SP15_GEN-APND,18.08558
2024-09-02 12:00:00-07:00,TH_ZP26_GEN-APND,-1.53241
2024-09-02 13:00:00-07:00,TH_NP15_GEN-APND,18.45945
2024-09-02 13:00:00-07:00,TH_SP15_GEN-APND,18.46513
2024-09-02 13:00:00-07:00,TH_ZP26_GEN-APND,2.5
2024-09-02 14:00:00-07:00,TH_NP15_GEN-APND,19.43445
2024-09-02 14:00:00-07:00,TH_SP15_GEN-APND,21.50217
2024-09-02 14:00:00-07:00,TH_ZP26_GEN-APND,8.50681
2024-09-02 15:00:00-07:00,TH_NP15_GEN-APND,24.24853
2024-09-02 15:00:00-07:00,TH_SP15_GEN-APND,28.76007
2024-09-02 15:00:00-07:00,TH_ZP26_GEN-APND,22.81868
2024-09-02 16:00:00-07:00,TH_NP15_GEN-APND,28.03123
2024-09-02 16:00:00-07:00,TH_SP15_GEN-APND,28.41351
2024-09-02 16:00:00-07:00,TH_ZP26_GEN-APND,20.05
2024-09-02 17:00:00-07:00,TH_NP15_GEN-APND,32.40208
2024-09-02 17:00:00-07:00,TH_SP15_GEN-APND,45.74771
2024-09-02 17:00:00-07:00,TH_ZP26_GEN-APND,29.10942
2024-09-02 18:00:00-07:00,TH_NP15_GEN-APND,47.90421
2024-09-02 18:00:00-07:00,TH_SP15_GEN-APND,50.48083
2024-09-02 18:00:00-07:00,TH_ZP26_GEN-APND,46.66997
2024-09-02 19:00:00-07:00,TH_NP15_GEN-APND,52.98723
2024-09-02 19:00:00-07:00,TH_SP15_GEN-APND,55.88
2024-09-02 19:00:00-07:00,TH_ZP26_GEN-APND,52.93124
2024-09-02 20:00:00-07:00,TH_NP15_GEN-APND,46.13543
2024-09-02 20:00:00-07:00,TH_SP15_GEN-APND,47.38675
2024-09-02 20:00:00-07:00,TH_ZP26_GEN-APND,45.89453
2024-09-02 21:00:00-07:00,TH_NP15_GEN-APND,33.70818
2024-09-02 21:00:00-07:00,TH_SP15_GEN-APND,47.17565
2024-09-02 21:00:00-07:00,TH_ZP26_GEN-APND,35.68977
2024-09-02 22:00:00-07:00,TH_NP15_GEN-APND,33.38193
2024-09-02 22:00:00-07:00,TH_SP15_GEN-APND,45.74419
2024-09-02 22:00:00-07:00,TH_ZP26_GEN-APND,35.03804
2024-09-02 23:00:00-07:00,TH_NP15_GEN-APND,33.41268
2024-09-02 23:00:00-07:00,TH_SP15_GEN-APND,36.22482
2024-09-02 23:00:00-07:00,TH_ZP26_GEN-APND,32.45881
2024-09-03 00:00:00-07:00,TH_NP15_GEN-APND,31.49731
2024-09-03 00:00:00-07:00,TH_SP15_GEN-APND,32.24124
2024-09-03 00:00:00-07:00,TH_ZP26_GEN-APND,31.02
2024-09-03 01:00:00-07:00,TH_NP15_GEN-APND,31.3908
2024-09-03 01:00:00-07:00,TH_SP15_GEN-APND,31.93788
2024-09-03 01:00:00-07:00,TH_ZP26_GEN-APND,31.19308
2024-09-03 02:00:00-07:00,TH_NP15_GEN-APND,31.48713
2024-09-03 02:00:00-07:00,TH_SP15_GEN-APND,31.85
2024-09-03 02:00:00-07:00,TH_ZP26_GEN-APND,31.14455
2024-09-03 03:00:00-07:00,TH_NP15_GEN-APND,31.42826
2024-09-03 03:00:00-07:00,TH_SP15_GEN-APND,31.88
2024-09-03 03:00:00-07:00,TH_ZP26_GEN-APND,31.13596
2024-09-03 04:00:00-07:00,TH_NP15_GEN-APND,31.65495
2024-09-03 04:00:00-07:00,TH_SP15_GEN-APND,31.88764
2024-09-03 04:00:00-07:00,TH_ZP26_GEN-APND,31.21687
2024-09-03 05:00:00-07:00,TH_NP15_GEN-APND,37.37792
2024-09-03 05:00:00-07:00,TH_SP15_GEN-APND,37.32984
2024-09-03 05:00:00-07:00,TH_ZP26_GEN-APND,36.6377
2024-09-03 06:00:00-07:00,TH_NP15_GEN-APND,38.06391
2024-09-03 06:00:00-07:00,TH_SP15_GEN-APND,38.07186
2024-09-03 06:00:00-07:00,TH_ZP26_GEN-APND,37.6176
2024-09-03 07:00:00-07:00,TH_NP15_GEN-APND,34.86085
2024-09-03 07:00:00-07:00,TH_SP15_GEN-APND,34.13905
2024-09-03 07:00:00-07:00,TH_ZP26_GEN-APND,33.77379
2024-09-03 08:00:00-07:00,TH_NP15_GEN-APND,28.52873
2024-09-03 08:00:00-07:00,TH_SP15_GEN-APND,25.62892
2024-09-03 08:00:00-07:00,TH_ZP26_GEN-APND,24.49954
2024-09-03 09:00:00-07:00,TH_NP15_GEN-APND,26.3868
2024-09-03 09:00:00-07:00,TH_SP15_GEN-APND,24.58403
2024-09-03 09:00:00-07:00,TH_ZP26_GEN-APND,23.08029
2024-09-03 10:00:00-07:00,TH_NP15_GEN-APND,26.62268
2024-09-03 10:00:00-07:00,TH_SP15_GEN-APND,22.01202
2024-09-03 10:00:00-07:00,TH_ZP26_GEN-APND,19.44012
2024-09-03 11:00:00-07:00,TH_NP15_GEN-APND,26.32012
2024-09-03 11:00:00-07:00,TH_SP15_GEN-APND,24.40397
2024-09-03 11:00:00-07:00,TH_ZP26_GEN-APND,19.62529
2024-09-03 12:00:00-07:00,TH_NP15_GEN-APND,27.08309
2024-09-03 12:00:00-07:00,TH_SP15_GEN-APND,25.25108
2024-09-03 12:00:00-07:00,TH_ZP26_GEN-APND,13.7
2024-09-03 13:00:00-07:00,TH_NP15_GEN-APND,28.77737
2024-09-03 13:00:00-07:00,TH_SP15_GEN-APND,26.83448
2024-09-03 13:00:00-07:00,TH_ZP26_GEN-APND,22.49912
2024-09-03 14:00:00-07:00,TH_NP15_GEN-APND,30.31172
2024-09-03 14:00:00-07:00,TH_SP15_GEN-APND,31.14948
2024-09-03 14:00:00-07:00,TH_ZP26_GEN-APND,28.94052
2024-09-03 15:00:00-07:00,TH_NP15_GEN-APND,32.22528
2024-09-03 15:00:00-07:00,TH_SP15_GEN-APND,36.38
2024-09-03 15:00:00-07:00,TH_ZP26_GEN-APND,32.58415
2024-09-03 16:00:00-07:00,TH_NP15_GEN-APND,39.02619
2024-09-03 16:00:00-07:00,TH_SP15_GEN-APND,40.0
2024-09-03 16:00:00-07:00,TH_ZP26_GEN-APND,40.24659
2024-09-03 17:00:00-07:00,TH_NP15_GEN-APND,52.18637
2024-09-03 17:00:00-07:00,TH_SP15_GEN-APND,52.66224
2024-09-03 17:00:00-07:00,TH_ZP26_GEN-APND,50.45009
2024-09-03 18:00:00-07:00,TH_NP15_GEN-APND,84.89697
2024-09-03 18:00:00-07:00,TH_SP15_GEN-APND,80.7459
2024-09-03 18:00:00-07:00,TH_ZP26_GEN-APND,77.75419
2024-09-03 19:00:00-07:00,TH_NP15_GEN-APND,93.90544
2024-09-03 19:00:00-07:00,TH_SP15_GEN-APND,91.11037
2024-09-03 19:00:00-07:00,TH_ZP26_GEN-APND,88.35816
2024-09-03 20:00:00-07:00,TH_NP15_GEN-APND,56.82382
2024-09-03 20:00:00-07:00,TH_SP15_GEN-APND,55.73432
2024-09-03 20:00:00-07:00,TH_ZP26_GEN-APND,54.36366
2024-09-03 21:00:00-07:00,TH_NP15_GEN-APND,44.57255
2024-09-03 21:00:00-07:00,TH_SP15_GEN-APND,52.01301
2024-09-03 21:00:00-07:00,TH_ZP26_GEN-APND,42.85395
2024-09-03 22:00:00-07:00,TH_NP15_GEN-APND,39.55624
2024-09-03 22:00:00-07:00,TH_SP15_GEN-APND,49.72796
2024-09-03 22:00:00-07:00,TH_ZP26_GEN-APND,34.98
2024-09-03 23:00:00-07:00,TH_NP15_GEN-APND,37.97301
2024-09-03 23:00:00-07:00,TH_SP15_GEN-APND,41.93716
2024-09-03 23:00:00-07:00,TH_ZP26_GEN-APND,34.00485
2024-09-04 00:00:00-07:00,TH_NP15_GEN-APND,38.0
2024-09-04 00:00:00-07:00,TH_SP15_GEN-APND,45.93464
2024-09-04 00:00:00-07:00,TH_ZP26_GEN-APND,31.1342
2024-09-04 01:00:00-07:00,TH_NP15_GEN-APND,37.80897
2024-09-04 01:00:00-07:00,TH_SP15_GEN-APND,43.0
2024-09-04 01:00:00-07:00,TH_ZP26_GEN-APND,31.56805
2024-09-04 02:00:00-07:00,TH_NP15_GEN-APND,37.2021
2024-09-04 02:00:00-07:00,TH_SP15_GEN-APND,41.45349
2024-09-04 02:00:00-07:00,TH_ZP26_GEN-APND,31.44076
2024-09-04 03:00:00-07:00,TH_NP15_GEN-APND,36.79869
2024-09-04 03:00:00-07:00,TH_SP15_GEN-APND,40.66473
2024-09-04 03:00:00-07:00,TH_ZP26_GEN-APND,31.5891
2024-09-04 04:00:00-07:00,TH_NP15_GEN-APND,36.85716
2024-09-04 04:00:00-07:00,TH_SP15_GEN-APND,40.66579
2024-09-04 04:00:00-07:00,TH_ZP26_GEN-APND,31.86043
2024-09-04 05:00:00-07:00,TH_NP15_GEN-APND,38.52305
2024-09-04 05:00:00-07:00,TH_SP15_GEN-APND,43.79086
2024-09-04 05:00:00-07:00,TH_ZP26_GEN-APND,31.96663
2024-09-04 06:00:00-07:00,TH_NP15_GEN-APND,46.8453
2024-09-04 06:00:00-07:00,TH_SP15_GEN-APND,48.69724
2024-09-04 06:00:00-07:00,TH_ZP26_GEN-APND,45.1861
2024-09-04 07:00:00-07:00,TH_NP15_GEN-APND,36.38579
2024-09-04 07:00:00-07:00,TH_SP15_GEN-APND,35.36733
2024-09-04 07:00:00-07:00,TH_ZP26_GEN-APND,35.0548
2024-09-04 08:00:00-07:00,TH_NP15_GEN-APND,31.98383
2024-09-04 08:00:00-07:00,TH_SP15_GEN-APND,31.7849
2024-09-04 08:00:00-07:00,TH_ZP26_GEN-APND,31.1784
2024-09-04 09:00:00-07:00,TH_NP15_GEN-APND,31.23415
2024-09-04 09:00:00-07:00,TH_SP15_GEN-APND,29.01616
2024-09-04 09:00:00-07:00,TH_ZP26_GEN-APND,27.30147
2024-09-04 10:00:00-07:00,TH_NP15_GEN-APND,30.8497
2024-09-04 10:00:00-07:00,TH_SP15_GEN-APND,28.53621
2024-09-04 10:00:00-07:00,TH_ZP26_GEN-APND,26.15163
2024-09-04 11:00:00-07:00,TH_NP15_GEN-APND,31.84671
2024-09-04 11:00:00-07:00,TH_SP15_GEN-APND,32.39712
2024-09-04 11:00:00-07:00,TH_ZP26_GEN-APND,29.99821
2024-09-04 12:00:00-07:00,TH_NP15_GEN-APND,34.10155
2024-09-04 12:00:00-07:00,TH_SP15_GEN-APND,33.77757
2024-09-04 12:00:00-07:00,TH_ZP26_GEN-APND,30.16002
2024-09-04 13:00:00-07:00,TH_NP15_GEN-APND,36.25002
2024-09-04 13:00:00-07:00,TH_SP15_GEN-APND,37.40396
2024-09-04 13:00:00-07:00,TH_ZP26_GEN-APND,31.85014
2024-09-04 14:00:00-07:00,TH_NP15_GEN-APND,38.78
2024-09-04 14:00:00-07:00,TH_SP15_GEN-APND,40.55273
2024-09-04 14:00:00-07:00,TH_ZP26_GEN-APND,33.6015
2024-09-04 15:00:00-07:00,TH_NP15_GEN-APND,46.16144
2024-09-04 15:00:00-07:00,TH_SP15_GEN-APND,47.07087
2024-09-04 15:00:00-07:00,TH_ZP26_GEN-APND,41.46979
2024-09-04 16:00:00-07:00,TH_NP15_GEN-APND,55.84277
2024-09-04 16:00:00-07:00,TH_SP15_GEN-APND,53.57191
2024-09-04 16:00:00-07:00,TH_ZP26_GEN-APND,50.52302
2024-09-04 17:00:00-07:00,TH_NP15_GEN-APND,81.61231
2024-09-04 17:00:00-07:00,TH_SP15_GEN-APND,74.70157
2024-09-04 17:00:00-07:00,TH_ZP26_GEN-APND,67.33136
2024-09-04 18:00:00-07:00,TH_NP15_GEN-APND,211.70561
2024-09-04 18:00:00-07:00,TH_SP15_GEN-APND,229.58105
2024-09-04 18:00:00-07:00,TH_ZP26_GEN-APND,199.39
2024-09-04 19:00:00-07:00,TH_NP15_GEN-APND,254.1426
2024-09-04 19:00:00-07:00,TH_SP15_GEN-APND,283.15298
2024-09-04 19:00:00-07:00,TH_ZP26_GEN-APND,245.82751
2024-09-04 20:00:00-07:00,TH_NP15_GEN-APND,98.84971
2024-09-04 20:00:00-07:00,TH_SP15_GEN-APND,106.10304
2024-09-04 20:00:00-07:00,TH_ZP26_GEN-APND,92.80109
2024-09-04 21:00:00-07:00,TH_NP15_GEN-APND,62.56032
2024-09-04 21:00:00-07:00,TH_SP15_GEN-APND,65.09819
2024-09-04 21:00:00-07:00,TH_ZP26_GEN-APND,61.05489
2024-09-04 22:00:00-07:00,TH_NP15_GEN-APND,50.6323
2024-09-04 22:00:00-07:00,TH_SP15_GEN-APND,55.67107
2024-09-04 22:00:00-07:00,TH_ZP26_GEN-APND,50.09271
2024-09-04 23:00:00-07:00,TH_NP15_GEN-APND,41.47786
2024-09-04 23:00:00-07:00,TH_SP15_GEN-APND,51.17653
2024-09-04 23:00:00-07:00,TH_ZP26_GEN-APND,40.68573
2024-09-05 00:00:00-07:00,TH_NP15_GEN-APND,40.52587
2024-09-05 00:00:00-07:00,TH_SP15_GEN-APND,43.55627
2024-09-05 00:00:00-07:00,TH_ZP26_GEN-APND,40.5726
2024-09-05 01:00:00-07:00,TH_NP15_GEN-APND,40.00564
2024-09-05 01:00:00-07:00,TH_SP15_GEN-APND,42.97711
2024-09-05 01:00:00-07:00,TH_ZP26_GEN-APND,40.2283
2024-09-05 02:00:00-07:00,TH_NP15_GEN-APND,39.87599
2024-09-05 02:00:00-07:00,TH_SP15_GEN-APND,41.92253
2024-09-05 02:00:00-07:00,TH_ZP26_GEN-APND,40.40547
2024-09-05 03:00:00-07:00,TH_NP15_GEN-APND,39.91891
2024-09-05 03:00:00-07:00,TH_SP15_GEN-APND,41.82553
2024-09-05 03:00:00-07:00,TH_ZP26_GEN-APND,40.40549
2024-09-05 04:00:00-07:00,TH_NP15_GEN-APND,39.78377
2024-09-05 04:00:00-07:00,TH_SP15_GEN-APND,41.794
2024-09-05 04:00:00-07:00,TH_ZP26_GEN-APND,40.01653
2024-09-05 05:00:00-07:00,TH_NP15_GEN-APND,41.51628
2024-09-05 05:00:00-07:00,TH_SP15_GEN-APND,43.10193
2024-09-05 05:00:00-07:00,TH_ZP26_GEN-APND,41.7565
2024-09-05 06:00:00-07:00,TH_NP15_GEN-APND,52.5284
2024-09-05 06:00:00-07:00,TH_SP15_GEN-APND,53.90469
2024-09-05 06:00:00-07:00,TH_ZP26_GEN-APND,52.81581
2024-09-05 07:00:00-07:00,TH_NP15_GEN-APND,45.40307
2024-09-05 07:00:00-07:00,TH_SP15_GEN-APND,45.01096
2024-09-05 07:00:00-07:00,TH_ZP26_GEN-APND,44.22511
2024-09-05 08:00:00-07:00,TH_NP15_GEN-APND,36.07285
2024-09-05 08:00:00-07:00,TH_SP15_GEN-APND,36.03656
2024-09-05 08:00:00-07:00,TH_ZP26_GEN-APND,34.74447
2024-09-05 09:00:00-07:00,TH_NP15_GEN-APND,35.28308
2024-09-05 09:00:00-07:00,TH_SP15_GEN-APND,34.85539
2024-09-05 09:00:00-07:00,TH_ZP26_GEN-APND,31.95818
2024-09-05 10:00:00-07:00,TH_NP15_GEN-APND,35.2475
2024-09-05 10:00:00-07:00,TH_SP15_GEN-APND,35.94666
2024-09-05 10:00:00-07:00,TH_ZP26_GEN-APND,31.65426
2024-09-05 11:00:00-07:00,TH_NP15_GEN-APND,35.6984
2024-09-05 11:00:00-07:00,TH_SP15_GEN-APND,39.64686
2024-09-05 11:00:00-07:00,TH_ZP26_GEN-APND,31.76042
2024-09-05 12:00:00-07:00,TH_NP15_GEN-APND,37.40545
2024-09-05 12:00:00-07:00,TH_SP15_GEN-APND,40.08891
2024-09-05 12:00:00-07:00,TH_ZP26_GEN-APND,29.02796
2024-09-05 13:00:00-07:00,TH_NP15_GEN-APND,42.0957
2024-09-05 13:00:00-07:00,TH_SP15_GEN-APND,49.62816
2024-09-05 13:00:00-07:00,TH_ZP26_GEN-APND,36.91535
2024-09-05 14:00:00-07:00,TH_NP15_GEN-APND,49.51314
2024-09-05 14:00:00-07:00,TH_SP15_GEN-APND,56.06543
2024-09-05 14:00:00-07:00,TH_ZP26_GEN-APND,38.08391
2024-09-05 15:00:00-07:00,TH_NP15_GEN-APND,59.45404
2024-09-05 15:00:00-07:00,TH_SP15_GEN-APND,67.65465
2024-09-05 15:00:00-07:00,TH_ZP26_GEN-APND,50.8904
2024-09-05 16:00:00-07:00,TH_NP15_GEN-APND,73.44742
2024-09-05 16:00:00-07:00,TH_SP15_GEN-APND,105.0
2024-09-05 16:00:00-07:00,TH_ZP26_GEN-APND,58.48389
2024-09-05 17:00:00-07:00,TH_NP15_GEN-APND,153.27702
2024-09-05 17:00:00-07:00,TH_SP15_GEN-APND,269.27936
2024-09-05 17:00:00-07:00,TH_ZP26_GEN-APND,135.04277
2024-09-05 18:00:00-07:00,TH_NP15_GEN-APND,366.1749
2024-09-05 18:00:00-07:00,TH_SP15_GEN-APND,576.11945
2024-09-05 18:00:00-07:00,TH_ZP26_GEN-APND,331.37225
2024-09-05 19:00:00-07:00,TH_NP15_GEN-APND,487.43
2024-09-05 19:00:00-07:00,TH_SP15_GEN-APND,614.4207
2024-09-05 19:00:00-07:00,TH_ZP26_GEN-APND,462.0763
2024-09-05 20:00:00-07:00,TH_NP15_GEN-APND,165.27663
2024-09-05 20:00:00-07:00,TH_SP15_GEN-APND,244.11525
2024-09-05 20:00:00-07:00,TH_ZP26_GEN-APND,155.0
2024-09-05 21:00:00-07:00,TH_NP15_GEN-APND,75.0
2024-09-05 21:00:00-07:00,TH_SP15_GEN-APND,118.96024
2024-09-05 21:00:00-07:00,TH_ZP26_GEN-APND,69.98671
2024-09-05 22:00:00-07:00,TH_NP15_GEN-APND,52.24159
2024-09-05 22:00:00-07:00,TH_SP15_GEN-APND,72.48228
2024-09-05 22:00:00-07:00,TH_ZP26_GEN-APND,50.0
2024-09-05 23:00:00-07:00,TH_NP15_GEN-APND,49.48695
2024-09-05 23:00:00-07:00,TH_SP15_GEN-APND,57.85224
2024-09-05 23:00:00-07:00,TH_ZP26_GEN-APND,48.97622
2024-09-06 00:00:00-07:00,TH_NP15_GEN-APND,44.66087
2024-09-06 00:00:00-07:00,TH_SP15_GEN-APND,54.84122
2024-09-06 00:00:00-07:00,TH_ZP26_GEN-APND,44.59802
2024-09-06 01:00:00-07:00,TH_NP15_GEN-APND,38.13035
2024-09-06 01:00:00-07:00,TH_SP15_GEN-APND,48.03234
2024-09-06 01:00:00-07:00,TH_ZP26_GEN-APND,37.84895
2024-09-06 02:00:00-07:00,TH_NP15_GEN-APND,37.69372
2024-09-06 02:00:00-07:00,TH_SP15_GEN-APND,40.22572
2024-09-06 02:00:00-07:00,TH_ZP26_GEN-APND,38.07783
2024-09-06 03:00:00-07:00,TH_NP15_GEN-APND,37.56342
2024-09-06 03:00:00-07:00,TH_SP15_GEN-APND,39.30123
2024-09-06 03:00:00-07:00,TH_ZP26_GEN-APND,38.03687
2024-09-06 04:00:00-07:00,TH_NP15_GEN-APND,37.77364
2024-09-06 04:00:00-07:00,TH_SP15_GEN-APND,39.59485
2024-09-06 04:00:00-07:00,TH_ZP26_GEN-APND,38.218
2024-09-06 05:00:00-07:00,TH_NP15_GEN-APND,42.19
2024-09-06 05:00:00-07:00,TH_SP15_GEN-APND,43.91713
2024-09-06 05:00:00-07:00,TH_ZP26_GEN-APND,42.68263
2024-09-06 06:00:00-07:00,TH_NP15_GEN-APND,45.84721
2024-09-06 06:00:00-07:00,TH_SP15_GEN-APND,46.97361
2024-09-06 06:00:00-07:00,TH_ZP26_GEN-APND,46.04533
2024-09-06 07:00:00-07:00,TH_NP15_GEN-APND,39.45024
2024-09-06 07:00:00-07:00,TH_SP15_GEN-APND,38.85573
2024-09-06 07:00:00-07:00,TH_ZP26_GEN-APND,38.39242
2024-09-06 08:00:00-07:00,TH_NP15_GEN-APND,33.01631
2024-09-06 08:00:00-07:00,TH_SP15_GEN-APND,32.92786
2024-09-06 08:00:00-07:00,TH_ZP26_GEN-APND,32.19177
2024-09-06 09:00:00-07:00,TH_NP15_GEN-APND,32.652
2024-09-06 09:00:00-07:00,TH_SP15_GEN-APND,32.53965
2024-09-06 09:00:00-07:00,TH_ZP26_GEN-APND,30.90824
2024-09-06 10:00:00-07:00,TH_NP15_GEN-APND,31.60352
2024-09-06 10:00:00-07:00,TH_SP15_GEN-APND,34.56441
2024-09-06 10:00:00-07:00,TH_ZP26_GEN-APND,26.35161
2024-09-06 11:00:00-07:00,TH_NP15_GEN-APND,33.30132
2024-09-06 11:00:00-07:00,TH_SP15_GEN-APND,36.07813
2024-09-06 11:00:00-07:00,TH_ZP26_GEN-APND,31.76986
2024-09-06 12:00:00-07:00,TH_NP15_GEN-APND,32.50178
2024-09-06 12:00:00-07:00,TH_SP15_GEN-APND,38.32724
2024-09-06 12:00:00-07:00,TH_ZP26_GEN-APND,27.48112
2024-09-06 13:00:00-07:00,TH_NP15_GEN-APND,33.87268
2024-09-06 13:00:00-07:00,TH_SP15_GEN-APND,44.41729
2024-09-06 13:00:00-07:00,TH_ZP26_GEN-APND,30.49017
2024-09-06 14:00:00-07:00,TH_NP15_GEN-APND,38.29936
2024-09-06 14:00:00-07:00,TH_SP15_GEN-APND,50.92307
2024-09-06 14:00:00-07:00,TH_ZP26_GEN-APND,35.25146
2024-09-06 15:00:00-07:00,TH_NP15_GEN-APND,50.69702
2024-09-06 15:00:00-07:00,TH_SP15_GEN-APND,68.05
2024-09-06 15:00:00-07:00,TH_ZP26_GEN-APND,44.07912
2024-09-06 16:00:00-07:00,TH_NP15_GEN-APND,53.69682
2024-09-06 16:00:00-07:00,TH_SP15_GEN-APND,82.46574
2024-09-06 16:00:00-07:00,TH_ZP26_GEN-APND,44.49553
2024-09-06 17:00:00-07:00,TH_NP15_GEN-APND,74.57047
2024-09-06 17:00:00-07:00,TH_SP15_GEN-APND,137.90501
2024-09-06 17:00:00-07:00,TH_ZP26_GEN-APND,58.10889
2024-09-06 18:00:00-07:00,TH_NP15_GEN-APND,136.09
2024-09-06 18:00:00-07:00,TH_SP15_GEN-APND,309.73486
2024-09-06 18:00:00-07:00,TH_ZP26_GEN-APND,106.42172
2024-09-06 19:00:00-07:00,TH_NP15_GEN-APND,137.42879
2024-09-06 19:00:00-07:00,TH_SP15_GEN-APND,275.11
2024-09-06 19:00:00-07:00,TH_ZP26_GEN-APND,114.46154
2024-09-06 20:00:00-07:00,TH_NP15_GEN-APND,74.7638
2024-09-06 20:00:00-07:00,TH_SP15_GEN-APND,113.60044
2024-09-06 20:00:00-07:00,TH_ZP26_GEN-APND,63.63186
2024-09-06 21:00:00-07:00,TH_NP15_GEN-APND,51.6301
2024-09-06 21:00:00-07:00,TH_SP15_GEN-APND,81.47
2024-09-06 21:00:00-07:00,TH_ZP26_GEN-APND,48.89073
2024-09-06 22:00:00-07:00,TH_NP15_GEN-APND,42.39472
2024-09-06 22:00:00-07:00,TH_SP15_GEN-APND,65.40988
2024-09-06 22:00:00-07:00,TH_ZP26_GEN-APND,40.80413
2024-09-06 23:00:00-07:00,TH_NP15_GEN-APND,41.55799
2024-09-06 23:00:00-07:00,TH_SP15_GEN-APND,59.75399
2024-09-06 23:00:00-07:00,TH_ZP26_GEN-APND,40.49216
2024-09-07 00:00:00-07:00,TH_NP15_GEN-APND,48.89748
2024-09-07 00:00:00-07:00,TH_SP15_GEN-APND,52.8687
2024-09-07 00:00:00-07:00,TH_ZP26_GEN-APND,49.28061
2024-09-07 01:00:00-07:00,TH_NP15_GEN-APND,44.76711
2024-09-07 01:00:00-07:00,TH_SP15_GEN-APND,46.63322
2024-09-07 01:00:00-07:00,TH_ZP26_GEN-APND,45.28104
2024-09-07 02:00:00-07:00,TH_NP15_GEN-APND,40.01
2024-09-07 02:00:00-07:00,TH_SP15_GEN-APND,41.19852
2024-09-07 02:00:00-07:00,TH_ZP26_GEN-APND,40.18988
2024-09-07 03:00:00-07:00,TH_NP15_GEN-APND,37.46281
2024-09-07 03:00:00-07:00,TH_SP15_GEN-APND,38.45189
2024-09-07 03:00:00-07:00,TH_ZP26_GEN-APND,37.51831
2024-09-07 04:00:00-07:00,TH_NP15_GEN-APND,38.11462
2024-09-07 04:00:00-07:00,TH_SP15_GEN-APND,38.92165
2024-09-07 04:00:00-07:00,TH_ZP26_GEN-APND,38.0229
2024-09-07 05:00:00-07:00,TH_NP15_GEN-APND,38.63999
2024-09-07 05:00:00-07:00,TH_SP15_GEN-APND,39.47724
2024-09-07 05:00:00-07:00,TH_ZP26_GEN-APND,38.59821
2024-09-07 06:00:00-07:00,TH_NP15_GEN-APND,38.59787
2024-09-07 06:00:00-07:00,TH_SP15_GEN-APND,39.01296
2024-09-07 06:00:00-07:00,TH_ZP26_GEN-APND,38.2735
2024-09-07 07:00:00-07:00,TH_NP15_GEN-APND,36.56662
2024-09-07 07:00:00-07:00,TH_SP15_GEN-APND,36.37378
2024-09-07 07:00:00-07:00,TH_ZP26_GEN-APND,35.95604
2024-09-07 08:00:00-07:00,TH_NP15_GEN-APND,30.60534
2024-09-07 08:00:00-07:00,TH_SP15_GEN-APND,31.0935
2024-09-07 08:00:00-07:00,TH_ZP26_GEN-APND,30.51635
2024-09-07 09:00:00-07:00,TH_NP15_GEN-APND,27.87075
2024-09-07 09:00:00-07:00,TH_SP15_GEN-APND,27.84713
2024-09-07 09:00:00-07:00,TH_ZP26_GEN-APND,26.68674
2024-09-07 10:00:00-07:00,TH_NP15_GEN-APND,28.18893
2024-09-07 10:00:00-07:00,TH_SP15_GEN-APND,28.7424
2024-09-07 10:00:00-07:00,TH_ZP26_GEN-APND,24.13819
2024-09-07 11:00:00-07:00,TH_NP15_GEN-APND,27.55428
2024-09-07 11:00:00-07:00,TH_SP15_GEN-APND,32.37635
2024-09-07 11:00:00-07:00,TH_ZP26_GEN-APND,26.1883
2024-09-07 12:00:00-07:00,TH_NP15_GEN-APND,28.03552
2024-09-07 12:00:00-07:00,TH_SP15_GEN-APND,32.74228
2024-09-07 12:00:00-07:00,TH_ZP26_GEN-APND,26.27367
2024-09-07 13:00:00-07:00,TH_NP15_GEN-APND,29.67259
2024-09-07 13:00:00-07:00,TH_SP15_GEN-APND,36.6966
2024-09-07 13:00:00-07:00,TH_ZP26_GEN-APND,26.89099
2024-09-07 14:00:00-07:00,TH_NP15_GEN-APND,31.17213
2024-09-07 14:00:00-07:00,TH_SP15_GEN-APND,37.31696
2024-09-07 14:00:00-07:00,TH_ZP26_GEN-APND,28.02
2024-09-07 15:00:00-07:00,TH_NP15_GEN-APND,35.47253
2024-09-07 15:00:00-07:00,TH_SP15_GEN-APND,44.28323
2024-09-07 15:00:00-07:00,TH_ZP26_GEN-APND,33.3761
2024-09-07 16:00:00-07:00,TH_NP15_GEN-APND,39.43493
2024-09-07 16:00:00-07:00,TH_SP15_GEN-APND,50.78453
2024-09-07 16:00:00-07:00,TH_ZP26_GEN-APND,37.82
2024-09-07 17:00:00-07:00,TH_NP15_GEN-APND,47.04315
2024-09-07 17:00:00-07:00,TH_SP15_GEN-APND,57.00548
2024-09-07 17:00:00-07:00,TH_ZP26_GEN-APND,45.97845
2024-09-07 18:00:00-07:00,TH_NP15_GEN-APND,79.54866
2024-09-07 18:00:00-07:00,TH_SP15_GEN-APND,85.72256
2024-09-07 18:00:00-07:00,TH_ZP26_GEN-APND,78.08058
2024-09-07 19:00:00-07:00,TH_NP15_GEN-APND,77.02674
2024-09-07 19:00:00-07:00,TH_SP15_GEN-APND,80.471
2024-09-07 19:00:00-07:00,TH_ZP26_GEN-APND,77.01344
2024-09-07 20:00:00-07:00,TH_NP15_GEN-APND,55.20359
2024-09-07 20:00:00-07:00,TH_SP15_GEN-APND,56.98933
2024-09-07 20:00:00-07:00,TH_ZP26_GEN-APND,55.42722
2024-09-07 21:00:00-07:00,TH_NP15_GEN-APND,48.0
2024-09-07 21:00:00-07:00,TH_SP15_GEN-APND,55.02
2024-09-07 21:00:00-07:00,TH_ZP26_GEN-APND,47.94132
2024-09-07 22:00:00-07:00,TH_NP15_GEN-APND,41.2087
2024-09-07 22:00:00-07:00,TH_SP15_GEN-APND,51.25882
2024-09-07 22:00:00-07:00,TH_ZP26_GEN-APND,40.96398
2024-09-07 23:00:00-07:00,TH_NP15_GEN-APND,36.43925
2024-09-07 23:00:00-07:00,TH_SP15_GEN-APND,48.97215
2024-09-07 23:00:00-07:00,TH_ZP26_GEN-APND,35.44839
2024-09-08 00:00:00-07:00,TH_NP15_GEN-APND,44.32902
2024-09-08 00:00:00-07:00,TH_SP15_GEN-APND,51.53886
2024-09-08 00:00:00-07:00,TH_ZP26_GEN-APND,43.70852
2024-09-08 01:00:00-07:00,TH_NP15_GEN-APND,33.70809
2024-09-08 01:00:00-07:00,TH_SP15_GEN-APND,53.29533
2024-09-08 01:00:00-07:00,TH_ZP26_GEN-APND,31.0438
2024-09-08 02:00:00-07:00,TH_NP15_GEN-APND,34.82702
2024-09-08 02:00:00-07:00,TH_SP15_GEN-APND,51.13001
2024-09-08 02:00:00-07:00,TH_ZP26_GEN-APND,32.33983
2024-09-08 03:00:00-07:00,TH_NP15_GEN-APND,34.6449
2024-09-08 03:00:00-07:00,TH_SP15_GEN-APND,46.95158
2024-09-08 03:00:00-07:00,TH_ZP26_GEN-APND,32.69602
2024-09-08 04:00:00-07:00,TH_NP15_GEN-APND,34.36432
2024-09-08 04:00:00-07:00,TH_SP15_GEN-APND,43.19919
2024-09-08 04:00:00-07:00,TH_ZP26_GEN-APND,32.82728
2024-09-08 05:00:00-07:00,TH_NP15_GEN-APND,33.31001
2024-09-08 05:00:00-07:00,TH_SP15_GEN-APND,45.36579
2024-09-08 05:00:00-07:00,TH_ZP26_GEN-APND,31.90074
2024-09-08 06:00:00-07:00,TH_NP15_GEN-APND,33.07283
2024-09-08 06:00:00-07:00,TH_SP15_GEN-APND,44.70889
2024-09-08 06:00:00-07:00,TH_ZP26_GEN-APND,31.71768
2024-09-08 07:00:00-07:00,TH_NP15_GEN-APND,32.14094
2024-09-08 07:00:00-07:00,TH_SP15_GEN-APND,32.7013
2024-09-08 07:00:00-07:00,TH_ZP26_GEN-APND,31.68458
2024-09-08 08:00:00-07:00,TH_NP15_GEN-APND,27.98976
2024-09-08 08:00:00-07:00,TH_SP15_GEN-APND,28.17599
2024-09-08 08:00:00-07:00,TH_ZP26_GEN-APND,27.12248
2024-09-08 09:00:00-07:00,TH_NP15_GEN-APND,26.44215
2024-09-08 09:00:00-07:00,TH_SP15_GEN-APND,28.26586
2024-09-08 09:00:00-07:00,TH_ZP26_GEN-APND,24.99006
2024-09-08 10:00:00-07:00,TH_NP15_GEN-APND,26.08984
2024-09-08 10:00:00-07:00,TH_SP15_GEN-APND,30.0
2024-09-08 10:00:00-07:00,TH_ZP26_GEN-APND,24.05078
2024-09-08 11:00:00-07:00,TH_NP15_GEN-APND,26.44894
2024-09-08 11:00:00-07:00,TH_SP15_GEN-APND,30.41902
2024-09-08 11:00:00-07:00,TH_ZP26_GEN-APND,25.41886
2024-09-08 12:00:00-07:00,TH_NP15_GEN-APND,27.62321
2024-09-08 12:00:00-07:00,TH_SP15_GEN-APND,31.70974
2024-09-08 12:00:00-07:00,TH_ZP26_GEN-APND,26.8195
2024-09-08 13:00:00-07:00,TH_NP15_GEN-APND,28.81307
2024-09-08 13:00:00-07:00,TH_SP15_GEN-APND,33.2123
2024-09-08 13:00:00-07:00,TH_ZP26_GEN-APND,28.05908
2024-09-08 14:00:00-07:00,TH_NP15_GEN-APND,29.29547
2024-09-08 14:00:00-07:00,TH_SP15_GEN-APND,35.35415
2024-09-08 14:00:00-07:00,TH_ZP26_GEN-APND,28.5177
2024-09-08 15:00:00-07:00,TH_NP15_GEN-APND,35.55735
2024-09-08 15:00:00-07:00,TH_SP15_GEN-APND,43.23314
2024-09-08 15:00:00-07:00,TH_ZP26_GEN-APND,34.54966
2024-09-08 16:00:00-07:00,TH_NP15_GEN-APND,36.51841
2024-09-08 16:00:00-07:00,TH_SP15_GEN-APND,49.32913
2024-09-08 16:00:00-07:00,TH_ZP26_GEN-APND,35.03217
2024-09-08 17:00:00-07:00,TH_NP15_GEN-APND,38.69544
2024-09-08 17:00:00-07:00,TH_SP15_GEN-APND,54.42644
2024-09-08 17:00:00-07:00,TH_ZP26_GEN-APND,34.78898
2024-09-08 18:00:00-07:00,TH_NP15_GEN-APND,65.18403
2024-09-08 18:00:00-07:00,TH_SP15_GEN-APND,73.83907
2024-09-08 18:00:00-07:00,TH_ZP26_GEN-APND,62.7855
2024-09-08 19:00:00-07:00,TH_NP15_GEN-APND,64.03
2024-09-08 19:00:00-07:00,TH_SP15_GEN-APND,66.51063
2024-09-08 19:00:00-07:00,TH_ZP26_GEN-APND,62.90747
2024-09-08 20:00:00-07:00,TH_NP15_GEN-APND,52.56294
2024-09-08 20:00:00-07:00,TH_SP15_GEN-APND,54.9454
2024-09-08 20:00:00-07:00,TH_ZP26_GEN-APND,52.06532
2024-09-08 21:00:00-07:00,TH_NP15_GEN-APND,46.04867
2024-09-08 21:00:00-07:00,TH_SP15_GEN-APND,54.18846
2024-09-08 21:00:00-07:00,TH_ZP26_GEN-APND,45.48647
2024-09-08 22:00:00-07:00,TH_NP15_GEN-APND,41.60016
2024-09-08 22:00:00-07:00,TH_SP15_GEN-APND,49.20461
2024-09-08 22:00:00-07:00,TH_ZP26_GEN-APND,41.06289
2024-09-08 23:00:00-07:00,TH_NP15_GEN-APND,39.46
2024-09-08 23:00:00-07:00,TH_SP15_GEN-APND,46.23948
2024-09-08 23:00:00-07:00,TH_ZP26_GEN-APND,38.82906
2024-09-09 00:00:00-07:00,TH_NP15_GEN-APND,36.19526
2024-09-09 00:00:00-07:00,TH_SP15_GEN-APND,39.96116
2024-09-09 00:00:00-07:00,TH_ZP26_GEN-APND,36.02
2024-09-09 01:00:00-07:00,TH_NP15_GEN-APND,38.04605
2024-09-09 01:00:00-07:00,TH_SP15_GEN-APND,39.52377
2024-09-09 01:00:00-07:00,TH_ZP26_GEN-APND,38.21628
2024-09-09 02:00:00-07:00,TH_NP15_GEN-APND,34.34584
2024-09-09 02:00:00-07:00,TH_SP15_GEN-APND,35.58988
2024-09-09 02:00:00-07:00,TH_ZP26_GEN-APND,34.42044
2024-09-09 03:00:00-07:00,TH_NP15_GEN-APND,33.98388
2024-09-09 03:00:00-07:00,TH_SP15_GEN-APND,35.12201
2024-09-09 03:00:00-07:00,TH_ZP26_GEN-APND,34.0662
2024-09-09 04:00:00-07:00,TH_NP15_GEN-APND,34.10367
2024-09-09 04:00:00-07:00,TH_SP15_GEN-APND,35.25383
2024-09-09 04:00:00-07:00,TH_ZP26_GEN-APND,34.20883
2024-09-09 05:00:00-07:00,TH_NP15_GEN-APND,38.18167
2024-09-09 05:00:00-07:00,TH_SP15_GEN-APND,39.03555
2024-09-09 05:00:00-07:00,TH_ZP26_GEN-APND,38.13855
2024-09-09 06:00:00-07:00,TH_NP15_GEN-APND,40.70745
2024-09-09 06:00:00-07:00,TH_SP15_GEN-APND,41.43756
2024-09-09 06:00:00-07:00,TH_ZP26_GEN-APND,40.60579
2024-09-09 07:00:00-07:00,TH_NP15_GEN-APND,36.73123
2024-09-09 07:00:00-07:00,TH_SP15_GEN-APND,36.39908
2024-09-09 07:00:00-07:00,TH_ZP26_GEN-APND,35.98845
2024-09-09 08:00:00-07:00,TH_NP15_GEN-APND,31.16705
2024-09-09 08:00:00-07:00,TH_SP15_GEN-APND,31.98932
2024-09-09 08:00:00-07:00,TH_ZP26_GEN-APND,31.10351
2024-09-09 09:00:00-07:00,TH_NP15_GEN-APND,30.4169
2024-09-09 09:00:00-07:00,TH_SP15_GEN-APND,31.85848
2024-09-09 09:00:00-07:00,TH_ZP26_GEN-APND,30.21
2024-09-09 10:00:00-07:00,TH_NP15_GEN-APND,27.50255
2024-09-09 10:00:00-07:00,TH_SP15_GEN-APND,32.72004
2024-09-09 10:00:00-07:00,TH_ZP26_GEN-APND,25.15134
2024-09-09 11:00:00-07:00,TH_NP15_GEN-APND,27.75642
2024-09-09 11:00:00-07:00,TH_SP15_GEN-APND,32.67333
2024-09-09 11:00:00-07:00,TH_ZP26_GEN-APND,26.78565
2024-09-09 12:00:00-07:00,TH_NP15_GEN-APND,26.31292
2024-09-09 12:00:00-07:00,TH_SP15_GEN-APND,35.23
2024-09-09 12:00:00-07:00,TH_ZP26_GEN-APND,23.60579
2024-09-09 13:00:00-07:00,TH_NP15_GEN-APND,28.18079
2024-09-09 13:00:00-07:00,TH_SP15_GEN-APND,35.51732
2024-09-09 13:00:00-07:00,TH_ZP26_GEN-APND,25.76749
2024-09-09 14:00:00-07:00,TH_NP15_GEN-APND,33.8
2024-09-09 14:00:00-07:00,TH_SP15_GEN-APND,41.78975
2024-09-09 14:00:00-07:00,TH_ZP26_GEN-APND,31.83748
2024-09-09 15:00:00-07:00,TH_NP15_GEN-APND,36.98182
2024-09-09 15:00:00-07:00,TH_SP15_GEN-APND,49.86163
2024-09-09 15:00:00-07:00,TH_ZP26_GEN-APND,33.59529
2024-09-09 16:00:00-07:00,TH_NP15_GEN-APND,39.59915
2024-09-09 16:00:00-07:00,TH_SP15_GEN-APND,55.60432
2024-09-09 16:00:00-07:00,TH_ZP26_GEN-APND,36.24574
2024-09-09 17:00:00-07:00,TH_NP15_GEN-APND,45.14328
2024-09-09 17:00:00-07:00,TH_SP15_GEN-APND,73.9199
2024-09-09 17:00:00-07:00,TH_ZP26_GEN-APND,38.78568
2024-09-09 18:00:00-07:00,TH_NP15_GEN-APND,66.49555
2024-09-09 18:00:00-07:00,TH_SP15_GEN-APND,110.0
2024-09-09 18:00:00-07:00,TH_ZP26_GEN-APND,63.53635
2024-09-09 19:00:00-07:00,TH_NP15_GEN-APND,68.23767
2024-09-09 19:00:00-07:00,TH_SP15_GEN-APND,103.07883
2024-09-09 19:00:00-07:00,TH_ZP26_GEN-APND,64.01197
2024-09-09 20:00:00-07:00,TH_NP15_GEN-APND,49.67435
2024-09-09 20:00:00-07:00,TH_SP15_GEN-APND,72.79905
2024-09-09 20:00:00-07:00,TH_ZP26_GEN-APND,47.42403
2024-09-09 21:00:00-07:00,TH_NP15_GEN-APND,40.0
2024-09-09 21:00:00-07:00,TH_SP15_GEN-APND,62.54324
2024-09-09 21:00:00-07:00,TH_ZP26_GEN-APND,37.09083
2024-09-09 22:00:00-07:00,TH_NP15_GEN-APND,39.94363
2024-09-09 22:00:00-07:00,TH_SP15_GEN-APND,49.36046
2024-09-09 22:00:00-07:00,TH_ZP26_GEN-APND,39.19218
2024-09-09 23:00:00-07:00,TH_NP15_GEN-APND,38.30291
2024-09-09 23:00:00-07:00,TH_SP15_GEN-APND,41.28503
2024-09-09 23:00:00-07:00,TH_ZP26_GEN-APND,38.19928
2024-09-10 00:00:00-07:00,TH_NP15_GEN-APND,34.73272
2024-09-10 00:00:00-07:00,TH_SP15_GEN-APND,35.8013
2024-09-10 00:00:00-07:00,TH_ZP26_GEN-APND,34.57279
2024-09-10 01:00:00-07:00,TH_NP15_GEN-APND,34.54902
2024-09-10 01:00:00-07:00,TH_SP15_GEN-APND,35.32712
2024-09-10 01:00:00-07:00,TH_ZP26_GEN-APND,34.24574
2024-09-10 02:00:00-07:00,TH_NP15_GEN-APND,34.09439
2024-09-10 02:00:00-07:00,TH_SP15_GEN-APND,34.90335
2024-09-10 02:00:00-07:00,TH_ZP26_GEN-APND,33.8611
2024-09-10 03:00:00-07:00,TH_NP15_GEN-APND,33.8171
2024-09-10 03:00:00-07:00,TH_SP15_GEN-APND,34.4425
2024-09-10 03:00:00-07:00,TH_ZP26_GEN-APND,33.48625
2024-09-10 04:00:00-07:00,TH_NP15_GEN-APND,34.19366
2024-09-10 04:00:00-07:00,TH_SP15_GEN-APND,34.75247
2024-09-10 04:00:00-07:00,TH_ZP26_GEN-APND,33.83645
2024-09-10 05:00:00-07:00,TH_NP15_GEN-APND,37.64012
2024-09-10 05:00:00-07:00,TH_SP15_GEN-APND,37.95521
2024-09-10 05:00:00-07:00,TH_ZP26_GEN-APND,37.13375
2024-09-10 06:00:00-07:00,TH_NP15_GEN-APND,39.68138
2024-09-10 06:00:00-07:00,TH_SP15_GEN-APND,39.92091
2024-09-10 06:00:00-07:00,TH_ZP26_GEN-APND,39.19054
2024-09-10 07:00:00-07:00,TH_NP15_GEN-APND,34.72707
2024-09-10 07:00:00-07:00,TH_SP15_GEN-APND,34.11
2024-09-10 07:00:00-07:00,TH_ZP26_GEN-APND,33.79891
2024-09-10 08:00:00-07:00,TH_NP15_GEN-APND,27.48121
2024-09-10 08:00:00-07:00,TH_SP15_GEN-APND,27.69178
2024-09-10 08:00:00-07:00,TH_ZP26_GEN-APND,27.19633
2024-09-10 09:00:00-07:00,TH_NP15_GEN-APND,24.94
2024-09-10 09:00:00-07:00,TH_SP15_GEN-APND,25.42329
2024-09-10 09:00:00-07:00,TH_ZP26_GEN-APND,24.0735
2024-09-10 10:00:00-07:00,TH_NP15_GEN-APND,24.22345
2024-09-10 10:00:00-07:00,TH_SP15_GEN-APND,25.13582
2024-09-10 10:00:00-07:00,TH_ZP26_GEN-APND,21.51672
2024-09-10 11:00:00-07:00,TH_NP15_GEN-APND,24.00032
2024-09-10 11:00:00-07:00,TH_SP15_GEN-APND,25.88985
2024-09-10 11:00:00-07:00,TH_ZP26_GEN-APND,21.09645
2024-09-10 12:00:00-07:00,TH_NP15_GEN-APND,24.19062
2024-09-10 12:00:00-07:00,TH_SP15_GEN-APND,27.68615
2024-09-10 12:00:00-07:00,TH_ZP26_GEN-APND,22.52857
2024-09-10 13:00:00-07:00,TH_NP15_GEN-APND,25.82923
2024-09-10 13:00:00-07:00,TH_SP15_GEN-APND,28.76877
2024-09-10 13:00:00-07:00,TH_ZP26_GEN-APND,24.6102
2024-09-10 14:00:00-07:00,TH_NP15_GEN-APND,27.5968
2024-09-10 14:00:00-07:00,TH_SP15_GEN-APND,31.57673
2024-09-10 14:00:00-07:00,TH_ZP26_GEN-APND,25.8917
2024-09-10 15:00:00-07:00,TH_NP15_GEN-APND,30.08963
2024-09-10 15:00:00-07:00,TH_SP15_GEN-APND,34.13278
2024-09-10 15:00:00-07:00,TH_ZP26_GEN-APND,29.14111
2024-09-10 16:00:00-07:00,TH_NP15_GEN-APND,30.71154
2024-09-10 16:00:00-07:00,TH_SP15_GEN-APND,37.4959
2024-09-10 16:00:00-07:00,TH_ZP26_GEN-APND,29.46832
2024-09-10 17:00:00-07:00,TH_NP15_GEN-APND,34.36409
2024-09-10 17:00:00-07:00,TH_SP15_GEN-APND,49.49425
2024-09-10 17:00:00-07:00,TH_ZP26_GEN-APND,32.30769
2024-09-10 18:00:00-07:00,TH_NP15_GEN-APND,49.37254
2024-09-10 18:00:00-07:00,TH_SP15_GEN-APND,68.59076
2024-09-10 18:00:00-07:00,TH_ZP26_GEN-APND,46.99448
2024-09-10 19:00:00-07:00,TH_NP15_GEN-APND,51.03113
2024-09-10 19:00:00-07:00,TH_SP15_GEN-APND,64.79933
2024-09-10 19:00:00-07:00,TH_ZP26_GEN-APND,49.5423
2024-09-10 20:00:00-07:00,TH_NP15_GEN-APND,42.08131
2024-09-10 20:00:00-07:00,TH_SP15_GEN-APND,50.8343
2024-09-10 20:00:00-07:00,TH_ZP26_GEN-APND,40.39941
2024-09-10 21:00:00-07:00,TH_NP15_GEN-APND,40.23694
2024-09-10 21:00:00-07:00,TH_SP15_GEN-APND,48.88942
2024-09-10 21:00:00-07:00,TH_ZP26_GEN-APND,38.79357
2024-09-10 22:00:00-07:00,TH_NP15_GEN-APND,39.13127
2024-09-10 22:00:00-07:00,TH_SP15_GEN-APND,39.47451
2024-09-10 22:00:00-07:00,TH_ZP26_GEN-APND,38.43577
2024-09-10 23:00:00-07:00,TH_NP15_GEN-APND,37.39
2024-09-10 23:00:00-07:00,TH_SP15_GEN-APND,37.26049
2024-09-10 23:00:00-07:00,TH_ZP26_GEN-APND,36.34611
2024-09-11 00:00:00-07:00,TH_NP15_GEN-APND,32.51605
2024-09-11 00:00:00-07:00,TH_SP15_GEN-APND,33.68805
2024-09-11 00:00:00-07:00,TH_ZP26_GEN-APND,32.55353
2024-09-11 01:00:00-07:00,TH_NP15_GEN-APND,32.45461
2024-09-11 01:00:00-07:00,TH_SP15_GEN-APND,33.05288
2024-09-11 01:00:00-07:00,TH_ZP26_GEN-APND,32.1958
2024-09-11 02:00:00-07:00,TH_NP15_GEN-APND,32.64815
2024-09-11 02:00:00-07:00,TH_SP15_GEN-APND,32.85948
2024-09-11 02:00:00-07:00,TH_ZP26_GEN-APND,32.22886
2024-09-11 03:00:00-07:00,TH_NP15_GEN-APND,32.43465
2024-09-11 03:00:00-07:00,TH_SP15_GEN-APND,32.06581
2024-09-11 03:00:00-07:00,TH_ZP26_GEN-APND,31.6344
2024-09-11 04:00:00-07:00,TH_NP15_GEN-APND,33.38595
2024-09-11 04:00:00-07:00,TH_SP15_GEN-APND,32.86514
2024-09-11 04:00:00-07:00,TH_ZP26_GEN-APND,32.48975
2024-09-11 05:00:00-07:00,TH_NP15_GEN-APND,35.37407
2024-09-11 05:00:00-07:00,TH_SP15_GEN-APND,34.26286
2024-09-11 05:00:00-07:00,TH_ZP26_GEN-APND,34.0179
2024-09-11 06:00:00-07:00,TH_NP15_GEN-APND,35.4632
2024-09-11 06:00:00-07:00,TH_SP15_GEN-APND,34.24021
2024-09-11 06:00:00-07:00,TH_ZP26_GEN-APND,34.10156
2024-09-11 07:00:00-07:00,TH_NP15_GEN-APND,30.59006
2024-09-11 07:00:00-07:00,TH_SP15_GEN-APND,28.69661
2024-09-11 07:00:00-07:00,TH_ZP26_GEN-APND,28.9314
2024-09-11 08:00:00-07:00,TH_NP15_GEN-APND,17.78448
2024-09-11 08:00:00-07:00,TH_SP15_GEN-APND,9.76083
2024-09-11 08:00:00-07:00,TH_ZP26_GEN-APND,7.41371
2024-09-11 09:00:00-07:00,TH_NP15_GEN-APND,17.52184
2024-09-11 09:00:00-07:00,TH_SP15_GEN-APND,6.06306
2024-09-11 09:00:00-07:00,TH_ZP26_GEN-APND,2.41366
2024-09-11 10:00:00-07:00,TH_NP15_GEN-APND,18.54373
2024-09-11 10:00:00-07:00,TH_SP15_GEN-APND,3.70926
2024-09-11 10:00:00-07:00,TH_ZP26_GEN-APND,0.0
2024-09-11 11:00:00-07:00,TH_NP15_GEN-APND,15.74697
2024-09-11 11:00:00-07:00,TH_SP15_GEN-APND,3.94747
2024-09-11 11:00:00-07:00,TH_ZP26_GEN-APND,-0.8674
2024-09-11 12:00:00-07:00,TH_NP15_GEN-APND,14.08988
2024-09-11 12:00:00-07:00,TH_SP15_GEN-APND,5.0
2024-09-11 12:00:00-07:00,TH_ZP26_GEN-APND,-0.26782
2024-09-11 13:00:00-07:00,TH_NP15_GEN-APND,15.47856
2024-09-11 13:00:00-07:00,TH_SP15_GEN-APND,8.01404
2024-09-11 13:00:00-07:00,TH_ZP26_GEN-APND,2.02514
2024-09-11 14:00:00-07:00,TH_NP15_GEN-APND,17.63727
2024-09-11 14:00:00-07:00,TH_SP15_GEN-APND,8.56799
2024-09-11 14:00:00-07:00,TH_ZP26_GEN-APND,2.11762
2024-09-11 15:00:00-07:00,TH_NP15_GEN-APND,17.3972
2024-09-11 15:00:00-07:00,TH_SP15_GEN-APND,13.23603
2024-09-11 15:00:00-07:00,TH_ZP26_GEN-APND,8.02112
2024-09-11 16:00:00-07:00,TH_NP15_GEN-APND,22.04511
2024-09-11 16:00:00-07:00,TH_SP15_GEN-APND,19.31478
2024-09-11 16:00:00-07:00,TH_ZP26_GEN-APND,16.73634
2024-09-11 17:00:00-07:00,TH_NP15_GEN-APND,32.08892
2024-09-11 17:00:00-07:00,TH_SP15_GEN-APND,32.04918
2024-09-11 17:00:00-07:00,TH_ZP26_GEN-APND,31.08913
2024-09-11 18:00:00-07:00,TH_NP15_GEN-APND,40.36
2024-09-11 18:00:00-07:00,TH_SP15_GEN-APND,40.73449
2024-09-11 18:00:00-07:00,TH_ZP26_GEN-APND,40.04963
2024-09-11 19:00:00-07:00,TH_NP15_GEN-APND,44.26361
2024-09-11 19:00:00-07:00,TH_SP15_GEN-APND,43.84487
2024-09-11 19:00:00-07:00,TH_ZP26_GEN-APND,43.47265
2024-09-11 20:00:00-07:00,TH_NP15_GEN-APND,38.02
2024-09-11 20:00:00-07:00,TH_SP15_GEN-APND,37.74234
2024-09-11 20:00:00-07:00,TH_ZP26_GEN-APND,37.35759
2024-09-11 21:00:00-07:00,TH_NP15_GEN-APND,36.50623
2024-09-11 21:00:00-07:00,TH_SP15_GEN-APND,36.44342
2024-09-11 21:00:00-07:00,TH_ZP26_GEN-APND,35.92093
2024-09-11 22:00:00-07:00,TH_NP15_GEN-APND,36.71543
2024-09-11 22:00:00-07:00,TH_SP15_GEN-APND,36.48289
2024-09-11 22:00:00-07:00,TH_ZP26_GEN-APND,35.89778
2024-09-11 23:00:00-07:00,TH_NP15_GEN-APND,35.35434
2024-09-11 23:00:00-07:00,TH_SP15_GEN-APND,35.33625
2024-09-11 23:00:00-07:00,TH_ZP26_GEN-APND,34.65232
2024-09-12 00:00:00-07:00,TH_NP15_GEN-APND,32.84257
2024-09-12 00:00:00-07:00,TH_SP15_GEN-APND,32.76002
2024-09-12 00:00:00-07:00,TH_ZP26_GEN-APND,32.31365
2024-09-12 01:00:00-07:00,TH_NP15_GEN-APND,32.71694
2024-09-12 01:00:00-07:00,TH_SP15_GEN-APND,32.44713
2024-09-12 01:00:00-07:00,TH_ZP26_GEN-APND,32.07077
2024-09-12 02:00:00-07:00,TH_NP15_GEN-APND,31.5601
2024-09-12 02:00:00-07:00,TH_SP15_GEN-APND,31.21585
2024-09-12 02:00:00-07:00,TH_ZP26_GEN-APND,31.02
2024-09-12 03:00:00-07:00,TH_NP15_GEN-APND,32.57986
2024-09-12 03:00:00-07:00,TH_SP15_GEN-APND,31.78545
2024-09-12 03:00:00-07:00,TH_ZP26_GEN-APND,31.74271
2024-09-12 04:00:00-07:00,TH_NP15_GEN-APND,32.87459
2024-09-12 04:00:00-07:00,TH_SP15_GEN-APND,32.2252
2024-09-12 04:00:00-07:00,TH_ZP26_GEN-APND,32.01921
2024-09-12 05:00:00-07:00,TH_NP15_GEN-APND,31.82276
2024-09-12 05:00:00-07:00,TH_SP15_GEN-APND,32.07542
2024-09-12 05:00:00-07:00,TH_ZP26_GEN-APND,32.07542
2024-09-12 06:00:00-07:00,TH_NP15_GEN-APND,32.74925
2024-09-12 06:00:00-07:00,TH_SP15_GEN-APND,32.03627
2024-09-12 06:00:00-07:00,TH_ZP26_GEN-APND,31.94657
2024-09-12 07:00:00-07:00,TH_NP15_GEN-APND,29.43327
2024-09-12 07:00:00-07:00,TH_SP15_GEN-APND,27.32553
2024-09-12 07:00:00-07:00,TH_ZP26_GEN-APND,27.61856
2024-09-12 08:00:00-07:00,TH_NP15_GEN-APND,19.47785
2024-09-12 08:00:00-07:00,TH_SP15_GEN-APND,0.72526
2024-09-12 08:00:00-07:00,TH_ZP26_GEN-APND,-2.71025
2024-09-12 09:00:00-07:00,TH_NP15_GEN-APND,20.0832
2024-09-12 09:00:00-07:00,TH_SP15_GEN-APND,-1.69199
2024-09-12 09:00:00-07:00,TH_ZP26_GEN-APND,-6.35641
2024-09-12 10:00:00-07:00,TH_NP15_GEN-APND,17.83883
2024-09-12 10:00:00-07:00,TH_SP15_GEN-APND,-4.91341
2024-09-12 10:00:00-07:00,TH_ZP26_GEN-APND,-7.99723
2024-09-12 11:00:00-07:00,TH_NP15_GEN-APND,13.48629
2024-09-12 11:00:00-07:00,TH_SP15_GEN-APND,-2.65474
2024-09-12 11:00:00-07:00,TH_ZP26_GEN-APND,-5.11294
2024-09-12 12:00:00-07:00,TH_NP15_GEN-APND,11.46804
2024-09-12 12:00:00-07:00,TH_SP15_GEN-APND,0.0
2024-09-12 12:00:00-07:00,TH_ZP26_GEN-APND,-2.54319
2024-09-12 13:00:00-07:00,TH_NP15_GEN-APND,11.86232
2024-09-12 13:00:00-07:00,TH_SP15_GEN-APND,3.83729
2024-09-12 13:00:00-07:00,TH_ZP26_GEN-APND,1.54875
2024-09-12 14:00:00-07:00,TH_NP15_GEN-APND,14.44543
2024-09-12 14:00:00-07:00,TH_SP15_GEN-APND,3.80022
2024-09-12 14:00:00-07:00,TH_ZP26_GEN-APND,-1.0033
2024-09-12 15:00:00-07:00,TH_NP15_GEN-APND,16.78801
2024-09-12 15:00:00-07:00,TH_SP15_GEN-APND,7.6151
2024-09-12 15:00:00-07:00,TH_ZP26_GEN-APND,3.1826
2024-09-12 16:00:00-07:00,TH_NP15_GEN-APND,20.44939
2024-09-12 16:00:00-07:00,TH_SP15_GEN-APND,11.26223
2024-09-12 16:00:00-07:00,TH_ZP26_GEN-APND,8.12845
2024-09-12 17:00:00-07:00,TH_NP15_GEN-APND,29.78704
2024-09-12 17:00:00-07:00,TH_SP15_GEN-APND,29.21596
2024-09-12 17:00:00-07:00,TH_ZP26_GEN-APND,28.67908
2024-09-12 18:00:00-07:00,TH_NP15_GEN-APND,38.96042
2024-09-12 18:00:00-07:00,TH_SP15_GEN-APND,37.24095
2024-09-12 18:00:00-07:00,TH_ZP26_GEN-APND,37.14298
2024-09-12 19:00:00-07:00,TH_NP15_GEN-APND,43.56541
2024-09-12 19:00:00-07:00,TH_SP15_GEN-APND,41.72795
2024-09-12 19:00:00-07:00,TH_ZP26_GEN-APND,41.79364
2024-09-12 20:00:00-07:00,TH_NP15_GEN-APND,38.69267
2024-09-12 20:00:00-07:00,TH_SP15_GEN-APND,36.92665
2024-09-12 20:00:00-07:00,TH_ZP26_GEN-APND,37.03146
2024-09-12 21:00:00-07:00,TH_NP15_GEN-APND,36.68282
2024-09-12 21:00:00-07:00,TH_SP15_GEN-APND,35.37
2024-09-12 21:00:00-07:00,TH_ZP26_GEN-APND,35.38477
2024-09-12 22:00:00-07:00,TH_NP15_GEN-APND,36.56539
2024-09-12 22:00:00-07:00,TH_SP15_GEN-APND,35.18273
2024-09-12 22:00:00-07:00,TH_ZP26_GEN-APND,35.09471
2024-09-12 23:00:00-07:00,TH_NP15_GEN-APND,33.25967
2024-09-12 23:00:00-07:00,TH_SP15_GEN-APND,32.44301
2024-09-12 23:00:00-07:00,TH_ZP26_GEN-APND,32.12433
2024-09-13 00:00:00-07:00,TH_NP15_GEN-APND,30.9787
2024-09-13 00:00:00-07:00,TH_SP15_GEN-APND,31.02
2024-09-13 00:00:00-07:00,TH_ZP26_GEN-APND,30.59433
2024-09-13 01:00:00-07:00,TH_NP15_GEN-APND,30.79693
2024-09-13 01:00:00-07:00,TH_SP15_GEN-APND,30.78433
2024-09-13 01:00:00-07:00,TH_ZP26_GEN-APND,30.40925
2024-09-13 02:00:00-07:00,TH_NP15_GEN-APND,30.34522
2024-09-13 02:00:00-07:00,TH_SP15_GEN-APND,30.16275
2024-09-13 02:00:00-07:00,TH_ZP26_GEN-APND,29.87823
2024-09-13 03:00:00-07:00,TH_NP15_GEN-APND,30.51881
2024-09-13 03:00:00-07:00,TH_SP15_GEN-APND,30.34464
2024-09-13 03:00:00-07:00,TH_ZP26_GEN-APND,30.01187
2024-09-13 04:00:00-07:00,TH_NP15_GEN-APND,30.84045
2024-09-13 04:00:00-07:00,TH_SP15_GEN-APND,30.56521
2024-09-13 04:00:00-07:00,TH_ZP26_GEN-APND,30.23273
2024-09-13 05:00:00-07:00,TH_NP15_GEN-APND,35.00063
2024-09-13 05:00:00-07:00,TH_SP15_GEN-APND,34.83283
2024-09-13 05:00:00-07:00,TH_ZP26_GEN-APND,35.0
2024-09-13 06:00:00-07:00,TH_NP15_GEN-APND,38.4967
2024-09-13 06:00:00-07:00,TH_SP15_GEN-APND,38.11125
2024-09-13 06:00:00-07:00,TH_ZP26_GEN-APND,37.87201
2024-09-13 07:00:00-07:00,TH_NP15_GEN-APND,34.12048
2024-09-13 07:00:00-07:00,TH_SP15_GEN-APND,30.3947
2024-09-13 07:00:00-07:00,TH_ZP26_GEN-APND,30.05939
2024-09-13 08:00:00-07:00,TH_NP15_GEN-APND,21.2441
2024-09-13 08:00:00-07:00,TH_SP15_GEN-APND,14.48196
2024-09-13 08:00:00-07:00,TH_ZP26_GEN-APND,12.59793
2024-09-13 09:00:00-07:00,TH_NP15_GEN-APND,22.01731
2024-09-13 09:00:00-07:00,TH_SP15_GEN-APND,11.6727
2024-09-13 09:00:00-07:00,TH_ZP26_GEN-APND,8.74055
2024-09-13 10:00:00-07:00,TH_NP15_GEN-APND,18.83557
2024-09-13 10:00:00-07:00,TH_SP15_GEN-APND,12.07542
2024-09-13 10:00:00-07:00,TH_ZP26_GEN-APND,8.70117
2024-09-13 11:00:00-07:00,TH_NP15_GEN-APND,19.25019
2024-09-13 11:00:00-07:00,TH_SP15_GEN-APND,12.0
2024-09-13 11:00:00-07:00,TH_ZP26_GEN-APND,7.64382
2024-09-13 12:00:00-07:00,TH_NP15_GEN-APND,19.62205
2024-09-13 12:00:00-07:00,TH_SP15_GEN-APND,10.82442
2024-09-13 12:00:00-07:00,TH_ZP26_GEN-APND,7.22953
2024-09-13 13:00:00-07:00,TH_NP15_GEN-APND,21.15618
2024-09-13 13:00:00-07:00,TH_SP15_GEN-APND,10.89993
2024-09-13 13:00:00-07:00,TH_ZP26_GEN-APND,7.28834
2024-09-13 14:00:00-07:00,TH_NP15_GEN-APND,21.37871
2024-09-13 14:00:00-07:00,TH_SP15_GEN-APND,13.10167
2024-09-13 14:00:00-07:00,TH_ZP26_GEN-APND,8.85385
2024-09-13 15:00:00-07:00,TH_NP15_GEN-APND,24.76358
2024-09-13 15:00:00-07:00,TH_SP15_GEN-APND,17.41866
2024-09-13 15:00:00-07:00,TH_ZP26_GEN-APND,14.26945
2024-09-13 16:00:00-07:00,TH_NP15_GEN-APND,28.77593
2024-09-13 16:00:00-07:00,TH_SP15_GEN-APND,23.03122
2024-09-13 16:00:00-07:00,TH_ZP26_GEN-APND,21.54119
2024-09-13 17:00:00-07:00,TH_NP15_GEN-APND,39.43766
2024-09-13 17:00:00-07:00,TH_SP15_GEN-APND,37.14028
2024-09-13 17:00:00-07:00,TH_ZP26_GEN-APND,36.56909
2024-09-13 18:00:00-07:00,TH_NP15_GEN-APND,41.8861
2024-09-13 18:00:00-07:00,TH_SP15_GEN-APND,40.11406
2024-09-13 18:00:00-07:00,TH_ZP26_GEN-APND,39.86609
2024-09-13 19:00:00-07:00,TH_NP15_GEN-APND,42.58069
2024-09-13 19:00:00-07:00,TH_SP15_GEN-APND,41.28518
2024-09-13 19:00:00-07:00,TH_ZP26_GEN-APND,41.26088
2024-09-13 20:00:00-07:00,TH_NP15_GEN-APND,39.95589
2024-09-13 20:00:00-07:00,TH_SP15_GEN-APND,39.58483
2024-09-13 20:00:00-07:00,TH_ZP26_GEN-APND,39.46163
2024-09-13 21:00:00-07:00,TH_NP15_GEN-APND,37.53976
2024-09-13 21:00:00-07:00,TH_SP15_GEN-APND,37.36107
2024-09-13 21:00:00-07:00,TH_ZP26_GEN-APND,37.17169
2024-09-13 22:00:00-07:00,TH_NP15_GEN-APND,36.94404
2024-09-13 22:00:00-07:00,TH_SP15_GEN-APND,36.96889
2024-09-13 22:00:00-07:00,TH_ZP26_GEN-APND,36.63645
2024-09-13 23:00:00-07:00,TH_NP15_GEN-APND,36.63461
2024-09-13 23:00:00-07:00,TH_SP15_GEN-APND,36.58582
2024-09-13 23:00:00-07:00,TH_ZP26_GEN-APND,36.12793
2024-09-14 00:00:00-07:00,TH_NP15_GEN-APND,30.09599
2024-09-14 00:00:00-07:00,TH_SP15_GEN-APND,30.19215
2024-09-14 00:00:00-07:00,TH_ZP26_GEN-APND,29.95305
2024-09-14 01:00:00-07:00,TH_NP15_GEN-APND,31.58877
2024-09-14 01:00:00-07:00,TH_SP15_GEN-APND,31.55416
2024-09-14 01:00:00-07:00,TH_ZP26_GEN-APND,31.41139
2024-09-14 02:00:00-07:00,TH_NP15_GEN-APND,31.04838
2024-09-14 02:00:00-07:00,TH_SP15_GEN-APND,30.83399
2024-09-14 02:00:00-07:00,TH_ZP26_GEN-APND,30.88163
2024-09-14 03:00:00-07:00,TH_NP15_GEN-APND,30.62132
2024-09-14 03:00:00-07:00,TH_SP15_GEN-APND,30.44303
2024-09-14 03:00:00-07:00,TH_ZP26_GEN-APND,30.54424
2024-09-14 04:00:00-07:00,TH_NP15_GEN-APND,32.23231
2024-09-14 04:00:00-07:00,TH_SP15_GEN-APND,31.96179
2024-09-14 04:00:00-07:00,TH_ZP26_GEN-APND,32.07946
2024-09-14 05:00:00-07:00,TH_NP15_GEN-APND,32.46116
2024-09-14 05:00:00-07:00,TH_SP15_GEN-APND,32.02
2024-09-14 05:00:00-07:00,TH_ZP26_GEN-APND,32.1695
2024-09-14 06:00:00-07:00,TH_NP15_GEN-APND,33.75208
2024-09-14 06:00:00-07:00,TH_SP15_GEN-APND,34.08932
2024-09-14 06:00:00-07:00,TH_ZP26_GEN-APND,34.20689
2024-09-14 07:00:00-07:00,TH_NP15_GEN-APND,28.58922
2024-09-14 07:00:00-07:00,TH_SP15_GEN-APND,27.08227
2024-09-14 07:00:00-07:00,TH_ZP26_GEN-APND,27.40902
2024-09-14 08:00:00-07:00,TH_NP15_GEN-APND,14.67646
2024-09-14 08:00:00-07:00,TH_SP15_GEN-APND,8.0108
2024-09-14 08:00:00-07:00,TH_ZP26_GEN-APND,6.08889
2024-09-14 09:00:00-07:00,TH_NP15_GEN-APND,13.45314
2024-09-14 09:00:00-07:00,TH_SP15_GEN-APND,5.25029
2024-09-14 09:00:00-07:00,TH_ZP26_GEN-APND,2.12296
2024-09-14 10:00:00-07:00,TH_NP15_GEN-APND,11.70479
2024-09-14 10:00:00-07:00,TH_SP15_GEN-APND,4.61186
2024-09-14 10:00:00-07:00,TH_ZP26_GEN-APND,1.43632
2024-09-14 11:00:00-07:00,TH_NP15_GEN-APND,11.2611
2024-09-14 11:00:00-07:00,TH_SP15_GEN-APND,2.71907
2024-09-14 11:00:00-07:00,TH_ZP26_GEN-APND,-0.71741
2024-09-14 12:00:00-07:00,TH_NP15_GEN-APND,10.64
2024-09-14 12:00:00-07:00,TH_SP15_GEN-APND,2.63904
2024-09-14 12:00:00-07:00,TH_ZP26_GEN-APND,-0.71014
2024-09-14 13:00:00-07:00,TH_NP15_GEN-APND,13.07987
2024-09-14 13:00:00-07:00,TH_SP15_GEN-APND,2.91033
2024-09-14 13:00:00-07:00,TH_ZP26_GEN-APND,-0.69639
2024-09-14 14:00:00-07:00,TH_NP15_GEN-APND,13.71024
2024-09-14 14:00:00-07:00,TH_SP15_GEN-APND,5.24579
2024-09-14 14:00:00-07:00,TH_ZP26_GEN-APND,1.54
2024-09-14 15:00:00-07:00,TH_NP15_GEN-APND,17.88583
2024-09-14 15:00:00-07:00,TH_SP15_GEN-APND,8.92546
2024-09-14 15:00:00-07:00,TH_ZP26_GEN-APND,5.41669
2024-09-14 16:00:00-07:00,TH_NP15_GEN-APND,23.48606
2024-09-14 16:00:00-07:00,TH_SP15_GEN-APND,16.50582
2024-09-14 16:00:00-07:00,TH_ZP26_GEN-APND,14.13634
2024-09-14 17:00:00-07:00,TH_NP15_GEN-APND,34.9085
2024-09-14 17:00:00-07:00,TH_SP15_GEN-APND,34.43304
2024-09-14 17:00:00-07:00,TH_ZP26_GEN-APND,34.19216
2024-09-14 18:00:00-07:00,TH_NP15_GEN-APND,41.13096
2024-09-14 18:00:00-07:00,TH_SP15_GEN-APND,40.53988
2024-09-14 18:00:00-07:00,TH_ZP26_GEN-APND,40.25706
2024-09-14 19:00:00-07:00,TH_NP15_GEN-APND,40.25094
2024-09-14 19:00:00-07:00,TH_SP15_GEN-APND,39.51888
2024-09-14 19:00:00-07:00,TH_ZP26_GEN-APND,39.53259
2024-09-14 20:00:00-07:00,TH_NP15_GEN-APND,37.89705
2024-09-14 20:00:00-07:00,TH_SP15_GEN-APND,37.74234
2024-09-14 20:00:00-07:00,TH_ZP26_GEN-APND,37.69034
2024-09-14 21:00:00-07:00,TH_NP15_GEN-APND,35.86587
2024-09-14 21:00:00-07:00,TH_SP15_GEN-APND,35.81313
2024-09-14 21:00:00-07:00,TH_ZP26_GEN-APND,35.83909
2024-09-14 22:00:00-07:00,TH_NP15_GEN-APND,34.75651
2024-09-14 22:00:00-07:00,TH_SP15_GEN-APND,34.78713
2024-09-14 22:00:00-07:00,TH_ZP26_GEN-APND,34.68999
2024-09-14 23:00:00-07:00,TH_NP15_GEN-APND,34.12013
2024-09-14 23:00:00-07:00,TH_SP15_GEN-APND,34.20056
2024-09-14 23:00:00-07:00,TH_ZP26_GEN-APND,34.05616
2024-09-15 00:00:00-07:00,TH_NP15_GEN-APND,31.93225
2024-09-15 00:00:00-07:00,TH_SP15_GEN-APND,31.89705
2024-09-15 00:00:00-07:00,TH_ZP26_GEN-APND,31.77269
2024-09-15 01:00:00-07:00,TH_NP15_GEN-APND,32.27686
2024-09-15 01:00:00-07:00,TH_SP15_GEN-APND,32.16732
2024-09-15 01:00:00-07:00,TH_ZP26_GEN-APND,32.07495
2024-09-15 02:00:00-07:00,TH_NP15_GEN-APND,32.399
2024-09-15 02:00:00-07:00,TH_SP15_GEN-APND,32.02
2024-09-15 02:00:00-07:00,TH_ZP26_GEN-APND,32.00684
2024-09-15 03:00:00-07:00,TH_NP15_GEN-APND,31.93
2024-09-15 03:00:00-07:00,TH_SP15_GEN-APND,31.52365
2024-09-15 03:00:00-07:00,TH_ZP26_GEN-APND,31.59108
2024-09-15 04:00:00-07:00,TH_NP15_GEN-APND,32.34075
2024-09-15 04:00:00-07:00,TH_SP15_GEN-APND,31.99057
2024-09-15 04:00:00-07:00,TH_ZP26_GEN-APND,32.03985
2024-09-15 05:00:00-07:00,TH_NP15_GEN-APND,32.37433
2024-09-15 05:00:00-07:00,TH_SP15_GEN-APND,31.98297
2024-09-15 05:00:00-07:00,TH_ZP26_GEN-APND,31.98923
2024-09-15 06:00:00-07:00,TH_NP15_GEN-APND,32.50717
2024-09-15 06:00:00-07:00,TH_SP15_GEN-APND,32.04535
2024-09-15 06:00:00-07:00,TH_ZP26_GEN-APND,31.97618
2024-09-15 07:00:00-07:00,TH_NP15_GEN-APND,25.06609
2024-09-15 07:00:00-07:00,TH_SP15_GEN-APND,23.46967
2024-09-15 07:00:00-07:00,TH_ZP26_GEN-APND,23.7826
2024-09-15 08:00:00-07:00,TH_NP15_GEN-APND,16.41841
2024-09-15 08:00:00-07:00,TH_SP15_GEN-APND,-2.1589
2024-09-15 08:00:00-07:00,TH_ZP26_GEN-APND,-4.02
2024-09-15 09:00:00-07:00,TH_NP15_GEN-APND,15.90775
2024-09-15 09:00:00-07:00,TH_SP15_GEN-APND,-4.59951
2024-09-15 09:00:00-07:00,TH_ZP26_GEN-APND,-6.9253
2024-09-15 10:00:00-07:00,TH_NP15_GEN-APND,13.3562
2024-09-15 10:00:00-07:00,TH_SP15_GEN-APND,-3.65893
2024-09-15 10:00:00-07:00,TH_ZP26_GEN-APND,-5.68263
2024-09-15 11:00:00-07:00,TH_NP15_GEN-APND,9.84937
2024-09-15 11:00:00-07:00,TH_SP15_GEN-APND,-3.35015
2024-09-15 11:00:00-07:00,TH_ZP26_GEN-APND,-5.22094
2024-09-15 12:00:00-07:00,TH_NP15_GEN-APND,9.28387
2024-09-15 12:00:00-07:00,TH_SP15_GEN-APND,-3.11955
2024-09-15 12:00:00-07:00,TH_ZP26_GEN-APND,-4.8562
2024-09-15 13:00:00-07:00,TH_NP15_GEN-APND,9.86
2024-09-15 13:00:00-07:00,TH_SP15_GEN-APND,-3.37585
2024-09-15 13:00:00-07:00,TH_ZP26_GEN-APND,-5.30447
2024-09-15 14:00:00-07:00,TH_NP15_GEN-APND,8.23577
2024-09-15 14:00:00-07:00,TH_SP15_GEN-APND,-3.57044
2024-09-15 14:00:00-07:00,TH_ZP26_GEN-APND,-5.5813
2024-09-15 15:00:00-07:00,TH_NP15_GEN-APND,12.15232
2024-09-15 15:00:00-07:00,TH_SP15_GEN-APND,-3.41582
2024-09-15 15:00:00-07:00,TH_ZP26_GEN-APND,-5.67436
2024-09-15 16:00:00-07:00,TH_NP15_GEN-APND,22.52056
2024-09-15 16:00:00-07:00,TH_SP15_GEN-APND,-2.29954
2024-09-15 16:00:00-07:00,TH_ZP26_GEN-APND,-4.58522
2024-09-15 17:00:00-07:00,TH_NP15_GEN-APND,29.0309
2024-09-15 17:00:00-07:00,TH_SP15_GEN-APND,27.61998
2024-09-15 17:00:00-07:00,TH_ZP26_GEN-APND,27.6869
2024-09-15 18:00:00-07:00,TH_NP15_GEN-APND,36.54394
2024-09-15 18:00:00-07:00,TH_SP15_GEN-APND,36.25101
2024-09-15 18:00:00-07:00,TH_ZP26_GEN-APND,35.91922
2024-09-15 19:00:00-07:00,TH_NP15_GEN-APND,39.01613
2024-09-15 19:00:00-07:00,TH_SP15_GEN-APND,38.27829
2024-09-15 19:00:00-07:00,TH_ZP26_GEN-APND,38.16141
2024-09-15 20:00:00-07:00,TH_NP15_GEN-APND,36.68615
2024-09-15 20:00:00-07:00,TH_SP15_GEN-APND,36.39467
2024-09-15 20:00:00-07:00,TH_ZP26_GEN-APND,36.2928
2024-09-15 21:00:00-07:00,TH_NP15_GEN-APND,33.44647
2024-09-15 21:00:00-07:00,TH_SP15_GEN-APND,33.70871
2024-09-15 21:00:00-07:00,TH_ZP26_GEN-APND,33.42398
2024-09-15 22:00:00-07:00,TH_NP15_GEN-APND,32.81894
2024-09-15 22:00:00-07:00,TH_SP15_GEN-APND,33.02
2024-09-15 22:00:00-07:00,TH_ZP26_GEN-APND,32.65658
2024-09-15 23:00:00-07:00,TH_NP15_GEN-APND,32.11146
2024-09-15 23:00:00-07:00,TH_SP15_GEN-APND,32.7
2024-09-15 23:00:00-07:00,TH_ZP26_GEN-APND,32.04253
2024-09-16 00:00:00-07:00,TH_NP15_GEN-APND,30.4216
2024-09-16 00:00:00-07:00,TH_SP15_GEN-APND,30.01853
2024-09-16 00:00:00-07:00,TH_ZP26_GEN-APND,29.73137
2024-09-16 01:00:00-07:00,TH_NP15_GEN-APND,30.65997
2024-09-16 01:00:00-07:00,TH_SP15_GEN-APND,30.09273
2024-09-16 01:00:00-07:00,TH_ZP26_GEN-APND,29.8479
2024-09-16 02:00:00-07:00,TH_NP15_GEN-APND,29.67619
2024-09-16 02:00:00-07:00,TH_SP15_GEN-APND,29.1695
2024-09-16 02:00:00-07:00,TH_ZP26_GEN-APND,28.91765
2024-09-16 03:00:00-07:00,TH_NP15_GEN-APND,29.634
2024-09-16 03:00:00-07:00,TH_SP15_GEN-APND,29.00425
2024-09-16 03:00:00-07:00,TH_ZP26_GEN-APND,28.77145
2024-09-16 04:00:00-07:00,TH_NP15_GEN-APND,31.66963
2024-09-16 04:00:00-07:00,TH_SP15_GEN-APND,30.90186
2024-09-16 04:00:00-07:00,TH_ZP26_GEN-APND,30.72027
2024-09-16 05:00:00-07:00,TH_NP15_GEN-APND,36.73385
2024-09-16 05:00:00-07:00,TH_SP15_GEN-APND,36.93851
2024-09-16 05:00:00-07:00,TH_ZP26_GEN-APND,37.03691
2024-09-16 06:00:00-07:00,TH_NP15_GEN-APND,38.9761
2024-09-16 06:00:00-07:00,TH_SP15_GEN-APND,37.85734
2024-09-16 06:00:00-07:00,TH_ZP26_GEN-APND,37.92015
2024-09-16 07:00:00-07:00,TH_NP15_GEN-APND,35.71112
2024-09-16 07:00:00-07:00,TH_SP15_GEN-APND,32.0503
2024-09-16 07:00:00-07:00,TH_ZP26_GEN-APND,31.99915
2024-09-16 08:00:00-07:00,TH_NP15_GEN-APND,28.16668
2024-09-16 08:00:00-07:00,TH_SP15_GEN-APND,7.14408
2024-09-16 08:00:00-07:00,TH_ZP26_GEN-APND,3.64425
2024-09-16 09:00:00-07:00,TH_NP15_GEN-APND,25.78663
2024-09-16 09:00:00-07:00,TH_SP15_GEN-APND,5.86617
2024-09-16 09:00:00-07:00,TH_ZP26_GEN-APND,1.07995
2024-09-16 10:00:00-07:00,TH_NP15_GEN-APND,24.08822
2024-09-16 10:00:00-07:00,TH_SP15_GEN-APND,3.58155
2024-09-16 10:00:00-07:00,TH_ZP26_GEN-APND,-1.31071
2024-09-16 11:00:00-07:00,TH_NP15_GEN-APND,22.70663
2024-09-16 11:00:00-07:00,TH_SP15_GEN-APND,3.1772
2024-09-16 11:00:00-07:00,TH_ZP26_GEN-APND,-2.04486
2024-09-16 12:00:00-07:00,TH_NP15_GEN-APND,22.02578
2024-09-16 12:00:00-07:00,TH_SP15_GEN-APND,2.5778
2024-09-16 12:00:00-07:00,TH_ZP26_GEN-APND,-2.81
2024-09-16 13:00:00-07:00,TH_NP15_GEN-APND,21.67298
2024-09-16 13:00:00-07:00,TH_SP15_GEN-APND,3.13306
2024-09-16 13:00:00-07:00,TH_ZP26_GEN-APND,-2.10532
2024-09-16 14:00:00-07:00,TH_NP15_GEN-APND,20.69
2024-09-16 14:00:00-07:00,TH_SP15_GEN-APND,1.92327
2024-09-16 14:00:00-07:00,TH_ZP26_GEN-APND,-3.08629
2024-09-16 15:00:00-07:00,TH_NP15_GEN-APND,21.51837
2024-09-16 15:00:00-07:00,TH_SP15_GEN-APND,1.88133
2024-09-16 15:00:00-07:00,TH_ZP26_GEN-APND,-3.10189
2024-09-16 16:00:00-07:00,TH_NP15_GEN-APND,25.0183
2024-09-16 16:00:00-07:00,TH_SP15_GEN-APND,4.13538
2024-09-16 16:00:00-07:00,TH_ZP26_GEN-APND,1.75028
2024-09-16 17:00:00-07:00,TH_NP15_GEN-APND,29.9479
2024-09-16 17:00:00-07:00,TH_SP15_GEN-APND,26.66377
2024-09-16 17:00:00-07:00,TH_ZP26_GEN-APND,26.3945
2024-09-16 18:00:00-07:00,TH_NP15_GEN-APND,35.24406
2024-09-16 18:00:00-07:00,TH_SP15_GEN-APND,34.23763
2024-09-16 18:00:00-07:00,TH_ZP26_GEN-APND,35.33494
2024-09-16 19:00:00-07:00,TH_NP15_GEN-APND,35.71276
2024-09-16 19:00:00-07:00,TH_SP15_GEN-APND,35.00439
2024-09-16 19:00:00-07:00,TH_ZP26_GEN-APND,34.82971
2024-09-16 20:00:00-07:00,TH_NP15_GEN-APND,35.03056
2024-09-16 20:00:00-07:00,TH_SP15_GEN-APND,34.46254
2024-09-16 20:00:00-07:00,TH_ZP26_GEN-APND,34.23424
2024-09-16 21:00:00-07:00,TH_NP15_GEN-APND,34.13186
2024-09-16 21:00:00-07:00,TH_SP15_GEN-APND,33.28823
2024-09-16 21:00:00-07:00,TH_ZP26_GEN-APND,34.24155
2024-09-16 22:00:00-07:00,TH_NP15_GEN-APND,33.85426
2024-09-16 22:00:00-07:00,TH_SP15_GEN-APND,33.81272
2024-09-16 22:00:00-07:00,TH_ZP26_GEN-APND,33.27975
2024-09-16 23:00:00-07:00,TH_NP15_GEN-APND,32.82134
2024-09-16 23:00:00-07:00,TH_SP15_GEN-APND,32.98607
2024-09-16 23:00:00-07:00,TH_ZP26_GEN-APND,32.35741
2024-09-17 00:00:00-07:00,TH_NP15_GEN-APND,31.86976
2024-09-17 00:00:00-07:00,TH_SP15_GEN-APND,30.79284
2024-09-17 00:00:00-07:00,TH_ZP26_GEN-APND,30.72893
2024-09-17 01:00:00-07:00,TH_NP15_GEN-APND,31.14778
2024-09-17 01:00:00-07:00,TH_SP15_GEN-APND,30.00131
2024-09-17 01:00:00-07:00,TH_ZP26_GEN-APND,30.02
2024-09-17 02:00:00-07:00,TH_NP15_GEN-APND,30.54357
2024-09-17 02:00:00-07:00,TH_SP15_GEN-APND,29.42114
2024-09-17 02:00:00-07:00,TH_ZP26_GEN-APND,29.34183
2024-09-17 03:00:00-07:00,TH_NP15_GEN-APND,30.15566
2024-09-17 03:00:00-07:00,TH_SP15_GEN-APND,29.04168
2024-09-17 03:00:00-07:00,TH_ZP26_GEN-APND,29.02964
2024-09-17 04:00:00-07:00,TH_NP15_GEN-APND,31.24461
2024-09-17 04:00:00-07:00,TH_SP15_GEN-APND,30.02
2024-09-17 04:00:00-07:00,TH_ZP26_GEN-APND,30.01688
2024-09-17 05:00:00-07:00,TH_NP15_GEN-APND,32.15333
2024-09-17 05:00:00-07:00,TH_SP15_GEN-APND,30.71956
2024-09-17 05:00:00-07:00,TH_ZP26_GEN-APND,30.84805
2024-09-17 06:00:00-07:00,TH_NP15_GEN-APND,35.0385
2024-09-17 06:00:00-07:00,TH_SP15_GEN-APND,33.76826
2024-09-17 06:00:00-07:00,TH_ZP26_GEN-APND,33.78235
2024-09-17 07:00:00-07:00,TH_NP15_GEN-APND,32.45135
2024-09-17 07:00:00-07:00,TH_SP15_GEN-APND,29.12249
2024-09-17 07:00:00-07:00,TH_ZP26_GEN-APND,29.55439
2024-09-17 08:00:00-07:00,TH_NP15_GEN-APND,23.34982
2024-09-17 08:00:00-07:00,TH_SP15_GEN-APND,-2.02
2024-09-17 08:00:00-07:00,TH_ZP26_GEN-APND,-3.94528
2024-09-17 09:00:00-07:00,TH_NP15_GEN-APND,17.58615
2024-09-17 09:00:00-07:00,TH_SP15_GEN-APND,-3.4186
2024-09-17 09:00:00-07:00,TH_ZP26_GEN-APND,-8.90349
2024-09-17 10:00:00-07:00,TH_NP15_GEN-APND,12.69097
2024-09-17 10:00:00-07:00,TH_SP15_GEN-APND,-3.0
2024-09-17 10:00:00-07:00,TH_ZP26_GEN-APND,-8.97475
2024-09-17 11:00:00-07:00,TH_NP15_GEN-APND,10.75098
2024-09-17 11:00:00-07:00,TH_SP15_GEN-APND,-3.76963
2024-09-17 11:00:00-07:00,TH_ZP26_GEN-APND,-10.02743
2024-09-17 12:00:00-07:00,TH_NP15_GEN-APND,8.4601
2024-09-17 12:00:00-07:00,TH_SP15_GEN-APND,-4.55395
2024-09-17 12:00:00-07:00,TH_ZP26_GEN-APND,-12.03359
2024-09-17 13:00:00-07:00,TH_NP15_GEN-APND,8.42531
2024-09-17 13:00:00-07:00,TH_SP15_GEN-APND,-4.57797
2024-09-17 13:00:00-07:00,TH_ZP26_GEN-APND,-12.0469
2024-09-17 14:00:00-07:00,TH_NP15_GEN-APND,8.4179
2024-09-17 14:00:00-07:00,TH_SP15_GEN-APND,-4.21
2024-09-17 14:00:00-07:00,TH_ZP26_GEN-APND,-11.66862
2024-09-17 15:00:00-07:00,TH_NP15_GEN-APND,13.17
2024-09-17 15:00:00-07:00,TH_SP15_GEN-APND,-3.74292
2024-09-17 15:00:00-07:00,TH_ZP26_GEN-APND,-11.14203
2024-09-17 16:00:00-07:00,TH_NP15_GEN-APND,22.40883
2024-09-17 16:00:00-07:00,TH_SP15_GEN-APND,-3.03078
2024-09-17 16:00:00-07:00,TH_ZP26_GEN-APND,-6.30241
2024-09-17 17:00:00-07:00,TH_NP15_GEN-APND,28.11382
2024-09-17 17:00:00-07:00,TH_SP15_GEN-APND,23.25351
2024-09-17 17:00:00-07:00,TH_ZP26_GEN-APND,21.11619
2024-09-17 18:00:00-07:00,TH_NP15_GEN-APND,35.25061
2024-09-17 18:00:00-07:00,TH_SP15_GEN-APND,34.95184
2024-09-17 18:00:00-07:00,TH_ZP26_GEN-APND,33.99948
2024-09-17 19:00:00-07:00,TH_NP15_GEN-APND,37.26546
2024-09-17 19:00:00-07:00,TH_SP15_GEN-APND,35.92
2024-09-17 19:00:00-07:00,TH_ZP26_GEN-APND,35.76742
2024-09-17 20:00:00-07:00,TH_NP15_GEN-APND,35.5
2024-09-17 20:00:00-07:00,TH_SP15_GEN-APND,34.62228
2024-09-17 20:00:00-07:00,TH_ZP26_GEN-APND,34.4422
2024-09-17 21:00:00-07:00,TH_NP15_GEN-APND,34.57088
2024-09-17 21:00:00-07:00,TH_SP15_GEN-APND,34.05747
2024-09-17 21:00:00-07:00,TH_ZP26_GEN-APND,33.71988
2024-09-17 22:00:00-07:00,TH_NP15_GEN-APND,34.635
2024-09-17 22:00:00-07:00,TH_SP15_GEN-APND,34.00101
2024-09-17 22:00:00-07:00,TH_ZP26_GEN-APND,33.53865
2024-09-17 23:00:00-07:00,TH_NP15_GEN-APND,33.45075
2024-09-17 23:00:00-07:00,TH_SP15_GEN-APND,33.16309
2024-09-17 23:00:00-07:00,TH_ZP26_GEN-APND,32.52808
2024-09-18 00:00:00-07:00,TH_NP15_GEN-APND,36.63553
2024-09-18 00:00:00-07:00,TH_SP15_GEN-APND,35.4624
2024-09-18 00:00:00-07:00,TH_ZP26_GEN-APND,35.3815
2024-09-18 01:00:00-07:00,TH_NP15_GEN-APND,34.52553
2024-09-18 01:00:00-07:00,TH_SP15_GEN-APND,33.56765
2024-09-18 01:00:00-07:00,TH_ZP26_GEN-APND,33.39759
2024-09-18 02:00:00-07:00,TH_NP15_GEN-APND,33.40974
2024-09-18 02:00:00-07:00,TH_SP15_GEN-APND,32.61883
2024-09-18 02:00:00-07:00,TH_ZP26_GEN-APND,32.43036
2024-09-18 03:00:00-07:00,TH_NP15_GEN-APND,33.32576
2024-09-18 03:00:00-07:00,TH_SP15_GEN-APND,32.66288
2024-09-18 03:00:00-07:00,TH_ZP26_GEN-APND,32.45426
2024-09-18 04:00:00-07:00,TH_NP15_GEN-APND,33.24189
2024-09-18 04:00:00-07:00,TH_SP15_GEN-APND,32.93484
2024-09-18 04:00:00-07:00,TH_ZP26_GEN-APND,32.46584
2024-09-18 05:00:00-07:00,TH_NP15_GEN-APND,39.3767
2024-09-18 05:00:00-07:00,TH_SP15_GEN-APND,38.03835
2024-09-18 05:00:00-07:00,TH_ZP26_GEN-APND,37.99098
2024-09-18 06:00:00-07:00,TH_NP15_GEN-APND,41.41997
2024-09-18 06:00:00-07:00,TH_SP15_GEN-APND,40.39973
2024-09-18 06:00:00-07:00,TH_ZP26_GEN-APND,40.32447
2024-09-18 07:00:00-07:00,TH_NP15_GEN-APND,39.80254
2024-09-18 07:00:00-07:00,TH_SP15_GEN-APND,32.51455
2024-09-18 07:00:00-07:00,TH_ZP26_GEN-APND,34.716
2024-09-18 08:00:00-07:00,TH_NP15_GEN-APND,36.27295
2024-09-18 08:00:00-07:00,TH_SP15_GEN-APND,6.67106
2024-09-18 08:00:00-07:00,TH_ZP26_GEN-APND,15.08215
2024-09-18 09:00:00-07:00,TH_NP15_GEN-APND,29.86737
2024-09-18 09:00:00-07:00,TH_SP15_GEN-APND,0.90392
2024-09-18 09:00:00-07:00,TH_ZP26_GEN-APND,1.37
2024-09-18 10:00:00-07:00,TH_NP15_GEN-APND,27.98045
2024-09-18 10:00:00-07:00,TH_SP15_GEN-APND,0.43876
2024-09-18 10:00:00-07:00,TH_ZP26_GEN-APND,0.09649
2024-09-18 11:00:00-07:00,TH_NP15_GEN-APND,26.43129
2024-09-18 11:00:00-07:00,TH_SP15_GEN-APND,0.48585
2024-09-18 11:00:00-07:00,TH_ZP26_GEN-APND,-2.49841
2024-09-18 12:00:00-07:00,TH_NP15_GEN-APND,28.8
2024-09-18 12:00:00-07:00,TH_SP15_GEN-APND,-1.18961
2024-09-18 12:00:00-07:00,TH_ZP26_GEN-APND,-2.88819
2024-09-18 13:00:00-07:00,TH_NP15_GEN-APND,27.55916
2024-09-18 13:00:00-07:00,TH_SP15_GEN-APND,-0.06704
2024-09-18 13:00:00-07:00,TH_ZP26_GEN-APND,0.18369
2024-09-18 14:00:00-07:00,TH_NP15_GEN-APND,33.95228
2024-09-18 14:00:00-07:00,TH_SP15_GEN-APND,-1.28381
2024-09-18 14:00:00-07:00,TH_ZP26_GEN-APND,-0.35306
2024-09-18 15:00:00-07:00,TH_NP15_GEN-APND,33.11714
2024-09-18 15:00:00-07:00,TH_SP15_GEN-APND,1.77183
2024-09-18 15:00:00-07:00,TH_ZP26_GEN-APND,3.84073
2024-09-18 16:00:00-07:00,TH_NP15_GEN-APND,36.6505
2024-09-18 16:00:00-07:00,TH_SP15_GEN-APND,9.67
2024-09-18 16:00:00-07:00,TH_ZP26_GEN-APND,18.91315
2024-09-18 17:00:00-07:00,TH_NP15_GEN-APND,40.10576
2024-09-18 17:00:00-07:00,TH_SP15_GEN-APND,33.17733
2024-09-18 17:00:00-07:00,TH_ZP26_GEN-APND,35.05426
2024-09-18 18:00:00-07:00,TH_NP15_GEN-APND,41.65376
2024-09-18 18:00:00-07:00,TH_SP15_GEN-APND,40.03663
2024-09-18 18:00:00-07:00,TH_ZP26_GEN-APND,39.86771
2024-09-18 19:00:00-07:00,TH_NP15_GEN-APND,41.64834
2024-09-18 19:00:00-07:00,TH_SP15_GEN-APND,40.27302
2024-09-18 19:00:00-07:00,TH_ZP26_GEN-APND,40.03019
2024-09-18 20:00:00-07:00,TH_NP15_GEN-APND,40.0145
2024-09-18 20:00:00-07:00,TH_SP15_GEN-APND,39.25941
2024-09-18 20:00:00-07:00,TH_ZP26_GEN-APND,39.03154
2024-09-18 21:00:00-07:00,TH_NP15_GEN-APND,38.32249
2024-09-18 21:00:00-07:00,TH_SP15_GEN-APND,38.38551
2024-09-18 21:00:00-07:00,TH_ZP26_GEN-APND,37.79078
2024-09-18 22:00:00-07:00,TH_NP15_GEN-APND,38.34081
2024-09-18 22:00:00-07:00,TH_SP15_GEN-APND,37.90716
2024-09-18 22:00:00-07:00,TH_ZP26_GEN-APND,37.43835
2024-09-18 23:00:00-07:00,TH_NP15_GEN-APND,37.51347
2024-09-18 23:00:00-07:00,TH_SP15_GEN-APND,37.19867
2024-09-18 23:00:00-07:00,TH_ZP26_GEN-APND,36.78089
2024-09-19 00:00:00-07:00,TH_NP15_GEN-APND,38.48711
2024-09-19 00:00:00-07:00,TH_SP15_GEN-APND,38.15159
2024-09-19 00:00:00-07:00,TH_ZP26_GEN-APND,37.78921
2024-09-19 01:00:00-07:00,TH_NP15_GEN-APND,38.13498
2024-09-19 01:00:00-07:00,TH_SP15_GEN-APND,37.87562
2024-09-19 01:00:00-07:00,TH_ZP26_GEN-APND,37.47865
2024-09-19 02:00:00-07:00,TH_NP15_GEN-APND,36.02151
2024-09-19 02:00:00-07:00,TH_SP15_GEN-APND,35.75543
2024-09-19 02:00:00-07:00,TH_ZP26_GEN-APND,35.4318
2024-09-19 03:00:00-07:00,TH_NP15_GEN-APND,34.78
2024-09-19 03:00:00-07:00,TH_SP15_GEN-APND,34.68069
2024-09-19 03:00:00-07:00,TH_ZP26_GEN-APND,34.31765
2024-09-19 04:00:00-07:00,TH_NP15_GEN-APND,37.91921
2024-09-19 04:00:00-07:00,TH_SP15_GEN-APND,37.82183
2024-09-19 04:00:00-07:00,TH_ZP26_GEN-APND,37.51079
2024-09-19 05:00:00-07:00,TH_NP15_GEN-APND,39.14626
2024-09-19 05:00:00-07:00,TH_SP15_GEN-APND,38.95798
2024-09-19 05:00:00-07:00,TH_ZP26_GEN-APND,38.64502
2024-09-19 06:00:00-07:00,TH_NP15_GEN-APND,40.12786
2024-09-19 06:00:00-07:00,TH_SP15_GEN-APND,40.26056
2024-09-19 06:00:00-07:00,TH_ZP26_GEN-APND,39.9505
2024-09-19 07:00:00-07:00,TH_NP15_GEN-APND,36.3479
2024-09-19 07:00:00-07:00,TH_SP15_GEN-APND,33.84227
2024-09-19 07:00:00-07:00,TH_ZP26_GEN-APND,34.43213
2024-09-19 08:00:00-07:00,TH_NP15_GEN-APND,35.99252
2024-09-19 08:00:00-07:00,TH_SP15_GEN-APND,8.67
2024-09-19 08:00:00-07:00,TH_ZP26_GEN-APND,17.53394
2024-09-19 09:00:00-07:00,TH_NP15_GEN-APND,28.56464
2024-09-19 09:00:00-07:00,TH_SP15_GEN-APND,1.04329
2024-09-19 09:00:00-07:00,TH_ZP26_GEN-APND,5.03282
2024-09-19 10:00:00-07:00,TH_NP15_GEN-APND,27.7844
2024-09-19 10:00:00-07:00,TH_SP15_GEN-APND,0.51
2024-09-19 10:00:00-07:00,TH_ZP26_GEN-APND,3.14436
2024-09-19 11:00:00-07:00,TH_NP15_GEN-APND,26.53984
2024-09-19 11:00:00-07:00,TH_SP15_GEN-APND,-0.11482
2024-09-19 11:00:00-07:00,TH_ZP26_GEN-APND,2.16866
2024-09-19 12:00:00-07:00,TH_NP15_GEN-APND,25.45429
2024-09-19 12:00:00-07:00,TH_SP15_GEN-APND,-1.06528
2024-09-19 12:00:00-07:00,TH_ZP26_GEN-APND,0.09
2024-09-19 13:00:00-07:00,TH_NP15_GEN-APND,25.46021
2024-09-19 13:00:00-07:00,TH_SP15_GEN-APND,-3.31595
2024-09-19 13:00:00-07:00,TH_ZP26_GEN-APND,-2.69445
2024-09-19 14:00:00-07:00,TH_NP15_GEN-APND,26.23822
2024-09-19 14:00:00-07:00,TH_SP15_GEN-APND,-1.94207
2024-09-19 14:00:00-07:00,TH_ZP26_GEN-APND,-1.65409
2024-09-19 15:00:00-07:00,TH_NP15_GEN-APND,29.07909
2024-09-19 15:00:00-07:00,TH_SP15_GEN-APND,0.84275
2024-09-19 15:00:00-07:00,TH_ZP26_GEN-APND,4.45558
2024-09-19 16:00:00-07:00,TH_NP15_GEN-APND,33.26263
2024-09-19 16:00:00-07:00,TH_SP15_GEN-APND,7.68204
2024-09-19 16:00:00-07:00,TH_ZP26_GEN-APND,12.85
2024-09-19 17:00:00-07:00,TH_NP15_GEN-APND,39.75846
2024-09-19 17:00:00-07:00,TH_SP15_GEN-APND,37.39464
2024-09-19 17:00:00-07:00,TH_ZP26_GEN-APND,37.49402
2024-09-19 18:00:00-07:00,TH_NP15_GEN-APND,41.00894
2024-09-19 18:00:00-07:00,TH_SP15_GEN-APND,39.86285
2024-09-19 18:00:00-07:00,TH_ZP26_GEN-APND,39.41786
2024-09-19 19:00:00-07:00,TH_NP15_GEN-APND,40.27357
2024-09-19 19:00:00-07:00,TH_SP15_GEN-APND,38.68552
2024-09-19 19:00:00-07:00,TH_ZP26_GEN-APND,38.57193
2024-09-19 20:00:00-07:00,TH_NP15_GEN-APND,39.11447
2024-09-19 20:00:00-07:00,TH_SP15_GEN-APND,38.40153
2024-09-19 20:00:00-07:00,TH_ZP26_GEN-APND,37.96683
2024-09-19 21:00:00-07:00,TH_NP15_GEN-APND,38.53505
2024-09-19 21:00:00-07:00,TH_SP15_GEN-APND,38.3423
2024-09-19 21:00:00-07:00,TH_ZP26_GEN-APND,37.70958
2024-09-19 22:00:00-07:00,TH_NP15_GEN-APND,37.52407
2024-09-19 22:00:00-07:00,TH_SP15_GEN-APND,37.3828
2024-09-19 22:00:00-07:00,TH_ZP26_GEN-APND,36.60351
2024-09-19 23:00:00-07:00,TH_NP15_GEN-APND,36.11932
2024-09-19 23:00:00-07:00,TH_SP15_GEN-APND,36.33306
2024-09-19 23:00:00-07:00,TH_ZP26_GEN-APND,35.55179
2024-09-20 00:00:00-07:00,TH_NP15_GEN-APND,36.86793
2024-09-20 00:00:00-07:00,TH_SP15_GEN-APND,37.09382
2024-09-20 00:00:00-07:00,TH_ZP26_GEN-APND,36.75235
2024-09-20 01:00:00-07:00,TH_NP15_GEN-APND,35.23001
2024-09-20 01:00:00-07:00,TH_SP15_GEN-APND,35.46
2024-09-20 01:00:00-07:00,TH_ZP26_GEN-APND,35.18903
2024-09-20 02:00:00-07:00,TH_NP15_GEN-APND,33.10694
2024-09-20 02:00:00-07:00,TH_SP15_GEN-APND,33.3596
2024-09-20 02:00:00-07:00,TH_ZP26_GEN-APND,33.08083
2024-09-20 03:00:00-07:00,TH_NP15_GEN-APND,32.88321
2024-09-20 03:00:00-07:00,TH_SP15_GEN-APND,33.26163
2024-09-20 03:00:00-07:00,TH_ZP26_GEN-APND,32.94322
2024-09-20 04:00:00-07:00,TH_NP15_GEN-APND,33.45002
2024-09-20 04:00:00-07:00,TH_SP15_GEN-APND,33.54622
2024-09-20 04:00:00-07:00,TH_ZP26_GEN-APND,33.32089
2024-09-20 05:00:00-07:00,TH_NP15_GEN-APND,39.17689
2024-09-20 05:00:00-07:00,TH_SP15_GEN-APND,39.1292
2024-09-20 05:00:00-07:00,TH_ZP26_GEN-APND,38.94272
2024-09-20 06:00:00-07:00,TH_NP15_GEN-APND,41.0
2024-09-20 06:00:00-07:00,TH_SP15_GEN-APND,40.9194
2024-09-20 06:00:00-07:00,TH_ZP26_GEN-APND,40.58199
2024-09-20 07:00:00-07:00,TH_NP15_GEN-APND,37.82521
2024-09-20 07:00:00-07:00,TH_SP15_GEN-APND,36.58689
2024-09-20 07:00:00-07:00,TH_ZP26_GEN-APND,36.71779
2024-09-20 08:00:00-07:00,TH_NP15_GEN-APND,27.17923
2024-09-20 08:00:00-07:00,TH_SP15_GEN-APND,13.45739
2024-09-20 08:00:00-07:00,TH_ZP26_GEN-APND,15.49812
2024-09-20 09:00:00-07:00,TH_NP15_GEN-APND,26.05769
2024-09-20 09:00:00-07:00,TH_SP15_GEN-APND,8.44074
2024-09-20 09:00:00-07:00,TH_ZP26_GEN-APND,6.74723
2024-09-20 10:00:00-07:00,TH_NP15_GEN-APND,23.01252
2024-09-20 10:00:00-07:00,TH_SP15_GEN-APND,10.0
2024-09-20 10:00:00-07:00,TH_ZP26_GEN-APND,7.14124
2024-09-20 11:00:00-07:00,TH_NP15_GEN-APND,21.62141
2024-09-20 11:00:00-07:00,TH_SP15_GEN-APND,9.80227
2024-09-20 11:00:00-07:00,TH_ZP26_GEN-APND,6.84925
2024-09-20 12:00:00-07:00,TH_NP15_GEN-APND,18.14665
2024-09-20 12:00:00-07:00,TH_SP15_GEN-APND,9.91957
2024-09-20 12:00:00-07:00,TH_ZP26_GEN-APND,5.25727
2024-09-20 13:00:00-07:00,TH_NP15_GEN-APND,21.47607
2024-09-20 13:00:00-07:00,TH_SP15_GEN-APND,9.681
2024-09-20 13:00:00-07:00,TH_ZP26_GEN-APND,5.48616
2024-09-20 14:00:00-07:00,TH_NP15_GEN-APND,22.71788
2024-09-20 14:00:00-07:00,TH_SP15_GEN-APND,10.31494
2024-09-20 14:00:00-07:00,TH_ZP26_GEN-APND,7.24879
2024-09-20 15:00:00-07:00,TH_NP15_GEN-APND,26.70425
2024-09-20 15:00:00-07:00,TH_SP15_GEN-APND,11.08334
2024-09-20 15:00:00-07:00,TH_ZP26_GEN-APND,8.08225
2024-09-20 16:00:00-07:00,TH_NP15_GEN-APND,30.17147
2024-09-20 16:00:00-07:00,TH_SP15_GEN-APND,22.10124
2024-09-20 16:00:00-07:00,TH_ZP26_GEN-APND,20.82878
2024-09-20 17:00:00-07:00,TH_NP15_GEN-APND,39.50551
2024-09-20 17:00:00-07:00,TH_SP15_GEN-APND,37.33825
2024-09-20 17:00:00-07:00,TH_ZP26_GEN-APND,37.11612
2024-09-20 18:00:00-07:00,TH_NP15_GEN-APND,41.30009
2024-09-20 18:00:00-07:00,TH_SP15_GEN-APND,39.08193
2024-09-20 18:00:00-07:00,TH_ZP26_GEN-APND,39.13107
2024-09-20 19:00:00-07:00,TH_NP15_GEN-APND,40.86399
2024-09-20 19:00:00-07:00,TH_SP15_GEN-APND,39.08445
2024-09-20 19:00:00-07:00,TH_ZP26_GEN-APND,39.25633
2024-09-20 20:00:00-07:00,TH_NP15_GEN-APND,38.94245
2024-09-20 20:00:00-07:00,TH_SP15_GEN-APND,38.38299
2024-09-20 20:00:00-07:00,TH_ZP26_GEN-APND,38.27448
2024-09-20 21:00:00-07:00,TH_NP15_GEN-APND,38.3447
2024-09-20 21:00:00-07:00,TH_SP15_GEN-APND,38.07728
2024-09-20 21:00:00-07:00,TH_ZP26_GEN-APND,37.74477
2024-09-20 22:00:00-07:00,TH_NP15_GEN-APND,37.92007
2024-09-20 22:00:00-07:00,TH_SP15_GEN-APND,37.63555
2024-09-20 22:00:00-07:00,TH_ZP26_GEN-APND,37.36857
2024-09-20 23:00:00-07:00,TH_NP15_GEN-APND,35.98366
2024-09-20 23:00:00-07:00,TH_SP15_GEN-APND,35.72638
2024-09-20 23:00:00-07:00,TH_ZP26_GEN-APND,35.48073
2024-09-21 00:00:00-07:00,TH_NP15_GEN-APND,37.18698
2024-09-21 00:00:00-07:00,TH_SP15_GEN-APND,35.34187
2024-09-21 00:00:00-07:00,TH_ZP26_GEN-APND,35.36405
2024-09-21 01:00:00-07:00,TH_NP15_GEN-APND,37.50999
2024-09-21 01:00:00-07:00,TH_SP15_GEN-APND,35.78702
2024-09-21 01:00:00-07:00,TH_ZP26_GEN-APND,35.75346
2024-09-21 02:00:00-07:00,TH_NP15_GEN-APND,35.39263
2024-09-21 02:00:00-07:00,TH_SP15_GEN-APND,33.57691
2024-09-21 02:00:00-07:00,TH_ZP26_GEN-APND,33.64
2024-09-21 03:00:00-07:00,TH_NP15_GEN-APND,33.95943
2024-09-21 03:00:00-07:00,TH_SP15_GEN-APND,32.16502
2024-09-21 03:00:00-07:00,TH_ZP26_GEN-APND,32.31287
2024-09-21 04:00:00-07:00,TH_NP15_GEN-APND,34.98139
2024-09-21 04:00:00-07:00,TH_SP15_GEN-APND,33.0
2024-09-21 04:00:00-07:00,TH_ZP26_GEN-APND,33.22104
2024-09-21 05:00:00-07:00,TH_NP15_GEN-APND,35.39097
2024-09-21 05:00:00-07:00,TH_SP15_GEN-APND,33.47539
2024-09-21 05:00:00-07:00,TH_ZP26_GEN-APND,33.68201
2024-09-21 06:00:00-07:00,TH_NP15_GEN-APND,37.22213
2024-09-21 06:00:00-07:00,TH_SP15_GEN-APND,35.99257
2024-09-21 06:00:00-07:00,TH_ZP26_GEN-APND,36.0261
2024-09-21 07:00:00-07:00,TH_NP15_GEN-APND,30.34373
2024-09-21 07:00:00-07:00,TH_SP15_GEN-APND,25.23122
2024-09-21 07:00:00-07:00,TH_ZP26_GEN-APND,26.90605
2024-09-21 08:00:00-07:00,TH_NP15_GEN-APND,24.39658
2024-09-21 08:00:00-07:00,TH_SP15_GEN-APND,-1.12248
2024-09-21 08:00:00-07:00,TH_ZP26_GEN-APND,2.03379
2024-09-21 09:00:00-07:00,TH_NP15_GEN-APND,20.77587
2024-09-21 09:00:00-07:00,TH_SP15_GEN-APND,-3.29118
2024-09-21 09:00:00-07:00,TH_ZP26_GEN-APND,-1.98066
2024-09-21 10:00:00-07:00,TH_NP15_GEN-APND,16.59413
2024-09-21 10:00:00-07:00,TH_SP15_GEN-APND,-2.61363
2024-09-21 10:00:00-07:00,TH_ZP26_GEN-APND,-1.71138
2024-09-21 11:00:00-07:00,TH_NP15_GEN-APND,15.21085
2024-09-21 11:00:00-07:00,TH_SP15_GEN-APND,-3.09819
2024-09-21 11:00:00-07:00,TH_ZP26_GEN-APND,-2.28326
2024-09-21 12:00:00-07:00,TH_NP15_GEN-APND,13.8746
2024-09-21 12:00:00-07:00,TH_SP15_GEN-APND,-2.64332
2024-09-21 12:00:00-07:00,TH_ZP26_GEN-APND,-1.89899
2024-09-21 13:00:00-07:00,TH_NP15_GEN-APND,18.15538
2024-09-21 13:00:00-07:00,TH_SP15_GEN-APND,-3.52476
2024-09-21 13:00:00-07:00,TH_ZP26_GEN-APND,-2.32002
2024-09-21 14:00:00-07:00,TH_NP15_GEN-APND,18.57081
2024-09-21 14:00:00-07:00,TH_SP15_GEN-APND,-1.16869
2024-09-21 14:00:00-07:00,TH_ZP26_GEN-APND,0.56
2024-09-21 15:00:00-07:00,TH_NP15_GEN-APND,22.83884
2024-09-21 15:00:00-07:00,TH_SP15_GEN-APND,-1.55169
2024-09-21 15:00:00-07:00,TH_ZP26_GEN-APND,1.19264
2024-09-21 16:00:00-07:00,TH_NP15_GEN-APND,28.95925
2024-09-21 16:00:00-07:00,TH_SP15_GEN-APND,8.65
2024-09-21 16:00:00-07:00,TH_ZP26_GEN-APND,12.05427
2024-09-21 17:00:00-07:00,TH_NP15_GEN-APND,38.54701
2024-09-21 17:00:00-07:00,TH_SP15_GEN-APND,32.06824
2024-09-21 17:00:00-07:00,TH_ZP26_GEN-APND,33.28202
2024-09-21 18:00:00-07:00,TH_NP15_GEN-APND,42.52091
2024-09-21 18:00:00-07:00,TH_SP15_GEN-APND,40.33044
2024-09-21 18:00:00-07:00,TH_ZP26_GEN-APND,41.04175
2024-09-21 19:00:00-07:00,TH_NP15_GEN-APND,41.47706
2024-09-21 19:00:00-07:00,TH_SP15_GEN-APND,41.56784
2024-09-21 19:00:00-07:00,TH_ZP26_GEN-APND,41.5175
2024-09-21 20:00:00-07:00,TH_NP15_GEN-APND,39.45457
2024-09-21 20:00:00-07:00,TH_SP15_GEN-APND,39.65838
2024-09-21 20:00:00-07:00,TH_ZP26_GEN-APND,39.65847
2024-09-21 21:00:00-07:00,TH_NP15_GEN-APND,41.3167
2024-09-21 21:00:00-07:00,TH_SP15_GEN-APND,39.30881
2024-09-21 21:00:00-07:00,TH_ZP26_GEN-APND,39.49863
2024-09-21 22:00:00-07:00,TH_NP15_GEN-APND,40.84116
2024-09-21 22:00:00-07:00,TH_SP15_GEN-APND,38.72332
2024-09-21 22:00:00-07:00,TH_ZP26_GEN-APND,38.82496
2024-09-21 23:00:00-07:00,TH_NP15_GEN-APND,39.43349
2024-09-21 23:00:00-07:00,TH_SP15_GEN-APND,38.03419
2024-09-21 23:00:00-07:00,TH_ZP26_GEN-APND,37.89189
2024-09-22 00:00:00-07:00,TH_NP15_GEN-APND,44.43857
2024-09-22 00:00:00-07:00,TH_SP15_GEN-APND,43.59651
2024-09-22 00:00:00-07:00,TH_ZP26_GEN-APND,43.43402
2024-09-22 01:00:00-07:00,TH_NP15_GEN-APND,44.16121
2024-09-22 01:00:00-07:00,TH_SP15_GEN-APND,43.29168
2024-09-22 01:00:00-07:00,TH_ZP26_GEN-APND,43.16177
2024-09-22 02:00:00-07:00,TH_NP15_GEN-APND,43.04155
2024-09-22 02:00:00-07:00,TH_SP15_GEN-APND,42.62373
2024-09-22 02:00:00-07:00,TH_ZP26_GEN-APND,42.41694
2024-09-22 03:00:00-07:00,TH_NP15_GEN-APND,38.19089
2024-09-22 03:00:00-07:00,TH_SP15_GEN-APND,37.62267
2024-09-22 03:00:00-07:00,TH_ZP26_GEN-APND,37.5138
2024-09-22 04:00:00-07:00,TH_NP15_GEN-APND,41.1493
2024-09-22 04:00:00-07:00,TH_SP15_GEN-APND,40.30669
2024-09-22 04:00:00-07:00,TH_ZP26_GEN-APND,40.17354
2024-09-22 05:00:00-07:00,TH_NP15_GEN-APND,39.75818
2024-09-22 05:00:00-07:00,TH_SP15_GEN-APND,39.21186
2024-09-22 05:00:00-07:00,TH_ZP26_GEN-APND,39.09042
2024-09-22 06:00:00-07:00,TH_NP15_GEN-APND,40.06269
2024-09-22 06:00:00-07:00,TH_SP15_GEN-APND,40.04996
2024-09-22 06:00:00-07:00,TH_ZP26_GEN-APND,39.69998
2024-09-22 07:00:00-07:00,TH_NP15_GEN-APND,34.28763
2024-09-22 07:00:00-07:00,TH_SP15_GEN-APND,27.55259
2024-09-22 07:00:00-07:00,TH_ZP26_GEN-APND,29.3547
2024-09-22 08:00:00-07:00,TH_NP15_GEN-APND,26.9294
2024-09-22 08:00:00-07:00,TH_SP15_GEN-APND,1.61
2024-09-22 08:00:00-07:00,TH_ZP26_GEN-APND,3.39063
2024-09-22 09:00:00-07:00,TH_NP15_GEN-APND,25.9732
2024-09-22 09:00:00-07:00,TH_SP15_GEN-APND,-0.05485
2024-09-22 09:00:00-07:00,TH_ZP26_GEN-APND,-0.22001
2024-09-22 10:00:00-07:00,TH_NP15_GEN-APND,24.73744
2024-09-22 10:00:00-07:00,TH_SP15_GEN-APND,-0.30935
2024-09-22 10:00:00-07:00,TH_ZP26_GEN-APND,-0.42972
2024-09-22 11:00:00-07:00,TH_NP15_GEN-APND,26.29708
2024-09-22 11:00:00-07:00,TH_SP15_GEN-APND,-0.56886
2024-09-22 11:00:00-07:00,TH_ZP26_GEN-APND,-0.56522
2024-09-22 12:00:00-07:00,TH_NP15_GEN-APND,27.12063
2024-09-22 12:00:00-07:00,TH_SP15_GEN-APND,0.47149
2024-09-22 12:00:00-07:00,TH_ZP26_GEN-APND,0.23735
2024-09-22 13:00:00-07:00,TH_NP15_GEN-APND,26.9153
2024-09-22 13:00:00-07:00,TH_SP15_GEN-APND,1.17499
2024-09-22 13:00:00-07:00,TH_ZP26_GEN-APND,0.88258
2024-09-22 14:00:00-07:00,TH_NP15_GEN-APND,26.83806
2024-09-22 14:00:00-07:00,TH_SP15_GEN-APND,5.13998
2024-09-22 14:00:00-07:00,TH_ZP26_GEN-APND,4.01804
2024-09-22 15:00:00-07:00,TH_NP15_GEN-APND,27.94495
2024-09-22 15:00:00-07:00,TH_SP15_GEN-APND,15.10272
2024-09-22 15:00:00-07:00,TH_ZP26_GEN-APND,12.37392
2024-09-22 16:00:00-07:00,TH_NP15_GEN-APND,34.31319
2024-09-22 16:00:00-07:00,TH_SP15_GEN-APND,27.89975
2024-09-22 16:00:00-07:00,TH_ZP26_GEN-APND,26.77768
2024-09-22 17:00:00-07:00,TH_NP15_GEN-APND,48.07819
2024-09-22 17:00:00-07:00,TH_SP15_GEN-APND,44.18551
2024-09-22 17:00:00-07:00,TH_ZP26_GEN-APND,44.05964
2024-09-22 18:00:00-07:00,TH_NP15_GEN-APND,58.37148
2024-09-22 18:00:00-07:00,TH_SP15_GEN-APND,58.4472
2024-09-22 18:00:00-07:00,TH_ZP26_GEN-APND,58.29802
2024-09-22 19:00:00-07:00,TH_NP15_GEN-APND,55.46843
2024-09-22 19:00:00-07:00,TH_SP15_GEN-APND,55.27046
2024-09-22 19:00:00-07:00,TH_ZP26_GEN-APND,55.27461
2024-09-22 20:00:00-07:00,TH_NP15_GEN-APND,44.22176
2024-09-22 20:00:00-07:00,TH_SP15_GEN-APND,44.28
2024-09-22 20:00:00-07:00,TH_ZP26_GEN-APND,44.27647
2024-09-22 21:00:00-07:00,TH_NP15_GEN-APND,42.47473
2024-09-22 21:00:00-07:00,TH_SP15_GEN-APND,43.59984
2024-09-22 21:00:00-07:00,TH_ZP26_GEN-APND,43.59984
2024-09-22 22:00:00-07:00,TH_NP15_GEN-APND,40.544
2024-09-22 22:00:00-07:00,TH_SP15_GEN-APND,41.29816
2024-09-22 22:00:00-07:00,TH_ZP26_GEN-APND,40.61903
2024-09-22 23:00:00-07:00,TH_NP15_GEN-APND,36.45919
2024-09-22 23:00:00-07:00,TH_SP15_GEN-APND,36.71279
2024-09-22 23:00:00-07:00,TH_ZP26_GEN-APND,36.16232
2024-09-23 00:00:00-07:00,TH_NP15_GEN-APND,36.38912
2024-09-23 00:00:00-07:00,TH_SP15_GEN-APND,36.65505
2024-09-23 00:00:00-07:00,TH_ZP26_GEN-APND,36.04437
2024-09-23 01:00:00-07:00,TH_NP15_GEN-APND,35.62591
2024-09-23 01:00:00-07:00,TH_SP15_GEN-APND,35.69907
2024-09-23 01:00:00-07:00,TH_ZP26_GEN-APND,35.15845
2024-09-23 02:00:00-07:00,TH_NP15_GEN-APND,35.43569
2024-09-23 02:00:00-07:00,TH_SP15_GEN-APND,35.31204
2024-09-23 02:00:00-07:00,TH_ZP26_GEN-APND,34.84168
2024-09-23 03:00:00-07:00,TH_NP15_GEN-APND,34.76887
2024-09-23 03:00:00-07:00,TH_SP15_GEN-APND,35.03375
2024-09-23 03:00:00-07:00,TH_ZP26_GEN-APND,34.51455
2024-09-23 04:00:00-07:00,TH_NP15_GEN-APND,35.55004
2024-09-23 04:00:00-07:00,TH_SP15_GEN-APND,35.47816
2024-09-23 04:00:00-07:00,TH_ZP26_GEN-APND,35.06008
2024-09-23 05:00:00-07:00,TH_NP15_GEN-APND,41.99145
2024-09-23 05:00:00-07:00,TH_SP15_GEN-APND,41.8708
2024-09-23 05:00:00-07:00,TH_ZP26_GEN-APND,41.42769
2024-09-23 06:00:00-07:00,TH_NP15_GEN-APND,42.04626
2024-09-23 06:00:00-07:00,TH_SP15_GEN-APND,41.90763
2024-09-23 06:00:00-07:00,TH_ZP26_GEN-APND,41.51539
2024-09-23 07:00:00-07:00,TH_NP15_GEN-APND,37.34701
2024-09-23 07:00:00-07:00,TH_SP15_GEN-APND,35.65299
2024-09-23 07:00:00-07:00,TH_ZP26_GEN-APND,35.76119
2024-09-23 08:00:00-07:00,TH_NP15_GEN-APND,25.2339
2024-09-23 08:00:00-07:00,TH_SP15_GEN-APND,23.09778
2024-09-23 08:00:00-07:00,TH_ZP26_GEN-APND,19.54115
2024-09-23 09:00:00-07:00,TH_NP15_GEN-APND,23.89791
2024-09-23 09:00:00-07:00,TH_SP15_GEN-APND,19.81773
2024-09-23 09:00:00-07:00,TH_ZP26_GEN-APND,13.14166
2024-09-23 10:00:00-07:00,TH_NP15_GEN-APND,24.15134
2024-09-23 10:00:00-07:00,TH_SP15_GEN-APND,20.21637
2024-09-23 10:00:00-07:00,TH_ZP26_GEN-APND,12.9732
2024-09-23 11:00:00-07:00,TH_NP15_GEN-APND,24.18203
2024-09-23 11:00:00-07:00,TH_SP15_GEN-APND,20.40092
2024-09-23 11:00:00-07:00,TH_ZP26_GEN-APND,14.31459
2024-09-23 12:00:00-07:00,TH_NP15_GEN-APND,25.7941
2024-09-23 12:00:00-07:00,TH_SP15_GEN-APND,21.88697
2024-09-23 12:00:00-07:00,TH_ZP26_GEN-APND,15.76916
2024-09-23 13:00:00-07:00,TH_NP15_GEN-APND,27.32139
2024-09-23 13:00:00-07:00,TH_SP15_GEN-APND,24.1213
2024-09-23 13:00:00-07:00,TH_ZP26_GEN-APND,17.79247
2024-09-23 14:00:00-07:00,TH_NP15_GEN-APND,27.38917
2024-09-23 14:00:00-07:00,TH_SP15_GEN-APND,25.13247
2024-09-23 14:00:00-07:00,TH_ZP26_GEN-APND,19.05417
2024-09-23 15:00:00-07:00,TH_NP15_GEN-APND,34.82485
2024-09-23 15:00:00-07:00,TH_SP15_GEN-APND,31.36216
2024-09-23 15:00:00-07:00,TH_ZP26_GEN-APND,25.27393
2024-09-23 16:00:00-07:00,TH_NP15_GEN-APND,37.67541
2024-09-23 16:00:00-07:00,TH_SP15_GEN-APND,36.11986
2024-09-23 16:00:00-07:00,TH_ZP26_GEN-APND,34.22252
2024-09-23 17:00:00-07:00,TH_NP15_GEN-APND,56.21951
2024-09-23 17:00:00-07:00,TH_SP15_GEN-APND,51.37081
2024-09-23 17:00:00-07:00,TH_ZP26_GEN-APND,51.08074
2024-09-23 18:00:00-07:00,TH_NP15_GEN-APND,76.25698
2024-09-23 18:00:00-07:00,TH_SP15_GEN-APND,67.508
2024-09-23 18:00:00-07:00,TH_ZP26_GEN-APND,68.62968
2024-09-23 19:00:00-07:00,TH_NP15_GEN-APND,69.14363
2024-09-23 19:00:00-07:00,TH_SP15_GEN-APND,61.99
2024-09-23 19:00:00-07:00,TH_ZP26_GEN-APND,63.27695
2024-09-23 20:00:00-07:00,TH_NP15_GEN-APND,51.31023
2024-09-23 20:00:00-07:00,TH_SP15_GEN-APND,48.85967
2024-09-23 20:00:00-07:00,TH_ZP26_GEN-APND,49.39285
2024-09-23 21:00:00-07:00,TH_NP15_GEN-APND,47.63156
2024-09-23 21:00:00-07:00,TH_SP15_GEN-APND,48.75247
2024-09-23 21:00:00-07:00,TH_ZP26_GEN-APND,48.47254
2024-09-23 22:00:00-07:00,TH_NP15_GEN-APND,46.30876
2024-09-23 22:00:00-07:00,TH_SP15_GEN-APND,47.8
2024-09-23 22:00:00-07:00,TH_ZP26_GEN-APND,47.23845
2024-09-23 23:00:00-07:00,TH_NP15_GEN-APND,39.27739
2024-09-23 23:00:00-07:00,TH_SP15_GEN-APND,40.84382
2024-09-23 23:00:00-07:00,TH_ZP26_GEN-APND,40.05691
2024-09-24 00:00:00-07:00,TH_NP15_GEN-APND,36.22441
2024-09-24 00:00:00-07:00,TH_SP15_GEN-APND,37.1161
2024-09-24 00:00:00-07:00,TH_ZP26_GEN-APND,36.52033
2024-09-24 01:00:00-07:00,TH_NP15_GEN-APND,36.15977
2024-09-24 01:00:00-07:00,TH_SP15_GEN-APND,36.99022
2024-09-24 01:00:00-07:00,TH_ZP26_GEN-APND,36.4878
2024-09-24 02:00:00-07:00,TH_NP15_GEN-APND,34.71499
2024-09-24 02:00:00-07:00,TH_SP15_GEN-APND,35.80594
2024-09-24 02:00:00-07:00,TH_ZP26_GEN-APND,35.21109
2024-09-24 03:00:00-07:00,TH_NP15_GEN-APND,34.4502
2024-09-24 03:00:00-07:00,TH_SP15_GEN-APND,35.59093
2024-09-24 03:00:00-07:00,TH_ZP26_GEN-APND,35.04566
2024-09-24 04:00:00-07:00,TH_NP15_GEN-APND,34.40195
2024-09-24 04:00:00-07:00,TH_SP15_GEN-APND,35.52794
2024-09-24 04:00:00-07:00,TH_ZP26_GEN-APND,34.99485
2024-09-24 05:00:00-07:00,TH_NP15_GEN-APND,38.0
2024-09-24 05:00:00-07:00,TH_SP15_GEN-APND,39.09187
2024-09-24 05:00:00-07:00,TH_ZP26_GEN-APND,38.59993
2024-09-24 06:00:00-07:00,TH_NP15_GEN-APND,42.09585
2024-09-24 06:00:00-07:00,TH_SP15_GEN-APND,43.21884
2024-09-24 06:00:00-07:00,TH_ZP26_GEN-APND,42.82543
2024-09-24 07:00:00-07:00,TH_NP15_GEN-APND,37.20863
2024-09-24 07:00:00-07:00,TH_SP15_GEN-APND,36.79829
2024-09-24 07:00:00-07:00,TH_ZP26_GEN-APND,36.47124
2024-09-24 08:00:00-07:00,TH_NP15_GEN-APND,30.43614
2024-09-24 08:00:00-07:00,TH_SP15_GEN-APND,19.92626
2024-09-24 08:00:00-07:00,TH_ZP26_GEN-APND,15.51999
2024-09-24 09:00:00-07:00,TH_NP15_GEN-APND,29.67411
2024-09-24 09:00:00-07:00,TH_SP15_GEN-APND,18.4691
2024-09-24 09:00:00-07:00,TH_ZP26_GEN-APND,12.81005
2024-09-24 10:00:00-07:00,TH_NP15_GEN-APND,28.76754
2024-09-24 10:00:00-07:00,TH_SP15_GEN-APND,17.70738
2024-09-24 10:00:00-07:00,TH_ZP26_GEN-APND,11.3576
2024-09-24 11:00:00-07:00,TH_NP15_GEN-APND,29.53897
2024-09-24 11:00:00-07:00,TH_SP15_GEN-APND,18.33093
2024-09-24 11:00:00-07:00,TH_ZP26_GEN-APND,11.93065
2024-09-24 12:00:00-07:00,TH_NP15_GEN-APND,31.69
2024-09-24 12:00:00-07:00,TH_SP15_GEN-APND,19.12326
2024-09-24 12:00:00-07:00,TH_ZP26_GEN-APND,12.55742
2024-09-24 13:00:00-07:00,TH_NP15_GEN-APND,31.68545
2024-09-24 13:00:00-07:00,TH_SP15_GEN-APND,19.41338
2024-09-24 13:00:00-07:00,TH_ZP26_GEN-APND,12.59
2024-09-24 14:00:00-07:00,TH_NP15_GEN-APND,34.64038
2024-09-24 14:00:00-07:00,TH_SP15_GEN-APND,23.08394
2024-09-24 14:00:00-07:00,TH_ZP26_GEN-APND,14.70637
2024-09-24 15:00:00-07:00,TH_NP15_GEN-APND,41.1171
2024-09-24 15:00:00-07:00,TH_SP15_GEN-APND,28.2063
2024-09-24 15:00:00-07:00,TH_ZP26_GEN-APND,23.71886
2024-09-24 16:00:00-07:00,TH_NP15_GEN-APND,43.23315
2024-09-24 16:00:00-07:00,TH_SP15_GEN-APND,35.82195
2024-09-24 16:00:00-07:00,TH_ZP26_GEN-APND,31.96402
2024-09-24 17:00:00-07:00,TH_NP15_GEN-APND,51.25835
2024-09-24 17:00:00-07:00,TH_SP15_GEN-APND,49.49461
2024-09-24 17:00:00-07:00,TH_ZP26_GEN-APND,49.27798
2024-09-24 18:00:00-07:00,TH_NP15_GEN-APND,76.26942
2024-09-24 18:00:00-07:00,TH_SP15_GEN-APND,69.29494
2024-09-24 18:00:00-07:00,TH_ZP26_GEN-APND,69.73684
2024-09-24 19:00:00-07:00,TH_NP15_GEN-APND,59.23106
2024-09-24 19:00:00-07:00,TH_SP15_GEN-APND,57.03955
2024-09-24 19:00:00-07:00,TH_ZP26_GEN-APND,56.58551
2024-09-24 20:00:00-07:00,TH_NP15_GEN-APND,47.18777
2024-09-24 20:00:00-07:00,TH_SP15_GEN-APND,46.633
2024-09-24 20:00:00-07:00,TH_ZP26_GEN-APND,46.60606
2024-09-24 21:00:00-07:00,TH_NP15_GEN-APND,43.88
2024-09-24 21:00:00-07:00,TH_SP15_GEN-APND,45.69443
2024-09-24 21:00:00-07:00,TH_ZP26_GEN-APND,44.794
2024-09-24 22:00:00-07:00,TH_NP15_GEN-APND,42.81188
2024-09-24 22:00:00-07:00,TH_SP15_GEN-APND,44.83151
2024-09-24 22:00:00-07:00,TH_ZP26_GEN-APND,43.89424
2024-09-24 23:00:00-07:00,TH_NP15_GEN-APND,42.90188
2024-09-24 23:00:00-07:00,TH_SP15_GEN-APND,43.96478
2024-09-24 23:00:00-07:00,TH_ZP26_GEN-APND,43.13838
2024-09-25 00:00:00-07:00,TH_NP15_GEN-APND,39.35095
2024-09-25 00:00:00-07:00,TH_SP15_GEN-APND,39.43223
2024-09-25 00:00:00-07:00,TH_ZP26_GEN-APND,39.01485
2024-09-25 01:00:00-07:00,TH_NP15_GEN-APND,39.42443
2024-09-25 01:00:00-07:00,TH_SP15_GEN-APND,39.2785
2024-09-25 01:00:00-07:00,TH_ZP26_GEN-APND,38.99545
2024-09-25 02:00:00-07:00,TH_NP15_GEN-APND,38.16655
2024-09-25 02:00:00-07:00,TH_SP15_GEN-APND,37.98904
2024-09-25 02:00:00-07:00,TH_ZP26_GEN-APND,37.73115
2024-09-25 03:00:00-07:00,TH_NP15_GEN-APND,37.45
2024-09-25 03:00:00-07:00,TH_SP15_GEN-APND,37.62012
2024-09-25 03:00:00-07:00,TH_ZP26_GEN-APND,37.38452
2024-09-25 04:00:00-07:00,TH_NP15_GEN-APND,37.39545
2024-09-25 04:00:00-07:00,TH_SP15_GEN-APND,37.50084
2024-09-25 04:00:00-07:00,TH_ZP26_GEN-APND,37.28122
2024-09-25 05:00:00-07:00,TH_NP15_GEN-APND,42.04911
2024-09-25 05:00:00-07:00,TH_SP15_GEN-APND,41.75309
2024-09-25 05:00:00-07:00,TH_ZP26_GEN-APND,41.45331
2024-09-25 06:00:00-07:00,TH_NP15_GEN-APND,42.83375
2024-09-25 06:00:00-07:00,TH_SP15_GEN-APND,42.54491
2024-09-25 06:00:00-07:00,TH_ZP26_GEN-APND,42.35215
2024-09-25 07:00:00-07:00,TH_NP15_GEN-APND,37.46408
2024-09-25 07:00:00-07:00,TH_SP15_GEN-APND,35.48714
2024-09-25 07:00:00-07:00,TH_ZP26_GEN-APND,35.77435
2024-09-25 08:00:00-07:00,TH_NP15_GEN-APND,27.04893
2024-09-25 08:00:00-07:00,TH_SP15_GEN-APND,18.34254
2024-09-25 08:00:00-07:00,TH_ZP26_GEN-APND,18.6773
2024-09-25 09:00:00-07:00,TH_NP15_GEN-APND,22.99622
2024-09-25 09:00:00-07:00,TH_SP15_GEN-APND,16.45761
2024-09-25 09:00:00-07:00,TH_ZP26_GEN-APND,11.97265
2024-09-25 10:00:00-07:00,TH_NP15_GEN-APND,21.77333
2024-09-25 10:00:00-07:00,TH_SP15_GEN-APND,16.8748
2024-09-25 10:00:00-07:00,TH_ZP26_GEN-APND,12.0
2024-09-25 11:00:00-07:00,TH_NP15_GEN-APND,21.54385
2024-09-25 11:00:00-07:00,TH_SP15_GEN-APND,16.39515
2024-09-25 11:00:00-07:00,TH_ZP26_GEN-APND,10.58932
2024-09-25 12:00:00-07:00,TH_NP15_GEN-APND,20.75687
2024-09-25 12:00:00-07:00,TH_SP15_GEN-APND,15.9963
2024-09-25 12:00:00-07:00,TH_ZP26_GEN-APND,11.89468
2024-09-25 13:00:00-07:00,TH_NP15_GEN-APND,21.47823
2024-09-25 13:00:00-07:00,TH_SP15_GEN-APND,16.04964
2024-09-25 13:00:00-07:00,TH_ZP26_GEN-APND,12.13844
2024-09-25 14:00:00-07:00,TH_NP15_GEN-APND,23.96778
2024-09-25 14:00:00-07:00,TH_SP15_GEN-APND,16.04808
2024-09-25 14:00:00-07:00,TH_ZP26_GEN-APND,13.01638
2024-09-25 15:00:00-07:00,TH_NP15_GEN-APND,26.49654
2024-09-25 15:00:00-07:00,TH_SP15_GEN-APND,20.85622
2024-09-25 15:00:00-07:00,TH_ZP26_GEN-APND,18.2737
2024-09-25 16:00:00-07:00,TH_NP15_GEN-APND,33.80056
2024-09-25 16:00:00-07:00,TH_SP15_GEN-APND,28.94277
2024-09-25 16:00:00-07:00,TH_ZP26_GEN-APND,27.3016
2024-09-25 17:00:00-07:00,TH_NP15_GEN-APND,42.38357
2024-09-25 17:00:00-07:00,TH_SP15_GEN-APND,43.53801
2024-09-25 17:00:00-07:00,TH_ZP26_GEN-APND,43.52168
2024-09-25 18:00:00-07:00,TH_NP15_GEN-APND,52.39221
2024-09-25 18:00:00-07:00,TH_SP15_GEN-APND,51.38589
2024-09-25 18:00:00-07:00,TH_ZP26_GEN-APND,51.20405
2024-09-25 19:00:00-07:00,TH_NP15_GEN-APND,47.83277
2024-09-25 19:00:00-07:00,TH_SP15_GEN-APND,46.4498
2024-09-25 19:00:00-07:00,TH_ZP26_GEN-APND,46.59617
2024-09-25 20:00:00-07:00,TH_NP15_GEN-APND,44.42347
2024-09-25 20:00:00-07:00,TH_SP15_GEN-APND,43.84587
2024-09-25 20:00:00-07:00,TH_ZP26_GEN-APND,43.69017
2024-09-25 21:00:00-07:00,TH_NP15_GEN-APND,42.49082
2024-09-25 21:00:00-07:00,TH_SP15_GEN-APND,42.50233
2024-09-25 21:00:00-07:00,TH_ZP26_GEN-APND,42.16054
2024-09-25 22:00:00-07:00,TH_NP15_GEN-APND,41.92981
2024-09-25 22:00:00-07:00,TH_SP15_GEN-APND,41.66617
2024-09-25 22:00:00-07:00,TH_ZP26_GEN-APND,41.32468
2024-09-25 23:00:00-07:00,TH_NP15_GEN-APND,39.20807
2024-09-25 23:00:00-07:00,TH_SP15_GEN-APND,38.50567
2024-09-25 23:00:00-07:00,TH_ZP26_GEN-APND,38.25066
2024-09-26 00:00:00-07:00,TH_NP15_GEN-APND,40.82516
2024-09-26 00:00:00-07:00,TH_SP15_GEN-APND,41.02
2024-09-26 00:00:00-07:00,TH_ZP26_GEN-APND,40.70349
2024-09-26 01:00:00-07:00,TH_NP15_GEN-APND,38.20825
2024-09-26 01:00:00-07:00,TH_SP15_GEN-APND,38.21708
2024-09-26 01:00:00-07:00,TH_ZP26_GEN-APND,37.90717
2024-09-26 02:00:00-07:00,TH_NP15_GEN-APND,38.01343
2024-09-26 02:00:00-07:00,TH_SP15_GEN-APND,38.02656
2024-09-26 02:00:00-07:00,TH_ZP26_GEN-APND,37.76479
2024-09-26 03:00:00-07:00,TH_NP15_GEN-APND,37.90199
2024-09-26 03:00:00-07:00,TH_SP15_GEN-APND,37.67083
2024-09-26 03:00:00-07:00,TH_ZP26_GEN-APND,37.51495
2024-09-26 04:00:00-07:00,TH_NP15_GEN-APND,38.70314
2024-09-26 04:00:00-07:00,TH_SP15_GEN-APND,38.84068
2024-09-26 04:00:00-07:00,TH_ZP26_GEN-APND,38.84826
2024-09-26 05:00:00-07:00,TH_NP15_GEN-APND,44.5907
2024-09-26 05:00:00-07:00,TH_SP15_GEN-APND,44.48591
2024-09-26 05:00:00-07:00,TH_ZP26_GEN-APND,44.21134
2024-09-26 06:00:00-07:00,TH_NP15_GEN-APND,44.68937
2024-09-26 06:00:00-07:00,TH_SP15_GEN-APND,44.85578
2024-09-26 06:00:00-07:00,TH_ZP26_GEN-APND,44.35746
2024-09-26 07:00:00-07:00,TH_NP15_GEN-APND,39.6482
2024-09-26 07:00:00-07:00,TH_SP15_GEN-APND,38.05713
2024-09-26 07:00:00-07:00,TH_ZP26_GEN-APND,38.33288
2024-09-26 08:00:00-07:00,TH_NP15_GEN-APND,26.0671
2024-09-26 08:00:00-07:00,TH_SP15_GEN-APND,21.37758
2024-09-26 08:00:00-07:00,TH_ZP26_GEN-APND,19.87812
2024-09-26 09:00:00-07:00,TH_NP15_GEN-APND,24.07742
2024-09-26 09:00:00-07:00,TH_SP15_GEN-APND,17.13946
2024-09-26 09:00:00-07:00,TH_ZP26_GEN-APND,13.85112
2024-09-26 10:00:00-07:00,TH_NP15_GEN-APND,23.85633
2024-09-26 10:00:00-07:00,TH_SP15_GEN-APND,16.32845
2024-09-26 10:00:00-07:00,TH_ZP26_GEN-APND,13.09831
2024-09-26 11:00:00-07:00,TH_NP15_GEN-APND,23.90997
2024-09-26 11:00:00-07:00,TH_SP15_GEN-APND,16.74792
2024-09-26 11:00:00-07:00,TH_ZP26_GEN-APND,13.34398
2024-09-26 12:00:00-07:00,TH_NP15_GEN-APND,24.46543
2024-09-26 12:00:00-07:00,TH_SP15_GEN-APND,16.23488
2024-09-26 12:00:00-07:00,TH_ZP26_GEN-APND,13.26295
2024-09-26 13:00:00-07:00,TH_NP15_GEN-APND,25.19107
2024-09-26 13:00:00-07:00,TH_SP15_GEN-APND,16.25096
2024-09-26 13:00:00-07:00,TH_ZP26_GEN-APND,13.26759
2024-09-26 14:00:00-07:00,TH_NP15_GEN-APND,26.54854
2024-09-26 14:00:00-07:00,TH_SP15_GEN-APND,19.45559
2024-09-26 14:00:00-07:00,TH_ZP26_GEN-APND,16.37316
2024-09-26 15:00:00-07:00,TH_NP15_GEN-APND,29.86681
2024-09-26 15:00:00-07:00,TH_SP15_GEN-APND,23.29899
2024-09-26 15:00:00-07:00,TH_ZP26_GEN-APND,20.636
2024-09-26 16:00:00-07:00,TH_NP15_GEN-APND,34.78963
2024-09-26 16:00:00-07:00,TH_SP15_GEN-APND,34.16126
2024-09-26 16:00:00-07:00,TH_ZP26_GEN-APND,32.46307
2024-09-26 17:00:00-07:00,TH_NP15_GEN-APND,45.14986
2024-09-26 17:00:00-07:00,TH_SP15_GEN-APND,45.01281
2024-09-26 17:00:00-07:00,TH_ZP26_GEN-APND,44.40561
2024-09-26 18:00:00-07:00,TH_NP15_GEN-APND,59.80638
2024-09-26 18:00:00-07:00,TH_SP15_GEN-APND,59.24145
2024-09-26 18:00:00-07:00,TH_ZP26_GEN-APND,58.96794
2024-09-26 19:00:00-07:00,TH_NP15_GEN-APND,50.96926
2024-09-26 19:00:00-07:00,TH_SP15_GEN-APND,49.96101
2024-09-26 19:00:00-07:00,TH_ZP26_GEN-APND,49.99327
2024-09-26 20:00:00-07:00,TH_NP15_GEN-APND,45.99833
2024-09-26 20:00:00-07:00,TH_SP15_GEN-APND,45.68071
2024-09-26 20:00:00-07:00,TH_ZP26_GEN-APND,45.28937
2024-09-26 21:00:00-07:00,TH_NP15_GEN-APND,44.61705
2024-09-26 21:00:00-07:00,TH_SP15_GEN-APND,45.27467
2024-09-26 21:00:00-07:00,TH_ZP26_GEN-APND,44.33315
2024-09-26 22:00:00-07:00,TH_NP15_GEN-APND,44.67711
2024-09-26 22:00:00-07:00,TH_SP15_GEN-APND,45.11422
2024-09-26 22:00:00-07:00,TH_ZP26_GEN-APND,44.46483
2024-09-26 23:00:00-07:00,TH_NP15_GEN-APND,43.78034
2024-09-26 23:00:00-07:00,TH_SP15_GEN-APND,44.23585
2024-09-26 23:00:00-07:00,TH_ZP26_GEN-APND,43.52511
2024-09-27 00:00:00-07:00,TH_NP15_GEN-APND,35.6762
2024-09-27 00:00:00-07:00,TH_SP15_GEN-APND,36.38939
2024-09-27 00:00:00-07:00,TH_ZP26_GEN-APND,35.95315
2024-09-27 01:00:00-07:00,TH_NP15_GEN-APND,35.42223
2024-09-27 01:00:00-07:00,TH_SP15_GEN-APND,36.05794
2024-09-27 01:00:00-07:00,TH_ZP26_GEN-APND,35.68661
2024-09-27 02:00:00-07:00,TH_NP15_GEN-APND,35.65966
2024-09-27 02:00:00-07:00,TH_SP15_GEN-APND,36.18198
2024-09-27 02:00:00-07:00,TH_ZP26_GEN-APND,35.94755
2024-09-27 03:00:00-07:00,TH_NP15_GEN-APND,35.55799
2024-09-27 03:00:00-07:00,TH_SP15_GEN-APND,36.2683
2024-09-27 03:00:00-07:00,TH_ZP26_GEN-APND,36.04937
2024-09-27 04:00:00-07:00,TH_NP15_GEN-APND,35.86366
2024-09-27 04:00:00-07:00,TH_SP15_GEN-APND,36.32402
2024-09-27 04:00:00-07:00,TH_ZP26_GEN-APND,36.1214
2024-09-27 05:00:00-07:00,TH_NP15_GEN-APND,40.4925
2024-09-27 05:00:00-07:00,TH_SP15_GEN-APND,40.78412
2024-09-27 05:00:00-07:00,TH_ZP26_GEN-APND,40.5628
2024-09-27 06:00:00-07:00,TH_NP15_GEN-APND,42.19474
2024-09-27 06:00:00-07:00,TH_SP15_GEN-APND,43.31458
2024-09-27 06:00:00-07:00,TH_ZP26_GEN-APND,43.29076
2024-09-27 07:00:00-07:00,TH_NP15_GEN-APND,40.47685
2024-09-27 07:00:00-07:00,TH_SP15_GEN-APND,39.55472
2024-09-27 07:00:00-07:00,TH_ZP26_GEN-APND,39.57943
2024-09-27 08:00:00-07:00,TH_NP15_GEN-APND,26.68513
2024-09-27 08:00:00-07:00,TH_SP15_GEN-APND,22.65768
2024-09-27 08:00:00-07:00,TH_ZP26_GEN-APND,21.21387
2024-09-27 09:00:00-07:00,TH_NP15_GEN-APND,25.04434
2024-09-27 09:00:00-07:00,TH_SP15_GEN-APND,21.45718
2024-09-27 09:00:00-07:00,TH_ZP26_GEN-APND,19.25287
2024-09-27 10:00:00-07:00,TH_NP15_GEN-APND,24.37885
2024-09-27 10:00:00-07:00,TH_SP15_GEN-APND,19.03446
2024-09-27 10:00:00-07:00,TH_ZP26_GEN-APND,16.19656
2024-09-27 11:00:00-07:00,TH_NP15_GEN-APND,24.54762
2024-09-27 11:00:00-07:00,TH_SP15_GEN-APND,19.38987
2024-09-27 11:00:00-07:00,TH_ZP26_GEN-APND,16.26579
2024-09-27 12:00:00-07:00,TH_NP15_GEN-APND,25.30122
2024-09-27 12:00:00-07:00,TH_SP15_GEN-APND,20.30825
2024-09-27 12:00:00-07:00,TH_ZP26_GEN-APND,17.09134
2024-09-27 13:00:00-07:00,TH_NP15_GEN-APND,26.12284
2024-09-27 13:00:00-07:00,TH_SP15_GEN-APND,19.9218
2024-09-27 13:00:00-07:00,TH_ZP26_GEN-APND,17.29807
2024-09-27 14:00:00-07:00,TH_NP15_GEN-APND,27.614
2024-09-27 14:00:00-07:00,TH_SP15_GEN-APND,21.02649
2024-09-27 14:00:00-07:00,TH_ZP26_GEN-APND,17.83747
2024-09-27 15:00:00-07:00,TH_NP15_GEN-APND,33.38439
2024-09-27 15:00:00-07:00,TH_SP15_GEN-APND,30.54202
2024-09-27 15:00:00-07:00,TH_ZP26_GEN-APND,27.82517
2024-09-27 16:00:00-07:00,TH_NP15_GEN-APND,38.46151
2024-09-27 16:00:00-07:00,TH_SP15_GEN-APND,36.87319
2024-09-27 16:00:00-07:00,TH_ZP26_GEN-APND,35.98121
2024-09-27 17:00:00-07:00,TH_NP15_GEN-APND,50.96697
2024-09-27 17:00:00-07:00,TH_SP15_GEN-APND,49.32924
2024-09-27 17:00:00-07:00,TH_ZP26_GEN-APND,48.94054
2024-09-27 18:00:00-07:00,TH_NP15_GEN-APND,63.26662
2024-09-27 18:00:00-07:00,TH_SP15_GEN-APND,61.56805
2024-09-27 18:00:00-07:00,TH_ZP26_GEN-APND,61.25619
2024-09-27 19:00:00-07:00,TH_NP15_GEN-APND,54.94868
2024-09-27 19:00:00-07:00,TH_SP15_GEN-APND,54.16248
2024-09-27 19:00:00-07:00,TH_ZP26_GEN-APND,53.98397
2024-09-27 20:00:00-07:00,TH_NP15_GEN-APND,48.45145
2024-09-27 20:00:00-07:00,TH_SP15_GEN-APND,49.42307
2024-09-27 20:00:00-07:00,TH_ZP26_GEN-APND,48.74829
2024-09-27 21:00:00-07:00,TH_NP15_GEN-APND,46.38436
2024-09-27 21:00:00-07:00,TH_SP15_GEN-APND,48.42877
2024-09-27 21:00:00-07:00,TH_ZP26_GEN-APND,47.40933
2024-09-27 22:00:00-07:00,TH_NP15_GEN-APND,43.53908
2024-09-27 22:00:00-07:00,TH_SP15_GEN-APND,45.43088
2024-09-27 22:00:00-07:00,TH_ZP26_GEN-APND,44.42234
2024-09-27 23:00:00-07:00,TH_NP15_GEN-APND,40.96853
2024-09-27 23:00:00-07:00,TH_SP15_GEN-APND,42.15043
2024-09-27 23:00:00-07:00,TH_ZP26_GEN-APND,41.28006
2024-09-28 00:00:00-07:00,TH_NP15_GEN-APND,41.85435
2024-09-28 00:00:00-07:00,TH_SP15_GEN-APND,41.77275
2024-09-28 00:00:00-07:00,TH_ZP26_GEN-APND,42.05096
2024-09-28 01:00:00-07:00,TH_NP15_GEN-APND,40.9578
2024-09-28 01:00:00-07:00,TH_SP15_GEN-APND,40.8262
2024-09-28 01:00:00-07:00,TH_ZP26_GEN-APND,41.13952
2024-09-28 02:00:00-07:00,TH_NP15_GEN-APND,40.36116
2024-09-28 02:00:00-07:00,TH_SP15_GEN-APND,40.47599
2024-09-28 02:00:00-07:00,TH_ZP26_GEN-APND,40.69994
2024-09-28 03:00:00-07:00,TH_NP15_GEN-APND,39.64215
2024-09-28 03:00:00-07:00,TH_SP15_GEN-APND,39.99285
2024-09-28 03:00:00-07:00,TH_ZP26_GEN-APND,40.06722
2024-09-28 04:00:00-07:00,TH_NP15_GEN-APND,39.51929
2024-09-28 04:00:00-07:00,TH_SP15_GEN-APND,32.4509
2024-09-28 04:00:00-07:00,TH_ZP26_GEN-APND,39.80124
2024-09-28 05:00:00-07:00,TH_NP15_GEN-APND,40.41129
2024-09-28 05:00:00-07:00,TH_SP15_GEN-APND,40.18122
2024-09-28 05:00:00-07:00,TH_ZP26_GEN-APND,40.59675
2024-09-28 06:00:00-07:00,TH_NP15_GEN-APND,39.86748
2024-09-28 06:00:00-07:00,TH_SP15_GEN-APND,40.78284
2024-09-28 06:00:00-07:00,TH_ZP26_GEN-APND,40.56448
2024-09-28 07:00:00-07:00,TH_NP15_GEN-APND,34.66084
2024-09-28 07:00:00-07:00,TH_SP15_GEN-APND,33.17402
2024-09-28 07:00:00-07:00,TH_ZP26_GEN-APND,33.46441
2024-09-28 08:00:00-07:00,TH_NP15_GEN-APND,25.81933
2024-09-28 08:00:00-07:00,TH_SP15_GEN-APND,14.94875
2024-09-28 08:00:00-07:00,TH_ZP26_GEN-APND,13.3
2024-09-28 09:00:00-07:00,TH_NP15_GEN-APND,25.24984
2024-09-28 09:00:00-07:00,TH_SP15_GEN-APND,10.08213
2024-09-28 09:00:00-07:00,TH_ZP26_GEN-APND,7.7273
2024-09-28 10:00:00-07:00,TH_NP15_GEN-APND,24.20281
2024-09-28 10:00:00-07:00,TH_SP15_GEN-APND,11.68332
2024-09-28 10:00:00-07:00,TH_ZP26_GEN-APND,9.0925
2024-09-28 11:00:00-07:00,TH_NP15_GEN-APND,23.69508
2024-09-28 11:00:00-07:00,TH_SP15_GEN-APND,11.69069
2024-09-28 11:00:00-07:00,TH_ZP26_GEN-APND,9.00905
2024-09-28 12:00:00-07:00,TH_NP15_GEN-APND,23.68549
2024-09-28 12:00:00-07:00,TH_SP15_GEN-APND,13.12849
2024-09-28 12:00:00-07:00,TH_ZP26_GEN-APND,10.80675
2024-09-28 13:00:00-07:00,TH_NP15_GEN-APND,24.075
2024-09-28 13:00:00-07:00,TH_SP15_GEN-APND,14.20211
2024-09-28 13:00:00-07:00,TH_ZP26_GEN-APND,11.67944
2024-09-28 14:00:00-07:00,TH_NP15_GEN-APND,26.44541
2024-09-28 14:00:00-07:00,TH_SP15_GEN-APND,14.61547
2024-09-28 14:00:00-07:00,TH_ZP26_GEN-APND,11.7435
2024-09-28 15:00:00-07:00,TH_NP15_GEN-APND,29.23497
2024-09-28 15:00:00-07:00,TH_SP15_GEN-APND,22.79
2024-09-28 15:00:00-07:00,TH_ZP26_GEN-APND,21.18909
2024-09-28 16:00:00-07:00,TH_NP15_GEN-APND,37.15263
2024-09-28 16:00:00-07:00,TH_SP15_GEN-APND,32.82405
2024-09-28 16:00:00-07:00,TH_ZP26_GEN-APND,32.38016
2024-09-28 17:00:00-07:00,TH_NP15_GEN-APND,43.55198
2024-09-28 17:00:00-07:00,TH_SP15_GEN-APND,42.40342
2024-09-28 17:00:00-07:00,TH_ZP26_GEN-APND,42.56815
2024-09-28 18:00:00-07:00,TH_NP15_GEN-APND,56.08003
2024-09-28 18:00:00-07:00,TH_SP15_GEN-APND,54.86811
2024-09-28 18:00:00-07:00,TH_ZP26_GEN-APND,55.31084
2024-09-28 19:00:00-07:00,TH_NP15_GEN-APND,50.72481
2024-09-28 19:00:00-07:00,TH_SP15_GEN-APND,49.31169
2024-09-28 19:00:00-07:00,TH_ZP26_GEN-APND,49.83344
2024-09-28 20:00:00-07:00,TH_NP15_GEN-APND,42.57016
2024-09-28 20:00:00-07:00,TH_SP15_GEN-APND,42.37044
2024-09-28 20:00:00-07:00,TH_ZP26_GEN-APND,42.4148
2024-09-28 21:00:00-07:00,TH_NP15_GEN-APND,41.37301
2024-09-28 21:00:00-07:00,TH_SP15_GEN-APND,42.63691
2024-09-28 21:00:00-07:00,TH_ZP26_GEN-APND,42.23591
2024-09-28 22:00:00-07:00,TH_NP15_GEN-APND,40.62731
2024-09-28 22:00:00-07:00,TH_SP15_GEN-APND,41.127
2024-09-28 22:00:00-07:00,TH_ZP26_GEN-APND,41.1468
2024-09-28 23:00:00-07:00,TH_NP15_GEN-APND,38.20767
2024-09-28 23:00:00-07:00,TH_SP15_GEN-APND,38.54482
2024-09-28 23:00:00-07:00,TH_ZP26_GEN-APND,38.33542
2024-09-29 00:00:00-07:00,TH_NP15_GEN-APND,36.02897
2024-09-29 00:00:00-07:00,TH_SP15_GEN-APND,37.08492
2024-09-29 00:00:00-07:00,TH_ZP26_GEN-APND,36.93296
2024-09-29 01:00:00-07:00,TH_NP15_GEN-APND,35.61054
2024-09-29 01:00:00-07:00,TH_SP15_GEN-APND,36.90205
2024-09-29 01:00:00-07:00,TH_ZP26_GEN-APND,36.71331
2024-09-29 02:00:00-07:00,TH_NP15_GEN-APND,35.65355
2024-09-29 02:00:00-07:00,TH_SP15_GEN-APND,36.69491
2024-09-29 02:00:00-07:00,TH_ZP26_GEN-APND,36.58208
2024-09-29 03:00:00-07:00,TH_NP15_GEN-APND,35.46056
2024-09-29 03:00:00-07:00,TH_SP15_GEN-APND,36.41808
2024-09-29 03:00:00-07:00,TH_ZP26_GEN-APND,36.2207
2024-09-29 04:00:00-07:00,TH_NP15_GEN-APND,35.11491
2024-09-29 04:00:00-07:00,TH_SP15_GEN-APND,35.80686
2024-09-29 04:00:00-07:00,TH_ZP26_GEN-APND,35.63854
2024-09-29 05:00:00-07:00,TH_NP15_GEN-APND,35.78714
2024-09-29 05:00:00-07:00,TH_SP15_GEN-APND,37.09739
2024-09-29 05:00:00-07:00,TH_ZP26_GEN-APND,36.83651
2024-09-29 06:00:00-07:00,TH_NP15_GEN-APND,37.092
2024-09-29 06:00:00-07:00,TH_SP15_GEN-APND,39.15686
2024-09-29 06:00:00-07:00,TH_ZP26_GEN-APND,38.67944
2024-09-29 07:00:00-07:00,TH_NP15_GEN-APND,32.68268
2024-09-29 07:00:00-07:00,TH_SP15_GEN-APND,30.09486
2024-09-29 07:00:00-07:00,TH_ZP26_GEN-APND,30.49845
2024-09-29 08:00:00-07:00,TH_NP15_GEN-APND,21.75405
2024-09-29 08:00:00-07:00,TH_SP15_GEN-APND,5.38469
2024-09-29 08:00:00-07:00,TH_ZP26_GEN-APND,3.97269
2024-09-29 09:00:00-07:00,TH_NP15_GEN-APND,27.42171
2024-09-29 09:00:00-07:00,TH_SP15_GEN-APND,-1.30779
2024-09-29 09:00:00-07:00,TH_ZP26_GEN-APND,-3.78463
2024-09-29 10:00:00-07:00,TH_NP15_GEN-APND,24.09631
2024-09-29 10:00:00-07:00,TH_SP15_GEN-APND,-0.39431
2024-09-29 10:00:00-07:00,TH_ZP26_GEN-APND,-2.76742
2024-09-29 11:00:00-07:00,TH_NP15_GEN-APND,24.7167
2024-09-29 11:00:00-07:00,TH_SP15_GEN-APND,-0.71763
2024-09-29 11:00:00-07:00,TH_ZP26_GEN-APND,-3.07356
2024-09-29 12:00:00-07:00,TH_NP15_GEN-APND,24.57765
2024-09-29 12:00:00-07:00,TH_SP15_GEN-APND,1.33094
2024-09-29 12:00:00-07:00,TH_ZP26_GEN-APND,-1.04227
2024-09-29 13:00:00-07:00,TH_NP15_GEN-APND,25.88544
2024-09-29 13:00:00-07:00,TH_SP15_GEN-APND,1.89593
2024-09-29 13:00:00-07:00,TH_ZP26_GEN-APND,-0.51409
2024-09-29 14:00:00-07:00,TH_NP15_GEN-APND,27.08611
2024-09-29 14:00:00-07:00,TH_SP15_GEN-APND,3.21562
2024-09-29 14:00:00-07:00,TH_ZP26_GEN-APND,1.01663
2024-09-29 15:00:00-07:00,TH_NP15_GEN-APND,31.0287
2024-09-29 15:00:00-07:00,TH_SP15_GEN-APND,12.42535
2024-09-29 15:00:00-07:00,TH_ZP26_GEN-APND,10.52327
2024-09-29 16:00:00-07:00,TH_NP15_GEN-APND,35.72988
2024-09-29 16:00:00-07:00,TH_SP15_GEN-APND,31.1266
2024-09-29 16:00:00-07:00,TH_ZP26_GEN-APND,30.40134
2024-09-29 17:00:00-07:00,TH_NP15_GEN-APND,45.0
2024-09-29 17:00:00-07:00,TH_SP15_GEN-APND,44.06068
2024-09-29 17:00:00-07:00,TH_ZP26_GEN-APND,43.77574
2024-09-29 18:00:00-07:00,TH_NP15_GEN-APND,54.88575
2024-09-29 18:00:00-07:00,TH_SP15_GEN-APND,53.7619
2024-09-29 18:00:00-07:00,TH_ZP26_GEN-APND,53.85153
2024-09-29 19:00:00-07:00,TH_NP15_GEN-APND,52.34417
2024-09-29 19:00:00-07:00,TH_SP15_GEN-APND,51.63351
2024-09-29 19:00:00-07:00,TH_ZP26_GEN-APND,51.90531
2024-09-29 20:00:00-07:00,TH_NP15_GEN-APND,43.81269
2024-09-29 20:00:00-07:00,TH_SP15_GEN-APND,44.06007
2024-09-29 20:00:00-07:00,TH_ZP26_GEN-APND,44.21358
2024-09-29 21:00:00-07:00,TH_NP15_GEN-APND,43.13255
2024-09-29 21:00:00-07:00,TH_SP15_GEN-APND,43.50397
2024-09-29 21:00:00-07:00,TH_ZP26_GEN-APND,43.42209
2024-09-29 22:00:00-07:00,TH_NP15_GEN-APND,42.38345
2024-09-29 22:00:00-07:00,TH_SP15_GEN-APND,42.92077
2024-09-29 22:00:00-07:00,TH_ZP26_GEN-APND,42.96075
2024-09-29 23:00:00-07:00,TH_NP15_GEN-APND,42.03029
2024-09-29 23:00:00-07:00,TH_SP15_GEN-APND,42.27041
2024-09-29 23:00:00-07:00,TH_ZP26_GEN-APND,42.38408
