time,hub,price
2016-06-01 00:00:00+00:00,BAYSHOR,39.4391
2016-06-01 01:00:00+00:00,BAYSHOR,40.462140000000005
2016-06-01 02:00:00+00:00,BAYSHOR,42.45745
2016-06-01 03:00:00+00:00,BAYSHOR,43.69572
2016-06-01 04:00:00+00:00,BAYSHOR,31.92311
2016-06-01 05:00:00+00:00,BAYSHOR,24.10295
2016-06-01 06:00:00+00:00,BAYSHOR,21.10436
2016-06-01 08:00:00+00:00,BAYSHOR,19.56409
2016-06-01 09:00:00+00:00,BAYSHOR,18.58758
2016-06-01 10:00:00+00:00,BAYSHOR,19.24476
2016-06-01 11:00:00+00:00,BAYSHOR,21.1334
2016-06-01 12:00:00+00:00,BAYSHOR,20.32721
2016-06-01 13:00:00+00:00,BAYSHOR,25.262320000000003
2016-06-01 14:00:00+00:00,BAYSHOR,25.07778
2016-06-01 15:00:00+00:00,BAYSHOR,23.24355
2016-06-01 16:00:00+00:00,BAYSHOR,23.98744
2016-06-01 17:00:00+00:00,BAYSHOR,25.69974
2016-06-01 18:00:00+00:00,BAYSHOR,26.532020000000003
2016-06-01 19:00:00+00:00,BAYSHOR,36.57952
2016-06-01 21:00:00+00:00,BAYSHOR,39.21807
2016-06-01 22:00:00+00:00,BAYSHOR,43.86345
2016-06-01 23:00:00+00:00,BAYSHOR,45.16759
2016-06-02 00:00:00+00:00,BAYSHOR,45.77143
2016-06-02 01:00:00+00:00,BAYSHOR,48.8115
2016-06-02 02:00:00+00:00,BAYSHOR,46.64178
2016-06-02 03:00:00+00:00,BAYSHOR,43.68411
2016-06-02 04:00:00+00:00,BAYSHOR,32.48573
2016-06-02 05:00:00+00:00,BAYSHOR,25.81817
2016-06-02 06:00:00+00:00,BAYSHOR,21.85577
2016-06-02 07:00:00+00:00,BAYSHOR,19.89382
2016-06-02 08:00:00+00:00,BAYSHOR,21.30141
2016-06-02 09:00:00+00:00,BAYSHOR,17.19677
2016-06-02 10:00:00+00:00,BAYSHOR,16.78968
2016-06-02 11:00:00+00:00,BAYSHOR,20.24753
2016-06-02 12:00:00+00:00,BAYSHOR,20.42094
2016-06-02 13:00:00+00:00,BAYSHOR,25.54077
2016-06-02 14:00:00+00:00,BAYSHOR,24.97311
2016-06-02 15:00:00+00:00,BAYSHOR,24.03234
2016-06-02 16:00:00+00:00,BAYSHOR,24.73309
2016-06-02 17:00:00+00:00,BAYSHOR,26.70819
2016-06-02 18:00:00+00:00,BAYSHOR,28.24
2016-06-02 19:00:00+00:00,BAYSHOR,30.069540000000003
2016-06-02 20:00:00+00:00,BAYSHOR,32.49184
2016-06-02 21:00:00+00:00,BAYSHOR,36.40161
2016-06-02 22:00:00+00:00,BAYSHOR,40.18055
2016-06-02 23:00:00+00:00,BAYSHOR,42.82994
2016-06-03 00:00:00+00:00,BAYSHOR,43.60618
2016-06-03 01:00:00+00:00,BAYSHOR,45.95583
2016-06-03 02:00:00+00:00,BAYSHOR,46.50113
2016-06-03 03:00:00+00:00,BAYSHOR,46.59056
2016-06-03 04:00:00+00:00,BAYSHOR,34.442409999999995
2016-06-03 05:00:00+00:00,BAYSHOR,27.73781
2016-06-03 06:00:00+00:00,BAYSHOR,23.87705
2016-06-03 07:00:00+00:00,BAYSHOR,20.87185
2016-06-03 08:00:00+00:00,BAYSHOR,22.27138
2016-06-03 09:00:00+00:00,BAYSHOR,19.59846
2016-06-03 10:00:00+00:00,BAYSHOR,19.41854
2016-06-03 11:00:00+00:00,BAYSHOR,21.93213
2016-06-03 12:00:00+00:00,BAYSHOR,21.67908
2016-06-03 13:00:00+00:00,BAYSHOR,26.26159
2016-06-03 14:00:00+00:00,BAYSHOR,24.570220000000003
2016-06-03 15:00:00+00:00,BAYSHOR,23.90758
2016-06-03 16:00:00+00:00,BAYSHOR,25.12742
2016-06-03 17:00:00+00:00,BAYSHOR,28.10732
2016-06-03 18:00:00+00:00,BAYSHOR,30.23773
2016-06-03 19:00:00+00:00,BAYSHOR,32.235820000000004
2016-06-03 20:00:00+00:00,BAYSHOR,35.0652
2016-06-03 21:00:00+00:00,BAYSHOR,41.06065
2016-06-03 22:00:00+00:00,BAYSHOR,42.83645
2016-06-03 23:00:00+00:00,BAYSHOR,46.27552
2016-06-04 00:00:00+00:00,BAYSHOR,48.47738
2016-06-04 01:00:00+00:00,BAYSHOR,53.65718
2016-06-04 02:00:00+00:00,BAYSHOR,53.53137
2016-06-04 03:00:00+00:00,BAYSHOR,50.36411
2016-06-04 04:00:00+00:00,BAYSHOR,36.58601
2016-06-04 05:00:00+00:00,BAYSHOR,27.66291
2016-06-04 07:00:00+00:00,BAYSHOR,24.11528
2016-06-04 08:00:00+00:00,BAYSHOR,23.39935
2016-06-04 09:00:00+00:00,BAYSHOR,23.59116
2016-06-04 10:00:00+00:00,BAYSHOR,22.87529
2016-06-04 11:00:00+00:00,BAYSHOR,22.95336
2016-06-04 12:00:00+00:00,BAYSHOR,21.21006
2016-06-04 13:00:00+00:00,BAYSHOR,21.19765
2016-06-04 14:00:00+00:00,BAYSHOR,19.0
2016-06-04 15:00:00+00:00,BAYSHOR,19.0
2016-06-04 16:00:00+00:00,BAYSHOR,21.69348
2016-06-04 17:00:00+00:00,BAYSHOR,25.23545
2016-06-04 18:00:00+00:00,BAYSHOR,27.4011
2016-06-04 19:00:00+00:00,BAYSHOR,29.13648
2016-06-04 20:00:00+00:00,BAYSHOR,30.75395
2016-06-04 21:00:00+00:00,BAYSHOR,36.06392
2016-06-04 22:00:00+00:00,BAYSHOR,40.168890000000005
2016-06-04 23:00:00+00:00,BAYSHOR,43.95563
2016-06-05 00:00:00+00:00,BAYSHOR,44.53
2016-06-05 01:00:00+00:00,BAYSHOR,50.94
2016-06-05 02:00:00+00:00,BAYSHOR,54.7
2016-06-05 03:00:00+00:00,BAYSHOR,50.447
2016-06-05 04:00:00+00:00,BAYSHOR,35.06955
2016-06-05 05:00:00+00:00,BAYSHOR,26.22598
2016-06-05 06:00:00+00:00,BAYSHOR,23.46359
2016-06-05 07:00:00+00:00,BAYSHOR,23.64898
2016-06-05 08:00:00+00:00,BAYSHOR,22.63062
2016-06-05 09:00:00+00:00,BAYSHOR,22.76647
2016-06-05 10:00:00+00:00,BAYSHOR,22.29363
2016-06-05 11:00:00+00:00,BAYSHOR,22.17255
2016-06-05 12:00:00+00:00,BAYSHOR,19.33173
2016-06-05 13:00:00+00:00,BAYSHOR,20.03714
2016-06-05 14:00:00+00:00,BAYSHOR,16.766460000000002
2016-06-05 15:00:00+00:00,BAYSHOR,16.28111
2016-06-05 16:00:00+00:00,BAYSHOR,18.78165
2016-06-05 17:00:00+00:00,BAYSHOR,22.22948
2016-06-05 18:00:00+00:00,BAYSHOR,24.16139
2016-06-05 19:00:00+00:00,BAYSHOR,27.31078
2016-06-05 20:00:00+00:00,BAYSHOR,28.01071
2016-06-05 21:00:00+00:00,BAYSHOR,28.82281
2016-06-05 22:00:00+00:00,BAYSHOR,32.2183
2016-06-05 23:00:00+00:00,BAYSHOR,37.48195
2016-06-06 00:00:00+00:00,BAYSHOR,40.70041
2016-06-06 01:00:00+00:00,BAYSHOR,47.73147
2016-06-06 02:00:00+00:00,BAYSHOR,47.40634
2016-06-06 03:00:00+00:00,BAYSHOR,42.54983
2016-06-06 04:00:00+00:00,BAYSHOR,32.322959999999995
2016-06-06 05:00:00+00:00,BAYSHOR,27.33733
2016-06-06 06:00:00+00:00,BAYSHOR,25.67663
2016-06-06 07:00:00+00:00,BAYSHOR,17.470110000000002
2016-06-06 08:00:00+00:00,BAYSHOR,17.2594
2016-06-06 09:00:00+00:00,BAYSHOR,15.37778
2016-06-06 10:00:00+00:00,BAYSHOR,14.562879999999998
2016-06-06 11:00:00+00:00,BAYSHOR,16.30053
2016-06-06 12:00:00+00:00,BAYSHOR,18.98704
2016-06-06 13:00:00+00:00,BAYSHOR,26.76655
2016-06-06 14:00:00+00:00,BAYSHOR,25.18715
2016-06-06 15:00:00+00:00,BAYSHOR,24.79304
2016-06-06 16:00:00+00:00,BAYSHOR,25.10618
2016-06-06 17:00:00+00:00,BAYSHOR,25.92899
2016-06-06 18:00:00+00:00,BAYSHOR,26.913940000000004
2016-06-06 19:00:00+00:00,BAYSHOR,27.601470000000003
2016-06-06 20:00:00+00:00,BAYSHOR,27.76426
2016-06-06 21:00:00+00:00,BAYSHOR,29.3695
2016-06-06 22:00:00+00:00,BAYSHOR,36.99137
2016-06-06 23:00:00+00:00,BAYSHOR,38.57191
2016-06-07 00:00:00+00:00,BAYSHOR,41.478640000000006
2016-06-07 01:00:00+00:00,BAYSHOR,50.49534
2016-06-07 02:00:00+00:00,BAYSHOR,47.24808
2016-06-07 03:00:00+00:00,BAYSHOR,42.13993
2016-06-07 04:00:00+00:00,BAYSHOR,30.11851
2016-06-07 05:00:00+00:00,BAYSHOR,27.191440000000004
2016-06-07 06:00:00+00:00,BAYSHOR,23.6466
2016-06-07 07:00:00+00:00,BAYSHOR,17.20477
2016-06-07 08:00:00+00:00,BAYSHOR,15.76837
2016-06-07 09:00:00+00:00,BAYSHOR,14.6996
2016-06-07 10:00:00+00:00,BAYSHOR,14.37505
2016-06-07 11:00:00+00:00,BAYSHOR,15.08922
2016-06-07 12:00:00+00:00,BAYSHOR,17.8271
2016-06-07 13:00:00+00:00,BAYSHOR,24.89064
2016-06-07 14:00:00+00:00,BAYSHOR,23.57242
2016-06-07 15:00:00+00:00,BAYSHOR,23.12985
2016-06-07 16:00:00+00:00,BAYSHOR,24.50363
2016-06-07 17:00:00+00:00,BAYSHOR,25.41914
2016-06-07 18:00:00+00:00,BAYSHOR,24.59006
2016-06-07 19:00:00+00:00,BAYSHOR,25.69028
2016-06-07 20:00:00+00:00,BAYSHOR,27.02502
2016-06-07 21:00:00+00:00,BAYSHOR,28.09543
2016-06-07 22:00:00+00:00,BAYSHOR,30.42868
2016-06-07 23:00:00+00:00,BAYSHOR,32.84271
2016-06-08 00:00:00+00:00,BAYSHOR,38.06856
2016-06-08 01:00:00+00:00,BAYSHOR,44.56292
2016-06-08 02:00:00+00:00,BAYSHOR,47.93865
2016-06-08 03:00:00+00:00,BAYSHOR,39.39741
2016-06-08 04:00:00+00:00,BAYSHOR,31.02079
2016-06-08 05:00:00+00:00,BAYSHOR,25.04467
2016-06-08 06:00:00+00:00,BAYSHOR,21.53226
2016-06-08 07:00:00+00:00,BAYSHOR,16.21361
2016-06-08 08:00:00+00:00,BAYSHOR,14.75097
2016-06-08 09:00:00+00:00,BAYSHOR,13.39352
2016-06-08 10:00:00+00:00,BAYSHOR,13.07757
2016-06-08 11:00:00+00:00,BAYSHOR,14.245679999999998
2016-06-08 12:00:00+00:00,BAYSHOR,18.5574
2016-06-08 13:00:00+00:00,BAYSHOR,24.04803
2016-06-08 14:00:00+00:00,BAYSHOR,23.9736
2016-06-08 15:00:00+00:00,BAYSHOR,22.36045
2016-06-08 16:00:00+00:00,BAYSHOR,23.62438
2016-06-08 17:00:00+00:00,BAYSHOR,24.6195
2016-06-08 18:00:00+00:00,BAYSHOR,24.81054
2016-06-08 19:00:00+00:00,BAYSHOR,26.63385
2016-06-08 20:00:00+00:00,BAYSHOR,26.55431
2016-06-08 21:00:00+00:00,BAYSHOR,27.018490000000003
2016-06-08 22:00:00+00:00,BAYSHOR,27.74336
2016-06-08 23:00:00+00:00,BAYSHOR,29.01451
2016-06-09 00:00:00+00:00,BAYSHOR,33.77453
2016-06-09 01:00:00+00:00,BAYSHOR,37.53696
2016-06-09 02:00:00+00:00,BAYSHOR,41.12373
2016-06-09 03:00:00+00:00,BAYSHOR,34.95453
2016-06-09 04:00:00+00:00,BAYSHOR,27.7203
2016-06-09 05:00:00+00:00,BAYSHOR,25.15907
2016-06-09 06:00:00+00:00,BAYSHOR,21.72234
2016-06-09 07:00:00+00:00,BAYSHOR,19.47825
2016-06-09 08:00:00+00:00,BAYSHOR,16.54316
2016-06-09 09:00:00+00:00,BAYSHOR,16.703689999999998
2016-06-09 10:00:00+00:00,BAYSHOR,15.5624
2016-06-09 11:00:00+00:00,BAYSHOR,18.21885
2016-06-09 12:00:00+00:00,BAYSHOR,22.73325
2016-06-09 13:00:00+00:00,BAYSHOR,25.26154
2016-06-09 14:00:00+00:00,BAYSHOR,26.473240000000004
2016-06-09 15:00:00+00:00,BAYSHOR,24.64252
2016-06-09 16:00:00+00:00,BAYSHOR,25.52145
2016-06-09 17:00:00+00:00,BAYSHOR,26.43162
2016-06-09 18:00:00+00:00,BAYSHOR,26.27287
2016-06-09 19:00:00+00:00,BAYSHOR,26.78655
2016-06-09 20:00:00+00:00,BAYSHOR,27.74786
2016-06-09 21:00:00+00:00,BAYSHOR,27.27158
2016-06-09 22:00:00+00:00,BAYSHOR,29.55587
2016-06-09 23:00:00+00:00,BAYSHOR,31.75396
2016-06-10 00:00:00+00:00,BAYSHOR,36.72685
2016-06-10 01:00:00+00:00,BAYSHOR,40.21424
2016-06-10 02:00:00+00:00,BAYSHOR,42.56957
2016-06-10 03:00:00+00:00,BAYSHOR,39.60871
2016-06-10 04:00:00+00:00,BAYSHOR,29.03149
2016-06-10 05:00:00+00:00,BAYSHOR,26.28926
2016-06-10 06:00:00+00:00,BAYSHOR,22.949
2016-06-10 07:00:00+00:00,BAYSHOR,20.76553
2016-06-10 08:00:00+00:00,BAYSHOR,18.79201
2016-06-10 09:00:00+00:00,BAYSHOR,18.5777
2016-06-10 10:00:00+00:00,BAYSHOR,17.69504
2016-06-10 11:00:00+00:00,BAYSHOR,19.37433
2016-06-10 12:00:00+00:00,BAYSHOR,22.97154
2016-06-10 13:00:00+00:00,BAYSHOR,25.93685
2016-06-10 14:00:00+00:00,BAYSHOR,26.33386
2016-06-10 15:00:00+00:00,BAYSHOR,23.17804
2016-06-10 16:00:00+00:00,BAYSHOR,24.23171
2016-06-10 17:00:00+00:00,BAYSHOR,26.45747
2016-06-10 18:00:00+00:00,BAYSHOR,25.34807
2016-06-10 19:00:00+00:00,BAYSHOR,23.974220000000003
2016-06-10 20:00:00+00:00,BAYSHOR,25.77195
2016-06-10 21:00:00+00:00,BAYSHOR,24.60529
2016-06-10 22:00:00+00:00,BAYSHOR,27.37948
2016-06-10 23:00:00+00:00,BAYSHOR,27.9492
2016-06-11 00:00:00+00:00,BAYSHOR,31.27911
2016-06-11 01:00:00+00:00,BAYSHOR,34.83217
2016-06-11 02:00:00+00:00,BAYSHOR,33.81779
2016-06-11 03:00:00+00:00,BAYSHOR,34.52418
2016-06-11 04:00:00+00:00,BAYSHOR,30.341040000000003
2016-06-11 05:00:00+00:00,BAYSHOR,26.14491
2016-06-11 06:00:00+00:00,BAYSHOR,22.37479
2016-06-11 07:00:00+00:00,BAYSHOR,24.90357
2016-06-11 08:00:00+00:00,BAYSHOR,23.21122
2016-06-11 09:00:00+00:00,BAYSHOR,23.59461
2016-06-11 10:00:00+00:00,BAYSHOR,23.47904
2016-06-11 11:00:00+00:00,BAYSHOR,23.94706
2016-06-11 12:00:00+00:00,BAYSHOR,23.80153
2016-06-11 13:00:00+00:00,BAYSHOR,23.36526
2016-06-11 14:00:00+00:00,BAYSHOR,20.80995
2016-06-11 15:00:00+00:00,BAYSHOR,17.970879999999998
2016-06-11 16:00:00+00:00,BAYSHOR,19.07057
2016-06-11 17:00:00+00:00,BAYSHOR,20.38248
2016-06-11 18:00:00+00:00,BAYSHOR,21.562
2016-06-11 19:00:00+00:00,BAYSHOR,21.82518
2016-06-11 20:00:00+00:00,BAYSHOR,23.46995
2016-06-11 21:00:00+00:00,BAYSHOR,22.94059
2016-06-11 22:00:00+00:00,BAYSHOR,24.47464
2016-06-11 23:00:00+00:00,BAYSHOR,25.43849
2016-06-12 00:00:00+00:00,BAYSHOR,27.56168
2016-06-12 01:00:00+00:00,BAYSHOR,32.474000000000004
2016-06-12 02:00:00+00:00,BAYSHOR,36.29596
2016-06-12 04:00:00+00:00,BAYSHOR,33.215720000000005
2016-06-12 05:00:00+00:00,BAYSHOR,27.362640000000003
2016-06-12 06:00:00+00:00,BAYSHOR,24.07311
2016-06-12 07:00:00+00:00,BAYSHOR,24.55469
2016-06-12 08:00:00+00:00,BAYSHOR,22.94762
2016-06-12 09:00:00+00:00,BAYSHOR,23.36621
2016-06-12 10:00:00+00:00,BAYSHOR,22.53324
2016-06-12 11:00:00+00:00,BAYSHOR,23.02623
2016-06-12 12:00:00+00:00,BAYSHOR,23.1509
2016-06-12 13:00:00+00:00,BAYSHOR,21.33407
2016-06-12 14:00:00+00:00,BAYSHOR,19.46512
2016-06-12 15:00:00+00:00,BAYSHOR,15.67176
2016-06-12 16:00:00+00:00,BAYSHOR,16.026670000000003
2016-06-12 17:00:00+00:00,BAYSHOR,17.330389999999998
2016-06-12 18:00:00+00:00,BAYSHOR,19.20209
2016-06-12 19:00:00+00:00,BAYSHOR,18.80478
2016-06-12 20:00:00+00:00,BAYSHOR,19.98302
2016-06-12 21:00:00+00:00,BAYSHOR,20.05649
2016-06-12 22:00:00+00:00,BAYSHOR,21.82327
2016-06-12 23:00:00+00:00,BAYSHOR,23.72592
2016-06-13 00:00:00+00:00,BAYSHOR,26.67026
2016-06-13 01:00:00+00:00,BAYSHOR,29.13478
2016-06-13 02:00:00+00:00,BAYSHOR,35.77906
2016-06-13 03:00:00+00:00,BAYSHOR,43.76634
2016-06-13 04:00:00+00:00,BAYSHOR,35.07483
2016-06-13 05:00:00+00:00,BAYSHOR,26.73738
2016-06-13 06:00:00+00:00,BAYSHOR,22.3056
2016-06-13 07:00:00+00:00,BAYSHOR,21.56778
2016-06-13 08:00:00+00:00,BAYSHOR,19.70811
2016-06-13 09:00:00+00:00,BAYSHOR,19.7405
2016-06-13 10:00:00+00:00,BAYSHOR,17.834020000000002
2016-06-13 11:00:00+00:00,BAYSHOR,18.93047
2016-06-13 12:00:00+00:00,BAYSHOR,22.07935
2016-06-13 13:00:00+00:00,BAYSHOR,27.364490000000004
2016-06-13 14:00:00+00:00,BAYSHOR,28.305090000000003
2016-06-13 15:00:00+00:00,BAYSHOR,25.76954
2016-06-13 16:00:00+00:00,BAYSHOR,26.38212
2016-06-13 17:00:00+00:00,BAYSHOR,25.92075
2016-06-13 18:00:00+00:00,BAYSHOR,24.78071
2016-06-13 19:00:00+00:00,BAYSHOR,23.04624
2016-06-13 20:00:00+00:00,BAYSHOR,23.56466
2016-06-13 21:00:00+00:00,BAYSHOR,23.86847
2016-06-13 22:00:00+00:00,BAYSHOR,26.78481
2016-06-13 23:00:00+00:00,BAYSHOR,27.88352
2016-06-14 00:00:00+00:00,BAYSHOR,27.59741
2016-06-14 01:00:00+00:00,BAYSHOR,31.79474
2016-06-14 02:00:00+00:00,BAYSHOR,36.35923
2016-06-14 03:00:00+00:00,BAYSHOR,39.79175
2016-06-14 04:00:00+00:00,BAYSHOR,34.39282
2016-06-14 05:00:00+00:00,BAYSHOR,26.38098
2016-06-14 06:00:00+00:00,BAYSHOR,24.37738
2016-06-14 07:00:00+00:00,BAYSHOR,19.15186
2016-06-14 08:00:00+00:00,BAYSHOR,17.946460000000002
2016-06-14 09:00:00+00:00,BAYSHOR,17.41647
2016-06-14 10:00:00+00:00,BAYSHOR,15.58651
2016-06-14 11:00:00+00:00,BAYSHOR,17.7884
2016-06-14 12:00:00+00:00,BAYSHOR,22.56199
2016-06-14 13:00:00+00:00,BAYSHOR,25.66699
2016-06-14 14:00:00+00:00,BAYSHOR,25.379620000000003
2016-06-14 15:00:00+00:00,BAYSHOR,22.176920000000003
2016-06-14 16:00:00+00:00,BAYSHOR,22.15158
2016-06-14 17:00:00+00:00,BAYSHOR,23.25429
2016-06-14 18:00:00+00:00,BAYSHOR,23.22549
2016-06-14 19:00:00+00:00,BAYSHOR,22.17492
2016-06-14 20:00:00+00:00,BAYSHOR,22.13763
2016-06-14 21:00:00+00:00,BAYSHOR,22.90763
2016-06-14 22:00:00+00:00,BAYSHOR,23.96206
2016-06-14 23:00:00+00:00,BAYSHOR,26.18556
2016-06-15 00:00:00+00:00,BAYSHOR,25.68691
2016-06-15 01:00:00+00:00,BAYSHOR,30.678390000000004
2016-06-15 02:00:00+00:00,BAYSHOR,35.89788
2016-06-15 03:00:00+00:00,BAYSHOR,39.30064
2016-06-15 04:00:00+00:00,BAYSHOR,31.99576
2016-06-15 05:00:00+00:00,BAYSHOR,25.62523
2016-06-15 06:00:00+00:00,BAYSHOR,23.76896
2016-06-15 07:00:00+00:00,BAYSHOR,21.08612
2016-06-15 08:00:00+00:00,BAYSHOR,20.79968
2016-06-15 09:00:00+00:00,BAYSHOR,21.30142
2016-06-15 10:00:00+00:00,BAYSHOR,18.51936
2016-06-15 11:00:00+00:00,BAYSHOR,20.65258
2016-06-15 12:00:00+00:00,BAYSHOR,23.702
2016-06-15 13:00:00+00:00,BAYSHOR,29.88156
2016-06-15 14:00:00+00:00,BAYSHOR,28.40821
2016-06-15 15:00:00+00:00,BAYSHOR,23.86352
2016-06-15 16:00:00+00:00,BAYSHOR,24.09834
2016-06-15 17:00:00+00:00,BAYSHOR,22.59943
2016-06-15 18:00:00+00:00,BAYSHOR,22.21255
2016-06-15 19:00:00+00:00,BAYSHOR,21.04831
2016-06-15 20:00:00+00:00,BAYSHOR,21.52927
2016-06-15 21:00:00+00:00,BAYSHOR,20.39666
2016-06-15 22:00:00+00:00,BAYSHOR,24.43805
2016-06-15 23:00:00+00:00,BAYSHOR,23.95678
2016-06-16 00:00:00+00:00,BAYSHOR,24.13675
2016-06-16 01:00:00+00:00,BAYSHOR,31.4506
2016-06-16 02:00:00+00:00,BAYSHOR,36.86939
2016-06-16 03:00:00+00:00,BAYSHOR,41.2592
2016-06-16 04:00:00+00:00,BAYSHOR,34.26062
2016-06-16 05:00:00+00:00,BAYSHOR,27.10325
2016-06-16 06:00:00+00:00,BAYSHOR,24.151670000000003
2016-06-16 07:00:00+00:00,BAYSHOR,22.57364
2016-06-16 08:00:00+00:00,BAYSHOR,22.13287
2016-06-16 09:00:00+00:00,BAYSHOR,21.94378
2016-06-16 10:00:00+00:00,BAYSHOR,20.77438
2016-06-16 11:00:00+00:00,BAYSHOR,22.37618
2016-06-16 12:00:00+00:00,BAYSHOR,25.96306
2016-06-16 13:00:00+00:00,BAYSHOR,32.89823
2016-06-16 14:00:00+00:00,BAYSHOR,28.105690000000003
2016-06-16 15:00:00+00:00,BAYSHOR,24.70096
2016-06-16 16:00:00+00:00,BAYSHOR,25.0933
2016-06-16 17:00:00+00:00,BAYSHOR,25.33604
2016-06-16 18:00:00+00:00,BAYSHOR,25.20182
2016-06-16 19:00:00+00:00,BAYSHOR,22.95044
2016-06-16 20:00:00+00:00,BAYSHOR,23.12032
2016-06-16 21:00:00+00:00,BAYSHOR,23.78541
2016-06-16 22:00:00+00:00,BAYSHOR,26.26466
2016-06-16 23:00:00+00:00,BAYSHOR,27.38602
2016-06-17 00:00:00+00:00,BAYSHOR,27.92212
2016-06-17 01:00:00+00:00,BAYSHOR,32.80097
2016-06-17 02:00:00+00:00,BAYSHOR,38.54905
2016-06-17 03:00:00+00:00,BAYSHOR,46.88661
2016-06-17 04:00:00+00:00,BAYSHOR,36.62678
2016-06-17 05:00:00+00:00,BAYSHOR,29.12855
2016-06-17 06:00:00+00:00,BAYSHOR,24.78046
2016-06-17 07:00:00+00:00,BAYSHOR,26.958
2016-06-17 08:00:00+00:00,BAYSHOR,23.34584
2016-06-17 09:00:00+00:00,BAYSHOR,22.20695
2016-06-17 10:00:00+00:00,BAYSHOR,22.28494
2016-06-17 11:00:00+00:00,BAYSHOR,22.71243
2016-06-17 12:00:00+00:00,BAYSHOR,26.55423
2016-06-17 13:00:00+00:00,BAYSHOR,28.60537
2016-06-17 14:00:00+00:00,BAYSHOR,26.97754
2016-06-17 15:00:00+00:00,BAYSHOR,25.06653
2016-06-17 16:00:00+00:00,BAYSHOR,23.33144
2016-06-17 17:00:00+00:00,BAYSHOR,23.60563
2016-06-17 18:00:00+00:00,BAYSHOR,24.80604
2016-06-17 19:00:00+00:00,BAYSHOR,23.45393
2016-06-17 20:00:00+00:00,BAYSHOR,24.80736
2016-06-17 21:00:00+00:00,BAYSHOR,26.24555
2016-06-17 22:00:00+00:00,BAYSHOR,28.44911
2016-06-17 23:00:00+00:00,BAYSHOR,28.51019
2016-06-18 00:00:00+00:00,BAYSHOR,28.64889
2016-06-18 01:00:00+00:00,BAYSHOR,33.91315
2016-06-18 02:00:00+00:00,BAYSHOR,35.846779999999995
2016-06-18 03:00:00+00:00,BAYSHOR,38.93777
2016-06-18 04:00:00+00:00,BAYSHOR,34.2673
2016-06-18 05:00:00+00:00,BAYSHOR,28.85746
2016-06-18 06:00:00+00:00,BAYSHOR,26.6564
2016-06-18 07:00:00+00:00,BAYSHOR,26.97791
2016-06-18 08:00:00+00:00,BAYSHOR,25.78556
2016-06-18 09:00:00+00:00,BAYSHOR,24.38173
2016-06-18 10:00:00+00:00,BAYSHOR,23.16038
2016-06-18 11:00:00+00:00,BAYSHOR,23.2623
2016-06-18 12:00:00+00:00,BAYSHOR,23.11023
2016-06-18 13:00:00+00:00,BAYSHOR,21.44882
2016-06-18 14:00:00+00:00,BAYSHOR,19.64455
2016-06-18 15:00:00+00:00,BAYSHOR,18.90119
2016-06-18 16:00:00+00:00,BAYSHOR,20.19948
2016-06-18 17:00:00+00:00,BAYSHOR,20.48461
2016-06-18 18:00:00+00:00,BAYSHOR,22.16098
2016-06-18 19:00:00+00:00,BAYSHOR,22.7155
2016-06-18 20:00:00+00:00,BAYSHOR,24.22593
2016-06-18 21:00:00+00:00,BAYSHOR,24.65912
2016-06-18 22:00:00+00:00,BAYSHOR,26.76608
2016-06-18 23:00:00+00:00,BAYSHOR,29.56296
2016-06-19 01:00:00+00:00,BAYSHOR,36.61941
2016-06-19 02:00:00+00:00,BAYSHOR,39.42827
2016-06-19 03:00:00+00:00,BAYSHOR,40.76739
2016-06-19 04:00:00+00:00,BAYSHOR,33.468270000000004
2016-06-19 05:00:00+00:00,BAYSHOR,29.76967
2016-06-19 06:00:00+00:00,BAYSHOR,27.17805
2016-06-19 07:00:00+00:00,BAYSHOR,26.84825
2016-06-19 08:00:00+00:00,BAYSHOR,26.1481
2016-06-19 09:00:00+00:00,BAYSHOR,25.88902
2016-06-19 10:00:00+00:00,BAYSHOR,23.42154
2016-06-19 11:00:00+00:00,BAYSHOR,22.47867
2016-06-19 12:00:00+00:00,BAYSHOR,22.31965
2016-06-19 13:00:00+00:00,BAYSHOR,19.10888
2016-06-19 14:00:00+00:00,BAYSHOR,15.39078
2016-06-19 15:00:00+00:00,BAYSHOR,15.80979
2016-06-19 16:00:00+00:00,BAYSHOR,18.46072
2016-06-19 17:00:00+00:00,BAYSHOR,23.30614
2016-06-19 18:00:00+00:00,BAYSHOR,26.34258
2016-06-19 19:00:00+00:00,BAYSHOR,29.273000000000003
2016-06-19 20:00:00+00:00,BAYSHOR,31.46553
2016-06-19 21:00:00+00:00,BAYSHOR,30.97221
2016-06-19 22:00:00+00:00,BAYSHOR,35.32945
2016-06-19 23:00:00+00:00,BAYSHOR,36.46097
2016-06-20 00:00:00+00:00,BAYSHOR,41.737190000000005
2016-06-20 01:00:00+00:00,BAYSHOR,48.06186
2016-06-20 02:00:00+00:00,BAYSHOR,50.120540000000005
2016-06-20 03:00:00+00:00,BAYSHOR,45.33001
2016-06-20 04:00:00+00:00,BAYSHOR,35.46032
2016-06-20 05:00:00+00:00,BAYSHOR,29.98783
2016-06-20 06:00:00+00:00,BAYSHOR,27.95016
2016-06-20 07:00:00+00:00,BAYSHOR,24.92448
2016-06-20 08:00:00+00:00,BAYSHOR,23.06998
2016-06-20 09:00:00+00:00,BAYSHOR,21.04218
2016-06-20 10:00:00+00:00,BAYSHOR,20.26104
2016-06-20 11:00:00+00:00,BAYSHOR,20.4961
2016-06-20 12:00:00+00:00,BAYSHOR,21.96447
2016-06-20 13:00:00+00:00,BAYSHOR,31.55583
2016-06-20 14:00:00+00:00,BAYSHOR,32.194109999999995
2016-06-20 15:00:00+00:00,BAYSHOR,31.42906
2016-06-20 16:00:00+00:00,BAYSHOR,32.74283
2016-06-20 17:00:00+00:00,BAYSHOR,31.838390000000004
2016-06-20 18:00:00+00:00,BAYSHOR,32.74688
2016-06-20 19:00:00+00:00,BAYSHOR,33.67836
2016-06-20 20:00:00+00:00,BAYSHOR,35.30397
2016-06-20 21:00:00+00:00,BAYSHOR,38.83505
2016-06-20 22:00:00+00:00,BAYSHOR,38.37206
2016-06-20 23:00:00+00:00,BAYSHOR,42.0523
2016-06-21 00:00:00+00:00,BAYSHOR,46.09659
2016-06-21 01:00:00+00:00,BAYSHOR,58.149280000000005
2016-06-21 02:00:00+00:00,BAYSHOR,53.41248
2016-06-21 03:00:00+00:00,BAYSHOR,49.69368
2016-06-21 04:00:00+00:00,BAYSHOR,40.19904
2016-06-21 05:00:00+00:00,BAYSHOR,32.75587
2016-06-21 06:00:00+00:00,BAYSHOR,30.19218
2016-06-21 07:00:00+00:00,BAYSHOR,24.56061
2016-06-21 08:00:00+00:00,BAYSHOR,24.39834
2016-06-21 09:00:00+00:00,BAYSHOR,23.9616
2016-06-21 10:00:00+00:00,BAYSHOR,20.41598
2016-06-21 11:00:00+00:00,BAYSHOR,20.9429
2016-06-21 12:00:00+00:00,BAYSHOR,23.91746
2016-06-21 13:00:00+00:00,BAYSHOR,30.62353
2016-06-21 14:00:00+00:00,BAYSHOR,31.55439
2016-06-21 15:00:00+00:00,BAYSHOR,31.917690000000004
2016-06-21 16:00:00+00:00,BAYSHOR,32.82116
2016-06-21 17:00:00+00:00,BAYSHOR,32.685520000000004
2016-06-21 18:00:00+00:00,BAYSHOR,33.61026
2016-06-21 19:00:00+00:00,BAYSHOR,41.60133
2016-06-21 20:00:00+00:00,BAYSHOR,38.14995
2016-06-21 21:00:00+00:00,BAYSHOR,41.65443
2016-06-21 22:00:00+00:00,BAYSHOR,46.77442
2016-06-21 23:00:00+00:00,BAYSHOR,52.45784
2016-06-22 00:00:00+00:00,BAYSHOR,52.10616
2016-06-22 01:00:00+00:00,BAYSHOR,59.93189
2016-06-22 02:00:00+00:00,BAYSHOR,59.25467
2016-06-22 03:00:00+00:00,BAYSHOR,47.95925
2016-06-22 04:00:00+00:00,BAYSHOR,35.28711
2016-06-22 05:00:00+00:00,BAYSHOR,31.94702
2016-06-22 06:00:00+00:00,BAYSHOR,29.51949
2016-06-22 07:00:00+00:00,BAYSHOR,23.833920000000003
2016-06-22 08:00:00+00:00,BAYSHOR,22.73263
2016-06-22 09:00:00+00:00,BAYSHOR,21.35448
2016-06-22 10:00:00+00:00,BAYSHOR,18.78186
2016-06-22 11:00:00+00:00,BAYSHOR,19.7174
2016-06-22 12:00:00+00:00,BAYSHOR,22.39661
2016-06-22 13:00:00+00:00,BAYSHOR,26.70881
2016-06-22 14:00:00+00:00,BAYSHOR,27.86671
2016-06-22 15:00:00+00:00,BAYSHOR,28.10908
2016-06-22 16:00:00+00:00,BAYSHOR,30.2815
2016-06-22 17:00:00+00:00,BAYSHOR,33.000840000000004
2016-06-22 18:00:00+00:00,BAYSHOR,32.14134
2016-06-22 19:00:00+00:00,BAYSHOR,34.51583
2016-06-22 20:00:00+00:00,BAYSHOR,34.26623
2016-06-22 21:00:00+00:00,BAYSHOR,34.2089
2016-06-22 22:00:00+00:00,BAYSHOR,35.57682
2016-06-22 23:00:00+00:00,BAYSHOR,38.99832
2016-06-23 00:00:00+00:00,BAYSHOR,47.85604
2016-06-23 01:00:00+00:00,BAYSHOR,48.38391
2016-06-23 02:00:00+00:00,BAYSHOR,54.44631999999999
2016-06-23 03:00:00+00:00,BAYSHOR,44.6776
2016-06-23 04:00:00+00:00,BAYSHOR,35.330459999999995
2016-06-23 05:00:00+00:00,BAYSHOR,31.68637
2016-06-23 06:00:00+00:00,BAYSHOR,27.76217
2016-06-23 07:00:00+00:00,BAYSHOR,23.03243
2016-06-23 08:00:00+00:00,BAYSHOR,20.42699
2016-06-23 09:00:00+00:00,BAYSHOR,19.52406
2016-06-23 10:00:00+00:00,BAYSHOR,17.58202
2016-06-23 11:00:00+00:00,BAYSHOR,19.10933
2016-06-23 12:00:00+00:00,BAYSHOR,24.0711
2016-06-23 13:00:00+00:00,BAYSHOR,27.71637
2016-06-23 14:00:00+00:00,BAYSHOR,27.16727
2016-06-23 15:00:00+00:00,BAYSHOR,27.28445
2016-06-23 16:00:00+00:00,BAYSHOR,29.69535
2016-06-23 17:00:00+00:00,BAYSHOR,30.93253
2016-06-23 18:00:00+00:00,BAYSHOR,30.802740000000004
2016-06-23 19:00:00+00:00,BAYSHOR,32.16108
2016-06-23 20:00:00+00:00,BAYSHOR,31.83022
2016-06-23 21:00:00+00:00,BAYSHOR,34.22012
2016-06-23 22:00:00+00:00,BAYSHOR,34.18316
2016-06-23 23:00:00+00:00,BAYSHOR,33.819390000000006
2016-06-24 00:00:00+00:00,BAYSHOR,38.728
2016-06-24 01:00:00+00:00,BAYSHOR,37.63157
2016-06-24 02:00:00+00:00,BAYSHOR,49.55904
2016-06-24 03:00:00+00:00,BAYSHOR,42.5203
2016-06-24 04:00:00+00:00,BAYSHOR,33.75829
2016-06-24 05:00:00+00:00,BAYSHOR,31.32065
2016-06-24 06:00:00+00:00,BAYSHOR,27.108590000000003
2016-06-24 07:00:00+00:00,BAYSHOR,27.60235
2016-06-24 08:00:00+00:00,BAYSHOR,26.08652
2016-06-24 09:00:00+00:00,BAYSHOR,22.98897
2016-06-24 10:00:00+00:00,BAYSHOR,21.81741
2016-06-24 11:00:00+00:00,BAYSHOR,22.95043
2016-06-24 12:00:00+00:00,BAYSHOR,25.64456
2016-06-24 13:00:00+00:00,BAYSHOR,26.37503
2016-06-24 14:00:00+00:00,BAYSHOR,26.10669
2016-06-24 15:00:00+00:00,BAYSHOR,26.40678
2016-06-24 16:00:00+00:00,BAYSHOR,27.54209
2016-06-24 17:00:00+00:00,BAYSHOR,27.79051
2016-06-24 18:00:00+00:00,BAYSHOR,29.553290000000004
2016-06-24 19:00:00+00:00,BAYSHOR,30.667240000000003
2016-06-24 20:00:00+00:00,BAYSHOR,31.94612
2016-06-24 21:00:00+00:00,BAYSHOR,30.82957
2016-06-24 22:00:00+00:00,BAYSHOR,33.93815
2016-06-24 23:00:00+00:00,BAYSHOR,35.452729999999995
2016-06-25 00:00:00+00:00,BAYSHOR,41.23216
2016-06-25 01:00:00+00:00,BAYSHOR,42.17353
2016-06-25 02:00:00+00:00,BAYSHOR,49.90733
2016-06-25 03:00:00+00:00,BAYSHOR,43.27255
2016-06-25 04:00:00+00:00,BAYSHOR,32.69089
2016-06-25 05:00:00+00:00,BAYSHOR,31.70227
2016-06-25 06:00:00+00:00,BAYSHOR,28.65427
2016-06-25 07:00:00+00:00,BAYSHOR,26.47768
2016-06-25 08:00:00+00:00,BAYSHOR,24.04819
2016-06-25 09:00:00+00:00,BAYSHOR,23.49499
2016-06-25 10:00:00+00:00,BAYSHOR,20.34907
2016-06-25 11:00:00+00:00,BAYSHOR,23.70384
2016-06-25 12:00:00+00:00,BAYSHOR,26.60878
2016-06-25 13:00:00+00:00,BAYSHOR,24.91595
2016-06-25 14:00:00+00:00,BAYSHOR,24.3187
2016-06-25 15:00:00+00:00,BAYSHOR,25.05815
2016-06-25 16:00:00+00:00,BAYSHOR,26.806590000000003
2016-06-25 17:00:00+00:00,BAYSHOR,27.17837
2016-06-25 18:00:00+00:00,BAYSHOR,28.57656
2016-06-25 19:00:00+00:00,BAYSHOR,32.80802
2016-06-25 20:00:00+00:00,BAYSHOR,35.3238
2016-06-25 21:00:00+00:00,BAYSHOR,40.32888
2016-06-25 22:00:00+00:00,BAYSHOR,45.63935
2016-06-25 23:00:00+00:00,BAYSHOR,45.75951
2016-06-26 00:00:00+00:00,BAYSHOR,45.420390000000005
2016-06-26 01:00:00+00:00,BAYSHOR,49.85171
2016-06-26 02:00:00+00:00,BAYSHOR,49.26148
2016-06-26 03:00:00+00:00,BAYSHOR,41.90592
2016-06-26 04:00:00+00:00,BAYSHOR,32.30268
2016-06-26 05:00:00+00:00,BAYSHOR,29.82123
2016-06-26 06:00:00+00:00,BAYSHOR,28.92016
2016-06-26 07:00:00+00:00,BAYSHOR,28.89232
2016-06-26 08:00:00+00:00,BAYSHOR,24.5246
2016-06-26 09:00:00+00:00,BAYSHOR,25.30277
2016-06-26 10:00:00+00:00,BAYSHOR,23.86556
2016-06-26 11:00:00+00:00,BAYSHOR,24.0759
2016-06-26 12:00:00+00:00,BAYSHOR,23.75642
2016-06-26 13:00:00+00:00,BAYSHOR,21.60846
2016-06-26 14:00:00+00:00,BAYSHOR,20.82349
2016-06-26 15:00:00+00:00,BAYSHOR,21.73428
2016-06-26 16:00:00+00:00,BAYSHOR,24.58631
2016-06-26 17:00:00+00:00,BAYSHOR,26.904290000000003
2016-06-26 18:00:00+00:00,BAYSHOR,29.62226
2016-06-26 19:00:00+00:00,BAYSHOR,33.77959
2016-06-26 20:00:00+00:00,BAYSHOR,36.8171
2016-06-26 21:00:00+00:00,BAYSHOR,37.73776
2016-06-26 22:00:00+00:00,BAYSHOR,44.44643
2016-06-26 23:00:00+00:00,BAYSHOR,47.02915
2016-06-27 00:00:00+00:00,BAYSHOR,49.028940000000006
2016-06-27 01:00:00+00:00,BAYSHOR,56.37908
2016-06-27 02:00:00+00:00,BAYSHOR,52.87184
2016-06-27 03:00:00+00:00,BAYSHOR,44.29327
2016-06-27 04:00:00+00:00,BAYSHOR,40.7012
2016-06-27 05:00:00+00:00,BAYSHOR,34.08705
2016-06-27 06:00:00+00:00,BAYSHOR,31.04815
2016-06-27 07:00:00+00:00,BAYSHOR,26.429170000000003
2016-06-27 08:00:00+00:00,BAYSHOR,23.94938
2016-06-27 09:00:00+00:00,BAYSHOR,23.48199
2016-06-27 10:00:00+00:00,BAYSHOR,22.09425
2016-06-27 11:00:00+00:00,BAYSHOR,23.776
2016-06-27 12:00:00+00:00,BAYSHOR,25.03308
2016-06-27 13:00:00+00:00,BAYSHOR,28.17506
2016-06-27 14:00:00+00:00,BAYSHOR,29.92328
2016-06-27 15:00:00+00:00,BAYSHOR,31.6067
2016-06-27 16:00:00+00:00,BAYSHOR,32.11507
2016-06-27 17:00:00+00:00,BAYSHOR,33.6557
2016-06-27 18:00:00+00:00,BAYSHOR,36.83627
2016-06-27 19:00:00+00:00,BAYSHOR,46.17241
2016-06-27 20:00:00+00:00,BAYSHOR,50.284490000000005
2016-06-27 21:00:00+00:00,BAYSHOR,53.16268
2016-06-27 22:00:00+00:00,BAYSHOR,65.3315
2016-06-27 23:00:00+00:00,BAYSHOR,71.95573
2016-06-28 00:00:00+00:00,BAYSHOR,69.71401
2016-06-28 01:00:00+00:00,BAYSHOR,75.72021
2016-06-28 02:00:00+00:00,BAYSHOR,77.10018000000001
2016-06-28 03:00:00+00:00,BAYSHOR,55.26454
2016-06-28 04:00:00+00:00,BAYSHOR,41.64159
2016-06-28 05:00:00+00:00,BAYSHOR,33.95845
2016-06-28 06:00:00+00:00,BAYSHOR,30.81366
2016-06-28 07:00:00+00:00,BAYSHOR,27.77914
2016-06-28 08:00:00+00:00,BAYSHOR,24.15432
2016-06-28 09:00:00+00:00,BAYSHOR,24.69399
2016-06-28 10:00:00+00:00,BAYSHOR,22.94888
2016-06-28 11:00:00+00:00,BAYSHOR,24.81208
2016-06-28 12:00:00+00:00,BAYSHOR,25.59569
2016-06-28 13:00:00+00:00,BAYSHOR,30.41548
2016-06-28 14:00:00+00:00,BAYSHOR,28.85315
2016-06-28 15:00:00+00:00,BAYSHOR,31.33817
2016-06-28 16:00:00+00:00,BAYSHOR,33.25221
2016-06-28 17:00:00+00:00,BAYSHOR,34.43615
2016-06-28 18:00:00+00:00,BAYSHOR,34.82649
2016-06-28 19:00:00+00:00,BAYSHOR,45.4111
2016-06-28 20:00:00+00:00,BAYSHOR,48.207440000000005
2016-06-28 21:00:00+00:00,BAYSHOR,51.37878
2016-06-28 22:00:00+00:00,BAYSHOR,55.88847
2016-06-28 23:00:00+00:00,BAYSHOR,60.82659
2016-06-29 00:00:00+00:00,BAYSHOR,58.02469
2016-06-29 01:00:00+00:00,BAYSHOR,64.23951
2016-06-29 02:00:00+00:00,BAYSHOR,66.15354
2016-06-29 03:00:00+00:00,BAYSHOR,48.39624
2016-06-29 04:00:00+00:00,BAYSHOR,41.28007
2016-06-29 05:00:00+00:00,BAYSHOR,35.03411
2016-06-29 06:00:00+00:00,BAYSHOR,30.80247
2016-06-29 07:00:00+00:00,BAYSHOR,23.88089
2016-06-29 08:00:00+00:00,BAYSHOR,21.73404
2016-06-29 09:00:00+00:00,BAYSHOR,22.30145
2016-06-29 10:00:00+00:00,BAYSHOR,20.36242
2016-06-29 11:00:00+00:00,BAYSHOR,22.13862
2016-06-29 12:00:00+00:00,BAYSHOR,23.75788
2016-06-29 13:00:00+00:00,BAYSHOR,28.36035
2016-06-29 14:00:00+00:00,BAYSHOR,28.4522
2016-06-29 15:00:00+00:00,BAYSHOR,31.61586
2016-06-29 16:00:00+00:00,BAYSHOR,32.68334
2016-06-29 17:00:00+00:00,BAYSHOR,33.49836
2016-06-29 18:00:00+00:00,BAYSHOR,35.03215
2016-06-29 19:00:00+00:00,BAYSHOR,39.2534
2016-06-29 20:00:00+00:00,BAYSHOR,41.08828
2016-06-29 21:00:00+00:00,BAYSHOR,46.82041
2016-06-29 22:00:00+00:00,BAYSHOR,51.54306
2016-06-29 23:00:00+00:00,BAYSHOR,56.30007
2016-06-30 00:00:00+00:00,BAYSHOR,43.69559
2016-06-30 01:00:00+00:00,BAYSHOR,49.62399
2016-06-30 02:00:00+00:00,BAYSHOR,56.440830000000005
2016-06-30 03:00:00+00:00,BAYSHOR,46.78957
2016-06-30 04:00:00+00:00,BAYSHOR,38.11831
2016-06-30 05:00:00+00:00,BAYSHOR,33.63148
2016-06-30 06:00:00+00:00,BAYSHOR,29.64768
2016-06-30 07:00:00+00:00,BAYSHOR,23.98836
2016-06-30 08:00:00+00:00,BAYSHOR,22.48872
2016-06-30 09:00:00+00:00,BAYSHOR,20.43866
2016-06-30 10:00:00+00:00,BAYSHOR,19.19268
2016-06-30 11:00:00+00:00,BAYSHOR,20.268
2016-06-30 12:00:00+00:00,BAYSHOR,23.35845
2016-06-30 13:00:00+00:00,BAYSHOR,28.23953
2016-06-30 14:00:00+00:00,BAYSHOR,30.430840000000003
2016-06-30 15:00:00+00:00,BAYSHOR,32.9016
2016-06-30 16:00:00+00:00,BAYSHOR,33.16622
2016-06-30 17:00:00+00:00,BAYSHOR,35.0731
2016-06-30 18:00:00+00:00,BAYSHOR,36.39305
2016-06-30 19:00:00+00:00,BAYSHOR,39.99877
2016-06-30 20:00:00+00:00,BAYSHOR,43.41677
2016-06-30 21:00:00+00:00,BAYSHOR,48.77322
2016-06-30 22:00:00+00:00,BAYSHOR,53.20974
2016-06-30 23:00:00+00:00,BAYSHOR,55.17621
2016-07-01 00:00:00+00:00,BAYSHOR,60.32983
2016-07-01 01:00:00+00:00,BAYSHOR,51.00511
2016-07-01 02:00:00+00:00,BAYSHOR,57.49173
2016-07-01 03:00:00+00:00,BAYSHOR,48.82193
2016-07-01 04:00:00+00:00,BAYSHOR,40.01708
2016-07-01 05:00:00+00:00,BAYSHOR,34.09341
2016-07-01 06:00:00+00:00,BAYSHOR,30.76672
2016-07-01 07:00:00+00:00,BAYSHOR,23.42191
2016-07-01 08:00:00+00:00,BAYSHOR,20.98147
2016-07-01 09:00:00+00:00,BAYSHOR,20.68865
2016-07-01 10:00:00+00:00,BAYSHOR,19.68414
2016-07-01 11:00:00+00:00,BAYSHOR,20.67485
2016-07-01 12:00:00+00:00,BAYSHOR,23.90536
2016-07-01 13:00:00+00:00,BAYSHOR,26.21788
2016-07-01 14:00:00+00:00,BAYSHOR,26.94267
2016-07-01 15:00:00+00:00,BAYSHOR,27.98411
2016-07-01 16:00:00+00:00,BAYSHOR,28.41371
2016-07-01 17:00:00+00:00,BAYSHOR,29.55148
2016-07-01 18:00:00+00:00,BAYSHOR,31.99597
2016-07-01 19:00:00+00:00,BAYSHOR,34.30243
2016-07-01 20:00:00+00:00,BAYSHOR,34.716190000000005
2016-07-01 21:00:00+00:00,BAYSHOR,37.43111
2016-07-01 22:00:00+00:00,BAYSHOR,43.58882
2016-07-01 23:00:00+00:00,BAYSHOR,44.19505
2016-07-02 00:00:00+00:00,BAYSHOR,46.4416
2016-07-02 01:00:00+00:00,BAYSHOR,47.07518
2016-07-02 02:00:00+00:00,BAYSHOR,50.57346
2016-07-02 03:00:00+00:00,BAYSHOR,43.16113
2016-07-02 04:00:00+00:00,BAYSHOR,35.14333
2016-07-02 05:00:00+00:00,BAYSHOR,32.02291
2016-07-02 06:00:00+00:00,BAYSHOR,27.9433
2016-07-02 07:00:00+00:00,BAYSHOR,29.125490000000003
2016-07-02 08:00:00+00:00,BAYSHOR,28.45134
2016-07-02 09:00:00+00:00,BAYSHOR,26.98286
2016-07-02 10:00:00+00:00,BAYSHOR,27.19331
2016-07-02 11:00:00+00:00,BAYSHOR,26.66447
2016-07-02 12:00:00+00:00,BAYSHOR,26.02879
2016-07-02 13:00:00+00:00,BAYSHOR,24.335420000000003
2016-07-02 14:00:00+00:00,BAYSHOR,22.76207
2016-07-02 15:00:00+00:00,BAYSHOR,22.47247
2016-07-02 16:00:00+00:00,BAYSHOR,23.76034
2016-07-02 17:00:00+00:00,BAYSHOR,25.9174
2016-07-02 18:00:00+00:00,BAYSHOR,27.81731
2016-07-02 19:00:00+00:00,BAYSHOR,28.73831
2016-07-02 20:00:00+00:00,BAYSHOR,29.86712
2016-07-02 21:00:00+00:00,BAYSHOR,30.82216
2016-07-02 22:00:00+00:00,BAYSHOR,33.44122
2016-07-02 23:00:00+00:00,BAYSHOR,36.43132
2016-07-03 00:00:00+00:00,BAYSHOR,37.47909
2016-07-03 01:00:00+00:00,BAYSHOR,41.80448
2016-07-03 02:00:00+00:00,BAYSHOR,44.93325
2016-07-03 03:00:00+00:00,BAYSHOR,44.76745
2016-07-03 04:00:00+00:00,BAYSHOR,35.100970000000004
2016-07-03 05:00:00+00:00,BAYSHOR,31.226340000000004
2016-07-03 06:00:00+00:00,BAYSHOR,28.33929
2016-07-03 07:00:00+00:00,BAYSHOR,26.69388
2016-07-03 08:00:00+00:00,BAYSHOR,24.56101
2016-07-03 09:00:00+00:00,BAYSHOR,24.50228
2016-07-03 10:00:00+00:00,BAYSHOR,24.39377
2016-07-03 11:00:00+00:00,BAYSHOR,24.36609
2016-07-03 12:00:00+00:00,BAYSHOR,23.67664
2016-07-03 13:00:00+00:00,BAYSHOR,21.18513
2016-07-03 14:00:00+00:00,BAYSHOR,18.31095
2016-07-03 15:00:00+00:00,BAYSHOR,17.326420000000002
2016-07-03 16:00:00+00:00,BAYSHOR,18.77534
2016-07-03 17:00:00+00:00,BAYSHOR,20.93991
2016-07-03 18:00:00+00:00,BAYSHOR,23.08916
2016-07-03 19:00:00+00:00,BAYSHOR,24.80129
2016-07-03 20:00:00+00:00,BAYSHOR,25.97932
2016-07-03 21:00:00+00:00,BAYSHOR,26.75655
2016-07-03 22:00:00+00:00,BAYSHOR,29.90532
2016-07-03 23:00:00+00:00,BAYSHOR,32.64232
2016-07-04 00:00:00+00:00,BAYSHOR,36.92391
2016-07-04 01:00:00+00:00,BAYSHOR,41.74866
2016-07-04 02:00:00+00:00,BAYSHOR,46.24273
2016-07-04 03:00:00+00:00,BAYSHOR,45.61456
2016-07-04 04:00:00+00:00,BAYSHOR,38.01291
2016-07-04 05:00:00+00:00,BAYSHOR,31.34043
2016-07-04 06:00:00+00:00,BAYSHOR,28.65658
2016-07-04 07:00:00+00:00,BAYSHOR,25.82978
2016-07-04 08:00:00+00:00,BAYSHOR,24.65236
2016-07-04 09:00:00+00:00,BAYSHOR,24.43805
2016-07-04 10:00:00+00:00,BAYSHOR,23.4618
2016-07-04 11:00:00+00:00,BAYSHOR,23.47456
2016-07-04 12:00:00+00:00,BAYSHOR,22.757
2016-07-04 13:00:00+00:00,BAYSHOR,20.47931
2016-07-04 14:00:00+00:00,BAYSHOR,18.70854
2016-07-04 15:00:00+00:00,BAYSHOR,16.993560000000002
2016-07-04 16:00:00+00:00,BAYSHOR,17.6165
2016-07-04 17:00:00+00:00,BAYSHOR,20.50841
2016-07-04 18:00:00+00:00,BAYSHOR,21.11625
2016-07-04 19:00:00+00:00,BAYSHOR,23.50683
2016-07-04 20:00:00+00:00,BAYSHOR,24.08198
2016-07-04 21:00:00+00:00,BAYSHOR,24.97124
2016-07-04 22:00:00+00:00,BAYSHOR,26.12371
2016-07-04 23:00:00+00:00,BAYSHOR,29.66931
2016-07-05 00:00:00+00:00,BAYSHOR,33.47728
2016-07-05 01:00:00+00:00,BAYSHOR,38.59577
2016-07-05 02:00:00+00:00,BAYSHOR,44.20525
2016-07-05 03:00:00+00:00,BAYSHOR,41.91655
2016-07-05 04:00:00+00:00,BAYSHOR,33.12494
2016-07-05 05:00:00+00:00,BAYSHOR,29.5735
2016-07-05 06:00:00+00:00,BAYSHOR,25.62912
2016-07-05 07:00:00+00:00,BAYSHOR,23.13993
2016-07-05 08:00:00+00:00,BAYSHOR,22.42278
2016-07-05 09:00:00+00:00,BAYSHOR,22.01798
2016-07-05 10:00:00+00:00,BAYSHOR,22.26341
2016-07-05 11:00:00+00:00,BAYSHOR,23.47067
2016-07-05 12:00:00+00:00,BAYSHOR,24.9804
2016-07-05 13:00:00+00:00,BAYSHOR,28.23186
2016-07-05 15:00:00+00:00,BAYSHOR,26.14286
2016-07-05 16:00:00+00:00,BAYSHOR,26.36961
2016-07-05 17:00:00+00:00,BAYSHOR,28.15257
2016-07-05 18:00:00+00:00,BAYSHOR,28.74881
2016-07-05 19:00:00+00:00,BAYSHOR,28.61281
2016-07-05 20:00:00+00:00,BAYSHOR,27.95647
2016-07-05 21:00:00+00:00,BAYSHOR,29.74426
2016-07-05 22:00:00+00:00,BAYSHOR,30.84409
2016-07-05 23:00:00+00:00,BAYSHOR,33.4507
2016-07-06 00:00:00+00:00,BAYSHOR,35.43773
2016-07-06 01:00:00+00:00,BAYSHOR,40.56623
2016-07-06 02:00:00+00:00,BAYSHOR,45.59243
2016-07-06 03:00:00+00:00,BAYSHOR,42.51862
2016-07-06 04:00:00+00:00,BAYSHOR,37.28285
2016-07-06 05:00:00+00:00,BAYSHOR,31.57676
2016-07-06 06:00:00+00:00,BAYSHOR,27.32081
2016-07-06 07:00:00+00:00,BAYSHOR,24.88832
2016-07-06 08:00:00+00:00,BAYSHOR,23.29314
2016-07-06 09:00:00+00:00,BAYSHOR,22.49687
2016-07-06 10:00:00+00:00,BAYSHOR,22.43769
2016-07-06 11:00:00+00:00,BAYSHOR,23.24272
2016-07-06 12:00:00+00:00,BAYSHOR,24.17911
2016-07-06 13:00:00+00:00,BAYSHOR,26.27206
2016-07-06 14:00:00+00:00,BAYSHOR,25.61964
2016-07-06 15:00:00+00:00,BAYSHOR,26.08662
2016-07-06 16:00:00+00:00,BAYSHOR,26.22922
2016-07-06 17:00:00+00:00,BAYSHOR,26.6219
2016-07-06 18:00:00+00:00,BAYSHOR,27.2406
2016-07-06 19:00:00+00:00,BAYSHOR,26.58941
2016-07-06 20:00:00+00:00,BAYSHOR,26.96238
2016-07-06 21:00:00+00:00,BAYSHOR,26.89468
2016-07-06 22:00:00+00:00,BAYSHOR,30.248140000000003
2016-07-06 23:00:00+00:00,BAYSHOR,32.8546
2016-07-07 00:00:00+00:00,BAYSHOR,34.94843
2016-07-07 01:00:00+00:00,BAYSHOR,39.1667
2016-07-07 02:00:00+00:00,BAYSHOR,44.83502
2016-07-07 03:00:00+00:00,BAYSHOR,40.79433
2016-07-07 04:00:00+00:00,BAYSHOR,34.88745
2016-07-07 05:00:00+00:00,BAYSHOR,29.91418
2016-07-07 06:00:00+00:00,BAYSHOR,25.39068
2016-07-07 07:00:00+00:00,BAYSHOR,25.43787
2016-07-07 08:00:00+00:00,BAYSHOR,24.55636
2016-07-07 09:00:00+00:00,BAYSHOR,24.06449
2016-07-07 10:00:00+00:00,BAYSHOR,23.70211
2016-07-07 11:00:00+00:00,BAYSHOR,24.43856
2016-07-07 12:00:00+00:00,BAYSHOR,25.31955
2016-07-07 13:00:00+00:00,BAYSHOR,25.6489
2016-07-07 14:00:00+00:00,BAYSHOR,25.96924
2016-07-07 15:00:00+00:00,BAYSHOR,25.41102
2016-07-07 16:00:00+00:00,BAYSHOR,25.50711
2016-07-07 17:00:00+00:00,BAYSHOR,25.7669
2016-07-07 18:00:00+00:00,BAYSHOR,25.93128
2016-07-07 19:00:00+00:00,BAYSHOR,25.82511
2016-07-07 20:00:00+00:00,BAYSHOR,25.84026
2016-07-07 21:00:00+00:00,BAYSHOR,26.69767
2016-07-07 22:00:00+00:00,BAYSHOR,28.521420000000003
2016-07-07 23:00:00+00:00,BAYSHOR,29.91745
2016-07-08 00:00:00+00:00,BAYSHOR,32.975570000000005
2016-07-08 01:00:00+00:00,BAYSHOR,38.13284
2016-07-08 02:00:00+00:00,BAYSHOR,44.1942
2016-07-08 03:00:00+00:00,BAYSHOR,39.49243
2016-07-08 04:00:00+00:00,BAYSHOR,34.75132
2016-07-08 05:00:00+00:00,BAYSHOR,29.12207
2016-07-08 06:00:00+00:00,BAYSHOR,26.95121
2016-07-08 07:00:00+00:00,BAYSHOR,25.55637
2016-07-08 08:00:00+00:00,BAYSHOR,24.69659
2016-07-08 09:00:00+00:00,BAYSHOR,24.27811
2016-07-08 10:00:00+00:00,BAYSHOR,24.13806
2016-07-08 11:00:00+00:00,BAYSHOR,24.52877
2016-07-08 12:00:00+00:00,BAYSHOR,26.26027
2016-07-08 13:00:00+00:00,BAYSHOR,27.00045
2016-07-08 14:00:00+00:00,BAYSHOR,26.93206
2016-07-08 15:00:00+00:00,BAYSHOR,25.369670000000003
2016-07-08 16:00:00+00:00,BAYSHOR,26.03762
2016-07-08 17:00:00+00:00,BAYSHOR,26.62452
2016-07-08 18:00:00+00:00,BAYSHOR,27.54574
2016-07-08 19:00:00+00:00,BAYSHOR,26.41109
2016-07-08 20:00:00+00:00,BAYSHOR,27.03422
2016-07-08 21:00:00+00:00,BAYSHOR,27.68322
2016-07-08 22:00:00+00:00,BAYSHOR,29.79231
2016-07-08 23:00:00+00:00,BAYSHOR,31.62779
2016-07-09 00:00:00+00:00,BAYSHOR,33.3913
2016-07-09 01:00:00+00:00,BAYSHOR,39.56281
2016-07-09 02:00:00+00:00,BAYSHOR,42.75605
2016-07-09 03:00:00+00:00,BAYSHOR,41.37344
2016-07-09 04:00:00+00:00,BAYSHOR,32.53635
2016-07-09 05:00:00+00:00,BAYSHOR,30.17602
2016-07-09 06:00:00+00:00,BAYSHOR,26.82496
2016-07-09 07:00:00+00:00,BAYSHOR,28.00045
2016-07-09 08:00:00+00:00,BAYSHOR,27.38563
2016-07-09 09:00:00+00:00,BAYSHOR,26.98228
2016-07-09 10:00:00+00:00,BAYSHOR,25.7963
2016-07-09 11:00:00+00:00,BAYSHOR,25.84717
2016-07-09 12:00:00+00:00,BAYSHOR,25.66171
2016-07-09 13:00:00+00:00,BAYSHOR,23.02211
2016-07-09 14:00:00+00:00,BAYSHOR,21.79425
2016-07-09 15:00:00+00:00,BAYSHOR,20.55123
2016-07-09 16:00:00+00:00,BAYSHOR,21.21958
2016-07-09 17:00:00+00:00,BAYSHOR,22.45379
2016-07-09 18:00:00+00:00,BAYSHOR,23.86071
2016-07-09 19:00:00+00:00,BAYSHOR,24.66225
2016-07-09 20:00:00+00:00,BAYSHOR,25.10727
2016-07-09 21:00:00+00:00,BAYSHOR,25.18794
2016-07-09 22:00:00+00:00,BAYSHOR,27.11912
2016-07-09 23:00:00+00:00,BAYSHOR,29.96635
2016-07-10 00:00:00+00:00,BAYSHOR,32.66367
2016-07-10 01:00:00+00:00,BAYSHOR,36.13837
2016-07-10 02:00:00+00:00,BAYSHOR,41.12229
2016-07-10 03:00:00+00:00,BAYSHOR,39.9151
2016-07-10 04:00:00+00:00,BAYSHOR,34.46601
2016-07-10 05:00:00+00:00,BAYSHOR,30.71901
2016-07-10 06:00:00+00:00,BAYSHOR,27.056890000000003
2016-07-10 07:00:00+00:00,BAYSHOR,28.08776
2016-07-10 08:00:00+00:00,BAYSHOR,26.64461
2016-07-10 09:00:00+00:00,BAYSHOR,26.14885
2016-07-10 10:00:00+00:00,BAYSHOR,26.61006
2016-07-10 11:00:00+00:00,BAYSHOR,26.41995
2016-07-10 12:00:00+00:00,BAYSHOR,25.85234
2016-07-10 13:00:00+00:00,BAYSHOR,23.43589
2016-07-10 14:00:00+00:00,BAYSHOR,20.89327
2016-07-10 15:00:00+00:00,BAYSHOR,17.23874
2016-07-10 16:00:00+00:00,BAYSHOR,20.8664
2016-07-10 17:00:00+00:00,BAYSHOR,21.18401
2016-07-10 18:00:00+00:00,BAYSHOR,20.74329
2016-07-10 19:00:00+00:00,BAYSHOR,22.974220000000003
2016-07-10 20:00:00+00:00,BAYSHOR,24.25199
2016-07-10 21:00:00+00:00,BAYSHOR,25.19417
2016-07-10 22:00:00+00:00,BAYSHOR,26.24149
2016-07-10 23:00:00+00:00,BAYSHOR,29.86369
2016-07-11 00:00:00+00:00,BAYSHOR,31.19072
2016-07-11 01:00:00+00:00,BAYSHOR,36.48829
2016-07-11 02:00:00+00:00,BAYSHOR,43.29452
2016-07-11 03:00:00+00:00,BAYSHOR,39.56416
2016-07-11 04:00:00+00:00,BAYSHOR,33.89138
2016-07-11 05:00:00+00:00,BAYSHOR,30.07119
2016-07-11 06:00:00+00:00,BAYSHOR,26.97536
2016-07-11 07:00:00+00:00,BAYSHOR,24.831670000000003
2016-07-11 08:00:00+00:00,BAYSHOR,25.0835
2016-07-11 09:00:00+00:00,BAYSHOR,23.84795
2016-07-11 10:00:00+00:00,BAYSHOR,23.78741
2016-07-11 11:00:00+00:00,BAYSHOR,24.40716
2016-07-11 12:00:00+00:00,BAYSHOR,26.95248
2016-07-11 13:00:00+00:00,BAYSHOR,28.10015
2016-07-11 14:00:00+00:00,BAYSHOR,28.24791
2016-07-11 15:00:00+00:00,BAYSHOR,27.683290000000003
2016-07-11 16:00:00+00:00,BAYSHOR,28.50852
2016-07-11 17:00:00+00:00,BAYSHOR,30.34165
2016-07-11 18:00:00+00:00,BAYSHOR,31.77115
2016-07-11 19:00:00+00:00,BAYSHOR,32.14026
2016-07-11 20:00:00+00:00,BAYSHOR,35.447590000000005
2016-07-11 21:00:00+00:00,BAYSHOR,40.28649
2016-07-11 22:00:00+00:00,BAYSHOR,40.88949
2016-07-11 23:00:00+00:00,BAYSHOR,41.70169
2016-07-12 00:00:00+00:00,BAYSHOR,41.88141
2016-07-12 01:00:00+00:00,BAYSHOR,41.07868
2016-07-12 02:00:00+00:00,BAYSHOR,47.87956
2016-07-12 03:00:00+00:00,BAYSHOR,38.94127
2016-07-12 04:00:00+00:00,BAYSHOR,31.70232
2016-07-12 05:00:00+00:00,BAYSHOR,29.958640000000003
2016-07-12 06:00:00+00:00,BAYSHOR,27.725620000000003
2016-07-12 07:00:00+00:00,BAYSHOR,27.21573
2016-07-12 08:00:00+00:00,BAYSHOR,25.83316
2016-07-12 09:00:00+00:00,BAYSHOR,26.07565
2016-07-12 10:00:00+00:00,BAYSHOR,26.11473
2016-07-12 11:00:00+00:00,BAYSHOR,26.358940000000004
2016-07-12 12:00:00+00:00,BAYSHOR,27.262220000000003
2016-07-12 13:00:00+00:00,BAYSHOR,28.71333
2016-07-12 14:00:00+00:00,BAYSHOR,28.48507
2016-07-12 15:00:00+00:00,BAYSHOR,27.71667
2016-07-12 16:00:00+00:00,BAYSHOR,28.42139
2016-07-12 17:00:00+00:00,BAYSHOR,29.384290000000004
2016-07-12 18:00:00+00:00,BAYSHOR,30.29527
2016-07-12 19:00:00+00:00,BAYSHOR,31.909540000000003
2016-07-12 20:00:00+00:00,BAYSHOR,33.83831
2016-07-12 21:00:00+00:00,BAYSHOR,35.200140000000005
2016-07-12 22:00:00+00:00,BAYSHOR,34.96354
2016-07-12 23:00:00+00:00,BAYSHOR,37.10431
2016-07-13 00:00:00+00:00,BAYSHOR,38.72768
2016-07-13 01:00:00+00:00,BAYSHOR,39.87002
2016-07-13 02:00:00+00:00,BAYSHOR,48.31073
2016-07-13 03:00:00+00:00,BAYSHOR,42.070240000000005
2016-07-13 04:00:00+00:00,BAYSHOR,34.912490000000005
2016-07-13 05:00:00+00:00,BAYSHOR,31.09806
2016-07-13 06:00:00+00:00,BAYSHOR,27.94241
2016-07-13 07:00:00+00:00,BAYSHOR,25.35795
2016-07-13 08:00:00+00:00,BAYSHOR,24.57898
2016-07-13 09:00:00+00:00,BAYSHOR,24.0403
2016-07-13 10:00:00+00:00,BAYSHOR,23.52601
2016-07-13 11:00:00+00:00,BAYSHOR,24.03256
2016-07-13 12:00:00+00:00,BAYSHOR,25.62819
2016-07-13 13:00:00+00:00,BAYSHOR,27.30741
2016-07-13 14:00:00+00:00,BAYSHOR,27.53515
2016-07-13 15:00:00+00:00,BAYSHOR,28.18656
2016-07-13 16:00:00+00:00,BAYSHOR,28.68578
2016-07-13 17:00:00+00:00,BAYSHOR,30.853790000000004
2016-07-13 18:00:00+00:00,BAYSHOR,31.84587
2016-07-13 19:00:00+00:00,BAYSHOR,31.947370000000003
2016-07-13 20:00:00+00:00,BAYSHOR,32.0421
2016-07-13 21:00:00+00:00,BAYSHOR,32.16016
2016-07-13 22:00:00+00:00,BAYSHOR,38.51225
2016-07-13 23:00:00+00:00,BAYSHOR,44.827090000000005
2016-07-14 00:00:00+00:00,BAYSHOR,46.57758
2016-07-14 01:00:00+00:00,BAYSHOR,51.19161
2016-07-14 02:00:00+00:00,BAYSHOR,53.09243000000001
2016-07-14 03:00:00+00:00,BAYSHOR,44.52222
2016-07-14 04:00:00+00:00,BAYSHOR,35.61695
2016-07-14 05:00:00+00:00,BAYSHOR,30.95297
2016-07-14 06:00:00+00:00,BAYSHOR,27.88886
2016-07-14 07:00:00+00:00,BAYSHOR,25.71328
2016-07-14 08:00:00+00:00,BAYSHOR,25.3155
2016-07-14 09:00:00+00:00,BAYSHOR,24.58045
2016-07-14 10:00:00+00:00,BAYSHOR,24.540370000000003
2016-07-14 11:00:00+00:00,BAYSHOR,24.777
2016-07-14 12:00:00+00:00,BAYSHOR,25.65868
2016-07-14 13:00:00+00:00,BAYSHOR,27.086540000000003
2016-07-14 14:00:00+00:00,BAYSHOR,27.69906
2016-07-14 15:00:00+00:00,BAYSHOR,27.73365
2016-07-14 16:00:00+00:00,BAYSHOR,28.45512
2016-07-14 17:00:00+00:00,BAYSHOR,30.15145
2016-07-14 18:00:00+00:00,BAYSHOR,32.13925
2016-07-14 19:00:00+00:00,BAYSHOR,34.37625
2016-07-14 20:00:00+00:00,BAYSHOR,36.81007
2016-07-14 21:00:00+00:00,BAYSHOR,41.14164
2016-07-14 22:00:00+00:00,BAYSHOR,43.49813
2016-07-14 23:00:00+00:00,BAYSHOR,48.214490000000005
2016-07-15 00:00:00+00:00,BAYSHOR,49.47956
2016-07-15 01:00:00+00:00,BAYSHOR,54.490930000000006
2016-07-15 02:00:00+00:00,BAYSHOR,54.2399
2016-07-15 03:00:00+00:00,BAYSHOR,46.76266
2016-07-15 04:00:00+00:00,BAYSHOR,36.86323
2016-07-15 05:00:00+00:00,BAYSHOR,32.10507
2016-07-15 06:00:00+00:00,BAYSHOR,28.38661
2016-07-15 07:00:00+00:00,BAYSHOR,25.67746
2016-07-15 08:00:00+00:00,BAYSHOR,24.55326
2016-07-15 09:00:00+00:00,BAYSHOR,24.44848
2016-07-15 10:00:00+00:00,BAYSHOR,24.02183
2016-07-15 11:00:00+00:00,BAYSHOR,24.25566
2016-07-15 12:00:00+00:00,BAYSHOR,24.84352
2016-07-15 13:00:00+00:00,BAYSHOR,25.94516
2016-07-15 14:00:00+00:00,BAYSHOR,25.51672
2016-07-15 15:00:00+00:00,BAYSHOR,26.220440000000004
2016-07-15 16:00:00+00:00,BAYSHOR,27.11682
2016-07-15 17:00:00+00:00,BAYSHOR,28.63123
2016-07-15 18:00:00+00:00,BAYSHOR,30.95821
2016-07-15 19:00:00+00:00,BAYSHOR,32.52578
2016-07-15 20:00:00+00:00,BAYSHOR,34.44538
2016-07-15 21:00:00+00:00,BAYSHOR,37.00118
2016-07-15 22:00:00+00:00,BAYSHOR,38.98663
2016-07-15 23:00:00+00:00,BAYSHOR,43.85236
2016-07-16 00:00:00+00:00,BAYSHOR,42.23591
2016-07-16 01:00:00+00:00,BAYSHOR,47.53128
2016-07-16 02:00:00+00:00,BAYSHOR,52.81186
2016-07-16 03:00:00+00:00,BAYSHOR,43.64278
2016-07-16 04:00:00+00:00,BAYSHOR,33.11489
2016-07-16 05:00:00+00:00,BAYSHOR,31.17437
2016-07-16 06:00:00+00:00,BAYSHOR,27.43998
2016-07-16 07:00:00+00:00,BAYSHOR,25.83969
2016-07-16 08:00:00+00:00,BAYSHOR,24.69115
2016-07-16 09:00:00+00:00,BAYSHOR,24.56431
2016-07-16 10:00:00+00:00,BAYSHOR,24.61419
2016-07-16 11:00:00+00:00,BAYSHOR,24.51762
2016-07-16 12:00:00+00:00,BAYSHOR,24.65909
2016-07-16 13:00:00+00:00,BAYSHOR,24.90695
2016-07-16 14:00:00+00:00,BAYSHOR,23.80156
2016-07-16 15:00:00+00:00,BAYSHOR,22.82609
2016-07-16 16:00:00+00:00,BAYSHOR,23.92991
2016-07-16 17:00:00+00:00,BAYSHOR,25.43225
2016-07-16 18:00:00+00:00,BAYSHOR,26.3713
2016-07-16 19:00:00+00:00,BAYSHOR,26.68792
2016-07-16 20:00:00+00:00,BAYSHOR,27.85927
2016-07-16 21:00:00+00:00,BAYSHOR,29.8866
2016-07-16 22:00:00+00:00,BAYSHOR,31.37319
2016-07-16 23:00:00+00:00,BAYSHOR,34.84717
2016-07-17 00:00:00+00:00,BAYSHOR,35.79119
2016-07-17 01:00:00+00:00,BAYSHOR,43.06914
2016-07-17 02:00:00+00:00,BAYSHOR,48.07433
2016-07-17 03:00:00+00:00,BAYSHOR,41.45876
2016-07-17 04:00:00+00:00,BAYSHOR,34.15092
2016-07-17 05:00:00+00:00,BAYSHOR,29.76926
2016-07-17 06:00:00+00:00,BAYSHOR,27.44528
2016-07-17 07:00:00+00:00,BAYSHOR,26.581570000000003
2016-07-17 08:00:00+00:00,BAYSHOR,24.81312
2016-07-17 09:00:00+00:00,BAYSHOR,25.4987
2016-07-17 10:00:00+00:00,BAYSHOR,24.62676
2016-07-17 11:00:00+00:00,BAYSHOR,24.57101
2016-07-17 12:00:00+00:00,BAYSHOR,24.58877
2016-07-17 13:00:00+00:00,BAYSHOR,23.2416
2016-07-17 14:00:00+00:00,BAYSHOR,22.50448
2016-07-17 15:00:00+00:00,BAYSHOR,21.13999
2016-07-17 16:00:00+00:00,BAYSHOR,22.68352
2016-07-17 17:00:00+00:00,BAYSHOR,24.04392
2016-07-17 18:00:00+00:00,BAYSHOR,24.95194
2016-07-17 19:00:00+00:00,BAYSHOR,24.9354
2016-07-17 20:00:00+00:00,BAYSHOR,25.91545
2016-07-17 21:00:00+00:00,BAYSHOR,27.23531
2016-07-17 22:00:00+00:00,BAYSHOR,28.28406
2016-07-17 23:00:00+00:00,BAYSHOR,31.80936
2016-07-18 00:00:00+00:00,BAYSHOR,32.48605
2016-07-18 01:00:00+00:00,BAYSHOR,40.00272
2016-07-18 02:00:00+00:00,BAYSHOR,44.83601
2016-07-18 03:00:00+00:00,BAYSHOR,42.45383
2016-07-18 04:00:00+00:00,BAYSHOR,33.33441
2016-07-18 05:00:00+00:00,BAYSHOR,30.454490000000003
2016-07-18 06:00:00+00:00,BAYSHOR,27.59931
2016-07-18 07:00:00+00:00,BAYSHOR,25.964170000000003
2016-07-18 08:00:00+00:00,BAYSHOR,25.30399
2016-07-18 09:00:00+00:00,BAYSHOR,25.31628
2016-07-18 10:00:00+00:00,BAYSHOR,25.12229
2016-07-18 11:00:00+00:00,BAYSHOR,25.33014
2016-07-18 12:00:00+00:00,BAYSHOR,26.26805
2016-07-18 13:00:00+00:00,BAYSHOR,26.98147
2016-07-18 14:00:00+00:00,BAYSHOR,27.10339
2016-07-18 15:00:00+00:00,BAYSHOR,26.38061
2016-07-18 16:00:00+00:00,BAYSHOR,26.5746
2016-07-18 17:00:00+00:00,BAYSHOR,27.32691
2016-07-18 18:00:00+00:00,BAYSHOR,28.327720000000003
2016-07-18 19:00:00+00:00,BAYSHOR,27.77741
2016-07-18 20:00:00+00:00,BAYSHOR,28.90827
2016-07-18 21:00:00+00:00,BAYSHOR,29.71644
2016-07-18 22:00:00+00:00,BAYSHOR,31.81618
2016-07-18 23:00:00+00:00,BAYSHOR,33.4641
2016-07-19 00:00:00+00:00,BAYSHOR,35.48352
2016-07-19 01:00:00+00:00,BAYSHOR,43.23371
2016-07-19 02:00:00+00:00,BAYSHOR,52.03889
2016-07-19 03:00:00+00:00,BAYSHOR,43.87881
2016-07-19 04:00:00+00:00,BAYSHOR,32.94663
2016-07-19 05:00:00+00:00,BAYSHOR,30.42046
2016-07-19 06:00:00+00:00,BAYSHOR,27.08281
2016-07-19 07:00:00+00:00,BAYSHOR,23.56666
2016-07-19 08:00:00+00:00,BAYSHOR,23.14868
2016-07-19 09:00:00+00:00,BAYSHOR,23.26056
2016-07-19 10:00:00+00:00,BAYSHOR,22.88299
2016-07-19 11:00:00+00:00,BAYSHOR,23.87438
2016-07-19 12:00:00+00:00,BAYSHOR,25.44911
2016-07-19 13:00:00+00:00,BAYSHOR,27.652590000000004
2016-07-19 14:00:00+00:00,BAYSHOR,27.55374
2016-07-19 15:00:00+00:00,BAYSHOR,26.88315
2016-07-19 16:00:00+00:00,BAYSHOR,26.99018
2016-07-19 17:00:00+00:00,BAYSHOR,28.16015
2016-07-19 18:00:00+00:00,BAYSHOR,29.37825
2016-07-19 19:00:00+00:00,BAYSHOR,29.23058
2016-07-19 20:00:00+00:00,BAYSHOR,30.55636
2016-07-19 21:00:00+00:00,BAYSHOR,31.73062
2016-07-19 22:00:00+00:00,BAYSHOR,33.08384
2016-07-19 23:00:00+00:00,BAYSHOR,35.74218
2016-07-20 00:00:00+00:00,BAYSHOR,35.75362
2016-07-20 01:00:00+00:00,BAYSHOR,42.39974
2016-07-20 02:00:00+00:00,BAYSHOR,51.66787
2016-07-20 03:00:00+00:00,BAYSHOR,47.39634
2016-07-20 04:00:00+00:00,BAYSHOR,34.208009999999994
2016-07-20 05:00:00+00:00,BAYSHOR,30.54407
2016-07-20 06:00:00+00:00,BAYSHOR,27.210590000000003
2016-07-20 07:00:00+00:00,BAYSHOR,26.56427
2016-07-20 08:00:00+00:00,BAYSHOR,25.53238
2016-07-20 09:00:00+00:00,BAYSHOR,25.23619
2016-07-20 10:00:00+00:00,BAYSHOR,24.97516
2016-07-20 11:00:00+00:00,BAYSHOR,25.30714
2016-07-20 12:00:00+00:00,BAYSHOR,26.42481
2016-07-20 13:00:00+00:00,BAYSHOR,30.05638
2016-07-20 14:00:00+00:00,BAYSHOR,30.14431
2016-07-20 15:00:00+00:00,BAYSHOR,29.38789
2016-07-20 16:00:00+00:00,BAYSHOR,30.68317
2016-07-20 17:00:00+00:00,BAYSHOR,31.79697
2016-07-20 18:00:00+00:00,BAYSHOR,33.01856
2016-07-20 19:00:00+00:00,BAYSHOR,33.08963
2016-07-20 20:00:00+00:00,BAYSHOR,33.11684
2016-07-20 21:00:00+00:00,BAYSHOR,34.59795
2016-07-20 22:00:00+00:00,BAYSHOR,36.48335
2016-07-20 23:00:00+00:00,BAYSHOR,39.94529
2016-07-21 00:00:00+00:00,BAYSHOR,42.91403
2016-07-21 01:00:00+00:00,BAYSHOR,48.75281
2016-07-21 02:00:00+00:00,BAYSHOR,52.4491
2016-07-21 03:00:00+00:00,BAYSHOR,46.03351
2016-07-21 04:00:00+00:00,BAYSHOR,37.71222
2016-07-21 05:00:00+00:00,BAYSHOR,31.62315
2016-07-21 06:00:00+00:00,BAYSHOR,28.62217
2016-07-21 07:00:00+00:00,BAYSHOR,27.089340000000004
2016-07-21 08:00:00+00:00,BAYSHOR,25.64896
2016-07-21 09:00:00+00:00,BAYSHOR,26.14759
2016-07-21 10:00:00+00:00,BAYSHOR,25.33551
2016-07-21 11:00:00+00:00,BAYSHOR,25.05586
2016-07-21 12:00:00+00:00,BAYSHOR,26.644140000000004
2016-07-21 13:00:00+00:00,BAYSHOR,28.84504
2016-07-21 14:00:00+00:00,BAYSHOR,28.99097
2016-07-21 15:00:00+00:00,BAYSHOR,28.67516
2016-07-21 16:00:00+00:00,BAYSHOR,29.71469
2016-07-21 17:00:00+00:00,BAYSHOR,31.35481
2016-07-21 18:00:00+00:00,BAYSHOR,32.4734
2016-07-21 19:00:00+00:00,BAYSHOR,33.71808
2016-07-21 20:00:00+00:00,BAYSHOR,30.71632
2016-07-21 21:00:00+00:00,BAYSHOR,33.604820000000004
2016-07-21 22:00:00+00:00,BAYSHOR,35.94021
2016-07-21 23:00:00+00:00,BAYSHOR,36.7161
2016-07-22 00:00:00+00:00,BAYSHOR,39.78491
2016-07-22 01:00:00+00:00,BAYSHOR,46.78303
2016-07-22 02:00:00+00:00,BAYSHOR,45.20493
2016-07-22 03:00:00+00:00,BAYSHOR,44.00837
2016-07-22 04:00:00+00:00,BAYSHOR,38.48068
2016-07-22 05:00:00+00:00,BAYSHOR,31.2849
2016-07-22 06:00:00+00:00,BAYSHOR,28.43672
2016-07-22 07:00:00+00:00,BAYSHOR,27.72618
2016-07-22 08:00:00+00:00,BAYSHOR,26.068720000000003
2016-07-22 09:00:00+00:00,BAYSHOR,24.78309
2016-07-22 10:00:00+00:00,BAYSHOR,23.54485
2016-07-22 11:00:00+00:00,BAYSHOR,24.36008
2016-07-22 12:00:00+00:00,BAYSHOR,25.69231
2016-07-22 13:00:00+00:00,BAYSHOR,27.55461
2016-07-22 14:00:00+00:00,BAYSHOR,27.81981
2016-07-22 15:00:00+00:00,BAYSHOR,27.45875
2016-07-22 16:00:00+00:00,BAYSHOR,28.453440000000004
2016-07-22 17:00:00+00:00,BAYSHOR,30.46824
2016-07-22 18:00:00+00:00,BAYSHOR,32.74975
2016-07-22 19:00:00+00:00,BAYSHOR,34.54257
2016-07-22 20:00:00+00:00,BAYSHOR,35.97648
2016-07-22 21:00:00+00:00,BAYSHOR,36.50153
2016-07-22 22:00:00+00:00,BAYSHOR,39.1713
2016-07-22 23:00:00+00:00,BAYSHOR,45.43243
2016-07-23 00:00:00+00:00,BAYSHOR,49.33916
2016-07-23 01:00:00+00:00,BAYSHOR,60.20006
2016-07-23 02:00:00+00:00,BAYSHOR,58.72044
2016-07-23 03:00:00+00:00,BAYSHOR,47.83705
2016-07-23 04:00:00+00:00,BAYSHOR,38.53643
2016-07-23 05:00:00+00:00,BAYSHOR,33.19939
2016-07-23 06:00:00+00:00,BAYSHOR,29.73372
2016-07-23 07:00:00+00:00,BAYSHOR,31.01277
2016-07-23 08:00:00+00:00,BAYSHOR,29.420890000000004
2016-07-23 09:00:00+00:00,BAYSHOR,28.9397
2016-07-23 10:00:00+00:00,BAYSHOR,26.72381
2016-07-23 11:00:00+00:00,BAYSHOR,27.14119
2016-07-23 12:00:00+00:00,BAYSHOR,26.659440000000004
2016-07-23 13:00:00+00:00,BAYSHOR,26.18582
2016-07-23 14:00:00+00:00,BAYSHOR,26.476340000000004
2016-07-23 15:00:00+00:00,BAYSHOR,26.12851
2016-07-23 16:00:00+00:00,BAYSHOR,29.76802
2016-07-23 17:00:00+00:00,BAYSHOR,31.92746
2016-07-23 18:00:00+00:00,BAYSHOR,34.37513
2016-07-23 19:00:00+00:00,BAYSHOR,39.66443
2016-07-23 20:00:00+00:00,BAYSHOR,38.7929
2016-07-23 21:00:00+00:00,BAYSHOR,41.31363
2016-07-23 22:00:00+00:00,BAYSHOR,46.34395
2016-07-23 23:00:00+00:00,BAYSHOR,52.88226
2016-07-24 00:00:00+00:00,BAYSHOR,51.20385
2016-07-24 01:00:00+00:00,BAYSHOR,54.44979
2016-07-24 02:00:00+00:00,BAYSHOR,55.19566999999999
2016-07-24 03:00:00+00:00,BAYSHOR,48.12373
2016-07-24 04:00:00+00:00,BAYSHOR,38.41887
2016-07-24 05:00:00+00:00,BAYSHOR,34.50918
2016-07-24 06:00:00+00:00,BAYSHOR,31.177940000000003
2016-07-24 07:00:00+00:00,BAYSHOR,33.41981
2016-07-24 08:00:00+00:00,BAYSHOR,32.56187
2016-07-24 09:00:00+00:00,BAYSHOR,31.94919
2016-07-24 10:00:00+00:00,BAYSHOR,29.42715
2016-07-24 11:00:00+00:00,BAYSHOR,28.92234
2016-07-24 12:00:00+00:00,BAYSHOR,27.7112
2016-07-24 13:00:00+00:00,BAYSHOR,26.12555
2016-07-24 14:00:00+00:00,BAYSHOR,25.9545
2016-07-24 15:00:00+00:00,BAYSHOR,26.54904
2016-07-24 16:00:00+00:00,BAYSHOR,27.9717
2016-07-24 17:00:00+00:00,BAYSHOR,31.3514
2016-07-24 18:00:00+00:00,BAYSHOR,33.80992
2016-07-24 19:00:00+00:00,BAYSHOR,37.54122
2016-07-24 20:00:00+00:00,BAYSHOR,38.580940000000005
2016-07-24 21:00:00+00:00,BAYSHOR,40.41203
2016-07-24 22:00:00+00:00,BAYSHOR,49.17193
2016-07-24 23:00:00+00:00,BAYSHOR,52.24148
2016-07-25 00:00:00+00:00,BAYSHOR,53.45484
2016-07-25 01:00:00+00:00,BAYSHOR,57.46269
2016-07-25 02:00:00+00:00,BAYSHOR,62.16539
2016-07-25 03:00:00+00:00,BAYSHOR,52.41237
2016-07-25 04:00:00+00:00,BAYSHOR,43.12999
2016-07-25 05:00:00+00:00,BAYSHOR,36.51976
2016-07-25 06:00:00+00:00,BAYSHOR,33.53453
2016-07-25 07:00:00+00:00,BAYSHOR,31.55453
2016-07-25 08:00:00+00:00,BAYSHOR,30.134
2016-07-25 09:00:00+00:00,BAYSHOR,28.05427
2016-07-25 10:00:00+00:00,BAYSHOR,26.57951
2016-07-25 11:00:00+00:00,BAYSHOR,27.376690000000004
2016-07-25 12:00:00+00:00,BAYSHOR,28.423790000000004
2016-07-25 13:00:00+00:00,BAYSHOR,29.9491
2016-07-25 14:00:00+00:00,BAYSHOR,30.85858
2016-07-25 15:00:00+00:00,BAYSHOR,31.6782
2016-07-25 16:00:00+00:00,BAYSHOR,33.46314
2016-07-25 17:00:00+00:00,BAYSHOR,35.149440000000006
2016-07-25 18:00:00+00:00,BAYSHOR,38.68385
2016-07-25 19:00:00+00:00,BAYSHOR,47.20012
2016-07-25 20:00:00+00:00,BAYSHOR,48.3257
2016-07-25 21:00:00+00:00,BAYSHOR,52.65152
2016-07-25 22:00:00+00:00,BAYSHOR,57.72735
2016-07-25 23:00:00+00:00,BAYSHOR,65.6344
2016-07-26 00:00:00+00:00,BAYSHOR,65.91088
2016-07-26 01:00:00+00:00,BAYSHOR,67.17056
2016-07-26 02:00:00+00:00,BAYSHOR,68.30346
2016-07-26 03:00:00+00:00,BAYSHOR,54.67075
2016-07-26 04:00:00+00:00,BAYSHOR,45.0192
2016-07-26 05:00:00+00:00,BAYSHOR,37.5994
2016-07-26 06:00:00+00:00,BAYSHOR,34.77243
2016-07-26 07:00:00+00:00,BAYSHOR,29.709540000000004
2016-07-26 08:00:00+00:00,BAYSHOR,28.11604
2016-07-26 09:00:00+00:00,BAYSHOR,26.53988
2016-07-26 10:00:00+00:00,BAYSHOR,24.95621
2016-07-26 11:00:00+00:00,BAYSHOR,25.75015
2016-07-26 12:00:00+00:00,BAYSHOR,27.42836
2016-07-26 13:00:00+00:00,BAYSHOR,29.348340000000004
2016-07-26 14:00:00+00:00,BAYSHOR,30.168190000000003
2016-07-26 15:00:00+00:00,BAYSHOR,30.76433
2016-07-26 16:00:00+00:00,BAYSHOR,31.686
2016-07-26 17:00:00+00:00,BAYSHOR,34.47926
2016-07-26 18:00:00+00:00,BAYSHOR,36.99341
2016-07-26 19:00:00+00:00,BAYSHOR,44.38122
2016-07-26 20:00:00+00:00,BAYSHOR,47.38662
2016-07-26 21:00:00+00:00,BAYSHOR,51.74752
2016-07-26 22:00:00+00:00,BAYSHOR,59.962
2016-07-26 23:00:00+00:00,BAYSHOR,65.32523
2016-07-27 00:00:00+00:00,BAYSHOR,64.02718
2016-07-27 01:00:00+00:00,BAYSHOR,67.70728000000001
2016-07-27 02:00:00+00:00,BAYSHOR,69.89839
2016-07-27 03:00:00+00:00,BAYSHOR,51.47095
2016-07-27 04:00:00+00:00,BAYSHOR,40.90421
2016-07-27 05:00:00+00:00,BAYSHOR,36.1126
2016-07-27 06:00:00+00:00,BAYSHOR,33.68059
2016-07-27 07:00:00+00:00,BAYSHOR,31.12735
2016-07-27 08:00:00+00:00,BAYSHOR,28.69851
2016-07-27 09:00:00+00:00,BAYSHOR,26.81048
2016-07-27 10:00:00+00:00,BAYSHOR,25.8116
2016-07-27 11:00:00+00:00,BAYSHOR,26.02506
2016-07-27 12:00:00+00:00,BAYSHOR,27.632990000000003
2016-07-27 13:00:00+00:00,BAYSHOR,32.33955
2016-07-27 14:00:00+00:00,BAYSHOR,32.50649
2016-07-27 15:00:00+00:00,BAYSHOR,33.40695
2016-07-27 16:00:00+00:00,BAYSHOR,35.142
2016-07-27 17:00:00+00:00,BAYSHOR,38.4126
2016-07-27 18:00:00+00:00,BAYSHOR,41.2953
2016-07-27 19:00:00+00:00,BAYSHOR,52.72117
2016-07-27 20:00:00+00:00,BAYSHOR,55.7096
2016-07-27 21:00:00+00:00,BAYSHOR,61.88072
2016-07-27 22:00:00+00:00,BAYSHOR,75.52671
2016-07-27 23:00:00+00:00,BAYSHOR,83.90623000000001
2016-07-28 00:00:00+00:00,BAYSHOR,78.71949000000001
2016-07-28 01:00:00+00:00,BAYSHOR,83.12295
2016-07-28 02:00:00+00:00,BAYSHOR,85.8814
2016-07-28 03:00:00+00:00,BAYSHOR,57.25481
2016-07-28 04:00:00+00:00,BAYSHOR,45.44069
2016-07-28 05:00:00+00:00,BAYSHOR,36.50459
2016-07-28 06:00:00+00:00,BAYSHOR,33.42773
2016-07-28 07:00:00+00:00,BAYSHOR,30.49632
2016-07-28 08:00:00+00:00,BAYSHOR,29.64421
2016-07-28 09:00:00+00:00,BAYSHOR,27.27709
2016-07-28 10:00:00+00:00,BAYSHOR,25.56052
2016-07-28 11:00:00+00:00,BAYSHOR,25.46359
2016-07-28 12:00:00+00:00,BAYSHOR,26.65357
2016-07-28 13:00:00+00:00,BAYSHOR,33.57132
2016-07-28 14:00:00+00:00,BAYSHOR,34.55082
2016-07-28 15:00:00+00:00,BAYSHOR,35.11497
2016-07-28 16:00:00+00:00,BAYSHOR,37.61469
2016-07-28 17:00:00+00:00,BAYSHOR,41.38285
2016-07-28 18:00:00+00:00,BAYSHOR,45.84027
2016-07-28 19:00:00+00:00,BAYSHOR,55.4779
2016-07-28 20:00:00+00:00,BAYSHOR,58.65306
2016-07-28 21:00:00+00:00,BAYSHOR,65.07297
2016-07-28 22:00:00+00:00,BAYSHOR,85.65628000000001
2016-07-28 23:00:00+00:00,BAYSHOR,103.89146
2016-07-29 00:00:00+00:00,BAYSHOR,90.53874
2016-07-29 01:00:00+00:00,BAYSHOR,92.87853
2016-07-29 02:00:00+00:00,BAYSHOR,88.0751
2016-07-29 03:00:00+00:00,BAYSHOR,58.91891
2016-07-29 04:00:00+00:00,BAYSHOR,47.36066
2016-07-29 05:00:00+00:00,BAYSHOR,36.74635
2016-07-29 06:00:00+00:00,BAYSHOR,35.28029
2016-07-29 07:00:00+00:00,BAYSHOR,30.80838
2016-07-29 08:00:00+00:00,BAYSHOR,28.84321
2016-07-29 09:00:00+00:00,BAYSHOR,26.56108
2016-07-29 10:00:00+00:00,BAYSHOR,25.32942
2016-07-29 11:00:00+00:00,BAYSHOR,25.47001
2016-07-29 12:00:00+00:00,BAYSHOR,26.09861
2016-07-29 13:00:00+00:00,BAYSHOR,31.70073
2016-07-29 14:00:00+00:00,BAYSHOR,32.4979
2016-07-29 15:00:00+00:00,BAYSHOR,32.90568
2016-07-29 16:00:00+00:00,BAYSHOR,35.61063
2016-07-29 17:00:00+00:00,BAYSHOR,39.38956
2016-07-29 18:00:00+00:00,BAYSHOR,43.85943
2016-07-29 19:00:00+00:00,BAYSHOR,52.39049
2016-07-29 21:00:00+00:00,BAYSHOR,71.14285
2016-07-29 22:00:00+00:00,BAYSHOR,84.95498
2016-07-29 23:00:00+00:00,BAYSHOR,99.82085
2016-07-30 00:00:00+00:00,BAYSHOR,89.88414
2016-07-30 01:00:00+00:00,BAYSHOR,90.40771
2016-07-30 02:00:00+00:00,BAYSHOR,78.91025
2016-07-30 04:00:00+00:00,BAYSHOR,47.38407
2016-07-30 05:00:00+00:00,BAYSHOR,37.11418
2016-07-30 06:00:00+00:00,BAYSHOR,35.194590000000005
2016-07-30 07:00:00+00:00,BAYSHOR,30.43127
2016-07-30 08:00:00+00:00,BAYSHOR,29.38496
2016-07-30 09:00:00+00:00,BAYSHOR,29.304170000000003
2016-07-30 10:00:00+00:00,BAYSHOR,28.4506
2016-07-30 11:00:00+00:00,BAYSHOR,28.38605
2016-07-30 12:00:00+00:00,BAYSHOR,28.38249
2016-07-30 13:00:00+00:00,BAYSHOR,26.3557
2016-07-30 14:00:00+00:00,BAYSHOR,25.65014
2016-07-30 15:00:00+00:00,BAYSHOR,25.96805
2016-07-30 16:00:00+00:00,BAYSHOR,27.84958
2016-07-30 17:00:00+00:00,BAYSHOR,29.24351
2016-07-30 18:00:00+00:00,BAYSHOR,33.64233
2016-07-30 19:00:00+00:00,BAYSHOR,37.08365
2016-07-30 20:00:00+00:00,BAYSHOR,36.70128
2016-07-30 21:00:00+00:00,BAYSHOR,36.78939
2016-07-30 22:00:00+00:00,BAYSHOR,42.1637
2016-07-30 23:00:00+00:00,BAYSHOR,48.25468
2016-07-31 00:00:00+00:00,BAYSHOR,45.51589
2016-07-31 01:00:00+00:00,BAYSHOR,49.75528
2016-07-31 02:00:00+00:00,BAYSHOR,50.69527
2016-07-31 03:00:00+00:00,BAYSHOR,43.48754
2016-07-31 04:00:00+00:00,BAYSHOR,35.96709
2016-07-31 05:00:00+00:00,BAYSHOR,34.94995
2016-07-31 06:00:00+00:00,BAYSHOR,31.47308
2016-07-31 07:00:00+00:00,BAYSHOR,30.87717
2016-07-31 08:00:00+00:00,BAYSHOR,29.07787
2016-07-31 09:00:00+00:00,BAYSHOR,28.90832
2016-07-31 10:00:00+00:00,BAYSHOR,26.9366
2016-07-31 11:00:00+00:00,BAYSHOR,26.78445
2016-07-31 12:00:00+00:00,BAYSHOR,26.17688
2016-07-31 13:00:00+00:00,BAYSHOR,25.76802
2016-07-31 14:00:00+00:00,BAYSHOR,24.43047
2016-07-31 15:00:00+00:00,BAYSHOR,24.69138
2016-07-31 16:00:00+00:00,BAYSHOR,24.93275
2016-07-31 17:00:00+00:00,BAYSHOR,27.771690000000003
2016-07-31 18:00:00+00:00,BAYSHOR,29.63387
2016-07-31 19:00:00+00:00,BAYSHOR,30.19876
2016-07-31 20:00:00+00:00,BAYSHOR,32.49064
2016-07-31 21:00:00+00:00,BAYSHOR,33.389140000000005
2016-07-31 22:00:00+00:00,BAYSHOR,35.70948
2016-07-31 23:00:00+00:00,BAYSHOR,36.91731
2016-08-01 00:00:00+00:00,BAYSHOR,39.85302
2016-08-01 01:00:00+00:00,BAYSHOR,48.577090000000005
2016-08-01 02:00:00+00:00,BAYSHOR,51.43078
2016-08-01 03:00:00+00:00,BAYSHOR,45.952020000000005
2016-08-01 04:00:00+00:00,BAYSHOR,35.1724
2016-08-01 05:00:00+00:00,BAYSHOR,32.34644
2016-08-01 06:00:00+00:00,BAYSHOR,30.67336
2016-08-01 08:00:00+00:00,BAYSHOR,27.77119
2016-08-01 09:00:00+00:00,BAYSHOR,25.88622
2016-08-01 10:00:00+00:00,BAYSHOR,25.66761
2016-08-01 11:00:00+00:00,BAYSHOR,26.10069
2016-08-01 12:00:00+00:00,BAYSHOR,27.73758
2016-08-01 13:00:00+00:00,BAYSHOR,30.971490000000003
2016-08-01 14:00:00+00:00,BAYSHOR,31.66717
2016-08-01 15:00:00+00:00,BAYSHOR,30.67121
2016-08-01 16:00:00+00:00,BAYSHOR,31.39891
2016-08-01 17:00:00+00:00,BAYSHOR,33.308040000000005
2016-08-01 18:00:00+00:00,BAYSHOR,35.228590000000004
2016-08-01 19:00:00+00:00,BAYSHOR,36.62955
2016-08-01 20:00:00+00:00,BAYSHOR,39.9568
2016-08-01 21:00:00+00:00,BAYSHOR,40.359840000000005
2016-08-01 22:00:00+00:00,BAYSHOR,45.22155
2016-08-01 23:00:00+00:00,BAYSHOR,51.54095
2016-08-02 00:00:00+00:00,BAYSHOR,51.56477
2016-08-02 01:00:00+00:00,BAYSHOR,63.02931
2016-08-02 02:00:00+00:00,BAYSHOR,60.397180000000006
2016-08-02 03:00:00+00:00,BAYSHOR,50.87613
2016-08-02 04:00:00+00:00,BAYSHOR,38.827940000000005
2016-08-02 05:00:00+00:00,BAYSHOR,37.07296
2016-08-02 06:00:00+00:00,BAYSHOR,32.113
2016-08-02 07:00:00+00:00,BAYSHOR,27.76403
2016-08-02 08:00:00+00:00,BAYSHOR,26.1185
2016-08-02 09:00:00+00:00,BAYSHOR,25.54093
2016-08-02 10:00:00+00:00,BAYSHOR,25.10961
2016-08-02 11:00:00+00:00,BAYSHOR,25.91813
2016-08-02 12:00:00+00:00,BAYSHOR,27.98992
2016-08-02 13:00:00+00:00,BAYSHOR,29.91075
2016-08-02 14:00:00+00:00,BAYSHOR,30.42246
2016-08-02 15:00:00+00:00,BAYSHOR,28.77294
2016-08-02 16:00:00+00:00,BAYSHOR,30.02201
2016-08-02 17:00:00+00:00,BAYSHOR,32.00842
2016-08-02 18:00:00+00:00,BAYSHOR,35.16677
2016-08-02 19:00:00+00:00,BAYSHOR,35.12676
2016-08-02 20:00:00+00:00,BAYSHOR,37.251740000000005
2016-08-02 21:00:00+00:00,BAYSHOR,38.82748
2016-08-02 22:00:00+00:00,BAYSHOR,44.46685
2016-08-02 23:00:00+00:00,BAYSHOR,49.4189
2016-08-03 00:00:00+00:00,BAYSHOR,51.68745
2016-08-03 01:00:00+00:00,BAYSHOR,61.034490000000005
2016-08-03 02:00:00+00:00,BAYSHOR,57.7155
2016-08-03 03:00:00+00:00,BAYSHOR,49.67635
2016-08-03 04:00:00+00:00,BAYSHOR,38.68357
2016-08-03 05:00:00+00:00,BAYSHOR,34.837790000000005
2016-08-03 06:00:00+00:00,BAYSHOR,30.78799
2016-08-03 07:00:00+00:00,BAYSHOR,27.34549
2016-08-03 08:00:00+00:00,BAYSHOR,25.69048
2016-08-03 09:00:00+00:00,BAYSHOR,24.73275
2016-08-03 10:00:00+00:00,BAYSHOR,24.6467
2016-08-03 11:00:00+00:00,BAYSHOR,25.453000000000003
2016-08-03 12:00:00+00:00,BAYSHOR,27.302540000000004
2016-08-03 13:00:00+00:00,BAYSHOR,31.38089
2016-08-03 14:00:00+00:00,BAYSHOR,31.65231
2016-08-03 15:00:00+00:00,BAYSHOR,30.65218
2016-08-03 16:00:00+00:00,BAYSHOR,31.77265
2016-08-03 17:00:00+00:00,BAYSHOR,33.14938
2016-08-03 18:00:00+00:00,BAYSHOR,35.124140000000004
2016-08-03 19:00:00+00:00,BAYSHOR,38.15473
2016-08-03 20:00:00+00:00,BAYSHOR,39.72164
2016-08-03 21:00:00+00:00,BAYSHOR,42.07394
2016-08-03 22:00:00+00:00,BAYSHOR,45.64325
2016-08-03 23:00:00+00:00,BAYSHOR,48.19921
2016-08-04 00:00:00+00:00,BAYSHOR,49.079240000000006
2016-08-04 01:00:00+00:00,BAYSHOR,58.22342
2016-08-04 02:00:00+00:00,BAYSHOR,57.06064
2016-08-04 03:00:00+00:00,BAYSHOR,45.91473
2016-08-04 04:00:00+00:00,BAYSHOR,37.95766
2016-08-04 05:00:00+00:00,BAYSHOR,32.679520000000004
2016-08-04 06:00:00+00:00,BAYSHOR,30.20006
2016-08-04 07:00:00+00:00,BAYSHOR,28.33647
2016-08-04 08:00:00+00:00,BAYSHOR,27.2103
2016-08-04 09:00:00+00:00,BAYSHOR,26.47313
2016-08-04 10:00:00+00:00,BAYSHOR,26.22328
2016-08-04 11:00:00+00:00,BAYSHOR,26.6505
2016-08-04 12:00:00+00:00,BAYSHOR,28.53491
2016-08-04 13:00:00+00:00,BAYSHOR,31.68032
2016-08-04 14:00:00+00:00,BAYSHOR,31.99183
2016-08-04 15:00:00+00:00,BAYSHOR,30.79532
2016-08-04 16:00:00+00:00,BAYSHOR,31.92712
2016-08-04 17:00:00+00:00,BAYSHOR,33.04079
2016-08-04 18:00:00+00:00,BAYSHOR,36.50455
2016-08-04 19:00:00+00:00,BAYSHOR,39.33316
2016-08-04 20:00:00+00:00,BAYSHOR,40.47701
2016-08-04 21:00:00+00:00,BAYSHOR,43.57653
2016-08-04 22:00:00+00:00,BAYSHOR,45.54817
2016-08-04 23:00:00+00:00,BAYSHOR,47.82025
2016-08-05 00:00:00+00:00,BAYSHOR,48.58471
2016-08-05 01:00:00+00:00,BAYSHOR,56.89846
2016-08-05 02:00:00+00:00,BAYSHOR,57.3919
2016-08-05 03:00:00+00:00,BAYSHOR,48.81336
2016-08-05 04:00:00+00:00,BAYSHOR,40.3843
2016-08-05 05:00:00+00:00,BAYSHOR,33.61108
2016-08-05 06:00:00+00:00,BAYSHOR,30.6383
2016-08-05 07:00:00+00:00,BAYSHOR,27.122840000000004
2016-08-05 08:00:00+00:00,BAYSHOR,26.216790000000003
2016-08-05 09:00:00+00:00,BAYSHOR,26.77986
2016-08-05 10:00:00+00:00,BAYSHOR,25.66992
2016-08-05 11:00:00+00:00,BAYSHOR,26.909540000000003
2016-08-05 12:00:00+00:00,BAYSHOR,27.60013
2016-08-05 13:00:00+00:00,BAYSHOR,30.30017
2016-08-05 14:00:00+00:00,BAYSHOR,30.03078
2016-08-05 15:00:00+00:00,BAYSHOR,28.94057
2016-08-05 16:00:00+00:00,BAYSHOR,28.98018
2016-08-05 17:00:00+00:00,BAYSHOR,29.94925
2016-08-05 18:00:00+00:00,BAYSHOR,30.926790000000004
2016-08-05 19:00:00+00:00,BAYSHOR,32.786120000000004
2016-08-05 20:00:00+00:00,BAYSHOR,34.07237
2016-08-05 21:00:00+00:00,BAYSHOR,37.04825
2016-08-05 22:00:00+00:00,BAYSHOR,42.78849
2016-08-05 23:00:00+00:00,BAYSHOR,43.93422
2016-08-06 00:00:00+00:00,BAYSHOR,46.42723
2016-08-06 01:00:00+00:00,BAYSHOR,52.35015
2016-08-06 02:00:00+00:00,BAYSHOR,54.13022
2016-08-06 03:00:00+00:00,BAYSHOR,48.42637
2016-08-06 04:00:00+00:00,BAYSHOR,39.382740000000005
2016-08-06 05:00:00+00:00,BAYSHOR,34.02368
2016-08-06 06:00:00+00:00,BAYSHOR,29.35308
2016-08-06 07:00:00+00:00,BAYSHOR,28.20434
2016-08-06 08:00:00+00:00,BAYSHOR,27.12853
2016-08-06 09:00:00+00:00,BAYSHOR,28.166
2016-08-06 10:00:00+00:00,BAYSHOR,27.95902
2016-08-06 11:00:00+00:00,BAYSHOR,27.585140000000003
2016-08-06 12:00:00+00:00,BAYSHOR,28.333170000000003
2016-08-06 13:00:00+00:00,BAYSHOR,28.54083
2016-08-06 14:00:00+00:00,BAYSHOR,27.15701
2016-08-06 15:00:00+00:00,BAYSHOR,26.19479
2016-08-06 16:00:00+00:00,BAYSHOR,27.19875
2016-08-06 17:00:00+00:00,BAYSHOR,28.12441
2016-08-06 18:00:00+00:00,BAYSHOR,29.04376
2016-08-06 19:00:00+00:00,BAYSHOR,29.178690000000003
2016-08-06 20:00:00+00:00,BAYSHOR,29.75813
2016-08-06 21:00:00+00:00,BAYSHOR,31.54484
2016-08-06 22:00:00+00:00,BAYSHOR,33.98697
2016-08-06 23:00:00+00:00,BAYSHOR,35.74564
2016-08-07 00:00:00+00:00,BAYSHOR,40.45003
2016-08-07 01:00:00+00:00,BAYSHOR,45.93247
2016-08-07 02:00:00+00:00,BAYSHOR,49.525290000000005
2016-08-07 03:00:00+00:00,BAYSHOR,43.26211
2016-08-07 04:00:00+00:00,BAYSHOR,34.29384
2016-08-07 05:00:00+00:00,BAYSHOR,32.166270000000004
2016-08-07 06:00:00+00:00,BAYSHOR,29.61608
2016-08-07 07:00:00+00:00,BAYSHOR,28.97621
2016-08-07 08:00:00+00:00,BAYSHOR,27.97082
2016-08-07 09:00:00+00:00,BAYSHOR,28.07957
2016-08-07 10:00:00+00:00,BAYSHOR,27.628940000000004
2016-08-07 11:00:00+00:00,BAYSHOR,27.46402
2016-08-07 12:00:00+00:00,BAYSHOR,27.96387
2016-08-07 13:00:00+00:00,BAYSHOR,26.581840000000003
2016-08-07 14:00:00+00:00,BAYSHOR,25.06996
2016-08-07 15:00:00+00:00,BAYSHOR,22.76737
2016-08-07 16:00:00+00:00,BAYSHOR,21.84249
2016-08-07 17:00:00+00:00,BAYSHOR,25.0657
2016-08-07 18:00:00+00:00,BAYSHOR,26.720240000000004
2016-08-07 19:00:00+00:00,BAYSHOR,27.19854
2016-08-07 20:00:00+00:00,BAYSHOR,28.22078
2016-08-07 21:00:00+00:00,BAYSHOR,28.23158
2016-08-07 22:00:00+00:00,BAYSHOR,31.41073
2016-08-07 23:00:00+00:00,BAYSHOR,34.60595
2016-08-08 00:00:00+00:00,BAYSHOR,37.63651
2016-08-08 01:00:00+00:00,BAYSHOR,43.61886
2016-08-08 02:00:00+00:00,BAYSHOR,50.46771
2016-08-08 03:00:00+00:00,BAYSHOR,46.4415
2016-08-08 04:00:00+00:00,BAYSHOR,35.29762
2016-08-08 05:00:00+00:00,BAYSHOR,32.40124
2016-08-08 06:00:00+00:00,BAYSHOR,29.45574
2016-08-08 07:00:00+00:00,BAYSHOR,28.08864
2016-08-08 08:00:00+00:00,BAYSHOR,26.8759
2016-08-08 09:00:00+00:00,BAYSHOR,26.88785
2016-08-08 10:00:00+00:00,BAYSHOR,26.29356
2016-08-08 11:00:00+00:00,BAYSHOR,26.544390000000003
2016-08-08 12:00:00+00:00,BAYSHOR,28.34484
2016-08-08 13:00:00+00:00,BAYSHOR,29.30218
2016-08-08 14:00:00+00:00,BAYSHOR,29.58827
2016-08-08 15:00:00+00:00,BAYSHOR,29.63033
2016-08-08 16:00:00+00:00,BAYSHOR,29.76942
2016-08-08 17:00:00+00:00,BAYSHOR,29.93976
2016-08-08 18:00:00+00:00,BAYSHOR,31.60042
2016-08-08 19:00:00+00:00,BAYSHOR,32.80763
2016-08-08 20:00:00+00:00,BAYSHOR,35.56208
2016-08-08 21:00:00+00:00,BAYSHOR,38.35636
2016-08-08 22:00:00+00:00,BAYSHOR,43.81692
2016-08-08 23:00:00+00:00,BAYSHOR,46.1629
2016-08-09 00:00:00+00:00,BAYSHOR,47.71033
2016-08-09 01:00:00+00:00,BAYSHOR,54.13924
2016-08-09 02:00:00+00:00,BAYSHOR,58.81508
2016-08-09 03:00:00+00:00,BAYSHOR,55.32701
2016-08-09 04:00:00+00:00,BAYSHOR,41.36256
2016-08-09 05:00:00+00:00,BAYSHOR,33.69935
2016-08-09 06:00:00+00:00,BAYSHOR,30.56115
2016-08-09 07:00:00+00:00,BAYSHOR,28.84335
2016-08-09 08:00:00+00:00,BAYSHOR,27.47146
2016-08-09 09:00:00+00:00,BAYSHOR,27.86477
2016-08-09 10:00:00+00:00,BAYSHOR,27.65465
2016-08-09 11:00:00+00:00,BAYSHOR,28.04913
2016-08-09 12:00:00+00:00,BAYSHOR,29.75257
2016-08-09 13:00:00+00:00,BAYSHOR,31.71801
2016-08-09 14:00:00+00:00,BAYSHOR,30.89756
2016-08-09 15:00:00+00:00,BAYSHOR,30.12022
2016-08-09 16:00:00+00:00,BAYSHOR,29.790470000000003
2016-08-09 17:00:00+00:00,BAYSHOR,30.47442
2016-08-09 18:00:00+00:00,BAYSHOR,31.21505
2016-08-09 19:00:00+00:00,BAYSHOR,32.17454
2016-08-09 20:00:00+00:00,BAYSHOR,33.37812
2016-08-09 21:00:00+00:00,BAYSHOR,35.8599
2016-08-09 22:00:00+00:00,BAYSHOR,39.84253
2016-08-09 23:00:00+00:00,BAYSHOR,44.06895
2016-08-10 00:00:00+00:00,BAYSHOR,45.24613
2016-08-10 01:00:00+00:00,BAYSHOR,51.73731
2016-08-10 02:00:00+00:00,BAYSHOR,57.534690000000005
2016-08-10 03:00:00+00:00,BAYSHOR,54.21763000000001
2016-08-10 04:00:00+00:00,BAYSHOR,41.25021
2016-08-10 05:00:00+00:00,BAYSHOR,34.05572
2016-08-10 06:00:00+00:00,BAYSHOR,31.94554
2016-08-10 07:00:00+00:00,BAYSHOR,28.38296
2016-08-10 08:00:00+00:00,BAYSHOR,27.93796
2016-08-10 09:00:00+00:00,BAYSHOR,27.781640000000003
2016-08-10 10:00:00+00:00,BAYSHOR,27.40047
2016-08-10 11:00:00+00:00,BAYSHOR,28.18835
2016-08-10 12:00:00+00:00,BAYSHOR,28.95136
2016-08-10 13:00:00+00:00,BAYSHOR,31.51039
2016-08-10 14:00:00+00:00,BAYSHOR,30.9889
2016-08-10 15:00:00+00:00,BAYSHOR,29.40285
2016-08-10 16:00:00+00:00,BAYSHOR,29.58274
2016-08-10 17:00:00+00:00,BAYSHOR,29.9341
2016-08-10 18:00:00+00:00,BAYSHOR,30.8125
2016-08-10 19:00:00+00:00,BAYSHOR,31.26665
2016-08-10 20:00:00+00:00,BAYSHOR,32.33565
2016-08-10 21:00:00+00:00,BAYSHOR,34.9658
2016-08-10 22:00:00+00:00,BAYSHOR,39.20726
2016-08-10 23:00:00+00:00,BAYSHOR,43.16825
2016-08-11 00:00:00+00:00,BAYSHOR,43.40563
2016-08-11 01:00:00+00:00,BAYSHOR,47.01152
2016-08-11 02:00:00+00:00,BAYSHOR,53.83856
2016-08-11 03:00:00+00:00,BAYSHOR,50.83851
2016-08-11 04:00:00+00:00,BAYSHOR,39.96483
2016-08-11 05:00:00+00:00,BAYSHOR,32.8697
2016-08-11 06:00:00+00:00,BAYSHOR,30.88461
2016-08-11 07:00:00+00:00,BAYSHOR,30.40359
2016-08-11 08:00:00+00:00,BAYSHOR,29.18575
2016-08-11 09:00:00+00:00,BAYSHOR,28.464270000000003
2016-08-11 10:00:00+00:00,BAYSHOR,28.372020000000003
2016-08-11 11:00:00+00:00,BAYSHOR,28.79292
2016-08-11 12:00:00+00:00,BAYSHOR,30.26123
2016-08-11 13:00:00+00:00,BAYSHOR,32.80758
2016-08-11 14:00:00+00:00,BAYSHOR,32.81718
2016-08-11 15:00:00+00:00,BAYSHOR,30.86369
2016-08-11 16:00:00+00:00,BAYSHOR,31.14725
2016-08-11 17:00:00+00:00,BAYSHOR,31.32637
2016-08-11 18:00:00+00:00,BAYSHOR,32.87142
2016-08-11 19:00:00+00:00,BAYSHOR,34.30832
2016-08-11 20:00:00+00:00,BAYSHOR,37.13395
2016-08-11 21:00:00+00:00,BAYSHOR,39.74216
2016-08-11 22:00:00+00:00,BAYSHOR,43.89546
2016-08-11 23:00:00+00:00,BAYSHOR,47.51388
2016-08-12 00:00:00+00:00,BAYSHOR,48.77775
2016-08-12 01:00:00+00:00,BAYSHOR,55.49341
2016-08-12 02:00:00+00:00,BAYSHOR,64.89438
2016-08-12 03:00:00+00:00,BAYSHOR,53.14679
2016-08-12 04:00:00+00:00,BAYSHOR,41.50538
2016-08-12 05:00:00+00:00,BAYSHOR,34.99827
2016-08-12 06:00:00+00:00,BAYSHOR,31.84803
2016-08-12 07:00:00+00:00,BAYSHOR,31.013690000000004
2016-08-12 08:00:00+00:00,BAYSHOR,29.85692
2016-08-12 09:00:00+00:00,BAYSHOR,28.50328
2016-08-12 10:00:00+00:00,BAYSHOR,27.73713
2016-08-12 11:00:00+00:00,BAYSHOR,28.28205
2016-08-12 12:00:00+00:00,BAYSHOR,29.89136
2016-08-12 13:00:00+00:00,BAYSHOR,32.83582
2016-08-12 14:00:00+00:00,BAYSHOR,32.42688
2016-08-12 15:00:00+00:00,BAYSHOR,30.44128
2016-08-12 16:00:00+00:00,BAYSHOR,30.33486
2016-08-12 17:00:00+00:00,BAYSHOR,31.40996
2016-08-12 18:00:00+00:00,BAYSHOR,33.498940000000005
2016-08-12 19:00:00+00:00,BAYSHOR,35.096070000000005
2016-08-12 20:00:00+00:00,BAYSHOR,40.06936
2016-08-12 21:00:00+00:00,BAYSHOR,43.75699
2016-08-12 22:00:00+00:00,BAYSHOR,45.3499
2016-08-12 23:00:00+00:00,BAYSHOR,51.51437
2016-08-13 00:00:00+00:00,BAYSHOR,54.0577
2016-08-13 01:00:00+00:00,BAYSHOR,57.28339
2016-08-13 02:00:00+00:00,BAYSHOR,58.51055
2016-08-13 03:00:00+00:00,BAYSHOR,48.77802
2016-08-13 04:00:00+00:00,BAYSHOR,39.59921
2016-08-13 05:00:00+00:00,BAYSHOR,34.71943
2016-08-13 06:00:00+00:00,BAYSHOR,31.8679
2016-08-13 07:00:00+00:00,BAYSHOR,32.29898
2016-08-13 08:00:00+00:00,BAYSHOR,29.851340000000004
2016-08-13 09:00:00+00:00,BAYSHOR,29.1696
2016-08-13 10:00:00+00:00,BAYSHOR,28.33594
2016-08-13 11:00:00+00:00,BAYSHOR,28.60578
2016-08-13 12:00:00+00:00,BAYSHOR,28.55033
2016-08-13 13:00:00+00:00,BAYSHOR,29.54926
2016-08-13 14:00:00+00:00,BAYSHOR,28.79457
2016-08-13 15:00:00+00:00,BAYSHOR,27.994
2016-08-13 16:00:00+00:00,BAYSHOR,30.24856
2016-08-13 17:00:00+00:00,BAYSHOR,31.191740000000003
2016-08-13 18:00:00+00:00,BAYSHOR,33.4151
2016-08-13 19:00:00+00:00,BAYSHOR,36.45947
2016-08-13 20:00:00+00:00,BAYSHOR,38.67427
2016-08-13 21:00:00+00:00,BAYSHOR,41.27477
2016-08-13 22:00:00+00:00,BAYSHOR,45.81478
2016-08-13 23:00:00+00:00,BAYSHOR,50.93734
2016-08-14 00:00:00+00:00,BAYSHOR,53.27325
2016-08-14 01:00:00+00:00,BAYSHOR,57.53245
2016-08-14 02:00:00+00:00,BAYSHOR,57.91751
2016-08-14 03:00:00+00:00,BAYSHOR,47.61996
2016-08-14 04:00:00+00:00,BAYSHOR,39.05347
2016-08-14 05:00:00+00:00,BAYSHOR,36.28003
2016-08-14 06:00:00+00:00,BAYSHOR,32.46801
2016-08-14 07:00:00+00:00,BAYSHOR,33.49798
2016-08-14 08:00:00+00:00,BAYSHOR,31.58398
2016-08-14 09:00:00+00:00,BAYSHOR,30.85028
2016-08-14 10:00:00+00:00,BAYSHOR,29.65714
2016-08-14 11:00:00+00:00,BAYSHOR,29.37158
2016-08-14 12:00:00+00:00,BAYSHOR,29.59115
2016-08-14 13:00:00+00:00,BAYSHOR,28.86869
2016-08-14 14:00:00+00:00,BAYSHOR,26.64431
2016-08-14 15:00:00+00:00,BAYSHOR,24.98383
2016-08-14 16:00:00+00:00,BAYSHOR,27.78331
2016-08-14 17:00:00+00:00,BAYSHOR,30.47329
2016-08-14 18:00:00+00:00,BAYSHOR,33.42142
2016-08-14 19:00:00+00:00,BAYSHOR,37.42931
2016-08-14 20:00:00+00:00,BAYSHOR,37.37288
2016-08-14 21:00:00+00:00,BAYSHOR,40.49336
2016-08-14 22:00:00+00:00,BAYSHOR,44.14481
2016-08-14 23:00:00+00:00,BAYSHOR,48.67311
2016-08-15 00:00:00+00:00,BAYSHOR,53.10571
2016-08-15 01:00:00+00:00,BAYSHOR,59.33431
2016-08-15 02:00:00+00:00,BAYSHOR,62.9534
2016-08-15 03:00:00+00:00,BAYSHOR,51.50544
2016-08-15 04:00:00+00:00,BAYSHOR,41.97226
2016-08-15 05:00:00+00:00,BAYSHOR,37.57021
2016-08-15 06:00:00+00:00,BAYSHOR,35.0917
2016-08-15 07:00:00+00:00,BAYSHOR,31.54343
2016-08-15 08:00:00+00:00,BAYSHOR,29.964
2016-08-15 09:00:00+00:00,BAYSHOR,28.69685
2016-08-15 10:00:00+00:00,BAYSHOR,27.73771
2016-08-15 11:00:00+00:00,BAYSHOR,28.54142
2016-08-15 12:00:00+00:00,BAYSHOR,29.06687
2016-08-15 13:00:00+00:00,BAYSHOR,33.42258
2016-08-15 14:00:00+00:00,BAYSHOR,33.53788
2016-08-15 15:00:00+00:00,BAYSHOR,32.69019
2016-08-15 16:00:00+00:00,BAYSHOR,33.276920000000004
2016-08-15 17:00:00+00:00,BAYSHOR,35.43795
2016-08-15 18:00:00+00:00,BAYSHOR,38.57449
2016-08-15 19:00:00+00:00,BAYSHOR,42.11538
2016-08-15 20:00:00+00:00,BAYSHOR,47.54546
2016-08-15 21:00:00+00:00,BAYSHOR,50.10072
2016-08-15 22:00:00+00:00,BAYSHOR,55.10118000000001
2016-08-15 23:00:00+00:00,BAYSHOR,62.61066
2016-08-16 00:00:00+00:00,BAYSHOR,66.35311
2016-08-16 01:00:00+00:00,BAYSHOR,70.35604000000001
2016-08-16 02:00:00+00:00,BAYSHOR,70.96651
2016-08-16 03:00:00+00:00,BAYSHOR,53.49109
2016-08-16 04:00:00+00:00,BAYSHOR,43.07476
2016-08-16 05:00:00+00:00,BAYSHOR,37.14585
2016-08-16 06:00:00+00:00,BAYSHOR,32.87226
2016-08-16 07:00:00+00:00,BAYSHOR,30.9312
2016-08-16 08:00:00+00:00,BAYSHOR,29.47221
2016-08-16 09:00:00+00:00,BAYSHOR,27.90065
2016-08-16 10:00:00+00:00,BAYSHOR,27.40113
2016-08-16 11:00:00+00:00,BAYSHOR,28.24033
2016-08-16 12:00:00+00:00,BAYSHOR,29.40424
2016-08-16 13:00:00+00:00,BAYSHOR,35.04973
2016-08-16 14:00:00+00:00,BAYSHOR,34.65978
2016-08-16 15:00:00+00:00,BAYSHOR,33.104420000000005
2016-08-16 16:00:00+00:00,BAYSHOR,35.171490000000006
2016-08-16 17:00:00+00:00,BAYSHOR,37.5495
2016-08-16 18:00:00+00:00,BAYSHOR,39.38816
2016-08-16 19:00:00+00:00,BAYSHOR,43.50043
2016-08-16 20:00:00+00:00,BAYSHOR,48.3553
2016-08-16 21:00:00+00:00,BAYSHOR,51.79962
2016-08-16 22:00:00+00:00,BAYSHOR,56.64384
2016-08-16 23:00:00+00:00,BAYSHOR,66.07726
2016-08-17 00:00:00+00:00,BAYSHOR,70.75939
2016-08-17 01:00:00+00:00,BAYSHOR,74.58296
2016-08-17 02:00:00+00:00,BAYSHOR,73.41606
2016-08-17 03:00:00+00:00,BAYSHOR,53.4186
2016-08-17 04:00:00+00:00,BAYSHOR,46.22956
2016-08-17 05:00:00+00:00,BAYSHOR,38.6
2016-08-17 06:00:00+00:00,BAYSHOR,35.78622
2016-08-17 07:00:00+00:00,BAYSHOR,30.13932
2016-08-17 08:00:00+00:00,BAYSHOR,29.02468
2016-08-17 09:00:00+00:00,BAYSHOR,27.45763
2016-08-17 10:00:00+00:00,BAYSHOR,27.78377
2016-08-17 11:00:00+00:00,BAYSHOR,28.15703
2016-08-17 12:00:00+00:00,BAYSHOR,29.72679
2016-08-17 13:00:00+00:00,BAYSHOR,33.45369
2016-08-17 14:00:00+00:00,BAYSHOR,33.25408
2016-08-17 15:00:00+00:00,BAYSHOR,31.89497
2016-08-17 16:00:00+00:00,BAYSHOR,33.52304
2016-08-17 17:00:00+00:00,BAYSHOR,35.28076
2016-08-17 18:00:00+00:00,BAYSHOR,38.32147
2016-08-17 19:00:00+00:00,BAYSHOR,42.6075
2016-08-17 20:00:00+00:00,BAYSHOR,45.1381
2016-08-17 21:00:00+00:00,BAYSHOR,50.1779
2016-08-17 22:00:00+00:00,BAYSHOR,53.87566999999999
2016-08-17 23:00:00+00:00,BAYSHOR,60.25739
2016-08-18 00:00:00+00:00,BAYSHOR,63.53484
2016-08-18 01:00:00+00:00,BAYSHOR,69.91619
2016-08-18 02:00:00+00:00,BAYSHOR,67.1956
2016-08-18 03:00:00+00:00,BAYSHOR,53.95127
2016-08-18 04:00:00+00:00,BAYSHOR,43.45484
2016-08-18 05:00:00+00:00,BAYSHOR,37.93487
2016-08-18 06:00:00+00:00,BAYSHOR,35.25565
2016-08-18 07:00:00+00:00,BAYSHOR,33.45216
2016-08-18 08:00:00+00:00,BAYSHOR,31.19799
2016-08-18 09:00:00+00:00,BAYSHOR,29.3166
2016-08-18 10:00:00+00:00,BAYSHOR,29.04576
2016-08-18 11:00:00+00:00,BAYSHOR,30.57338
2016-08-18 12:00:00+00:00,BAYSHOR,31.43985
2016-08-18 13:00:00+00:00,BAYSHOR,37.11753
2016-08-18 14:00:00+00:00,BAYSHOR,37.29188
2016-08-18 15:00:00+00:00,BAYSHOR,33.90194
2016-08-18 16:00:00+00:00,BAYSHOR,33.653459999999995
2016-08-18 17:00:00+00:00,BAYSHOR,35.59193
2016-08-18 18:00:00+00:00,BAYSHOR,38.13732
2016-08-18 19:00:00+00:00,BAYSHOR,40.95983
2016-08-18 20:00:00+00:00,BAYSHOR,43.85298
2016-08-18 21:00:00+00:00,BAYSHOR,48.82611
2016-08-18 22:00:00+00:00,BAYSHOR,52.94266
2016-08-18 23:00:00+00:00,BAYSHOR,64.21211
2016-08-19 00:00:00+00:00,BAYSHOR,67.27535
2016-08-19 01:00:00+00:00,BAYSHOR,73.66889
2016-08-19 02:00:00+00:00,BAYSHOR,68.45031
2016-08-19 03:00:00+00:00,BAYSHOR,54.55806
2016-08-19 04:00:00+00:00,BAYSHOR,44.55507
2016-08-19 05:00:00+00:00,BAYSHOR,36.74936
2016-08-19 06:00:00+00:00,BAYSHOR,33.73467
2016-08-19 07:00:00+00:00,BAYSHOR,33.11285
2016-08-19 08:00:00+00:00,BAYSHOR,30.89992
2016-08-19 09:00:00+00:00,BAYSHOR,28.77231
2016-08-19 10:00:00+00:00,BAYSHOR,28.15563
2016-08-19 11:00:00+00:00,BAYSHOR,28.66185
2016-08-19 12:00:00+00:00,BAYSHOR,29.33169
2016-08-19 13:00:00+00:00,BAYSHOR,33.69021
2016-08-19 14:00:00+00:00,BAYSHOR,33.787490000000005
2016-08-19 15:00:00+00:00,BAYSHOR,30.12712
2016-08-19 16:00:00+00:00,BAYSHOR,29.73008
2016-08-19 17:00:00+00:00,BAYSHOR,33.34433
2016-08-19 18:00:00+00:00,BAYSHOR,35.19932
2016-08-19 19:00:00+00:00,BAYSHOR,37.427690000000005
2016-08-19 20:00:00+00:00,BAYSHOR,39.09855
2016-08-19 21:00:00+00:00,BAYSHOR,41.52967
2016-08-19 22:00:00+00:00,BAYSHOR,46.07921
2016-08-19 23:00:00+00:00,BAYSHOR,52.64499
2016-08-20 00:00:00+00:00,BAYSHOR,55.2205
2016-08-20 01:00:00+00:00,BAYSHOR,62.02805
2016-08-20 02:00:00+00:00,BAYSHOR,61.22037
2016-08-20 03:00:00+00:00,BAYSHOR,48.91672
2016-08-20 04:00:00+00:00,BAYSHOR,41.86087
2016-08-20 05:00:00+00:00,BAYSHOR,36.97207
2016-08-20 06:00:00+00:00,BAYSHOR,33.59478
2016-08-20 07:00:00+00:00,BAYSHOR,31.27389
2016-08-20 08:00:00+00:00,BAYSHOR,29.16828
2016-08-20 09:00:00+00:00,BAYSHOR,28.57989
2016-08-20 10:00:00+00:00,BAYSHOR,27.62504
2016-08-20 11:00:00+00:00,BAYSHOR,27.21207
2016-08-20 12:00:00+00:00,BAYSHOR,28.16306
2016-08-20 13:00:00+00:00,BAYSHOR,30.68484
2016-08-20 14:00:00+00:00,BAYSHOR,28.55303
2016-08-20 15:00:00+00:00,BAYSHOR,26.48654
2016-08-20 16:00:00+00:00,BAYSHOR,27.56693
2016-08-20 17:00:00+00:00,BAYSHOR,28.08639
2016-08-20 18:00:00+00:00,BAYSHOR,28.97847
2016-08-20 19:00:00+00:00,BAYSHOR,32.41885
2016-08-20 20:00:00+00:00,BAYSHOR,34.07649
2016-08-20 21:00:00+00:00,BAYSHOR,35.06402
2016-08-20 22:00:00+00:00,BAYSHOR,39.10105
2016-08-20 23:00:00+00:00,BAYSHOR,44.49038
2016-08-21 00:00:00+00:00,BAYSHOR,46.41904
2016-08-21 01:00:00+00:00,BAYSHOR,53.21575
2016-08-21 02:00:00+00:00,BAYSHOR,54.5724
2016-08-21 03:00:00+00:00,BAYSHOR,49.18968
2016-08-21 04:00:00+00:00,BAYSHOR,39.52975
2016-08-21 05:00:00+00:00,BAYSHOR,33.11489
2016-08-21 06:00:00+00:00,BAYSHOR,31.53065
2016-08-21 07:00:00+00:00,BAYSHOR,27.97133
2016-08-21 08:00:00+00:00,BAYSHOR,27.31884
2016-08-21 09:00:00+00:00,BAYSHOR,27.56294
2016-08-21 10:00:00+00:00,BAYSHOR,27.02892
2016-08-21 11:00:00+00:00,BAYSHOR,27.03114
2016-08-21 12:00:00+00:00,BAYSHOR,27.13962
2016-08-21 13:00:00+00:00,BAYSHOR,26.11748
2016-08-21 14:00:00+00:00,BAYSHOR,23.63054
2016-08-21 15:00:00+00:00,BAYSHOR,25.6708
2016-08-21 16:00:00+00:00,BAYSHOR,27.06392
2016-08-21 17:00:00+00:00,BAYSHOR,28.00357
2016-08-21 18:00:00+00:00,BAYSHOR,29.29825
2016-08-21 19:00:00+00:00,BAYSHOR,28.93428
2016-08-21 20:00:00+00:00,BAYSHOR,29.03569
2016-08-21 21:00:00+00:00,BAYSHOR,30.78619
2016-08-21 22:00:00+00:00,BAYSHOR,33.61008
2016-08-21 23:00:00+00:00,BAYSHOR,40.00955
2016-08-22 00:00:00+00:00,BAYSHOR,42.8715
2016-08-22 01:00:00+00:00,BAYSHOR,48.59512
2016-08-22 02:00:00+00:00,BAYSHOR,53.25566
2016-08-22 03:00:00+00:00,BAYSHOR,49.28731
2016-08-22 04:00:00+00:00,BAYSHOR,36.00241
2016-08-22 05:00:00+00:00,BAYSHOR,31.83351
2016-08-22 06:00:00+00:00,BAYSHOR,29.45368
2016-08-22 07:00:00+00:00,BAYSHOR,27.51271
2016-08-22 08:00:00+00:00,BAYSHOR,26.78547
2016-08-22 09:00:00+00:00,BAYSHOR,26.29723
2016-08-22 10:00:00+00:00,BAYSHOR,25.60648
2016-08-22 11:00:00+00:00,BAYSHOR,26.58168
2016-08-22 12:00:00+00:00,BAYSHOR,27.57723
2016-08-22 13:00:00+00:00,BAYSHOR,31.11931
2016-08-22 14:00:00+00:00,BAYSHOR,33.01085
2016-08-22 15:00:00+00:00,BAYSHOR,29.93652
2016-08-22 16:00:00+00:00,BAYSHOR,30.56466
2016-08-22 17:00:00+00:00,BAYSHOR,31.05331
2016-08-22 18:00:00+00:00,BAYSHOR,31.60058
2016-08-22 19:00:00+00:00,BAYSHOR,34.16335
2016-08-22 20:00:00+00:00,BAYSHOR,34.7385
2016-08-22 21:00:00+00:00,BAYSHOR,35.44594
2016-08-22 22:00:00+00:00,BAYSHOR,38.82742
2016-08-22 23:00:00+00:00,BAYSHOR,43.9719
2016-08-23 00:00:00+00:00,BAYSHOR,46.23485
2016-08-23 01:00:00+00:00,BAYSHOR,50.42657
2016-08-23 02:00:00+00:00,BAYSHOR,54.65636
2016-08-23 03:00:00+00:00,BAYSHOR,47.95368
2016-08-23 04:00:00+00:00,BAYSHOR,36.2758
2016-08-23 05:00:00+00:00,BAYSHOR,32.36963
2016-08-23 06:00:00+00:00,BAYSHOR,30.64991
2016-08-23 07:00:00+00:00,BAYSHOR,27.77777
2016-08-23 08:00:00+00:00,BAYSHOR,26.01947
2016-08-23 09:00:00+00:00,BAYSHOR,27.0139
2016-08-23 10:00:00+00:00,BAYSHOR,26.45695
2016-08-23 11:00:00+00:00,BAYSHOR,27.66552
2016-08-23 12:00:00+00:00,BAYSHOR,29.1052
2016-08-23 13:00:00+00:00,BAYSHOR,31.39102
2016-08-23 14:00:00+00:00,BAYSHOR,32.1875
2016-08-23 15:00:00+00:00,BAYSHOR,29.81865
2016-08-23 16:00:00+00:00,BAYSHOR,30.26608
2016-08-23 17:00:00+00:00,BAYSHOR,30.91088
2016-08-23 18:00:00+00:00,BAYSHOR,31.34308
2016-08-23 19:00:00+00:00,BAYSHOR,32.98887
2016-08-23 20:00:00+00:00,BAYSHOR,33.79176
2016-08-23 21:00:00+00:00,BAYSHOR,34.64461
2016-08-23 22:00:00+00:00,BAYSHOR,36.37476
2016-08-23 23:00:00+00:00,BAYSHOR,39.90296
2016-08-24 00:00:00+00:00,BAYSHOR,41.74903
2016-08-24 01:00:00+00:00,BAYSHOR,47.7184
2016-08-24 02:00:00+00:00,BAYSHOR,52.03711
2016-08-24 03:00:00+00:00,BAYSHOR,45.39694
2016-08-24 04:00:00+00:00,BAYSHOR,34.68616
2016-08-24 05:00:00+00:00,BAYSHOR,32.60425
2016-08-24 06:00:00+00:00,BAYSHOR,30.16832
2016-08-24 07:00:00+00:00,BAYSHOR,30.10544
2016-08-24 08:00:00+00:00,BAYSHOR,28.75856
2016-08-24 09:00:00+00:00,BAYSHOR,28.8533
2016-08-24 10:00:00+00:00,BAYSHOR,28.14356
2016-08-24 11:00:00+00:00,BAYSHOR,28.78146
2016-08-24 12:00:00+00:00,BAYSHOR,30.207
2016-08-24 13:00:00+00:00,BAYSHOR,32.65992
2016-08-24 14:00:00+00:00,BAYSHOR,36.26778
2016-08-24 15:00:00+00:00,BAYSHOR,33.969559999999994
2016-08-24 16:00:00+00:00,BAYSHOR,35.37486
2016-08-24 17:00:00+00:00,BAYSHOR,36.65197
2016-08-24 18:00:00+00:00,BAYSHOR,37.3467
2016-08-24 19:00:00+00:00,BAYSHOR,38.01209
2016-08-24 20:00:00+00:00,BAYSHOR,35.7132
2016-08-24 21:00:00+00:00,BAYSHOR,38.38868
2016-08-24 22:00:00+00:00,BAYSHOR,39.80464
2016-08-24 23:00:00+00:00,BAYSHOR,43.57391
2016-08-25 00:00:00+00:00,BAYSHOR,46.28255
2016-08-25 01:00:00+00:00,BAYSHOR,49.94328
2016-08-25 02:00:00+00:00,BAYSHOR,51.5801
2016-08-25 03:00:00+00:00,BAYSHOR,45.43378
2016-08-25 04:00:00+00:00,BAYSHOR,36.93601
2016-08-25 05:00:00+00:00,BAYSHOR,33.47585
2016-08-25 06:00:00+00:00,BAYSHOR,30.60067
2016-08-25 07:00:00+00:00,BAYSHOR,28.91398
2016-08-25 08:00:00+00:00,BAYSHOR,26.85543
2016-08-25 09:00:00+00:00,BAYSHOR,26.99662
2016-08-25 10:00:00+00:00,BAYSHOR,25.92725
2016-08-25 11:00:00+00:00,BAYSHOR,27.08548
2016-08-25 12:00:00+00:00,BAYSHOR,29.35313
2016-08-25 13:00:00+00:00,BAYSHOR,31.93263
2016-08-25 14:00:00+00:00,BAYSHOR,33.59966
2016-08-25 15:00:00+00:00,BAYSHOR,30.52503
2016-08-25 16:00:00+00:00,BAYSHOR,30.527
2016-08-25 17:00:00+00:00,BAYSHOR,30.89859
2016-08-25 18:00:00+00:00,BAYSHOR,32.38023
2016-08-25 19:00:00+00:00,BAYSHOR,34.53858
2016-08-25 20:00:00+00:00,BAYSHOR,33.95916
2016-08-25 21:00:00+00:00,BAYSHOR,36.121190000000006
2016-08-25 22:00:00+00:00,BAYSHOR,41.59341
2016-08-25 23:00:00+00:00,BAYSHOR,45.56521
2016-08-26 00:00:00+00:00,BAYSHOR,47.76985
2016-08-26 01:00:00+00:00,BAYSHOR,51.391020000000005
2016-08-26 02:00:00+00:00,BAYSHOR,51.84046
2016-08-26 03:00:00+00:00,BAYSHOR,46.44371
2016-08-26 04:00:00+00:00,BAYSHOR,38.72183
2016-08-26 05:00:00+00:00,BAYSHOR,33.74451
2016-08-26 06:00:00+00:00,BAYSHOR,30.27788
2016-08-26 07:00:00+00:00,BAYSHOR,29.12253
2016-08-26 08:00:00+00:00,BAYSHOR,28.13786
2016-08-26 09:00:00+00:00,BAYSHOR,27.72348
2016-08-26 10:00:00+00:00,BAYSHOR,27.1879
2016-08-26 11:00:00+00:00,BAYSHOR,28.16302
2016-08-26 12:00:00+00:00,BAYSHOR,30.74704
2016-08-26 13:00:00+00:00,BAYSHOR,33.27203
2016-08-26 14:00:00+00:00,BAYSHOR,33.7506
2016-08-26 15:00:00+00:00,BAYSHOR,30.51116
2016-08-26 16:00:00+00:00,BAYSHOR,29.78866
2016-08-26 17:00:00+00:00,BAYSHOR,30.259390000000003
2016-08-26 18:00:00+00:00,BAYSHOR,30.75608
2016-08-26 19:00:00+00:00,BAYSHOR,30.86644
2016-08-26 20:00:00+00:00,BAYSHOR,32.22027
2016-08-26 21:00:00+00:00,BAYSHOR,33.93625
2016-08-26 22:00:00+00:00,BAYSHOR,38.9215
2016-08-26 23:00:00+00:00,BAYSHOR,39.7422
2016-08-27 00:00:00+00:00,BAYSHOR,41.71368
2016-08-27 01:00:00+00:00,BAYSHOR,47.59344
2016-08-27 02:00:00+00:00,BAYSHOR,47.85921
2016-08-27 03:00:00+00:00,BAYSHOR,42.85588
2016-08-27 04:00:00+00:00,BAYSHOR,35.82721
2016-08-27 05:00:00+00:00,BAYSHOR,32.83217
2016-08-27 06:00:00+00:00,BAYSHOR,30.82625
2016-08-27 07:00:00+00:00,BAYSHOR,26.57263
2016-08-27 08:00:00+00:00,BAYSHOR,26.359720000000003
2016-08-27 09:00:00+00:00,BAYSHOR,26.3793
2016-08-27 10:00:00+00:00,BAYSHOR,25.98585
2016-08-27 11:00:00+00:00,BAYSHOR,25.98013
2016-08-27 12:00:00+00:00,BAYSHOR,26.51871
2016-08-27 13:00:00+00:00,BAYSHOR,27.162740000000003
2016-08-27 14:00:00+00:00,BAYSHOR,26.846
2016-08-27 15:00:00+00:00,BAYSHOR,23.82834
2016-08-27 16:00:00+00:00,BAYSHOR,25.37561
2016-08-27 17:00:00+00:00,BAYSHOR,26.05779
2016-08-27 18:00:00+00:00,BAYSHOR,26.06251
2016-08-27 19:00:00+00:00,BAYSHOR,26.257240000000003
2016-08-27 20:00:00+00:00,BAYSHOR,26.81122
2016-08-27 21:00:00+00:00,BAYSHOR,27.63796
2016-08-27 22:00:00+00:00,BAYSHOR,30.86101
2016-08-27 23:00:00+00:00,BAYSHOR,34.50602
2016-08-28 00:00:00+00:00,BAYSHOR,36.7361
2016-08-28 01:00:00+00:00,BAYSHOR,43.87819
2016-08-28 02:00:00+00:00,BAYSHOR,44.91832
2016-08-28 03:00:00+00:00,BAYSHOR,40.20439
2016-08-28 04:00:00+00:00,BAYSHOR,33.00242
2016-08-28 05:00:00+00:00,BAYSHOR,30.87937
2016-08-28 06:00:00+00:00,BAYSHOR,28.40734
2016-08-28 07:00:00+00:00,BAYSHOR,30.54086
2016-08-28 08:00:00+00:00,BAYSHOR,29.06358
2016-08-28 09:00:00+00:00,BAYSHOR,28.4287
2016-08-28 10:00:00+00:00,BAYSHOR,27.82229
2016-08-28 11:00:00+00:00,BAYSHOR,27.55064
2016-08-28 12:00:00+00:00,BAYSHOR,28.47796
2016-08-28 13:00:00+00:00,BAYSHOR,27.49203
2016-08-28 14:00:00+00:00,BAYSHOR,26.85585
2016-08-28 15:00:00+00:00,BAYSHOR,25.20655
2016-08-28 16:00:00+00:00,BAYSHOR,25.67991
2016-08-28 17:00:00+00:00,BAYSHOR,26.05583
2016-08-28 18:00:00+00:00,BAYSHOR,28.47167
2016-08-28 19:00:00+00:00,BAYSHOR,27.7224
2016-08-28 20:00:00+00:00,BAYSHOR,28.42042
2016-08-28 21:00:00+00:00,BAYSHOR,30.84415
2016-08-28 22:00:00+00:00,BAYSHOR,35.40595
2016-08-28 23:00:00+00:00,BAYSHOR,37.45507
2016-08-29 00:00:00+00:00,BAYSHOR,39.86886
2016-08-29 01:00:00+00:00,BAYSHOR,46.24235
2016-08-29 02:00:00+00:00,BAYSHOR,49.22684
2016-08-29 03:00:00+00:00,BAYSHOR,42.84197
2016-08-29 04:00:00+00:00,BAYSHOR,34.96549
2016-08-29 05:00:00+00:00,BAYSHOR,32.48833
2016-08-29 06:00:00+00:00,BAYSHOR,30.26088
2016-08-29 07:00:00+00:00,BAYSHOR,29.849090000000004
2016-08-29 08:00:00+00:00,BAYSHOR,28.297220000000003
2016-08-29 09:00:00+00:00,BAYSHOR,26.69949
2016-08-29 10:00:00+00:00,BAYSHOR,26.22858
2016-08-29 11:00:00+00:00,BAYSHOR,26.79697
2016-08-29 12:00:00+00:00,BAYSHOR,30.780890000000003
2016-08-29 13:00:00+00:00,BAYSHOR,32.30129
2016-08-29 14:00:00+00:00,BAYSHOR,32.75215
2016-08-29 15:00:00+00:00,BAYSHOR,30.75559
2016-08-29 16:00:00+00:00,BAYSHOR,30.7006
2016-08-29 17:00:00+00:00,BAYSHOR,30.7954
2016-08-29 18:00:00+00:00,BAYSHOR,32.39362
2016-08-29 19:00:00+00:00,BAYSHOR,34.70443
2016-08-29 20:00:00+00:00,BAYSHOR,35.01354
2016-08-29 21:00:00+00:00,BAYSHOR,37.04127
2016-08-29 22:00:00+00:00,BAYSHOR,41.64897
2016-08-29 23:00:00+00:00,BAYSHOR,43.87267
2016-08-30 00:00:00+00:00,BAYSHOR,45.86878
2016-08-30 01:00:00+00:00,BAYSHOR,51.3686
2016-08-30 02:00:00+00:00,BAYSHOR,51.36854
2016-08-30 03:00:00+00:00,BAYSHOR,45.42378
2016-08-30 04:00:00+00:00,BAYSHOR,35.33142
2016-08-30 05:00:00+00:00,BAYSHOR,33.4315
2016-08-30 06:00:00+00:00,BAYSHOR,31.74832
2016-08-30 07:00:00+00:00,BAYSHOR,31.98677
2016-08-30 08:00:00+00:00,BAYSHOR,29.96223
2016-08-30 09:00:00+00:00,BAYSHOR,28.35048
2016-08-30 10:00:00+00:00,BAYSHOR,27.55224
2016-08-30 11:00:00+00:00,BAYSHOR,28.50608
2016-08-30 12:00:00+00:00,BAYSHOR,30.89305
2016-08-30 13:00:00+00:00,BAYSHOR,33.83925
2016-08-30 14:00:00+00:00,BAYSHOR,34.50014
2016-08-30 15:00:00+00:00,BAYSHOR,31.87139
2016-08-30 16:00:00+00:00,BAYSHOR,31.26778
2016-08-30 17:00:00+00:00,BAYSHOR,31.91058
2016-08-30 18:00:00+00:00,BAYSHOR,33.68456
2016-08-30 19:00:00+00:00,BAYSHOR,36.13908
2016-08-30 20:00:00+00:00,BAYSHOR,37.43606
2016-08-30 21:00:00+00:00,BAYSHOR,41.1106
2016-08-30 22:00:00+00:00,BAYSHOR,47.00555
2016-08-30 23:00:00+00:00,BAYSHOR,46.684470000000005
2016-08-31 00:00:00+00:00,BAYSHOR,49.21898
2016-08-31 01:00:00+00:00,BAYSHOR,56.19834
2016-08-31 02:00:00+00:00,BAYSHOR,56.461940000000006
2016-08-31 03:00:00+00:00,BAYSHOR,47.42415
2016-08-31 04:00:00+00:00,BAYSHOR,37.85823
2016-08-31 05:00:00+00:00,BAYSHOR,34.40291
2016-08-31 06:00:00+00:00,BAYSHOR,32.44364
2016-08-31 07:00:00+00:00,BAYSHOR,30.85993
2016-08-31 08:00:00+00:00,BAYSHOR,30.0337
2016-08-31 09:00:00+00:00,BAYSHOR,29.052570000000003
2016-08-31 10:00:00+00:00,BAYSHOR,28.99841
2016-08-31 11:00:00+00:00,BAYSHOR,29.66055
2016-08-31 12:00:00+00:00,BAYSHOR,32.09282
2016-08-31 13:00:00+00:00,BAYSHOR,35.615590000000005
2016-08-31 14:00:00+00:00,BAYSHOR,34.97461
2016-08-31 15:00:00+00:00,BAYSHOR,31.96836
2016-08-31 16:00:00+00:00,BAYSHOR,30.883000000000003
2016-08-31 17:00:00+00:00,BAYSHOR,31.29043
2016-08-31 18:00:00+00:00,BAYSHOR,32.55296
2016-08-31 19:00:00+00:00,BAYSHOR,34.69195
2016-08-31 20:00:00+00:00,BAYSHOR,34.70567
2016-08-31 21:00:00+00:00,BAYSHOR,36.01984
2016-08-31 22:00:00+00:00,BAYSHOR,40.49718
2016-08-31 23:00:00+00:00,BAYSHOR,41.54397
2016-09-01 00:00:00+00:00,BAYSHOR,45.46677
2016-09-01 01:00:00+00:00,BAYSHOR,60.00274
2016-09-01 02:00:00+00:00,BAYSHOR,55.94874
2016-09-01 03:00:00+00:00,BAYSHOR,48.23648
2016-09-01 04:00:00+00:00,BAYSHOR,38.96678
2016-09-01 05:00:00+00:00,BAYSHOR,36.549040000000005
2016-09-01 06:00:00+00:00,BAYSHOR,34.02662
2016-09-01 08:00:00+00:00,BAYSHOR,26.92547
2016-09-01 09:00:00+00:00,BAYSHOR,28.64282
2016-09-01 10:00:00+00:00,BAYSHOR,28.74029
2016-09-01 11:00:00+00:00,BAYSHOR,29.54133
2016-09-01 12:00:00+00:00,BAYSHOR,33.56734
2016-09-01 13:00:00+00:00,BAYSHOR,34.95813
2016-09-01 14:00:00+00:00,BAYSHOR,35.18558
2016-09-01 15:00:00+00:00,BAYSHOR,31.598370000000003
2016-09-01 16:00:00+00:00,BAYSHOR,32.0539
2016-09-01 17:00:00+00:00,BAYSHOR,30.81643
2016-09-01 18:00:00+00:00,BAYSHOR,32.32015
2016-09-01 19:00:00+00:00,BAYSHOR,32.75986
2016-09-01 20:00:00+00:00,BAYSHOR,33.594120000000004
2016-09-01 21:00:00+00:00,BAYSHOR,35.42778
2016-09-01 22:00:00+00:00,BAYSHOR,37.07745
2016-09-01 23:00:00+00:00,BAYSHOR,41.1622
2016-09-02 00:00:00+00:00,BAYSHOR,46.6459
2016-09-02 01:00:00+00:00,BAYSHOR,51.55597
2016-09-02 02:00:00+00:00,BAYSHOR,51.32382
2016-09-02 03:00:00+00:00,BAYSHOR,46.16069
2016-09-02 04:00:00+00:00,BAYSHOR,36.88825
2016-09-02 05:00:00+00:00,BAYSHOR,34.84013
2016-09-02 06:00:00+00:00,BAYSHOR,31.95062
2016-09-02 07:00:00+00:00,BAYSHOR,29.75674
2016-09-02 08:00:00+00:00,BAYSHOR,29.02867
2016-09-02 09:00:00+00:00,BAYSHOR,29.37186
2016-09-02 10:00:00+00:00,BAYSHOR,29.41521
2016-09-02 11:00:00+00:00,BAYSHOR,30.04077
2016-09-02 12:00:00+00:00,BAYSHOR,33.00535
2016-09-02 13:00:00+00:00,BAYSHOR,35.04221
2016-09-02 14:00:00+00:00,BAYSHOR,34.77108
2016-09-02 15:00:00+00:00,BAYSHOR,31.16872
2016-09-02 16:00:00+00:00,BAYSHOR,29.92708
2016-09-02 17:00:00+00:00,BAYSHOR,30.25389
2016-09-02 18:00:00+00:00,BAYSHOR,31.268040000000003
2016-09-02 19:00:00+00:00,BAYSHOR,31.49891
2016-09-02 20:00:00+00:00,BAYSHOR,31.94582
2016-09-02 21:00:00+00:00,BAYSHOR,33.62985
2016-09-02 22:00:00+00:00,BAYSHOR,34.75218
2016-09-02 23:00:00+00:00,BAYSHOR,36.93905
2016-09-03 00:00:00+00:00,BAYSHOR,39.56786
2016-09-03 01:00:00+00:00,BAYSHOR,49.30937
2016-09-03 02:00:00+00:00,BAYSHOR,48.03857
2016-09-03 03:00:00+00:00,BAYSHOR,45.03091
2016-09-03 04:00:00+00:00,BAYSHOR,36.52745
2016-09-03 05:00:00+00:00,BAYSHOR,34.93818
2016-09-03 06:00:00+00:00,BAYSHOR,32.05678
2016-09-03 07:00:00+00:00,BAYSHOR,31.48572
2016-09-03 08:00:00+00:00,BAYSHOR,30.74038
2016-09-03 09:00:00+00:00,BAYSHOR,31.407390000000003
2016-09-03 10:00:00+00:00,BAYSHOR,31.19467
2016-09-03 11:00:00+00:00,BAYSHOR,30.78398
2016-09-03 12:00:00+00:00,BAYSHOR,32.12117
2016-09-03 13:00:00+00:00,BAYSHOR,31.14443
2016-09-03 14:00:00+00:00,BAYSHOR,29.91412
2016-09-03 15:00:00+00:00,BAYSHOR,30.59793
2016-09-03 16:00:00+00:00,BAYSHOR,30.25197
2016-09-03 17:00:00+00:00,BAYSHOR,30.38577
2016-09-03 18:00:00+00:00,BAYSHOR,29.821440000000003
2016-09-03 19:00:00+00:00,BAYSHOR,29.64553
2016-09-03 20:00:00+00:00,BAYSHOR,27.2462
2016-09-03 21:00:00+00:00,BAYSHOR,26.55645
2016-09-03 22:00:00+00:00,BAYSHOR,27.40835
2016-09-03 23:00:00+00:00,BAYSHOR,29.93689
2016-09-04 00:00:00+00:00,BAYSHOR,34.64667
2016-09-04 01:00:00+00:00,BAYSHOR,42.93882
2016-09-04 02:00:00+00:00,BAYSHOR,43.70223
2016-09-04 03:00:00+00:00,BAYSHOR,41.91117
2016-09-04 04:00:00+00:00,BAYSHOR,37.35269
2016-09-04 05:00:00+00:00,BAYSHOR,35.77836
2016-09-04 06:00:00+00:00,BAYSHOR,33.30301
2016-09-04 07:00:00+00:00,BAYSHOR,31.6464
2016-09-04 08:00:00+00:00,BAYSHOR,29.821240000000003
2016-09-04 09:00:00+00:00,BAYSHOR,30.09797
2016-09-04 10:00:00+00:00,BAYSHOR,29.97611
2016-09-04 11:00:00+00:00,BAYSHOR,30.08321
2016-09-04 12:00:00+00:00,BAYSHOR,31.49052
2016-09-04 13:00:00+00:00,BAYSHOR,30.24697
2016-09-04 14:00:00+00:00,BAYSHOR,27.8269
2016-09-04 15:00:00+00:00,BAYSHOR,27.5328
2016-09-04 16:00:00+00:00,BAYSHOR,27.08293
2016-09-04 17:00:00+00:00,BAYSHOR,27.58572
2016-09-04 18:00:00+00:00,BAYSHOR,28.41023
2016-09-04 19:00:00+00:00,BAYSHOR,29.41957
2016-09-04 20:00:00+00:00,BAYSHOR,27.500770000000003
2016-09-04 21:00:00+00:00,BAYSHOR,26.42853
2016-09-04 22:00:00+00:00,BAYSHOR,27.32788
2016-09-04 23:00:00+00:00,BAYSHOR,27.349290000000003
2016-09-05 00:00:00+00:00,BAYSHOR,31.6772
2016-09-05 01:00:00+00:00,BAYSHOR,40.36618
2016-09-05 02:00:00+00:00,BAYSHOR,43.24798
2016-09-05 03:00:00+00:00,BAYSHOR,43.42288
2016-09-05 04:00:00+00:00,BAYSHOR,39.31929
2016-09-05 05:00:00+00:00,BAYSHOR,35.40818
2016-09-05 06:00:00+00:00,BAYSHOR,32.87592
2016-09-05 07:00:00+00:00,BAYSHOR,30.636090000000003
2016-09-05 08:00:00+00:00,BAYSHOR,28.81696
2016-09-05 09:00:00+00:00,BAYSHOR,30.10851
2016-09-05 10:00:00+00:00,BAYSHOR,29.436190000000003
2016-09-05 11:00:00+00:00,BAYSHOR,29.772040000000004
2016-09-05 12:00:00+00:00,BAYSHOR,31.16837
2016-09-05 13:00:00+00:00,BAYSHOR,31.66836
2016-09-05 14:00:00+00:00,BAYSHOR,29.36111
2016-09-05 15:00:00+00:00,BAYSHOR,28.89222
2016-09-05 16:00:00+00:00,BAYSHOR,28.96865
2016-09-05 17:00:00+00:00,BAYSHOR,30.09615
2016-09-05 18:00:00+00:00,BAYSHOR,32.08652
2016-09-05 19:00:00+00:00,BAYSHOR,32.46718
2016-09-05 20:00:00+00:00,BAYSHOR,31.88367
2016-09-05 21:00:00+00:00,BAYSHOR,32.08527
2016-09-05 22:00:00+00:00,BAYSHOR,31.89095
2016-09-05 23:00:00+00:00,BAYSHOR,33.766690000000004
2016-09-06 00:00:00+00:00,BAYSHOR,37.45125
2016-09-06 01:00:00+00:00,BAYSHOR,44.21198
2016-09-06 02:00:00+00:00,BAYSHOR,45.59003
2016-09-06 03:00:00+00:00,BAYSHOR,44.52425
2016-09-06 04:00:00+00:00,BAYSHOR,39.62605
2016-09-06 05:00:00+00:00,BAYSHOR,35.78737
2016-09-06 06:00:00+00:00,BAYSHOR,32.51252
2016-09-06 07:00:00+00:00,BAYSHOR,31.46526
2016-09-06 08:00:00+00:00,BAYSHOR,30.71876
2016-09-06 09:00:00+00:00,BAYSHOR,29.34066
2016-09-06 10:00:00+00:00,BAYSHOR,29.55888
2016-09-06 11:00:00+00:00,BAYSHOR,31.12907
2016-09-06 12:00:00+00:00,BAYSHOR,34.20655
2016-09-06 13:00:00+00:00,BAYSHOR,37.94522
2016-09-06 14:00:00+00:00,BAYSHOR,37.187940000000005
2016-09-06 15:00:00+00:00,BAYSHOR,33.0618
2016-09-06 16:00:00+00:00,BAYSHOR,32.11627
2016-09-06 17:00:00+00:00,BAYSHOR,32.57911
2016-09-06 18:00:00+00:00,BAYSHOR,32.732009999999995
2016-09-06 19:00:00+00:00,BAYSHOR,33.526270000000004
2016-09-06 20:00:00+00:00,BAYSHOR,34.17081
2016-09-06 21:00:00+00:00,BAYSHOR,35.59028
2016-09-06 22:00:00+00:00,BAYSHOR,37.28381
2016-09-06 23:00:00+00:00,BAYSHOR,40.9517
2016-09-07 00:00:00+00:00,BAYSHOR,45.10434
2016-09-07 01:00:00+00:00,BAYSHOR,52.770590000000006
2016-09-07 02:00:00+00:00,BAYSHOR,56.27118000000001
2016-09-07 03:00:00+00:00,BAYSHOR,51.272090000000006
2016-09-07 04:00:00+00:00,BAYSHOR,42.31100000000001
2016-09-07 05:00:00+00:00,BAYSHOR,37.75384
2016-09-07 06:00:00+00:00,BAYSHOR,35.03082
2016-09-07 07:00:00+00:00,BAYSHOR,32.129459999999995
2016-09-07 08:00:00+00:00,BAYSHOR,31.08576
2016-09-07 09:00:00+00:00,BAYSHOR,30.269070000000003
2016-09-07 10:00:00+00:00,BAYSHOR,30.07558
2016-09-07 11:00:00+00:00,BAYSHOR,31.82293
2016-09-07 12:00:00+00:00,BAYSHOR,34.4902
2016-09-07 13:00:00+00:00,BAYSHOR,37.05232
2016-09-07 14:00:00+00:00,BAYSHOR,37.42252
2016-09-07 15:00:00+00:00,BAYSHOR,34.74251
2016-09-07 16:00:00+00:00,BAYSHOR,35.187870000000004
2016-09-07 17:00:00+00:00,BAYSHOR,35.62435
2016-09-07 18:00:00+00:00,BAYSHOR,36.37085
2016-09-07 19:00:00+00:00,BAYSHOR,36.84633
2016-09-07 20:00:00+00:00,BAYSHOR,39.6665
2016-09-07 21:00:00+00:00,BAYSHOR,40.40938
2016-09-07 22:00:00+00:00,BAYSHOR,42.0542
2016-09-07 23:00:00+00:00,BAYSHOR,45.724140000000006
2016-09-08 00:00:00+00:00,BAYSHOR,51.10807
2016-09-08 01:00:00+00:00,BAYSHOR,62.582530000000006
2016-09-08 02:00:00+00:00,BAYSHOR,60.82177
2016-09-08 03:00:00+00:00,BAYSHOR,52.40858
2016-09-08 04:00:00+00:00,BAYSHOR,41.73341
2016-09-08 05:00:00+00:00,BAYSHOR,37.36868
2016-09-08 06:00:00+00:00,BAYSHOR,33.99013
2016-09-08 07:00:00+00:00,BAYSHOR,30.8825
2016-09-08 08:00:00+00:00,BAYSHOR,29.74012
2016-09-08 09:00:00+00:00,BAYSHOR,28.9657
2016-09-08 10:00:00+00:00,BAYSHOR,28.26807
2016-09-08 11:00:00+00:00,BAYSHOR,29.61086
2016-09-08 12:00:00+00:00,BAYSHOR,32.4795
2016-09-08 13:00:00+00:00,BAYSHOR,35.2732
2016-09-08 14:00:00+00:00,BAYSHOR,35.37883
2016-09-08 15:00:00+00:00,BAYSHOR,30.30948
2016-09-08 16:00:00+00:00,BAYSHOR,29.19789
2016-09-08 17:00:00+00:00,BAYSHOR,29.17242
2016-09-08 18:00:00+00:00,BAYSHOR,29.57711
2016-09-08 19:00:00+00:00,BAYSHOR,32.09949
2016-09-08 20:00:00+00:00,BAYSHOR,34.13948
2016-09-08 21:00:00+00:00,BAYSHOR,35.36723
2016-09-08 22:00:00+00:00,BAYSHOR,38.45475
2016-09-08 23:00:00+00:00,BAYSHOR,40.04464
2016-09-09 00:00:00+00:00,BAYSHOR,42.70678
2016-09-09 01:00:00+00:00,BAYSHOR,51.56168
2016-09-09 02:00:00+00:00,BAYSHOR,53.5841
2016-09-09 03:00:00+00:00,BAYSHOR,47.53503
2016-09-09 04:00:00+00:00,BAYSHOR,38.82422
2016-09-09 05:00:00+00:00,BAYSHOR,37.35494
2016-09-09 06:00:00+00:00,BAYSHOR,32.52348
2016-09-09 07:00:00+00:00,BAYSHOR,34.69651
2016-09-09 08:00:00+00:00,BAYSHOR,32.70948
2016-09-09 09:00:00+00:00,BAYSHOR,30.23449
2016-09-09 10:00:00+00:00,BAYSHOR,30.00841
2016-09-09 11:00:00+00:00,BAYSHOR,32.37378
2016-09-09 12:00:00+00:00,BAYSHOR,34.43136
2016-09-09 13:00:00+00:00,BAYSHOR,37.39017
2016-09-09 14:00:00+00:00,BAYSHOR,38.72851
2016-09-09 15:00:00+00:00,BAYSHOR,34.950070000000004
2016-09-09 16:00:00+00:00,BAYSHOR,31.2
2016-09-09 17:00:00+00:00,BAYSHOR,31.2499
2016-09-09 18:00:00+00:00,BAYSHOR,34.05462
2016-09-09 19:00:00+00:00,BAYSHOR,35.672059999999995
2016-09-09 20:00:00+00:00,BAYSHOR,38.28218
2016-09-09 21:00:00+00:00,BAYSHOR,40.29675
2016-09-09 22:00:00+00:00,BAYSHOR,42.86451
2016-09-09 23:00:00+00:00,BAYSHOR,46.85079
2016-09-10 00:00:00+00:00,BAYSHOR,49.68889
2016-09-10 01:00:00+00:00,BAYSHOR,55.96835
2016-09-10 02:00:00+00:00,BAYSHOR,56.63712
2016-09-10 03:00:00+00:00,BAYSHOR,48.57586
2016-09-10 04:00:00+00:00,BAYSHOR,41.98952
2016-09-10 05:00:00+00:00,BAYSHOR,38.46951
2016-09-10 06:00:00+00:00,BAYSHOR,35.62227
2016-09-10 07:00:00+00:00,BAYSHOR,33.8944
2016-09-10 08:00:00+00:00,BAYSHOR,31.62456
2016-09-10 09:00:00+00:00,BAYSHOR,31.19906
2016-09-10 10:00:00+00:00,BAYSHOR,30.58941
2016-09-10 11:00:00+00:00,BAYSHOR,30.62201
2016-09-10 12:00:00+00:00,BAYSHOR,32.06944
2016-09-10 13:00:00+00:00,BAYSHOR,32.3843
2016-09-10 14:00:00+00:00,BAYSHOR,31.93066
2016-09-10 15:00:00+00:00,BAYSHOR,28.2586
2016-09-10 16:00:00+00:00,BAYSHOR,26.78765
2016-09-10 17:00:00+00:00,BAYSHOR,27.43279
2016-09-10 18:00:00+00:00,BAYSHOR,29.47937
2016-09-10 19:00:00+00:00,BAYSHOR,31.39371
2016-09-10 20:00:00+00:00,BAYSHOR,33.06135
2016-09-10 21:00:00+00:00,BAYSHOR,35.59751
2016-09-10 22:00:00+00:00,BAYSHOR,37.86719
2016-09-10 23:00:00+00:00,BAYSHOR,39.62787
2016-09-11 00:00:00+00:00,BAYSHOR,44.45543
2016-09-11 01:00:00+00:00,BAYSHOR,55.7255
2016-09-11 02:00:00+00:00,BAYSHOR,57.50501
2016-09-11 03:00:00+00:00,BAYSHOR,47.23608
2016-09-11 04:00:00+00:00,BAYSHOR,39.29475
2016-09-11 05:00:00+00:00,BAYSHOR,35.88937
2016-09-11 06:00:00+00:00,BAYSHOR,32.94174
2016-09-11 07:00:00+00:00,BAYSHOR,30.508840000000003
2016-09-11 08:00:00+00:00,BAYSHOR,29.288220000000003
2016-09-11 09:00:00+00:00,BAYSHOR,30.42903
2016-09-11 10:00:00+00:00,BAYSHOR,29.84896
2016-09-11 11:00:00+00:00,BAYSHOR,30.71569
2016-09-11 12:00:00+00:00,BAYSHOR,31.68826
2016-09-11 13:00:00+00:00,BAYSHOR,31.469240000000003
2016-09-11 14:00:00+00:00,BAYSHOR,29.15556
2016-09-11 15:00:00+00:00,BAYSHOR,26.404020000000003
2016-09-11 16:00:00+00:00,BAYSHOR,22.90861
2016-09-11 17:00:00+00:00,BAYSHOR,25.34986
2016-09-11 18:00:00+00:00,BAYSHOR,26.87371
2016-09-11 19:00:00+00:00,BAYSHOR,27.58558
2016-09-11 20:00:00+00:00,BAYSHOR,28.909990000000004
2016-09-11 21:00:00+00:00,BAYSHOR,27.898670000000003
2016-09-11 22:00:00+00:00,BAYSHOR,30.90623
2016-09-11 23:00:00+00:00,BAYSHOR,33.13886
2016-09-12 00:00:00+00:00,BAYSHOR,38.77801
2016-09-12 01:00:00+00:00,BAYSHOR,46.10107
2016-09-12 02:00:00+00:00,BAYSHOR,54.585640000000005
2016-09-12 03:00:00+00:00,BAYSHOR,45.90964
2016-09-12 04:00:00+00:00,BAYSHOR,38.20668
2016-09-12 05:00:00+00:00,BAYSHOR,34.54845
2016-09-12 06:00:00+00:00,BAYSHOR,31.01439
2016-09-12 07:00:00+00:00,BAYSHOR,27.06905
2016-09-12 08:00:00+00:00,BAYSHOR,26.07755
2016-09-12 09:00:00+00:00,BAYSHOR,26.33374
2016-09-12 10:00:00+00:00,BAYSHOR,26.27174
2016-09-12 11:00:00+00:00,BAYSHOR,27.68437
2016-09-12 12:00:00+00:00,BAYSHOR,31.66001
2016-09-12 13:00:00+00:00,BAYSHOR,36.10447
2016-09-12 14:00:00+00:00,BAYSHOR,36.677040000000005
2016-09-12 15:00:00+00:00,BAYSHOR,32.44232
2016-09-12 16:00:00+00:00,BAYSHOR,31.38623
2016-09-12 17:00:00+00:00,BAYSHOR,31.262390000000003
2016-09-12 18:00:00+00:00,BAYSHOR,30.36388
2016-09-12 19:00:00+00:00,BAYSHOR,30.34177
2016-09-12 20:00:00+00:00,BAYSHOR,29.27326
2016-09-12 21:00:00+00:00,BAYSHOR,28.10495
2016-09-12 22:00:00+00:00,BAYSHOR,28.68698
2016-09-12 23:00:00+00:00,BAYSHOR,32.20218
2016-09-13 00:00:00+00:00,BAYSHOR,35.577020000000005
2016-09-13 01:00:00+00:00,BAYSHOR,44.245740000000005
2016-09-13 02:00:00+00:00,BAYSHOR,50.94028
2016-09-13 03:00:00+00:00,BAYSHOR,45.10068
2016-09-13 04:00:00+00:00,BAYSHOR,38.64265
2016-09-13 05:00:00+00:00,BAYSHOR,34.288059999999994
2016-09-13 06:00:00+00:00,BAYSHOR,31.47015
2016-09-13 07:00:00+00:00,BAYSHOR,29.20381
2016-09-13 08:00:00+00:00,BAYSHOR,26.90305
2016-09-13 09:00:00+00:00,BAYSHOR,26.54503
2016-09-13 10:00:00+00:00,BAYSHOR,26.51584
2016-09-13 11:00:00+00:00,BAYSHOR,28.46511
2016-09-13 12:00:00+00:00,BAYSHOR,33.543820000000004
2016-09-13 13:00:00+00:00,BAYSHOR,36.94032
2016-09-13 14:00:00+00:00,BAYSHOR,38.05577
2016-09-13 15:00:00+00:00,BAYSHOR,32.4423
2016-09-13 16:00:00+00:00,BAYSHOR,32.49566
2016-09-13 17:00:00+00:00,BAYSHOR,31.62908
2016-09-13 18:00:00+00:00,BAYSHOR,31.30885
2016-09-13 19:00:00+00:00,BAYSHOR,31.04527
2016-09-13 20:00:00+00:00,BAYSHOR,29.32122
2016-09-13 21:00:00+00:00,BAYSHOR,28.06083
2016-09-13 22:00:00+00:00,BAYSHOR,27.63679
2016-09-13 23:00:00+00:00,BAYSHOR,29.85153
2016-09-14 00:00:00+00:00,BAYSHOR,36.39056
2016-09-14 01:00:00+00:00,BAYSHOR,43.9686
2016-09-14 02:00:00+00:00,BAYSHOR,54.83674
2016-09-14 03:00:00+00:00,BAYSHOR,46.49321
2016-09-14 04:00:00+00:00,BAYSHOR,39.02228
2016-09-14 05:00:00+00:00,BAYSHOR,36.23278
2016-09-14 06:00:00+00:00,BAYSHOR,32.33138
2016-09-14 07:00:00+00:00,BAYSHOR,30.30452
2016-09-14 08:00:00+00:00,BAYSHOR,28.189090000000004
2016-09-14 09:00:00+00:00,BAYSHOR,27.59467
2016-09-14 10:00:00+00:00,BAYSHOR,27.46677
2016-09-14 11:00:00+00:00,BAYSHOR,28.98054
2016-09-14 12:00:00+00:00,BAYSHOR,34.49258
2016-09-14 13:00:00+00:00,BAYSHOR,39.24549
2016-09-14 14:00:00+00:00,BAYSHOR,40.06513
2016-09-14 15:00:00+00:00,BAYSHOR,32.90992
2016-09-14 16:00:00+00:00,BAYSHOR,29.55055
2016-09-14 17:00:00+00:00,BAYSHOR,28.62564
2016-09-14 18:00:00+00:00,BAYSHOR,29.46296
2016-09-14 19:00:00+00:00,BAYSHOR,30.050040000000003
2016-09-14 20:00:00+00:00,BAYSHOR,30.41608
2016-09-14 21:00:00+00:00,BAYSHOR,31.83037
2016-09-14 22:00:00+00:00,BAYSHOR,33.66658
2016-09-14 23:00:00+00:00,BAYSHOR,36.25025
2016-09-15 00:00:00+00:00,BAYSHOR,39.51457
2016-09-15 01:00:00+00:00,BAYSHOR,45.63622
2016-09-15 02:00:00+00:00,BAYSHOR,54.49534
2016-09-15 03:00:00+00:00,BAYSHOR,45.8661
2016-09-15 04:00:00+00:00,BAYSHOR,38.0303
2016-09-15 05:00:00+00:00,BAYSHOR,36.23436
2016-09-15 06:00:00+00:00,BAYSHOR,32.18238
2016-09-15 07:00:00+00:00,BAYSHOR,30.87983
2016-09-15 08:00:00+00:00,BAYSHOR,28.65832
2016-09-15 09:00:00+00:00,BAYSHOR,27.770540000000004
2016-09-15 10:00:00+00:00,BAYSHOR,27.69398
2016-09-15 11:00:00+00:00,BAYSHOR,29.01224
2016-09-15 12:00:00+00:00,BAYSHOR,33.22459
2016-09-15 13:00:00+00:00,BAYSHOR,36.8708
2016-09-15 14:00:00+00:00,BAYSHOR,37.81375
2016-09-15 15:00:00+00:00,BAYSHOR,32.9856
2016-09-15 16:00:00+00:00,BAYSHOR,29.903240000000004
2016-09-15 17:00:00+00:00,BAYSHOR,30.5843
2016-09-15 18:00:00+00:00,BAYSHOR,30.974290000000003
2016-09-15 19:00:00+00:00,BAYSHOR,31.52611
2016-09-15 20:00:00+00:00,BAYSHOR,32.02152
2016-09-15 21:00:00+00:00,BAYSHOR,34.050270000000005
2016-09-15 22:00:00+00:00,BAYSHOR,36.613040000000005
2016-09-15 23:00:00+00:00,BAYSHOR,37.93258
2016-09-16 00:00:00+00:00,BAYSHOR,39.68553
2016-09-16 01:00:00+00:00,BAYSHOR,47.07991
2016-09-16 02:00:00+00:00,BAYSHOR,55.13663
2016-09-16 03:00:00+00:00,BAYSHOR,46.69227
2016-09-16 04:00:00+00:00,BAYSHOR,38.73132
2016-09-16 05:00:00+00:00,BAYSHOR,36.79335
2016-09-16 06:00:00+00:00,BAYSHOR,33.44242
2016-09-16 07:00:00+00:00,BAYSHOR,31.67
2016-09-16 08:00:00+00:00,BAYSHOR,29.8667
2016-09-16 09:00:00+00:00,BAYSHOR,29.6571
2016-09-16 10:00:00+00:00,BAYSHOR,29.15743
2016-09-16 11:00:00+00:00,BAYSHOR,29.9234
2016-09-16 12:00:00+00:00,BAYSHOR,34.04231
2016-09-16 13:00:00+00:00,BAYSHOR,36.4819
2016-09-16 14:00:00+00:00,BAYSHOR,36.90647
2016-09-16 15:00:00+00:00,BAYSHOR,32.91373
2016-09-16 16:00:00+00:00,BAYSHOR,33.52573
2016-09-16 17:00:00+00:00,BAYSHOR,33.15255
2016-09-16 18:00:00+00:00,BAYSHOR,33.94882
2016-09-16 19:00:00+00:00,BAYSHOR,35.52543
2016-09-16 20:00:00+00:00,BAYSHOR,36.45838
2016-09-16 21:00:00+00:00,BAYSHOR,38.46174
2016-09-16 22:00:00+00:00,BAYSHOR,38.99865
2016-09-16 23:00:00+00:00,BAYSHOR,41.34548
2016-09-17 00:00:00+00:00,BAYSHOR,43.95755
2016-09-17 01:00:00+00:00,BAYSHOR,48.72383
2016-09-17 02:00:00+00:00,BAYSHOR,55.0
2016-09-17 03:00:00+00:00,BAYSHOR,46.27
2016-09-17 04:00:00+00:00,BAYSHOR,37.23
2016-09-17 05:00:00+00:00,BAYSHOR,36.65717
2016-09-17 06:00:00+00:00,BAYSHOR,33.70175
2016-09-17 07:00:00+00:00,BAYSHOR,30.25473
2016-09-17 08:00:00+00:00,BAYSHOR,26.99887
2016-09-17 09:00:00+00:00,BAYSHOR,30.059990000000003
2016-09-17 10:00:00+00:00,BAYSHOR,28.89119
2016-09-17 11:00:00+00:00,BAYSHOR,29.00585
2016-09-17 12:00:00+00:00,BAYSHOR,31.18425
2016-09-17 13:00:00+00:00,BAYSHOR,33.60734
2016-09-17 14:00:00+00:00,BAYSHOR,30.81852
2016-09-17 15:00:00+00:00,BAYSHOR,27.39576
2016-09-17 16:00:00+00:00,BAYSHOR,27.59502
2016-09-17 17:00:00+00:00,BAYSHOR,29.28846
2016-09-17 18:00:00+00:00,BAYSHOR,30.99949
2016-09-17 19:00:00+00:00,BAYSHOR,31.62465
2016-09-17 20:00:00+00:00,BAYSHOR,29.48625
2016-09-17 21:00:00+00:00,BAYSHOR,30.302
2016-09-17 22:00:00+00:00,BAYSHOR,34.09523
2016-09-17 23:00:00+00:00,BAYSHOR,38.29398
2016-09-18 00:00:00+00:00,BAYSHOR,44.53763
2016-09-18 01:00:00+00:00,BAYSHOR,50.0
2016-09-18 02:00:00+00:00,BAYSHOR,54.36804
2016-09-18 03:00:00+00:00,BAYSHOR,46.73
2016-09-18 04:00:00+00:00,BAYSHOR,37.55
2016-09-18 05:00:00+00:00,BAYSHOR,36.78238
2016-09-18 06:00:00+00:00,BAYSHOR,32.30109
2016-09-18 07:00:00+00:00,BAYSHOR,29.5925
2016-09-18 08:00:00+00:00,BAYSHOR,28.13563
2016-09-18 09:00:00+00:00,BAYSHOR,29.32911
2016-09-18 10:00:00+00:00,BAYSHOR,28.42009
2016-09-18 11:00:00+00:00,BAYSHOR,28.42976
2016-09-18 12:00:00+00:00,BAYSHOR,29.35659
2016-09-18 13:00:00+00:00,BAYSHOR,30.9998
2016-09-18 14:00:00+00:00,BAYSHOR,28.685240000000004
2016-09-18 15:00:00+00:00,BAYSHOR,24.89178
2016-09-18 16:00:00+00:00,BAYSHOR,27.23372
2016-09-18 17:00:00+00:00,BAYSHOR,28.72479
2016-09-18 18:00:00+00:00,BAYSHOR,29.598640000000003
2016-09-18 19:00:00+00:00,BAYSHOR,30.064870000000003
2016-09-18 20:00:00+00:00,BAYSHOR,33.58249
2016-09-18 21:00:00+00:00,BAYSHOR,37.06369
2016-09-18 22:00:00+00:00,BAYSHOR,41.52953
2016-09-18 23:00:00+00:00,BAYSHOR,45.93434
2016-09-19 00:00:00+00:00,BAYSHOR,53.34768
2016-09-19 01:00:00+00:00,BAYSHOR,64.60564000000001
2016-09-19 02:00:00+00:00,BAYSHOR,68.97055
2016-09-19 03:00:00+00:00,BAYSHOR,54.3449
2016-09-19 04:00:00+00:00,BAYSHOR,42.93985
2016-09-19 05:00:00+00:00,BAYSHOR,38.92591
2016-09-19 06:00:00+00:00,BAYSHOR,34.86645
2016-09-19 07:00:00+00:00,BAYSHOR,32.98546
2016-09-19 08:00:00+00:00,BAYSHOR,30.74499
2016-09-19 09:00:00+00:00,BAYSHOR,28.798
2016-09-19 10:00:00+00:00,BAYSHOR,27.51276
2016-09-19 11:00:00+00:00,BAYSHOR,28.44424
2016-09-19 12:00:00+00:00,BAYSHOR,33.89995
2016-09-19 13:00:00+00:00,BAYSHOR,37.53408
2016-09-19 14:00:00+00:00,BAYSHOR,38.44197
2016-09-19 15:00:00+00:00,BAYSHOR,34.82845
2016-09-19 16:00:00+00:00,BAYSHOR,33.54695
2016-09-19 17:00:00+00:00,BAYSHOR,34.12678
2016-09-19 18:00:00+00:00,BAYSHOR,36.46982
2016-09-19 19:00:00+00:00,BAYSHOR,38.6761
2016-09-19 20:00:00+00:00,BAYSHOR,39.82366
2016-09-19 21:00:00+00:00,BAYSHOR,42.99519
2016-09-19 22:00:00+00:00,BAYSHOR,45.8647
2016-09-19 23:00:00+00:00,BAYSHOR,48.82945
2016-09-20 00:00:00+00:00,BAYSHOR,56.33814
2016-09-20 01:00:00+00:00,BAYSHOR,58.84763
2016-09-20 02:00:00+00:00,BAYSHOR,65.11113
2016-09-20 03:00:00+00:00,BAYSHOR,51.89681
2016-09-20 04:00:00+00:00,BAYSHOR,42.54767
2016-09-20 05:00:00+00:00,BAYSHOR,39.20231
2016-09-20 06:00:00+00:00,BAYSHOR,35.99781
2016-09-20 07:00:00+00:00,BAYSHOR,31.90216
2016-09-20 08:00:00+00:00,BAYSHOR,28.532940000000004
2016-09-20 09:00:00+00:00,BAYSHOR,27.04532
2016-09-20 10:00:00+00:00,BAYSHOR,26.25794
2016-09-20 11:00:00+00:00,BAYSHOR,26.9164
2016-09-20 12:00:00+00:00,BAYSHOR,31.11541
2016-09-20 13:00:00+00:00,BAYSHOR,36.69241
2016-09-20 14:00:00+00:00,BAYSHOR,38.27225
2016-09-20 15:00:00+00:00,BAYSHOR,37.19095
2016-09-20 16:00:00+00:00,BAYSHOR,35.70062
2016-09-20 17:00:00+00:00,BAYSHOR,35.72011
2016-09-20 18:00:00+00:00,BAYSHOR,36.70918
2016-09-20 19:00:00+00:00,BAYSHOR,39.21782
2016-09-20 20:00:00+00:00,BAYSHOR,40.10246
2016-09-20 21:00:00+00:00,BAYSHOR,42.76813
2016-09-20 22:00:00+00:00,BAYSHOR,46.96873
2016-09-20 23:00:00+00:00,BAYSHOR,51.13393
2016-09-21 00:00:00+00:00,BAYSHOR,55.65785
2016-09-21 01:00:00+00:00,BAYSHOR,57.58667
2016-09-21 02:00:00+00:00,BAYSHOR,63.62385
2016-09-21 03:00:00+00:00,BAYSHOR,51.88847
2016-09-21 04:00:00+00:00,BAYSHOR,43.16962
2016-09-21 05:00:00+00:00,BAYSHOR,38.42577
2016-09-21 06:00:00+00:00,BAYSHOR,35.49043
2016-09-21 07:00:00+00:00,BAYSHOR,33.68829
2016-09-21 08:00:00+00:00,BAYSHOR,30.87282
2016-09-21 09:00:00+00:00,BAYSHOR,30.03351
2016-09-21 10:00:00+00:00,BAYSHOR,28.85513
2016-09-21 11:00:00+00:00,BAYSHOR,30.48033
2016-09-21 12:00:00+00:00,BAYSHOR,34.47625
2016-09-21 13:00:00+00:00,BAYSHOR,38.82088
2016-09-21 14:00:00+00:00,BAYSHOR,40.69218
2016-09-21 15:00:00+00:00,BAYSHOR,38.01586
2016-09-21 16:00:00+00:00,BAYSHOR,36.37608
2016-09-21 17:00:00+00:00,BAYSHOR,35.85495
2016-09-21 18:00:00+00:00,BAYSHOR,36.37043
2016-09-21 19:00:00+00:00,BAYSHOR,37.06186
2016-09-21 20:00:00+00:00,BAYSHOR,38.5485
2016-09-21 21:00:00+00:00,BAYSHOR,41.10344
2016-09-21 22:00:00+00:00,BAYSHOR,42.06068
2016-09-21 23:00:00+00:00,BAYSHOR,45.04906
2016-09-22 00:00:00+00:00,BAYSHOR,47.70893
2016-09-22 01:00:00+00:00,BAYSHOR,52.40276
2016-09-22 02:00:00+00:00,BAYSHOR,56.48607
2016-09-22 03:00:00+00:00,BAYSHOR,48.02635
2016-09-22 04:00:00+00:00,BAYSHOR,39.92535
2016-09-22 05:00:00+00:00,BAYSHOR,36.03484
2016-09-22 06:00:00+00:00,BAYSHOR,33.0922
2016-09-22 07:00:00+00:00,BAYSHOR,30.82658
2016-09-22 08:00:00+00:00,BAYSHOR,28.50378
2016-09-22 09:00:00+00:00,BAYSHOR,28.34402
2016-09-22 10:00:00+00:00,BAYSHOR,28.309240000000003
2016-09-22 11:00:00+00:00,BAYSHOR,29.05419
2016-09-22 12:00:00+00:00,BAYSHOR,33.05491
2016-09-22 13:00:00+00:00,BAYSHOR,36.38719
2016-09-22 14:00:00+00:00,BAYSHOR,36.82925
2016-09-22 15:00:00+00:00,BAYSHOR,32.421690000000005
2016-09-22 16:00:00+00:00,BAYSHOR,32.82658
2016-09-22 17:00:00+00:00,BAYSHOR,30.9407
2016-09-22 18:00:00+00:00,BAYSHOR,30.628
2016-09-22 19:00:00+00:00,BAYSHOR,31.519540000000003
2016-09-22 20:00:00+00:00,BAYSHOR,29.57485
2016-09-22 21:00:00+00:00,BAYSHOR,30.93416
2016-09-22 22:00:00+00:00,BAYSHOR,31.66203
2016-09-22 23:00:00+00:00,BAYSHOR,32.50891
2016-09-23 00:00:00+00:00,BAYSHOR,37.34388
2016-09-23 01:00:00+00:00,BAYSHOR,45.03516
2016-09-23 02:00:00+00:00,BAYSHOR,53.96981
2016-09-23 03:00:00+00:00,BAYSHOR,46.47585
2016-09-23 04:00:00+00:00,BAYSHOR,37.41214
2016-09-23 05:00:00+00:00,BAYSHOR,35.43345
2016-09-23 06:00:00+00:00,BAYSHOR,31.6488
2016-09-23 07:00:00+00:00,BAYSHOR,26.99267
2016-09-23 08:00:00+00:00,BAYSHOR,25.78259
2016-09-23 09:00:00+00:00,BAYSHOR,27.611040000000003
2016-09-23 10:00:00+00:00,BAYSHOR,27.549190000000003
2016-09-23 11:00:00+00:00,BAYSHOR,29.07279
2016-09-23 12:00:00+00:00,BAYSHOR,34.0238
2016-09-23 13:00:00+00:00,BAYSHOR,38.36294
2016-09-23 14:00:00+00:00,BAYSHOR,38.5175
2016-09-23 15:00:00+00:00,BAYSHOR,32.133759999999995
2016-09-23 16:00:00+00:00,BAYSHOR,29.56077
2016-09-23 17:00:00+00:00,BAYSHOR,29.60504
2016-09-23 18:00:00+00:00,BAYSHOR,30.04443
2016-09-23 19:00:00+00:00,BAYSHOR,30.67945
2016-09-23 20:00:00+00:00,BAYSHOR,30.3502
2016-09-23 21:00:00+00:00,BAYSHOR,32.38021
2016-09-23 22:00:00+00:00,BAYSHOR,33.42
2016-09-23 23:00:00+00:00,BAYSHOR,38.53607
2016-09-24 00:00:00+00:00,BAYSHOR,43.76425
2016-09-24 01:00:00+00:00,BAYSHOR,46.0
2016-09-24 02:00:00+00:00,BAYSHOR,56.85536
2016-09-24 03:00:00+00:00,BAYSHOR,46.577940000000005
2016-09-24 04:00:00+00:00,BAYSHOR,39.99775
2016-09-24 05:00:00+00:00,BAYSHOR,37.89657
2016-09-24 06:00:00+00:00,BAYSHOR,34.90679
2016-09-24 07:00:00+00:00,BAYSHOR,33.00821
2016-09-24 08:00:00+00:00,BAYSHOR,31.76606
2016-09-24 09:00:00+00:00,BAYSHOR,31.13155
2016-09-24 10:00:00+00:00,BAYSHOR,31.65025
2016-09-24 11:00:00+00:00,BAYSHOR,31.90971
2016-09-24 12:00:00+00:00,BAYSHOR,33.84693
2016-09-24 13:00:00+00:00,BAYSHOR,34.90209
2016-09-24 14:00:00+00:00,BAYSHOR,33.22995
2016-09-24 15:00:00+00:00,BAYSHOR,24.90606
2016-09-24 16:00:00+00:00,BAYSHOR,24.44496
2016-09-24 17:00:00+00:00,BAYSHOR,25.23448
2016-09-24 18:00:00+00:00,BAYSHOR,27.216040000000003
2016-09-24 19:00:00+00:00,BAYSHOR,31.18409
2016-09-24 20:00:00+00:00,BAYSHOR,29.659340000000004
2016-09-24 21:00:00+00:00,BAYSHOR,34.57978
2016-09-24 22:00:00+00:00,BAYSHOR,38.65058
2016-09-24 23:00:00+00:00,BAYSHOR,45.30707
2016-09-25 00:00:00+00:00,BAYSHOR,52.64295
2016-09-25 01:00:00+00:00,BAYSHOR,65.7123
2016-09-25 02:00:00+00:00,BAYSHOR,64.09813
2016-09-25 03:00:00+00:00,BAYSHOR,53.18858
2016-09-25 04:00:00+00:00,BAYSHOR,45.45888
2016-09-25 05:00:00+00:00,BAYSHOR,40.86805
2016-09-25 06:00:00+00:00,BAYSHOR,36.44101
2016-09-25 07:00:00+00:00,BAYSHOR,35.1214
2016-09-25 08:00:00+00:00,BAYSHOR,31.81921
2016-09-25 09:00:00+00:00,BAYSHOR,32.217420000000004
2016-09-25 10:00:00+00:00,BAYSHOR,31.42993
2016-09-25 11:00:00+00:00,BAYSHOR,31.57272
2016-09-25 12:00:00+00:00,BAYSHOR,31.543570000000003
2016-09-25 13:00:00+00:00,BAYSHOR,32.32995
2016-09-25 14:00:00+00:00,BAYSHOR,30.748790000000003
2016-09-25 15:00:00+00:00,BAYSHOR,24.22888
2016-09-25 16:00:00+00:00,BAYSHOR,23.21524
2016-09-25 17:00:00+00:00,BAYSHOR,25.76707
2016-09-25 18:00:00+00:00,BAYSHOR,25.94975
2016-09-25 19:00:00+00:00,BAYSHOR,29.81865
2016-09-25 20:00:00+00:00,BAYSHOR,34.70402
2016-09-25 21:00:00+00:00,BAYSHOR,36.97111
2016-09-25 22:00:00+00:00,BAYSHOR,41.46508
2016-09-25 23:00:00+00:00,BAYSHOR,48.19212
2016-09-26 00:00:00+00:00,BAYSHOR,57.4074
2016-09-26 01:00:00+00:00,BAYSHOR,74.71816
2016-09-26 02:00:00+00:00,BAYSHOR,71.98051
2016-09-26 03:00:00+00:00,BAYSHOR,53.36169
2016-09-26 04:00:00+00:00,BAYSHOR,44.14312
2016-09-26 05:00:00+00:00,BAYSHOR,40.74921
2016-09-26 06:00:00+00:00,BAYSHOR,37.20884
2016-09-26 07:00:00+00:00,BAYSHOR,34.19789
2016-09-26 08:00:00+00:00,BAYSHOR,31.98221
2016-09-26 09:00:00+00:00,BAYSHOR,31.52808
2016-09-26 10:00:00+00:00,BAYSHOR,30.763720000000003
2016-09-26 11:00:00+00:00,BAYSHOR,31.38389
2016-09-26 12:00:00+00:00,BAYSHOR,35.38649
2016-09-26 13:00:00+00:00,BAYSHOR,38.68893
2016-09-26 14:00:00+00:00,BAYSHOR,39.11536
2016-09-26 15:00:00+00:00,BAYSHOR,36.47524
2016-09-26 16:00:00+00:00,BAYSHOR,35.12011
2016-09-26 17:00:00+00:00,BAYSHOR,37.11265
2016-09-26 18:00:00+00:00,BAYSHOR,39.24216
2016-09-26 19:00:00+00:00,BAYSHOR,43.43181
2016-09-26 20:00:00+00:00,BAYSHOR,44.64603
2016-09-26 21:00:00+00:00,BAYSHOR,47.55633
2016-09-26 22:00:00+00:00,BAYSHOR,55.2687
2016-09-26 23:00:00+00:00,BAYSHOR,61.676
2016-09-27 00:00:00+00:00,BAYSHOR,77.97068
2016-09-27 01:00:00+00:00,BAYSHOR,87.55211
2016-09-27 02:00:00+00:00,BAYSHOR,86.80499
2016-09-27 03:00:00+00:00,BAYSHOR,60.94379
2016-09-27 04:00:00+00:00,BAYSHOR,47.99086
2016-09-27 05:00:00+00:00,BAYSHOR,42.43696
2016-09-27 06:00:00+00:00,BAYSHOR,39.34488
2016-09-27 07:00:00+00:00,BAYSHOR,34.84955
2016-09-27 08:00:00+00:00,BAYSHOR,32.06455
2016-09-27 09:00:00+00:00,BAYSHOR,29.7491
2016-09-27 10:00:00+00:00,BAYSHOR,28.47326
2016-09-27 11:00:00+00:00,BAYSHOR,28.85
2016-09-27 12:00:00+00:00,BAYSHOR,32.330659999999995
2016-09-27 13:00:00+00:00,BAYSHOR,37.56851
2016-09-27 14:00:00+00:00,BAYSHOR,40.01079
2016-09-27 15:00:00+00:00,BAYSHOR,37.49737
2016-09-27 16:00:00+00:00,BAYSHOR,36.39838
2016-09-27 17:00:00+00:00,BAYSHOR,36.90056
2016-09-27 18:00:00+00:00,BAYSHOR,39.52033
2016-09-27 19:00:00+00:00,BAYSHOR,43.66816
2016-09-27 20:00:00+00:00,BAYSHOR,45.01258
2016-09-27 21:00:00+00:00,BAYSHOR,47.87982
2016-09-27 22:00:00+00:00,BAYSHOR,50.82163
2016-09-27 23:00:00+00:00,BAYSHOR,56.94288
2016-09-28 00:00:00+00:00,BAYSHOR,64.55071
2016-09-28 01:00:00+00:00,BAYSHOR,74.82326
2016-09-28 02:00:00+00:00,BAYSHOR,68.36753
2016-09-28 03:00:00+00:00,BAYSHOR,54.49142
2016-09-28 04:00:00+00:00,BAYSHOR,46.51861
2016-09-28 05:00:00+00:00,BAYSHOR,39.59538
2016-09-28 06:00:00+00:00,BAYSHOR,36.29443
2016-09-28 07:00:00+00:00,BAYSHOR,34.04694
2016-09-28 08:00:00+00:00,BAYSHOR,31.81106
2016-09-28 09:00:00+00:00,BAYSHOR,29.63539
2016-09-28 10:00:00+00:00,BAYSHOR,29.0519
2016-09-28 11:00:00+00:00,BAYSHOR,29.95099
2016-09-28 12:00:00+00:00,BAYSHOR,32.8873
2016-09-28 13:00:00+00:00,BAYSHOR,36.97244
2016-09-28 14:00:00+00:00,BAYSHOR,37.57614
2016-09-28 15:00:00+00:00,BAYSHOR,36.545770000000005
2016-09-28 16:00:00+00:00,BAYSHOR,35.16095
2016-09-28 17:00:00+00:00,BAYSHOR,36.23533
2016-09-28 18:00:00+00:00,BAYSHOR,37.83723
2016-09-28 19:00:00+00:00,BAYSHOR,39.70402
2016-09-28 20:00:00+00:00,BAYSHOR,42.62869
2016-09-28 21:00:00+00:00,BAYSHOR,46.21897
2016-09-28 22:00:00+00:00,BAYSHOR,47.77577
2016-09-28 23:00:00+00:00,BAYSHOR,51.6721
2016-09-29 00:00:00+00:00,BAYSHOR,56.29816
2016-09-29 01:00:00+00:00,BAYSHOR,64.47946999999999
2016-09-29 02:00:00+00:00,BAYSHOR,57.36151
2016-09-29 03:00:00+00:00,BAYSHOR,48.36082
2016-09-29 04:00:00+00:00,BAYSHOR,40.12725
2016-09-29 05:00:00+00:00,BAYSHOR,37.64462
2016-09-29 06:00:00+00:00,BAYSHOR,35.46958
2016-09-29 08:00:00+00:00,BAYSHOR,28.74257
2016-09-29 09:00:00+00:00,BAYSHOR,27.6024
2016-09-29 10:00:00+00:00,BAYSHOR,26.81486
2016-09-29 11:00:00+00:00,BAYSHOR,27.73156
2016-09-29 12:00:00+00:00,BAYSHOR,30.67633
2016-09-29 13:00:00+00:00,BAYSHOR,35.37765
2016-09-29 14:00:00+00:00,BAYSHOR,36.03952
2016-09-29 15:00:00+00:00,BAYSHOR,31.97302
2016-09-29 16:00:00+00:00,BAYSHOR,30.66891
2016-09-29 17:00:00+00:00,BAYSHOR,31.64797
2016-09-29 18:00:00+00:00,BAYSHOR,32.78025
2016-09-29 19:00:00+00:00,BAYSHOR,34.19047
2016-09-29 20:00:00+00:00,BAYSHOR,34.08845
2016-09-29 21:00:00+00:00,BAYSHOR,34.64313
2016-09-29 22:00:00+00:00,BAYSHOR,38.68576
2016-09-29 23:00:00+00:00,BAYSHOR,40.86098
2016-09-30 00:00:00+00:00,BAYSHOR,45.98453
2016-09-30 01:00:00+00:00,BAYSHOR,55.70121
2016-09-30 02:00:00+00:00,BAYSHOR,54.88793
2016-09-30 03:00:00+00:00,BAYSHOR,46.3992
2016-09-30 04:00:00+00:00,BAYSHOR,37.78652
2016-09-30 05:00:00+00:00,BAYSHOR,35.23124
2016-09-30 06:00:00+00:00,BAYSHOR,32.35111
2016-09-30 07:00:00+00:00,BAYSHOR,25.29797
2016-09-30 08:00:00+00:00,BAYSHOR,25.45884
2016-09-30 09:00:00+00:00,BAYSHOR,25.65234
2016-09-30 10:00:00+00:00,BAYSHOR,25.42259
2016-09-30 11:00:00+00:00,BAYSHOR,26.04398
2016-09-30 12:00:00+00:00,BAYSHOR,29.70549
2016-09-30 13:00:00+00:00,BAYSHOR,34.05794
2016-09-30 14:00:00+00:00,BAYSHOR,36.62989
2016-09-30 15:00:00+00:00,BAYSHOR,32.055620000000005
2016-09-30 16:00:00+00:00,BAYSHOR,29.92077
2016-09-30 17:00:00+00:00,BAYSHOR,30.14665
2016-09-30 18:00:00+00:00,BAYSHOR,31.13081
2016-09-30 19:00:00+00:00,BAYSHOR,31.78476
2016-09-30 20:00:00+00:00,BAYSHOR,32.54221
2016-09-30 21:00:00+00:00,BAYSHOR,33.88413
2016-09-30 22:00:00+00:00,BAYSHOR,35.75608
2016-09-30 23:00:00+00:00,BAYSHOR,36.49966
2017-06-01 00:00:00+00:00,BAYSHOR,34.275420000000004
2017-06-01 01:00:00+00:00,BAYSHOR,40.53767
2017-06-01 02:00:00+00:00,BAYSHOR,51.06445
2017-06-01 03:00:00+00:00,BAYSHOR,55.269580000000005
2017-06-01 04:00:00+00:00,BAYSHOR,43.34087
2017-06-01 05:00:00+00:00,BAYSHOR,32.474470000000004
2017-06-01 06:00:00+00:00,BAYSHOR,28.20496
2017-06-01 08:00:00+00:00,BAYSHOR,17.39144
2017-06-01 09:00:00+00:00,BAYSHOR,14.14019
2017-06-01 10:00:00+00:00,BAYSHOR,14.44395
2017-06-01 11:00:00+00:00,BAYSHOR,18.90688
2017-06-01 12:00:00+00:00,BAYSHOR,33.25947
2017-06-01 13:00:00+00:00,BAYSHOR,37.97403
2017-06-01 14:00:00+00:00,BAYSHOR,31.73098
2017-06-01 15:00:00+00:00,BAYSHOR,21.81653
2017-06-01 16:00:00+00:00,BAYSHOR,19.18143
2017-06-01 17:00:00+00:00,BAYSHOR,19.52526
2017-06-01 18:00:00+00:00,BAYSHOR,18.54988
2017-06-01 19:00:00+00:00,BAYSHOR,17.788439999999998
2017-06-01 20:00:00+00:00,BAYSHOR,20.00849
2017-06-01 21:00:00+00:00,BAYSHOR,21.46848
2017-06-01 22:00:00+00:00,BAYSHOR,21.55576
2017-06-01 23:00:00+00:00,BAYSHOR,24.81443
2017-06-02 00:00:00+00:00,BAYSHOR,27.09582
2017-06-02 01:00:00+00:00,BAYSHOR,37.91637
2017-06-02 02:00:00+00:00,BAYSHOR,50.85551
2017-06-02 03:00:00+00:00,BAYSHOR,60.24635
2017-06-02 04:00:00+00:00,BAYSHOR,46.467940000000006
2017-06-02 05:00:00+00:00,BAYSHOR,32.79392
2017-06-02 06:00:00+00:00,BAYSHOR,26.48327
2017-06-02 07:00:00+00:00,BAYSHOR,19.51142
2017-06-02 08:00:00+00:00,BAYSHOR,17.50655
2017-06-02 09:00:00+00:00,BAYSHOR,13.88705
2017-06-02 10:00:00+00:00,BAYSHOR,14.13701
2017-06-02 11:00:00+00:00,BAYSHOR,21.16553
2017-06-02 12:00:00+00:00,BAYSHOR,31.77373
2017-06-02 13:00:00+00:00,BAYSHOR,37.36831
2017-06-02 14:00:00+00:00,BAYSHOR,32.7079
2017-06-02 15:00:00+00:00,BAYSHOR,25.72
2017-06-02 16:00:00+00:00,BAYSHOR,21.97054
2017-06-02 17:00:00+00:00,BAYSHOR,19.38392
2017-06-02 18:00:00+00:00,BAYSHOR,21.058770000000003
2017-06-02 19:00:00+00:00,BAYSHOR,25.83487
2017-06-02 20:00:00+00:00,BAYSHOR,28.22428
2017-06-02 21:00:00+00:00,BAYSHOR,31.67191
2017-06-02 22:00:00+00:00,BAYSHOR,32.70142
2017-06-02 23:00:00+00:00,BAYSHOR,36.7833
2017-06-03 00:00:00+00:00,BAYSHOR,37.830090000000006
2017-06-03 01:00:00+00:00,BAYSHOR,48.08423
2017-06-03 02:00:00+00:00,BAYSHOR,57.15753
2017-06-03 03:00:00+00:00,BAYSHOR,56.26396999999999
2017-06-03 04:00:00+00:00,BAYSHOR,43.90753
2017-06-03 05:00:00+00:00,BAYSHOR,34.278890000000004
2017-06-03 06:00:00+00:00,BAYSHOR,30.50815
2017-06-03 07:00:00+00:00,BAYSHOR,24.93635
2017-06-03 08:00:00+00:00,BAYSHOR,23.66784
2017-06-03 09:00:00+00:00,BAYSHOR,28.62266
2017-06-03 10:00:00+00:00,BAYSHOR,27.61406
2017-06-03 11:00:00+00:00,BAYSHOR,26.20309
2017-06-03 12:00:00+00:00,BAYSHOR,31.77968
2017-06-03 13:00:00+00:00,BAYSHOR,27.21779
2017-06-03 14:00:00+00:00,BAYSHOR,14.82541
2017-06-03 15:00:00+00:00,BAYSHOR,8.08641
2017-06-03 16:00:00+00:00,BAYSHOR,6.47057
2017-06-03 17:00:00+00:00,BAYSHOR,11.22183
2017-06-03 18:00:00+00:00,BAYSHOR,14.12324
2017-06-03 19:00:00+00:00,BAYSHOR,16.173370000000002
2017-06-03 20:00:00+00:00,BAYSHOR,20.92646
2017-06-03 21:00:00+00:00,BAYSHOR,25.15344
2017-06-03 22:00:00+00:00,BAYSHOR,28.15517
2017-06-03 23:00:00+00:00,BAYSHOR,30.0216
2017-06-04 00:00:00+00:00,BAYSHOR,33.374520000000004
2017-06-04 01:00:00+00:00,BAYSHOR,44.57681
2017-06-04 02:00:00+00:00,BAYSHOR,49.87867
2017-06-04 03:00:00+00:00,BAYSHOR,51.35327
2017-06-04 04:00:00+00:00,BAYSHOR,44.74348
2017-06-04 05:00:00+00:00,BAYSHOR,32.85793
2017-06-04 06:00:00+00:00,BAYSHOR,27.793840000000003
2017-06-04 07:00:00+00:00,BAYSHOR,28.72535
2017-06-04 08:00:00+00:00,BAYSHOR,25.0083
2017-06-04 09:00:00+00:00,BAYSHOR,24.3668
2017-06-04 10:00:00+00:00,BAYSHOR,20.40485
2017-06-04 11:00:00+00:00,BAYSHOR,25.31098
2017-06-04 12:00:00+00:00,BAYSHOR,26.58041
2017-06-04 13:00:00+00:00,BAYSHOR,22.7781
2017-06-04 14:00:00+00:00,BAYSHOR,10.54609
2017-06-04 15:00:00+00:00,BAYSHOR,2.2924900000000004
2017-06-04 16:00:00+00:00,BAYSHOR,2.03829
2017-06-04 17:00:00+00:00,BAYSHOR,3.0943
2017-06-04 18:00:00+00:00,BAYSHOR,5.44206
2017-06-04 19:00:00+00:00,BAYSHOR,8.5764
2017-06-04 20:00:00+00:00,BAYSHOR,18.07908
2017-06-04 21:00:00+00:00,BAYSHOR,22.57784
2017-06-04 22:00:00+00:00,BAYSHOR,25.72699
2017-06-04 23:00:00+00:00,BAYSHOR,26.98526
2017-06-05 00:00:00+00:00,BAYSHOR,32.86865
2017-06-05 01:00:00+00:00,BAYSHOR,44.72688
2017-06-05 02:00:00+00:00,BAYSHOR,71.06331
2017-06-05 03:00:00+00:00,BAYSHOR,47.44037
2017-06-05 04:00:00+00:00,BAYSHOR,43.88285
2017-06-05 05:00:00+00:00,BAYSHOR,32.87927
2017-06-05 06:00:00+00:00,BAYSHOR,27.27715
2017-06-05 07:00:00+00:00,BAYSHOR,8.83795
2017-06-05 08:00:00+00:00,BAYSHOR,10.26381
2017-06-05 09:00:00+00:00,BAYSHOR,12.10964
2017-06-05 10:00:00+00:00,BAYSHOR,13.46901
2017-06-05 11:00:00+00:00,BAYSHOR,19.12023
2017-06-05 12:00:00+00:00,BAYSHOR,29.74836
2017-06-05 13:00:00+00:00,BAYSHOR,32.563390000000005
2017-06-05 14:00:00+00:00,BAYSHOR,27.67687
2017-06-05 15:00:00+00:00,BAYSHOR,23.77446
2017-06-05 16:00:00+00:00,BAYSHOR,22.70011
2017-06-05 17:00:00+00:00,BAYSHOR,27.1539
2017-06-05 18:00:00+00:00,BAYSHOR,27.76737
2017-06-05 19:00:00+00:00,BAYSHOR,29.323940000000004
2017-06-05 20:00:00+00:00,BAYSHOR,31.27921
2017-06-05 21:00:00+00:00,BAYSHOR,33.34458
2017-06-05 22:00:00+00:00,BAYSHOR,34.69445
2017-06-05 23:00:00+00:00,BAYSHOR,37.06666
2017-06-06 00:00:00+00:00,BAYSHOR,37.99175
2017-06-06 01:00:00+00:00,BAYSHOR,48.82768
2017-06-06 02:00:00+00:00,BAYSHOR,60.75283
2017-06-06 03:00:00+00:00,BAYSHOR,50.748740000000005
2017-06-06 04:00:00+00:00,BAYSHOR,41.84114
2017-06-06 05:00:00+00:00,BAYSHOR,31.18004
2017-06-06 06:00:00+00:00,BAYSHOR,28.10882
2017-06-06 07:00:00+00:00,BAYSHOR,18.84453
2017-06-06 08:00:00+00:00,BAYSHOR,20.19242
2017-06-06 09:00:00+00:00,BAYSHOR,22.2037
2017-06-06 10:00:00+00:00,BAYSHOR,20.17207
2017-06-06 11:00:00+00:00,BAYSHOR,23.72436
2017-06-06 12:00:00+00:00,BAYSHOR,33.7361
2017-06-06 13:00:00+00:00,BAYSHOR,35.12086
2017-06-06 14:00:00+00:00,BAYSHOR,31.53991
2017-06-06 15:00:00+00:00,BAYSHOR,28.66262
2017-06-06 16:00:00+00:00,BAYSHOR,27.54611
2017-06-06 17:00:00+00:00,BAYSHOR,27.15521
2017-06-06 18:00:00+00:00,BAYSHOR,27.647170000000003
2017-06-06 19:00:00+00:00,BAYSHOR,28.43617
2017-06-06 20:00:00+00:00,BAYSHOR,30.42218
2017-06-06 21:00:00+00:00,BAYSHOR,32.71808
2017-06-06 22:00:00+00:00,BAYSHOR,33.11946
2017-06-06 23:00:00+00:00,BAYSHOR,36.17755
2017-06-07 00:00:00+00:00,BAYSHOR,37.20715
2017-06-07 01:00:00+00:00,BAYSHOR,48.38132
2017-06-07 02:00:00+00:00,BAYSHOR,57.17927
2017-06-07 03:00:00+00:00,BAYSHOR,51.94911
2017-06-07 04:00:00+00:00,BAYSHOR,41.42929
2017-06-07 05:00:00+00:00,BAYSHOR,34.02202
2017-06-07 06:00:00+00:00,BAYSHOR,27.37129
2017-06-07 07:00:00+00:00,BAYSHOR,20.51999
2017-06-07 08:00:00+00:00,BAYSHOR,20.07862
2017-06-07 09:00:00+00:00,BAYSHOR,18.96274
2017-06-07 10:00:00+00:00,BAYSHOR,18.383470000000003
2017-06-07 11:00:00+00:00,BAYSHOR,22.36495
2017-06-07 12:00:00+00:00,BAYSHOR,28.86826
2017-06-07 13:00:00+00:00,BAYSHOR,32.9698
2017-06-07 14:00:00+00:00,BAYSHOR,31.09458
2017-06-07 15:00:00+00:00,BAYSHOR,28.692970000000003
2017-06-07 16:00:00+00:00,BAYSHOR,27.89003
2017-06-07 17:00:00+00:00,BAYSHOR,28.178690000000003
2017-06-07 18:00:00+00:00,BAYSHOR,28.99201
2017-06-07 19:00:00+00:00,BAYSHOR,29.78445
2017-06-07 20:00:00+00:00,BAYSHOR,30.49744
2017-06-07 21:00:00+00:00,BAYSHOR,32.789120000000004
2017-06-07 22:00:00+00:00,BAYSHOR,32.831920000000004
2017-06-07 23:00:00+00:00,BAYSHOR,34.55741
2017-06-08 00:00:00+00:00,BAYSHOR,36.29444
2017-06-08 01:00:00+00:00,BAYSHOR,46.64974
2017-06-08 02:00:00+00:00,BAYSHOR,53.49354
2017-06-08 03:00:00+00:00,BAYSHOR,54.61198
2017-06-08 04:00:00+00:00,BAYSHOR,44.40488
2017-06-08 05:00:00+00:00,BAYSHOR,34.07338
2017-06-08 06:00:00+00:00,BAYSHOR,30.43467
2017-06-08 07:00:00+00:00,BAYSHOR,25.10096
2017-06-08 08:00:00+00:00,BAYSHOR,24.90631
2017-06-08 09:00:00+00:00,BAYSHOR,24.13877
2017-06-08 10:00:00+00:00,BAYSHOR,24.519070000000003
2017-06-08 11:00:00+00:00,BAYSHOR,26.54042
2017-06-08 12:00:00+00:00,BAYSHOR,35.6075
2017-06-08 13:00:00+00:00,BAYSHOR,39.945440000000005
2017-06-08 14:00:00+00:00,BAYSHOR,31.82635
2017-06-08 15:00:00+00:00,BAYSHOR,24.65228
2017-06-08 16:00:00+00:00,BAYSHOR,20.55806
2017-06-08 17:00:00+00:00,BAYSHOR,20.7842
2017-06-08 18:00:00+00:00,BAYSHOR,22.50567
2017-06-08 19:00:00+00:00,BAYSHOR,21.31305
2017-06-08 20:00:00+00:00,BAYSHOR,22.02614
2017-06-08 21:00:00+00:00,BAYSHOR,22.22899
2017-06-08 22:00:00+00:00,BAYSHOR,22.18256
2017-06-08 23:00:00+00:00,BAYSHOR,27.340020000000003
2017-06-09 00:00:00+00:00,BAYSHOR,28.525
2017-06-09 01:00:00+00:00,BAYSHOR,38.14221
2017-06-09 02:00:00+00:00,BAYSHOR,48.9967
2017-06-09 03:00:00+00:00,BAYSHOR,54.59143
2017-06-09 04:00:00+00:00,BAYSHOR,46.87858
2017-06-09 05:00:00+00:00,BAYSHOR,33.124970000000005
2017-06-09 06:00:00+00:00,BAYSHOR,28.42322
2017-06-09 07:00:00+00:00,BAYSHOR,20.47246
2017-06-09 08:00:00+00:00,BAYSHOR,18.8647
2017-06-09 09:00:00+00:00,BAYSHOR,18.35358
2017-06-09 10:00:00+00:00,BAYSHOR,17.81831
2017-06-09 11:00:00+00:00,BAYSHOR,21.66618
2017-06-09 12:00:00+00:00,BAYSHOR,30.93208
2017-06-09 13:00:00+00:00,BAYSHOR,35.956990000000005
2017-06-09 14:00:00+00:00,BAYSHOR,35.349709999999995
2017-06-09 15:00:00+00:00,BAYSHOR,27.21521
2017-06-09 16:00:00+00:00,BAYSHOR,21.41874
2017-06-09 17:00:00+00:00,BAYSHOR,18.67292
2017-06-09 19:00:00+00:00,BAYSHOR,13.90363
2017-06-09 20:00:00+00:00,BAYSHOR,13.5342
2017-06-09 21:00:00+00:00,BAYSHOR,13.64093
2017-06-09 22:00:00+00:00,BAYSHOR,16.18926
2017-06-09 23:00:00+00:00,BAYSHOR,21.92061
2017-06-10 00:00:00+00:00,BAYSHOR,25.11551
2017-06-10 01:00:00+00:00,BAYSHOR,34.29185
2017-06-10 02:00:00+00:00,BAYSHOR,44.18948
2017-06-10 03:00:00+00:00,BAYSHOR,50.27861
2017-06-10 04:00:00+00:00,BAYSHOR,44.32156
2017-06-10 05:00:00+00:00,BAYSHOR,33.27182
2017-06-10 06:00:00+00:00,BAYSHOR,26.99752
2017-06-10 07:00:00+00:00,BAYSHOR,18.71973
2017-06-10 08:00:00+00:00,BAYSHOR,16.720010000000002
2017-06-10 09:00:00+00:00,BAYSHOR,15.80885
2017-06-10 10:00:00+00:00,BAYSHOR,13.93535
2017-06-10 11:00:00+00:00,BAYSHOR,16.07068
2017-06-10 12:00:00+00:00,BAYSHOR,21.34451
2017-06-10 13:00:00+00:00,BAYSHOR,14.5938
2017-06-10 14:00:00+00:00,BAYSHOR,10.23838
2017-06-10 15:00:00+00:00,BAYSHOR,3.125
2017-06-10 16:00:00+00:00,BAYSHOR,1.09074
2017-06-10 17:00:00+00:00,BAYSHOR,0.0112
2017-06-10 18:00:00+00:00,BAYSHOR,4e-05
2017-06-10 19:00:00+00:00,BAYSHOR,-0.16425
2017-06-10 20:00:00+00:00,BAYSHOR,-0.4997
2017-06-10 21:00:00+00:00,BAYSHOR,0.0
2017-06-10 22:00:00+00:00,BAYSHOR,0.0
2017-06-10 23:00:00+00:00,BAYSHOR,0.1288
2017-06-11 00:00:00+00:00,BAYSHOR,5.31082
2017-06-11 01:00:00+00:00,BAYSHOR,23.38089
2017-06-11 02:00:00+00:00,BAYSHOR,40.73066
2017-06-11 03:00:00+00:00,BAYSHOR,47.16792
2017-06-11 04:00:00+00:00,BAYSHOR,39.12686
2017-06-11 05:00:00+00:00,BAYSHOR,31.21871
2017-06-11 06:00:00+00:00,BAYSHOR,24.9168
2017-06-11 07:00:00+00:00,BAYSHOR,15.44895
2017-06-11 08:00:00+00:00,BAYSHOR,11.43013
2017-06-11 09:00:00+00:00,BAYSHOR,10.99348
2017-06-11 10:00:00+00:00,BAYSHOR,10.70677
2017-06-11 11:00:00+00:00,BAYSHOR,8.42977
2017-06-11 12:00:00+00:00,BAYSHOR,10.45787
2017-06-11 13:00:00+00:00,BAYSHOR,2.63407
2017-06-11 14:00:00+00:00,BAYSHOR,0.00014
2017-06-11 15:00:00+00:00,BAYSHOR,-1.15796
2017-06-11 16:00:00+00:00,BAYSHOR,-4.40319
2017-06-11 17:00:00+00:00,BAYSHOR,-7.84678
2017-06-11 18:00:00+00:00,BAYSHOR,-10.90996
2017-06-11 19:00:00+00:00,BAYSHOR,-11.19018
2017-06-11 20:00:00+00:00,BAYSHOR,-11.96383
2017-06-11 21:00:00+00:00,BAYSHOR,-10.74409
2017-06-11 22:00:00+00:00,BAYSHOR,-6.820989999999999
2017-06-11 23:00:00+00:00,BAYSHOR,0.0
2017-06-12 00:00:00+00:00,BAYSHOR,1.07559
2017-06-12 01:00:00+00:00,BAYSHOR,20.4749
2017-06-12 02:00:00+00:00,BAYSHOR,44.66061
2017-06-12 03:00:00+00:00,BAYSHOR,58.5614
2017-06-12 04:00:00+00:00,BAYSHOR,43.772090000000006
2017-06-12 05:00:00+00:00,BAYSHOR,30.061490000000003
2017-06-12 06:00:00+00:00,BAYSHOR,20.42895
2017-06-12 07:00:00+00:00,BAYSHOR,16.88711
2017-06-12 08:00:00+00:00,BAYSHOR,10.44046
2017-06-12 09:00:00+00:00,BAYSHOR,9.28937
2017-06-12 10:00:00+00:00,BAYSHOR,8.88498
2017-06-12 11:00:00+00:00,BAYSHOR,14.5561
2017-06-12 12:00:00+00:00,BAYSHOR,23.09567
2017-06-12 13:00:00+00:00,BAYSHOR,29.01966
2017-06-12 14:00:00+00:00,BAYSHOR,27.47912
2017-06-12 15:00:00+00:00,BAYSHOR,10.61124
2017-06-12 16:00:00+00:00,BAYSHOR,4.96561
2017-06-12 17:00:00+00:00,BAYSHOR,4.31955
2017-06-12 18:00:00+00:00,BAYSHOR,2.06726
2017-06-12 19:00:00+00:00,BAYSHOR,0.4671399999999999
2017-06-12 20:00:00+00:00,BAYSHOR,1.58019
2017-06-12 21:00:00+00:00,BAYSHOR,2.72001
2017-06-12 22:00:00+00:00,BAYSHOR,5.40551
2017-06-12 23:00:00+00:00,BAYSHOR,6.815739999999999
2017-06-13 00:00:00+00:00,BAYSHOR,10.85528
2017-06-13 01:00:00+00:00,BAYSHOR,28.88077
2017-06-13 02:00:00+00:00,BAYSHOR,43.82292
2017-06-13 03:00:00+00:00,BAYSHOR,54.024980000000006
2017-06-13 04:00:00+00:00,BAYSHOR,46.12528
2017-06-13 05:00:00+00:00,BAYSHOR,33.21334
2017-06-13 06:00:00+00:00,BAYSHOR,26.06079
2017-06-13 07:00:00+00:00,BAYSHOR,20.71886
2017-06-13 08:00:00+00:00,BAYSHOR,17.63733
2017-06-13 09:00:00+00:00,BAYSHOR,14.51614
2017-06-13 10:00:00+00:00,BAYSHOR,14.53871
2017-06-13 11:00:00+00:00,BAYSHOR,22.96418
2017-06-13 12:00:00+00:00,BAYSHOR,32.12433
2017-06-13 13:00:00+00:00,BAYSHOR,35.08578
2017-06-13 14:00:00+00:00,BAYSHOR,28.7525
2017-06-13 15:00:00+00:00,BAYSHOR,17.82682
2017-06-13 16:00:00+00:00,BAYSHOR,16.92345
2017-06-13 17:00:00+00:00,BAYSHOR,18.615820000000003
2017-06-13 18:00:00+00:00,BAYSHOR,16.548779999999997
2017-06-13 19:00:00+00:00,BAYSHOR,13.50095
2017-06-13 20:00:00+00:00,BAYSHOR,19.94257
2017-06-13 21:00:00+00:00,BAYSHOR,17.1007
2017-06-13 22:00:00+00:00,BAYSHOR,21.34426
2017-06-13 23:00:00+00:00,BAYSHOR,25.63836
2017-06-14 00:00:00+00:00,BAYSHOR,26.40698
2017-06-14 01:00:00+00:00,BAYSHOR,36.71533
2017-06-14 02:00:00+00:00,BAYSHOR,48.81689
2017-06-14 03:00:00+00:00,BAYSHOR,56.70649
2017-06-14 04:00:00+00:00,BAYSHOR,46.13321
2017-06-14 05:00:00+00:00,BAYSHOR,31.01575
2017-06-14 06:00:00+00:00,BAYSHOR,26.65407
2017-06-14 07:00:00+00:00,BAYSHOR,25.69527
2017-06-14 08:00:00+00:00,BAYSHOR,21.79675
2017-06-14 09:00:00+00:00,BAYSHOR,19.17199
2017-06-14 10:00:00+00:00,BAYSHOR,18.39681
2017-06-14 11:00:00+00:00,BAYSHOR,26.07309
2017-06-14 12:00:00+00:00,BAYSHOR,30.136090000000003
2017-06-14 13:00:00+00:00,BAYSHOR,33.57107
2017-06-14 14:00:00+00:00,BAYSHOR,22.85916
2017-06-14 15:00:00+00:00,BAYSHOR,14.78296
2017-06-14 16:00:00+00:00,BAYSHOR,13.80704
2017-06-14 17:00:00+00:00,BAYSHOR,16.90237
2017-06-14 18:00:00+00:00,BAYSHOR,19.85916
2017-06-14 19:00:00+00:00,BAYSHOR,23.14158
2017-06-14 20:00:00+00:00,BAYSHOR,28.09832
2017-06-14 21:00:00+00:00,BAYSHOR,33.04643
2017-06-14 22:00:00+00:00,BAYSHOR,28.608220000000003
2017-06-14 23:00:00+00:00,BAYSHOR,31.44899
2017-06-15 00:00:00+00:00,BAYSHOR,30.44194
2017-06-15 01:00:00+00:00,BAYSHOR,42.638000000000005
2017-06-15 02:00:00+00:00,BAYSHOR,53.38301
2017-06-15 03:00:00+00:00,BAYSHOR,52.50051
2017-06-15 04:00:00+00:00,BAYSHOR,43.28372
2017-06-15 05:00:00+00:00,BAYSHOR,32.3027
2017-06-15 06:00:00+00:00,BAYSHOR,27.832140000000003
2017-06-15 07:00:00+00:00,BAYSHOR,24.68245
2017-06-15 08:00:00+00:00,BAYSHOR,21.54914
2017-06-15 09:00:00+00:00,BAYSHOR,21.23965
2017-06-15 10:00:00+00:00,BAYSHOR,19.04518
2017-06-15 11:00:00+00:00,BAYSHOR,24.49526
2017-06-15 12:00:00+00:00,BAYSHOR,28.97555
2017-06-15 13:00:00+00:00,BAYSHOR,30.26139
2017-06-15 14:00:00+00:00,BAYSHOR,20.67211
2017-06-15 15:00:00+00:00,BAYSHOR,16.75597
2017-06-15 16:00:00+00:00,BAYSHOR,17.67587
2017-06-15 17:00:00+00:00,BAYSHOR,23.15376
2017-06-15 18:00:00+00:00,BAYSHOR,27.08568
2017-06-15 19:00:00+00:00,BAYSHOR,27.99326
2017-06-15 20:00:00+00:00,BAYSHOR,32.33917
2017-06-15 21:00:00+00:00,BAYSHOR,35.14836
2017-06-15 22:00:00+00:00,BAYSHOR,36.16532
2017-06-15 23:00:00+00:00,BAYSHOR,37.00969
2017-06-16 00:00:00+00:00,BAYSHOR,37.47797
2017-06-16 01:00:00+00:00,BAYSHOR,47.12874
2017-06-16 02:00:00+00:00,BAYSHOR,54.857040000000005
2017-06-16 03:00:00+00:00,BAYSHOR,58.10696
2017-06-16 04:00:00+00:00,BAYSHOR,44.09915
2017-06-16 05:00:00+00:00,BAYSHOR,33.49543
2017-06-16 06:00:00+00:00,BAYSHOR,29.58387
2017-06-16 07:00:00+00:00,BAYSHOR,23.18326
2017-06-16 08:00:00+00:00,BAYSHOR,19.84188
2017-06-16 09:00:00+00:00,BAYSHOR,19.53183
2017-06-16 10:00:00+00:00,BAYSHOR,18.00591
2017-06-16 11:00:00+00:00,BAYSHOR,23.07148
2017-06-16 12:00:00+00:00,BAYSHOR,27.93823
2017-06-16 13:00:00+00:00,BAYSHOR,29.77166
2017-06-16 14:00:00+00:00,BAYSHOR,27.195
2017-06-16 15:00:00+00:00,BAYSHOR,26.65181
2017-06-16 16:00:00+00:00,BAYSHOR,29.952070000000003
2017-06-16 17:00:00+00:00,BAYSHOR,35.13889
2017-06-16 18:00:00+00:00,BAYSHOR,34.77056
2017-06-16 19:00:00+00:00,BAYSHOR,38.60023
2017-06-16 20:00:00+00:00,BAYSHOR,40.36432
2017-06-16 21:00:00+00:00,BAYSHOR,47.42931
2017-06-16 22:00:00+00:00,BAYSHOR,68.21561
2017-06-16 23:00:00+00:00,BAYSHOR,69.51005
2017-06-17 00:00:00+00:00,BAYSHOR,51.00042
2017-06-17 01:00:00+00:00,BAYSHOR,59.83605
2017-06-17 02:00:00+00:00,BAYSHOR,72.38727
2017-06-17 03:00:00+00:00,BAYSHOR,61.05582
2017-06-17 04:00:00+00:00,BAYSHOR,44.31867
2017-06-17 05:00:00+00:00,BAYSHOR,36.94771
2017-06-17 06:00:00+00:00,BAYSHOR,32.78092
2017-06-17 07:00:00+00:00,BAYSHOR,32.3769
2017-06-17 08:00:00+00:00,BAYSHOR,28.14477
2017-06-17 09:00:00+00:00,BAYSHOR,28.34069
2017-06-17 10:00:00+00:00,BAYSHOR,27.01983
2017-06-17 11:00:00+00:00,BAYSHOR,27.13233
2017-06-17 12:00:00+00:00,BAYSHOR,27.41892
2017-06-17 13:00:00+00:00,BAYSHOR,20.083820000000003
2017-06-17 14:00:00+00:00,BAYSHOR,14.74276
2017-06-17 15:00:00+00:00,BAYSHOR,14.883870000000002
2017-06-17 16:00:00+00:00,BAYSHOR,16.895139999999998
2017-06-17 17:00:00+00:00,BAYSHOR,26.04954
2017-06-17 18:00:00+00:00,BAYSHOR,33.61444
2017-06-17 19:00:00+00:00,BAYSHOR,35.282
2017-06-17 20:00:00+00:00,BAYSHOR,37.66116
2017-06-17 21:00:00+00:00,BAYSHOR,38.6799
2017-06-17 22:00:00+00:00,BAYSHOR,41.58491
2017-06-17 23:00:00+00:00,BAYSHOR,45.51751
2017-06-18 00:00:00+00:00,BAYSHOR,46.50722
2017-06-18 01:00:00+00:00,BAYSHOR,58.35711
2017-06-18 02:00:00+00:00,BAYSHOR,71.50352
2017-06-18 03:00:00+00:00,BAYSHOR,57.37812
2017-06-18 04:00:00+00:00,BAYSHOR,44.38757
2017-06-18 05:00:00+00:00,BAYSHOR,37.318090000000005
2017-06-18 06:00:00+00:00,BAYSHOR,32.22384
2017-06-18 07:00:00+00:00,BAYSHOR,33.72363
2017-06-18 08:00:00+00:00,BAYSHOR,30.48869
2017-06-18 09:00:00+00:00,BAYSHOR,29.5373
2017-06-18 10:00:00+00:00,BAYSHOR,30.83267
2017-06-18 11:00:00+00:00,BAYSHOR,30.65398
2017-06-18 12:00:00+00:00,BAYSHOR,30.22795
2017-06-18 13:00:00+00:00,BAYSHOR,23.19964
2017-06-18 14:00:00+00:00,BAYSHOR,9.93724
2017-06-18 15:00:00+00:00,BAYSHOR,8.964739999999999
2017-06-18 16:00:00+00:00,BAYSHOR,11.29559
2017-06-18 17:00:00+00:00,BAYSHOR,27.40468
2017-06-18 18:00:00+00:00,BAYSHOR,33.91546
2017-06-18 19:00:00+00:00,BAYSHOR,39.8977
2017-06-18 20:00:00+00:00,BAYSHOR,42.41988
2017-06-18 21:00:00+00:00,BAYSHOR,49.68031
2017-06-18 22:00:00+00:00,BAYSHOR,60.11292
2017-06-18 23:00:00+00:00,BAYSHOR,65.61397
2017-06-19 00:00:00+00:00,BAYSHOR,71.61962
2017-06-19 01:00:00+00:00,BAYSHOR,90.08843
2017-06-19 02:00:00+00:00,BAYSHOR,92.39609
2017-06-19 03:00:00+00:00,BAYSHOR,73.31869
2017-06-19 04:00:00+00:00,BAYSHOR,48.238690000000005
2017-06-19 05:00:00+00:00,BAYSHOR,39.38632
2017-06-19 06:00:00+00:00,BAYSHOR,36.3492
2017-06-19 07:00:00+00:00,BAYSHOR,31.70188
2017-06-19 08:00:00+00:00,BAYSHOR,26.5651
2017-06-19 09:00:00+00:00,BAYSHOR,25.69643
2017-06-19 10:00:00+00:00,BAYSHOR,24.32856
2017-06-19 11:00:00+00:00,BAYSHOR,25.80962
2017-06-19 12:00:00+00:00,BAYSHOR,29.12997
2017-06-19 13:00:00+00:00,BAYSHOR,33.62512
2017-06-19 14:00:00+00:00,BAYSHOR,34.5561
2017-06-19 15:00:00+00:00,BAYSHOR,37.15651
2017-06-19 16:00:00+00:00,BAYSHOR,37.63365
2017-06-19 17:00:00+00:00,BAYSHOR,39.44875
2017-06-19 18:00:00+00:00,BAYSHOR,43.131
2017-06-19 19:00:00+00:00,BAYSHOR,46.62701
2017-06-19 20:00:00+00:00,BAYSHOR,55.05165
2017-06-19 21:00:00+00:00,BAYSHOR,66.38161
2017-06-19 22:00:00+00:00,BAYSHOR,74.56912
2017-06-19 23:00:00+00:00,BAYSHOR,77.91
2017-06-20 00:00:00+00:00,BAYSHOR,82.50899
2017-06-20 01:00:00+00:00,BAYSHOR,104.5332
2017-06-20 02:00:00+00:00,BAYSHOR,113.72262
2017-06-20 03:00:00+00:00,BAYSHOR,78.97774
2017-06-20 04:00:00+00:00,BAYSHOR,55.4986
2017-06-20 05:00:00+00:00,BAYSHOR,42.17249
2017-06-20 06:00:00+00:00,BAYSHOR,37.78502
2017-06-20 07:00:00+00:00,BAYSHOR,33.74736
2017-06-20 08:00:00+00:00,BAYSHOR,28.9894
2017-06-20 09:00:00+00:00,BAYSHOR,26.4103
2017-06-20 10:00:00+00:00,BAYSHOR,22.31155
2017-06-20 11:00:00+00:00,BAYSHOR,24.78837
2017-06-20 12:00:00+00:00,BAYSHOR,31.00355
2017-06-20 13:00:00+00:00,BAYSHOR,32.2097
2017-06-20 14:00:00+00:00,BAYSHOR,33.08527
2017-06-20 15:00:00+00:00,BAYSHOR,33.58657
2017-06-20 16:00:00+00:00,BAYSHOR,38.49103
2017-06-20 17:00:00+00:00,BAYSHOR,39.96675
2017-06-20 18:00:00+00:00,BAYSHOR,45.62345
2017-06-20 19:00:00+00:00,BAYSHOR,49.47916
2017-06-20 20:00:00+00:00,BAYSHOR,55.39424
2017-06-20 21:00:00+00:00,BAYSHOR,69.28321
2017-06-20 22:00:00+00:00,BAYSHOR,87.68864
2017-06-20 23:00:00+00:00,BAYSHOR,113.07842
2017-06-21 00:00:00+00:00,BAYSHOR,118.98949
2017-06-21 01:00:00+00:00,BAYSHOR,126.87288
2017-06-21 02:00:00+00:00,BAYSHOR,143.40886
2017-06-21 03:00:00+00:00,BAYSHOR,102.76298
2017-06-21 04:00:00+00:00,BAYSHOR,61.2542
2017-06-21 05:00:00+00:00,BAYSHOR,45.78477
2017-06-21 06:00:00+00:00,BAYSHOR,39.25533
2017-06-21 07:00:00+00:00,BAYSHOR,33.96601
2017-06-21 08:00:00+00:00,BAYSHOR,30.73562
2017-06-21 09:00:00+00:00,BAYSHOR,27.71286
2017-06-21 10:00:00+00:00,BAYSHOR,26.03083
2017-06-21 11:00:00+00:00,BAYSHOR,26.80422
2017-06-21 12:00:00+00:00,BAYSHOR,31.74625
2017-06-21 13:00:00+00:00,BAYSHOR,33.65429
2017-06-21 14:00:00+00:00,BAYSHOR,32.20602
2017-06-21 15:00:00+00:00,BAYSHOR,33.267790000000005
2017-06-21 16:00:00+00:00,BAYSHOR,37.66026
2017-06-21 17:00:00+00:00,BAYSHOR,40.87043
2017-06-21 18:00:00+00:00,BAYSHOR,48.4415
2017-06-21 19:00:00+00:00,BAYSHOR,55.02197
2017-06-21 20:00:00+00:00,BAYSHOR,62.58048
2017-06-21 21:00:00+00:00,BAYSHOR,103.22424
2017-06-21 22:00:00+00:00,BAYSHOR,138.10121
2017-06-21 23:00:00+00:00,BAYSHOR,277.90171000000004
2017-06-22 00:00:00+00:00,BAYSHOR,324.86641000000003
2017-06-22 01:00:00+00:00,BAYSHOR,428.35963
2017-06-22 02:00:00+00:00,BAYSHOR,639.9482
2017-06-22 03:00:00+00:00,BAYSHOR,240.68847
2017-06-22 04:00:00+00:00,BAYSHOR,68.84005
2017-06-22 05:00:00+00:00,BAYSHOR,50.2926
2017-06-22 06:00:00+00:00,BAYSHOR,43.13157
2017-06-22 07:00:00+00:00,BAYSHOR,34.83443
2017-06-22 08:00:00+00:00,BAYSHOR,31.17916
2017-06-22 09:00:00+00:00,BAYSHOR,28.95249
2017-06-22 10:00:00+00:00,BAYSHOR,25.88736
2017-06-22 11:00:00+00:00,BAYSHOR,26.11832
2017-06-22 12:00:00+00:00,BAYSHOR,30.64065
2017-06-22 13:00:00+00:00,BAYSHOR,33.65675
2017-06-22 14:00:00+00:00,BAYSHOR,32.86923
2017-06-22 15:00:00+00:00,BAYSHOR,31.39074
2017-06-22 16:00:00+00:00,BAYSHOR,36.99832
2017-06-22 17:00:00+00:00,BAYSHOR,40.91125
2017-06-22 18:00:00+00:00,BAYSHOR,45.53487
2017-06-22 19:00:00+00:00,BAYSHOR,58.33679
2017-06-22 20:00:00+00:00,BAYSHOR,69.70982
2017-06-22 21:00:00+00:00,BAYSHOR,110.60493999999998
2017-06-22 22:00:00+00:00,BAYSHOR,120.51441
2017-06-22 23:00:00+00:00,BAYSHOR,144.01641
2017-06-23 00:00:00+00:00,BAYSHOR,149.91143
2017-06-23 01:00:00+00:00,BAYSHOR,193.0078
2017-06-23 02:00:00+00:00,BAYSHOR,232.89385
2017-06-23 03:00:00+00:00,BAYSHOR,95.10701
2017-06-23 04:00:00+00:00,BAYSHOR,63.70815
2017-06-23 05:00:00+00:00,BAYSHOR,48.96656
2017-06-23 06:00:00+00:00,BAYSHOR,41.80662
2017-06-23 07:00:00+00:00,BAYSHOR,32.19036
2017-06-23 08:00:00+00:00,BAYSHOR,26.389840000000003
2017-06-23 09:00:00+00:00,BAYSHOR,26.12371
2017-06-23 10:00:00+00:00,BAYSHOR,24.95721
2017-06-23 11:00:00+00:00,BAYSHOR,24.99029
2017-06-23 12:00:00+00:00,BAYSHOR,29.28702
2017-06-23 13:00:00+00:00,BAYSHOR,30.77848
2017-06-23 14:00:00+00:00,BAYSHOR,31.7338
2017-06-23 15:00:00+00:00,BAYSHOR,30.1993
2017-06-23 16:00:00+00:00,BAYSHOR,32.60528
2017-06-23 17:00:00+00:00,BAYSHOR,36.03221
2017-06-23 18:00:00+00:00,BAYSHOR,37.81945
2017-06-23 19:00:00+00:00,BAYSHOR,37.90463
2017-06-23 20:00:00+00:00,BAYSHOR,43.61678
2017-06-23 21:00:00+00:00,BAYSHOR,45.0708
2017-06-23 22:00:00+00:00,BAYSHOR,50.55316
2017-06-23 23:00:00+00:00,BAYSHOR,56.205630000000006
2017-06-24 00:00:00+00:00,BAYSHOR,56.87023000000001
2017-06-24 01:00:00+00:00,BAYSHOR,70.32002
2017-06-24 02:00:00+00:00,BAYSHOR,74.73384
2017-06-24 03:00:00+00:00,BAYSHOR,54.84106
2017-06-24 04:00:00+00:00,BAYSHOR,49.02773
2017-06-24 05:00:00+00:00,BAYSHOR,38.41156
2017-06-24 06:00:00+00:00,BAYSHOR,33.99858
2017-06-24 07:00:00+00:00,BAYSHOR,28.05086
2017-06-24 08:00:00+00:00,BAYSHOR,23.28493
2017-06-24 09:00:00+00:00,BAYSHOR,21.44007
2017-06-24 10:00:00+00:00,BAYSHOR,23.97632
2017-06-24 11:00:00+00:00,BAYSHOR,23.2016
2017-06-24 12:00:00+00:00,BAYSHOR,25.00427
2017-06-24 13:00:00+00:00,BAYSHOR,24.82344
2017-06-24 14:00:00+00:00,BAYSHOR,18.50112
2017-06-24 15:00:00+00:00,BAYSHOR,22.12598
2017-06-24 16:00:00+00:00,BAYSHOR,24.92039
2017-06-24 17:00:00+00:00,BAYSHOR,29.674670000000003
2017-06-24 18:00:00+00:00,BAYSHOR,33.54997
2017-06-24 19:00:00+00:00,BAYSHOR,34.52
2017-06-24 20:00:00+00:00,BAYSHOR,35.89846
2017-06-24 21:00:00+00:00,BAYSHOR,36.96272
2017-06-24 22:00:00+00:00,BAYSHOR,39.0
2017-06-24 23:00:00+00:00,BAYSHOR,44.0
2017-06-25 00:00:00+00:00,BAYSHOR,47.40571
2017-06-25 01:00:00+00:00,BAYSHOR,53.31673000000001
2017-06-25 02:00:00+00:00,BAYSHOR,71.9
2017-06-25 03:00:00+00:00,BAYSHOR,51.88331
2017-06-25 04:00:00+00:00,BAYSHOR,46.96917
2017-06-25 05:00:00+00:00,BAYSHOR,38.64907
2017-06-25 06:00:00+00:00,BAYSHOR,31.59186
2017-06-25 07:00:00+00:00,BAYSHOR,26.85133
2017-06-25 08:00:00+00:00,BAYSHOR,24.21993
2017-06-25 09:00:00+00:00,BAYSHOR,26.854740000000003
2017-06-25 10:00:00+00:00,BAYSHOR,28.02467
2017-06-25 11:00:00+00:00,BAYSHOR,26.452690000000004
2017-06-25 12:00:00+00:00,BAYSHOR,27.83273
2017-06-25 13:00:00+00:00,BAYSHOR,21.01044
2017-06-25 14:00:00+00:00,BAYSHOR,12.93833
2017-06-25 15:00:00+00:00,BAYSHOR,6.28448
2017-06-25 16:00:00+00:00,BAYSHOR,12.79685
2017-06-25 17:00:00+00:00,BAYSHOR,23.5675
2017-06-25 18:00:00+00:00,BAYSHOR,30.02397
2017-06-25 19:00:00+00:00,BAYSHOR,31.26577
2017-06-25 20:00:00+00:00,BAYSHOR,36.15118
2017-06-25 21:00:00+00:00,BAYSHOR,36.98972
2017-06-25 22:00:00+00:00,BAYSHOR,38.66013
2017-06-25 23:00:00+00:00,BAYSHOR,44.26337
2017-06-26 00:00:00+00:00,BAYSHOR,47.93374
2017-06-26 01:00:00+00:00,BAYSHOR,54.34984
2017-06-26 02:00:00+00:00,BAYSHOR,80.00693000000001
2017-06-26 03:00:00+00:00,BAYSHOR,54.40351999999999
2017-06-26 04:00:00+00:00,BAYSHOR,44.66424
2017-06-26 05:00:00+00:00,BAYSHOR,36.49759
2017-06-26 06:00:00+00:00,BAYSHOR,32.16811
2017-06-26 07:00:00+00:00,BAYSHOR,25.82844
2017-06-26 08:00:00+00:00,BAYSHOR,21.23185
2017-06-26 09:00:00+00:00,BAYSHOR,20.91165
2017-06-26 10:00:00+00:00,BAYSHOR,21.03152
2017-06-26 11:00:00+00:00,BAYSHOR,23.21919
2017-06-26 12:00:00+00:00,BAYSHOR,28.98601
2017-06-26 13:00:00+00:00,BAYSHOR,35.54651
2017-06-26 14:00:00+00:00,BAYSHOR,31.692940000000004
2017-06-26 15:00:00+00:00,BAYSHOR,26.63113
2017-06-26 16:00:00+00:00,BAYSHOR,26.71662
2017-06-26 17:00:00+00:00,BAYSHOR,29.70396
2017-06-26 18:00:00+00:00,BAYSHOR,31.46628
2017-06-26 19:00:00+00:00,BAYSHOR,32.976859999999995
2017-06-26 20:00:00+00:00,BAYSHOR,35.87222
2017-06-26 21:00:00+00:00,BAYSHOR,36.66053
2017-06-26 22:00:00+00:00,BAYSHOR,41.09381
2017-06-26 23:00:00+00:00,BAYSHOR,44.33638
2017-06-27 00:00:00+00:00,BAYSHOR,47.01256
2017-06-27 01:00:00+00:00,BAYSHOR,55.25672
2017-06-27 02:00:00+00:00,BAYSHOR,74.31821
2017-06-27 03:00:00+00:00,BAYSHOR,52.8527
2017-06-27 04:00:00+00:00,BAYSHOR,46.1641
2017-06-27 05:00:00+00:00,BAYSHOR,36.77735
2017-06-27 06:00:00+00:00,BAYSHOR,32.31409
2017-06-27 07:00:00+00:00,BAYSHOR,28.67595
2017-06-27 08:00:00+00:00,BAYSHOR,25.41229
2017-06-27 09:00:00+00:00,BAYSHOR,24.4325
2017-06-27 10:00:00+00:00,BAYSHOR,22.18736
2017-06-27 11:00:00+00:00,BAYSHOR,23.83257
2017-06-27 12:00:00+00:00,BAYSHOR,28.16718
2017-06-27 13:00:00+00:00,BAYSHOR,31.70898
2017-06-27 14:00:00+00:00,BAYSHOR,29.546440000000004
2017-06-27 15:00:00+00:00,BAYSHOR,24.85203
2017-06-27 16:00:00+00:00,BAYSHOR,23.66143
2017-06-27 17:00:00+00:00,BAYSHOR,26.00174
2017-06-27 18:00:00+00:00,BAYSHOR,26.7236
2017-06-27 19:00:00+00:00,BAYSHOR,28.14882
2017-06-27 20:00:00+00:00,BAYSHOR,31.54391
2017-06-27 21:00:00+00:00,BAYSHOR,35.140609999999995
2017-06-27 22:00:00+00:00,BAYSHOR,35.85408
2017-06-27 23:00:00+00:00,BAYSHOR,37.605540000000005
2017-06-28 00:00:00+00:00,BAYSHOR,39.07366
2017-06-28 01:00:00+00:00,BAYSHOR,47.50151
2017-06-28 02:00:00+00:00,BAYSHOR,55.48179
2017-06-28 03:00:00+00:00,BAYSHOR,49.3356
2017-06-28 04:00:00+00:00,BAYSHOR,40.83204
2017-06-28 05:00:00+00:00,BAYSHOR,32.645590000000006
2017-06-28 06:00:00+00:00,BAYSHOR,27.29656
2017-06-28 07:00:00+00:00,BAYSHOR,23.96256
2017-06-28 08:00:00+00:00,BAYSHOR,22.00334
2017-06-28 09:00:00+00:00,BAYSHOR,20.09646
2017-06-28 10:00:00+00:00,BAYSHOR,20.33414
2017-06-28 11:00:00+00:00,BAYSHOR,22.19532
2017-06-28 12:00:00+00:00,BAYSHOR,25.753
2017-06-28 13:00:00+00:00,BAYSHOR,26.74065
2017-06-28 14:00:00+00:00,BAYSHOR,26.43178
2017-06-28 15:00:00+00:00,BAYSHOR,20.31086
2017-06-28 16:00:00+00:00,BAYSHOR,19.90467
2017-06-28 17:00:00+00:00,BAYSHOR,24.0961
2017-06-28 18:00:00+00:00,BAYSHOR,25.04184
2017-06-28 19:00:00+00:00,BAYSHOR,27.31175
2017-06-28 20:00:00+00:00,BAYSHOR,30.62993
2017-06-28 21:00:00+00:00,BAYSHOR,33.92091
2017-06-28 22:00:00+00:00,BAYSHOR,32.99146
2017-06-28 23:00:00+00:00,BAYSHOR,36.19563
2017-06-29 00:00:00+00:00,BAYSHOR,36.81434
2017-06-29 01:00:00+00:00,BAYSHOR,47.13885
2017-06-29 02:00:00+00:00,BAYSHOR,60.26787
2017-06-29 03:00:00+00:00,BAYSHOR,45.17518
2017-06-29 04:00:00+00:00,BAYSHOR,37.01979
2017-06-29 05:00:00+00:00,BAYSHOR,29.80075
2017-06-29 06:00:00+00:00,BAYSHOR,27.52345
2017-06-29 07:00:00+00:00,BAYSHOR,31.73223
2017-06-29 08:00:00+00:00,BAYSHOR,24.04368
2017-06-29 09:00:00+00:00,BAYSHOR,23.03303
2017-06-29 10:00:00+00:00,BAYSHOR,22.21696
2017-06-29 11:00:00+00:00,BAYSHOR,25.75864
2017-06-29 12:00:00+00:00,BAYSHOR,30.13287
2017-06-29 13:00:00+00:00,BAYSHOR,29.04181
2017-06-29 14:00:00+00:00,BAYSHOR,23.9015
2017-06-29 15:00:00+00:00,BAYSHOR,23.99335
2017-06-29 16:00:00+00:00,BAYSHOR,21.93288
2017-06-29 17:00:00+00:00,BAYSHOR,23.6994
2017-06-29 18:00:00+00:00,BAYSHOR,24.20365
2017-06-29 19:00:00+00:00,BAYSHOR,26.04417
2017-06-29 20:00:00+00:00,BAYSHOR,29.28306
2017-06-29 21:00:00+00:00,BAYSHOR,32.01465
2017-06-29 22:00:00+00:00,BAYSHOR,35.52583
2017-06-29 23:00:00+00:00,BAYSHOR,35.61037
2017-06-30 00:00:00+00:00,BAYSHOR,37.00208
2017-06-30 01:00:00+00:00,BAYSHOR,43.391740000000006
2017-06-30 02:00:00+00:00,BAYSHOR,57.43984
2017-06-30 03:00:00+00:00,BAYSHOR,45.92483
2017-06-30 04:00:00+00:00,BAYSHOR,36.30066
2017-06-30 05:00:00+00:00,BAYSHOR,32.84735
2017-06-30 06:00:00+00:00,BAYSHOR,28.41491
2017-06-30 07:00:00+00:00,BAYSHOR,24.90132
2017-06-30 08:00:00+00:00,BAYSHOR,23.66089
2017-06-30 09:00:00+00:00,BAYSHOR,22.88408
2017-06-30 10:00:00+00:00,BAYSHOR,21.80983
2017-06-30 11:00:00+00:00,BAYSHOR,24.5148
2017-06-30 12:00:00+00:00,BAYSHOR,29.2858
2017-06-30 13:00:00+00:00,BAYSHOR,27.37987
2017-06-30 14:00:00+00:00,BAYSHOR,23.82713
2017-06-30 15:00:00+00:00,BAYSHOR,22.76303
2017-06-30 16:00:00+00:00,BAYSHOR,24.19909
2017-06-30 17:00:00+00:00,BAYSHOR,25.53498
2017-06-30 18:00:00+00:00,BAYSHOR,30.44095
2017-06-30 19:00:00+00:00,BAYSHOR,29.08822
2017-06-30 20:00:00+00:00,BAYSHOR,32.41461
2017-06-30 21:00:00+00:00,BAYSHOR,35.34272
2017-06-30 22:00:00+00:00,BAYSHOR,34.98591
2017-06-30 23:00:00+00:00,BAYSHOR,37.48019
2017-07-01 00:00:00+00:00,BAYSHOR,38.0687
2017-07-01 01:00:00+00:00,BAYSHOR,43.73723
2017-07-01 02:00:00+00:00,BAYSHOR,57.041880000000006
2017-07-01 03:00:00+00:00,BAYSHOR,48.7919
2017-07-01 04:00:00+00:00,BAYSHOR,37.31149
2017-07-01 05:00:00+00:00,BAYSHOR,33.54659
2017-07-01 06:00:00+00:00,BAYSHOR,29.47182
2017-07-01 08:00:00+00:00,BAYSHOR,26.01012
2017-07-01 09:00:00+00:00,BAYSHOR,28.31197
2017-07-01 10:00:00+00:00,BAYSHOR,24.77691
2017-07-01 11:00:00+00:00,BAYSHOR,24.64656
2017-07-01 12:00:00+00:00,BAYSHOR,25.84443
2017-07-01 13:00:00+00:00,BAYSHOR,21.62598
2017-07-01 14:00:00+00:00,BAYSHOR,14.59472
2017-07-01 15:00:00+00:00,BAYSHOR,11.01499
2017-07-01 16:00:00+00:00,BAYSHOR,14.17003
2017-07-01 17:00:00+00:00,BAYSHOR,15.00975
2017-07-01 18:00:00+00:00,BAYSHOR,19.34788
2017-07-01 19:00:00+00:00,BAYSHOR,22.00019
2017-07-01 20:00:00+00:00,BAYSHOR,24.97897
2017-07-01 21:00:00+00:00,BAYSHOR,27.88177
2017-07-01 22:00:00+00:00,BAYSHOR,30.047290000000004
2017-07-01 23:00:00+00:00,BAYSHOR,33.4794
2017-07-02 00:00:00+00:00,BAYSHOR,37.06296
2017-07-02 01:00:00+00:00,BAYSHOR,43.20481
2017-07-02 02:00:00+00:00,BAYSHOR,55.25028
2017-07-02 03:00:00+00:00,BAYSHOR,53.98085
2017-07-02 04:00:00+00:00,BAYSHOR,44.18565
2017-07-02 05:00:00+00:00,BAYSHOR,33.86954
2017-07-02 06:00:00+00:00,BAYSHOR,30.39402
2017-07-02 07:00:00+00:00,BAYSHOR,26.399790000000003
2017-07-02 08:00:00+00:00,BAYSHOR,24.3218
2017-07-02 09:00:00+00:00,BAYSHOR,26.42571
2017-07-02 10:00:00+00:00,BAYSHOR,25.75734
2017-07-02 11:00:00+00:00,BAYSHOR,25.82092
2017-07-02 12:00:00+00:00,BAYSHOR,26.198
2017-07-02 13:00:00+00:00,BAYSHOR,22.82556
2017-07-02 14:00:00+00:00,BAYSHOR,12.33746
2017-07-02 15:00:00+00:00,BAYSHOR,9.5689
2017-07-02 16:00:00+00:00,BAYSHOR,10.06762
2017-07-02 17:00:00+00:00,BAYSHOR,12.52226
2017-07-02 18:00:00+00:00,BAYSHOR,13.864629999999998
2017-07-02 19:00:00+00:00,BAYSHOR,17.94849
2017-07-02 20:00:00+00:00,BAYSHOR,21.57949
2017-07-02 21:00:00+00:00,BAYSHOR,25.03786
2017-07-02 22:00:00+00:00,BAYSHOR,29.8859
2017-07-02 23:00:00+00:00,BAYSHOR,32.78823
2017-07-03 00:00:00+00:00,BAYSHOR,35.95498
2017-07-03 01:00:00+00:00,BAYSHOR,43.27361
2017-07-03 02:00:00+00:00,BAYSHOR,56.21219
2017-07-03 03:00:00+00:00,BAYSHOR,56.09887
2017-07-03 04:00:00+00:00,BAYSHOR,45.10893
2017-07-03 05:00:00+00:00,BAYSHOR,33.66666
2017-07-03 06:00:00+00:00,BAYSHOR,28.49908
2017-07-03 07:00:00+00:00,BAYSHOR,25.27754
2017-07-03 08:00:00+00:00,BAYSHOR,24.44797
2017-07-03 09:00:00+00:00,BAYSHOR,24.75944
2017-07-03 10:00:00+00:00,BAYSHOR,25.07493
2017-07-03 11:00:00+00:00,BAYSHOR,25.67186
2017-07-03 12:00:00+00:00,BAYSHOR,33.94638
2017-07-03 13:00:00+00:00,BAYSHOR,35.83115
2017-07-03 14:00:00+00:00,BAYSHOR,25.31472
2017-07-03 15:00:00+00:00,BAYSHOR,18.79151
2017-07-03 16:00:00+00:00,BAYSHOR,19.06886
2017-07-03 17:00:00+00:00,BAYSHOR,20.21533
2017-07-03 18:00:00+00:00,BAYSHOR,23.2558
2017-07-03 19:00:00+00:00,BAYSHOR,23.20976
2017-07-03 20:00:00+00:00,BAYSHOR,27.72875
2017-07-03 21:00:00+00:00,BAYSHOR,32.21819
2017-07-03 22:00:00+00:00,BAYSHOR,34.29773
2017-07-03 23:00:00+00:00,BAYSHOR,37.14187
2017-07-04 00:00:00+00:00,BAYSHOR,40.55145
2017-07-04 01:00:00+00:00,BAYSHOR,49.29213
2017-07-04 02:00:00+00:00,BAYSHOR,59.30948000000001
2017-07-04 03:00:00+00:00,BAYSHOR,55.08146
2017-07-04 04:00:00+00:00,BAYSHOR,43.2806
2017-07-04 05:00:00+00:00,BAYSHOR,30.95944
2017-07-04 06:00:00+00:00,BAYSHOR,28.67216
2017-07-04 07:00:00+00:00,BAYSHOR,32.58675
2017-07-04 08:00:00+00:00,BAYSHOR,29.61503
2017-07-04 09:00:00+00:00,BAYSHOR,29.92287
2017-07-04 10:00:00+00:00,BAYSHOR,27.06297
2017-07-04 11:00:00+00:00,BAYSHOR,28.28278
2017-07-04 12:00:00+00:00,BAYSHOR,29.40435
2017-07-04 13:00:00+00:00,BAYSHOR,23.35793
2017-07-04 14:00:00+00:00,BAYSHOR,17.44342
2017-07-04 15:00:00+00:00,BAYSHOR,11.96698
2017-07-04 16:00:00+00:00,BAYSHOR,16.25614
2017-07-04 17:00:00+00:00,BAYSHOR,17.66386
2017-07-04 18:00:00+00:00,BAYSHOR,22.53152
2017-07-04 19:00:00+00:00,BAYSHOR,24.42887
2017-07-04 20:00:00+00:00,BAYSHOR,27.72736
2017-07-04 21:00:00+00:00,BAYSHOR,31.314
2017-07-04 22:00:00+00:00,BAYSHOR,33.044000000000004
2017-07-04 23:00:00+00:00,BAYSHOR,36.32843
2017-07-05 00:00:00+00:00,BAYSHOR,37.50995
2017-07-05 01:00:00+00:00,BAYSHOR,45.589290000000005
2017-07-05 02:00:00+00:00,BAYSHOR,57.0247
2017-07-05 03:00:00+00:00,BAYSHOR,45.98958
2017-07-05 04:00:00+00:00,BAYSHOR,37.72902
2017-07-05 05:00:00+00:00,BAYSHOR,32.74957
2017-07-05 06:00:00+00:00,BAYSHOR,29.73361
2017-07-05 07:00:00+00:00,BAYSHOR,31.43056
2017-07-05 08:00:00+00:00,BAYSHOR,29.19751
2017-07-05 09:00:00+00:00,BAYSHOR,26.05697
2017-07-05 10:00:00+00:00,BAYSHOR,24.9519
2017-07-05 11:00:00+00:00,BAYSHOR,25.83943
2017-07-05 12:00:00+00:00,BAYSHOR,28.84868
2017-07-05 13:00:00+00:00,BAYSHOR,34.83291
2017-07-05 14:00:00+00:00,BAYSHOR,32.84185
2017-07-05 15:00:00+00:00,BAYSHOR,27.786040000000003
2017-07-05 16:00:00+00:00,BAYSHOR,30.43584
2017-07-05 17:00:00+00:00,BAYSHOR,34.1235
2017-07-05 18:00:00+00:00,BAYSHOR,35.57549
2017-07-05 19:00:00+00:00,BAYSHOR,35.819140000000004
2017-07-05 20:00:00+00:00,BAYSHOR,36.98161
2017-07-05 21:00:00+00:00,BAYSHOR,40.09006
2017-07-05 22:00:00+00:00,BAYSHOR,41.82518
2017-07-05 23:00:00+00:00,BAYSHOR,48.87741
2017-07-06 00:00:00+00:00,BAYSHOR,51.32115
2017-07-06 01:00:00+00:00,BAYSHOR,56.03968
2017-07-06 02:00:00+00:00,BAYSHOR,79.28853000000001
2017-07-06 03:00:00+00:00,BAYSHOR,53.34186
2017-07-06 04:00:00+00:00,BAYSHOR,43.39856
2017-07-06 05:00:00+00:00,BAYSHOR,35.098279999999995
2017-07-06 06:00:00+00:00,BAYSHOR,30.866090000000003
2017-07-06 07:00:00+00:00,BAYSHOR,30.59087
2017-07-06 08:00:00+00:00,BAYSHOR,28.484990000000003
2017-07-06 09:00:00+00:00,BAYSHOR,26.83684
2017-07-06 10:00:00+00:00,BAYSHOR,26.20864
2017-07-06 11:00:00+00:00,BAYSHOR,25.79997
2017-07-06 12:00:00+00:00,BAYSHOR,27.36486
2017-07-06 13:00:00+00:00,BAYSHOR,32.58462
2017-07-06 14:00:00+00:00,BAYSHOR,32.05233
2017-07-06 15:00:00+00:00,BAYSHOR,28.11773
2017-07-06 16:00:00+00:00,BAYSHOR,30.99712
2017-07-06 17:00:00+00:00,BAYSHOR,36.26528
2017-07-06 18:00:00+00:00,BAYSHOR,38.55086
2017-07-06 19:00:00+00:00,BAYSHOR,38.3929
2017-07-06 20:00:00+00:00,BAYSHOR,41.03542
2017-07-06 21:00:00+00:00,BAYSHOR,44.981190000000005
2017-07-06 22:00:00+00:00,BAYSHOR,49.00911
2017-07-06 23:00:00+00:00,BAYSHOR,52.974540000000005
2017-07-07 00:00:00+00:00,BAYSHOR,54.68182
2017-07-07 01:00:00+00:00,BAYSHOR,69.00666
2017-07-07 02:00:00+00:00,BAYSHOR,77.26948
2017-07-07 03:00:00+00:00,BAYSHOR,54.78179
2017-07-07 04:00:00+00:00,BAYSHOR,45.56342
2017-07-07 05:00:00+00:00,BAYSHOR,37.98859
2017-07-07 06:00:00+00:00,BAYSHOR,33.61867
2017-07-07 07:00:00+00:00,BAYSHOR,30.46148
2017-07-07 08:00:00+00:00,BAYSHOR,27.2747
2017-07-07 09:00:00+00:00,BAYSHOR,26.87262
2017-07-07 10:00:00+00:00,BAYSHOR,25.45932
2017-07-07 11:00:00+00:00,BAYSHOR,25.95977
2017-07-07 12:00:00+00:00,BAYSHOR,27.51751
2017-07-07 13:00:00+00:00,BAYSHOR,33.5575
2017-07-07 14:00:00+00:00,BAYSHOR,33.81165
2017-07-07 15:00:00+00:00,BAYSHOR,32.27656
2017-07-07 16:00:00+00:00,BAYSHOR,35.03062
2017-07-07 17:00:00+00:00,BAYSHOR,37.99005
2017-07-07 18:00:00+00:00,BAYSHOR,42.70003
2017-07-07 19:00:00+00:00,BAYSHOR,45.47531
2017-07-07 20:00:00+00:00,BAYSHOR,50.162
2017-07-07 21:00:00+00:00,BAYSHOR,56.56056
2017-07-07 22:00:00+00:00,BAYSHOR,62.45471
2017-07-07 23:00:00+00:00,BAYSHOR,71.65038
2017-07-08 00:00:00+00:00,BAYSHOR,87.31635
2017-07-08 01:00:00+00:00,BAYSHOR,118.96381
2017-07-08 02:00:00+00:00,BAYSHOR,137.61361000000002
2017-07-08 03:00:00+00:00,BAYSHOR,63.01924
2017-07-08 04:00:00+00:00,BAYSHOR,49.53036
2017-07-08 05:00:00+00:00,BAYSHOR,39.46694
2017-07-08 06:00:00+00:00,BAYSHOR,37.90112
2017-07-08 07:00:00+00:00,BAYSHOR,36.50233
2017-07-08 08:00:00+00:00,BAYSHOR,32.949459999999995
2017-07-08 09:00:00+00:00,BAYSHOR,31.76148
2017-07-08 10:00:00+00:00,BAYSHOR,29.67446
2017-07-08 11:00:00+00:00,BAYSHOR,28.62257
2017-07-08 12:00:00+00:00,BAYSHOR,27.96443
2017-07-08 13:00:00+00:00,BAYSHOR,29.03585
2017-07-08 14:00:00+00:00,BAYSHOR,26.87759
2017-07-08 15:00:00+00:00,BAYSHOR,26.0828
2017-07-08 16:00:00+00:00,BAYSHOR,30.36944
2017-07-08 17:00:00+00:00,BAYSHOR,34.296440000000004
2017-07-08 18:00:00+00:00,BAYSHOR,37.5339
2017-07-08 19:00:00+00:00,BAYSHOR,40.33447
2017-07-08 20:00:00+00:00,BAYSHOR,42.34427
2017-07-08 21:00:00+00:00,BAYSHOR,46.29243
2017-07-08 22:00:00+00:00,BAYSHOR,52.95224
2017-07-08 23:00:00+00:00,BAYSHOR,56.482780000000005
2017-07-09 00:00:00+00:00,BAYSHOR,66.64061
2017-07-09 01:00:00+00:00,BAYSHOR,83.59598000000001
2017-07-09 02:00:00+00:00,BAYSHOR,95.86799
2017-07-09 03:00:00+00:00,BAYSHOR,52.45649
2017-07-09 04:00:00+00:00,BAYSHOR,41.41912
2017-07-09 05:00:00+00:00,BAYSHOR,39.02313
2017-07-09 06:00:00+00:00,BAYSHOR,35.96808
2017-07-09 07:00:00+00:00,BAYSHOR,36.171890000000005
2017-07-09 08:00:00+00:00,BAYSHOR,31.90531
2017-07-09 09:00:00+00:00,BAYSHOR,32.34848
2017-07-09 10:00:00+00:00,BAYSHOR,30.23115
2017-07-09 11:00:00+00:00,BAYSHOR,29.98736
2017-07-09 12:00:00+00:00,BAYSHOR,29.04367
2017-07-09 13:00:00+00:00,BAYSHOR,26.63387
2017-07-09 14:00:00+00:00,BAYSHOR,21.17658
2017-07-09 15:00:00+00:00,BAYSHOR,20.60627
2017-07-09 16:00:00+00:00,BAYSHOR,23.1558
2017-07-09 17:00:00+00:00,BAYSHOR,29.01973
2017-07-09 18:00:00+00:00,BAYSHOR,31.94216
2017-07-09 19:00:00+00:00,BAYSHOR,37.0129
2017-07-09 20:00:00+00:00,BAYSHOR,39.33144
2017-07-09 21:00:00+00:00,BAYSHOR,39.96166
2017-07-09 22:00:00+00:00,BAYSHOR,49.25392
2017-07-09 23:00:00+00:00,BAYSHOR,52.35683
2017-07-10 00:00:00+00:00,BAYSHOR,57.23056
2017-07-10 01:00:00+00:00,BAYSHOR,63.23378
2017-07-10 02:00:00+00:00,BAYSHOR,79.93496999999999
2017-07-10 03:00:00+00:00,BAYSHOR,53.11198
2017-07-10 04:00:00+00:00,BAYSHOR,41.56864
2017-07-10 05:00:00+00:00,BAYSHOR,36.30393
2017-07-10 06:00:00+00:00,BAYSHOR,32.86628
2017-07-10 07:00:00+00:00,BAYSHOR,31.204040000000003
2017-07-10 08:00:00+00:00,BAYSHOR,28.18007
2017-07-10 09:00:00+00:00,BAYSHOR,27.506970000000003
2017-07-10 10:00:00+00:00,BAYSHOR,26.627
2017-07-10 11:00:00+00:00,BAYSHOR,26.77471
2017-07-10 12:00:00+00:00,BAYSHOR,28.50396
2017-07-10 13:00:00+00:00,BAYSHOR,32.48223
2017-07-10 14:00:00+00:00,BAYSHOR,32.610890000000005
2017-07-10 15:00:00+00:00,BAYSHOR,30.08696
2017-07-10 16:00:00+00:00,BAYSHOR,31.03461
2017-07-10 17:00:00+00:00,BAYSHOR,34.74662
2017-07-10 18:00:00+00:00,BAYSHOR,35.8801
2017-07-10 19:00:00+00:00,BAYSHOR,38.17676
2017-07-10 20:00:00+00:00,BAYSHOR,41.64085
2017-07-10 21:00:00+00:00,BAYSHOR,47.65689
2017-07-10 22:00:00+00:00,BAYSHOR,49.77616
2017-07-10 23:00:00+00:00,BAYSHOR,53.9356
2017-07-11 00:00:00+00:00,BAYSHOR,56.53743000000001
2017-07-11 01:00:00+00:00,BAYSHOR,75.56406
2017-07-11 02:00:00+00:00,BAYSHOR,83.0525
2017-07-11 03:00:00+00:00,BAYSHOR,55.41779
2017-07-11 04:00:00+00:00,BAYSHOR,43.32185
2017-07-11 05:00:00+00:00,BAYSHOR,34.89773
2017-07-11 06:00:00+00:00,BAYSHOR,33.02466
2017-07-11 07:00:00+00:00,BAYSHOR,29.92092
2017-07-11 08:00:00+00:00,BAYSHOR,26.79291
2017-07-11 09:00:00+00:00,BAYSHOR,27.87671
2017-07-11 10:00:00+00:00,BAYSHOR,25.72276
2017-07-11 11:00:00+00:00,BAYSHOR,26.65483
2017-07-11 12:00:00+00:00,BAYSHOR,29.550790000000003
2017-07-11 13:00:00+00:00,BAYSHOR,32.07868
2017-07-11 14:00:00+00:00,BAYSHOR,32.37427
2017-07-11 15:00:00+00:00,BAYSHOR,30.1412
2017-07-11 16:00:00+00:00,BAYSHOR,30.0779
2017-07-11 17:00:00+00:00,BAYSHOR,34.32445
2017-07-11 18:00:00+00:00,BAYSHOR,35.74722
2017-07-11 19:00:00+00:00,BAYSHOR,36.55615
2017-07-11 20:00:00+00:00,BAYSHOR,38.87958
2017-07-11 21:00:00+00:00,BAYSHOR,40.33836
2017-07-11 22:00:00+00:00,BAYSHOR,42.34616
2017-07-11 23:00:00+00:00,BAYSHOR,48.90475
2017-07-12 00:00:00+00:00,BAYSHOR,49.16063
2017-07-12 01:00:00+00:00,BAYSHOR,56.1102
2017-07-12 02:00:00+00:00,BAYSHOR,60.42817
2017-07-12 03:00:00+00:00,BAYSHOR,50.8643
2017-07-12 04:00:00+00:00,BAYSHOR,41.16627
2017-07-12 05:00:00+00:00,BAYSHOR,34.38397
2017-07-12 06:00:00+00:00,BAYSHOR,32.316390000000006
2017-07-12 07:00:00+00:00,BAYSHOR,27.59855
2017-07-12 08:00:00+00:00,BAYSHOR,25.4096
2017-07-12 09:00:00+00:00,BAYSHOR,25.14276
2017-07-12 10:00:00+00:00,BAYSHOR,24.682170000000003
2017-07-12 11:00:00+00:00,BAYSHOR,25.04336
2017-07-12 12:00:00+00:00,BAYSHOR,27.11087
2017-07-12 13:00:00+00:00,BAYSHOR,29.59371
2017-07-12 14:00:00+00:00,BAYSHOR,30.465020000000003
2017-07-12 15:00:00+00:00,BAYSHOR,27.77518
2017-07-12 16:00:00+00:00,BAYSHOR,29.07342
2017-07-12 17:00:00+00:00,BAYSHOR,31.20965
2017-07-12 18:00:00+00:00,BAYSHOR,34.34397
2017-07-12 19:00:00+00:00,BAYSHOR,37.11411
2017-07-12 20:00:00+00:00,BAYSHOR,39.78958
2017-07-12 21:00:00+00:00,BAYSHOR,42.02868
2017-07-12 22:00:00+00:00,BAYSHOR,46.88362
2017-07-12 23:00:00+00:00,BAYSHOR,48.75426
2017-07-13 00:00:00+00:00,BAYSHOR,53.365080000000006
2017-07-13 01:00:00+00:00,BAYSHOR,58.15688000000001
2017-07-13 02:00:00+00:00,BAYSHOR,72.96398
2017-07-13 03:00:00+00:00,BAYSHOR,54.02219
2017-07-13 04:00:00+00:00,BAYSHOR,40.48763
2017-07-13 05:00:00+00:00,BAYSHOR,35.83465
2017-07-13 06:00:00+00:00,BAYSHOR,32.74269
2017-07-13 07:00:00+00:00,BAYSHOR,27.33726
2017-07-13 08:00:00+00:00,BAYSHOR,24.532870000000003
2017-07-13 09:00:00+00:00,BAYSHOR,24.977220000000003
2017-07-13 10:00:00+00:00,BAYSHOR,23.76081
2017-07-13 11:00:00+00:00,BAYSHOR,25.36802
2017-07-13 12:00:00+00:00,BAYSHOR,28.79848
2017-07-13 13:00:00+00:00,BAYSHOR,29.75294
2017-07-13 14:00:00+00:00,BAYSHOR,30.62888
2017-07-13 15:00:00+00:00,BAYSHOR,28.30108
2017-07-13 16:00:00+00:00,BAYSHOR,27.04062
2017-07-13 17:00:00+00:00,BAYSHOR,29.19339
2017-07-13 18:00:00+00:00,BAYSHOR,33.56928
2017-07-13 19:00:00+00:00,BAYSHOR,36.16805
2017-07-13 20:00:00+00:00,BAYSHOR,40.04367
2017-07-13 21:00:00+00:00,BAYSHOR,41.25097
2017-07-13 22:00:00+00:00,BAYSHOR,45.59709
2017-07-13 23:00:00+00:00,BAYSHOR,48.73193
2017-07-14 00:00:00+00:00,BAYSHOR,51.66626
2017-07-14 01:00:00+00:00,BAYSHOR,58.04299
2017-07-14 02:00:00+00:00,BAYSHOR,68.53548
2017-07-14 03:00:00+00:00,BAYSHOR,52.02615
2017-07-14 04:00:00+00:00,BAYSHOR,40.27206
2017-07-14 05:00:00+00:00,BAYSHOR,35.83282
2017-07-14 06:00:00+00:00,BAYSHOR,32.015370000000004
2017-07-14 07:00:00+00:00,BAYSHOR,28.17653
2017-07-14 08:00:00+00:00,BAYSHOR,26.565590000000004
2017-07-14 09:00:00+00:00,BAYSHOR,27.19106
2017-07-14 10:00:00+00:00,BAYSHOR,26.515690000000003
2017-07-14 11:00:00+00:00,BAYSHOR,26.55261
2017-07-14 12:00:00+00:00,BAYSHOR,29.265940000000004
2017-07-14 13:00:00+00:00,BAYSHOR,30.81284
2017-07-14 14:00:00+00:00,BAYSHOR,31.009390000000003
2017-07-14 15:00:00+00:00,BAYSHOR,29.01373
2017-07-14 16:00:00+00:00,BAYSHOR,30.99713
2017-07-14 17:00:00+00:00,BAYSHOR,31.94233
2017-07-14 18:00:00+00:00,BAYSHOR,35.68206
2017-07-14 19:00:00+00:00,BAYSHOR,35.87891
2017-07-14 20:00:00+00:00,BAYSHOR,39.96345
2017-07-14 21:00:00+00:00,BAYSHOR,45.95935
2017-07-14 22:00:00+00:00,BAYSHOR,49.390240000000006
2017-07-14 23:00:00+00:00,BAYSHOR,51.1378
2017-07-15 00:00:00+00:00,BAYSHOR,53.52203000000001
2017-07-15 01:00:00+00:00,BAYSHOR,62.53892
2017-07-15 02:00:00+00:00,BAYSHOR,72.82728
2017-07-15 03:00:00+00:00,BAYSHOR,53.33868
2017-07-15 04:00:00+00:00,BAYSHOR,40.30867
2017-07-15 05:00:00+00:00,BAYSHOR,35.816390000000006
2017-07-15 06:00:00+00:00,BAYSHOR,32.31947
2017-07-15 07:00:00+00:00,BAYSHOR,34.13381
2017-07-15 08:00:00+00:00,BAYSHOR,29.27428
2017-07-15 09:00:00+00:00,BAYSHOR,29.293840000000003
2017-07-15 10:00:00+00:00,BAYSHOR,27.07213
2017-07-15 11:00:00+00:00,BAYSHOR,25.86439
2017-07-15 12:00:00+00:00,BAYSHOR,27.10026
2017-07-15 13:00:00+00:00,BAYSHOR,26.54114
2017-07-15 14:00:00+00:00,BAYSHOR,23.77783
2017-07-15 15:00:00+00:00,BAYSHOR,24.0047
2017-07-15 16:00:00+00:00,BAYSHOR,27.72643
2017-07-15 17:00:00+00:00,BAYSHOR,31.47904
2017-07-15 18:00:00+00:00,BAYSHOR,35.5464
2017-07-15 19:00:00+00:00,BAYSHOR,37.65007
2017-07-15 20:00:00+00:00,BAYSHOR,38.81644
2017-07-15 21:00:00+00:00,BAYSHOR,44.32949
2017-07-15 22:00:00+00:00,BAYSHOR,49.54288
2017-07-15 23:00:00+00:00,BAYSHOR,52.02286
2017-07-16 00:00:00+00:00,BAYSHOR,56.85294
2017-07-16 01:00:00+00:00,BAYSHOR,65.99756
2017-07-16 02:00:00+00:00,BAYSHOR,79.96779000000001
2017-07-16 03:00:00+00:00,BAYSHOR,53.6571
2017-07-16 04:00:00+00:00,BAYSHOR,42.92785
2017-07-16 05:00:00+00:00,BAYSHOR,38.9624
2017-07-16 06:00:00+00:00,BAYSHOR,33.59282
2017-07-16 07:00:00+00:00,BAYSHOR,32.31705
2017-07-16 08:00:00+00:00,BAYSHOR,29.06233
2017-07-16 09:00:00+00:00,BAYSHOR,29.63738
2017-07-16 10:00:00+00:00,BAYSHOR,28.48962
2017-07-16 11:00:00+00:00,BAYSHOR,28.14522
2017-07-16 12:00:00+00:00,BAYSHOR,28.9572
2017-07-16 13:00:00+00:00,BAYSHOR,25.7395
2017-07-16 14:00:00+00:00,BAYSHOR,21.85545
2017-07-16 15:00:00+00:00,BAYSHOR,20.75112
2017-07-16 16:00:00+00:00,BAYSHOR,24.34214
2017-07-16 17:00:00+00:00,BAYSHOR,29.18365
2017-07-16 18:00:00+00:00,BAYSHOR,34.453070000000004
2017-07-16 19:00:00+00:00,BAYSHOR,38.873470000000005
2017-07-16 20:00:00+00:00,BAYSHOR,41.494690000000006
2017-07-16 21:00:00+00:00,BAYSHOR,47.25153
2017-07-16 22:00:00+00:00,BAYSHOR,51.76664
2017-07-16 23:00:00+00:00,BAYSHOR,54.67129
2017-07-17 00:00:00+00:00,BAYSHOR,58.668
2017-07-17 01:00:00+00:00,BAYSHOR,76.19466
2017-07-17 02:00:00+00:00,BAYSHOR,95.63282
2017-07-17 03:00:00+00:00,BAYSHOR,56.392
2017-07-17 04:00:00+00:00,BAYSHOR,45.15678
2017-07-17 05:00:00+00:00,BAYSHOR,37.52066
2017-07-17 06:00:00+00:00,BAYSHOR,33.73369
2017-07-17 07:00:00+00:00,BAYSHOR,29.083140000000004
2017-07-17 08:00:00+00:00,BAYSHOR,26.01296
2017-07-17 09:00:00+00:00,BAYSHOR,25.31418
2017-07-17 10:00:00+00:00,BAYSHOR,24.44487
2017-07-17 11:00:00+00:00,BAYSHOR,25.85698
2017-07-17 12:00:00+00:00,BAYSHOR,29.020390000000003
2017-07-17 13:00:00+00:00,BAYSHOR,32.55133
2017-07-17 14:00:00+00:00,BAYSHOR,33.08207
2017-07-17 15:00:00+00:00,BAYSHOR,30.70633
2017-07-17 16:00:00+00:00,BAYSHOR,30.57466
2017-07-17 17:00:00+00:00,BAYSHOR,33.431540000000005
2017-07-17 18:00:00+00:00,BAYSHOR,36.430620000000005
2017-07-17 19:00:00+00:00,BAYSHOR,38.87234
2017-07-17 20:00:00+00:00,BAYSHOR,40.95725
2017-07-17 21:00:00+00:00,BAYSHOR,42.64333
2017-07-17 22:00:00+00:00,BAYSHOR,47.09358
2017-07-17 23:00:00+00:00,BAYSHOR,49.75737
2017-07-18 00:00:00+00:00,BAYSHOR,55.23537
2017-07-18 01:00:00+00:00,BAYSHOR,60.743930000000006
2017-07-18 02:00:00+00:00,BAYSHOR,75.9128
2017-07-18 03:00:00+00:00,BAYSHOR,55.8047
2017-07-18 04:00:00+00:00,BAYSHOR,44.36721
2017-07-18 05:00:00+00:00,BAYSHOR,36.76695
2017-07-18 06:00:00+00:00,BAYSHOR,32.81523
2017-07-18 07:00:00+00:00,BAYSHOR,30.8589
2017-07-18 08:00:00+00:00,BAYSHOR,28.51948
2017-07-18 09:00:00+00:00,BAYSHOR,30.02563
2017-07-18 10:00:00+00:00,BAYSHOR,27.9928
2017-07-18 11:00:00+00:00,BAYSHOR,28.44893
2017-07-18 12:00:00+00:00,BAYSHOR,31.5371
2017-07-18 13:00:00+00:00,BAYSHOR,34.51774
2017-07-18 14:00:00+00:00,BAYSHOR,33.43222
2017-07-18 15:00:00+00:00,BAYSHOR,31.27399
2017-07-18 16:00:00+00:00,BAYSHOR,29.76835
2017-07-18 17:00:00+00:00,BAYSHOR,32.89054
2017-07-18 18:00:00+00:00,BAYSHOR,35.59251
2017-07-18 19:00:00+00:00,BAYSHOR,36.13967
2017-07-18 20:00:00+00:00,BAYSHOR,37.08451
2017-07-18 21:00:00+00:00,BAYSHOR,39.5355
2017-07-18 22:00:00+00:00,BAYSHOR,42.31856
2017-07-18 23:00:00+00:00,BAYSHOR,45.3888
2017-07-19 00:00:00+00:00,BAYSHOR,49.01197
2017-07-19 01:00:00+00:00,BAYSHOR,55.33356
2017-07-19 02:00:00+00:00,BAYSHOR,63.03083
2017-07-19 03:00:00+00:00,BAYSHOR,52.47674
2017-07-19 04:00:00+00:00,BAYSHOR,42.36615
2017-07-19 05:00:00+00:00,BAYSHOR,37.08786
2017-07-19 06:00:00+00:00,BAYSHOR,32.04411
2017-07-19 07:00:00+00:00,BAYSHOR,29.14712
2017-07-19 08:00:00+00:00,BAYSHOR,26.12957
2017-07-19 09:00:00+00:00,BAYSHOR,26.31041
2017-07-19 10:00:00+00:00,BAYSHOR,25.64067
2017-07-19 11:00:00+00:00,BAYSHOR,25.65348
2017-07-19 12:00:00+00:00,BAYSHOR,28.18246
2017-07-19 13:00:00+00:00,BAYSHOR,29.57746
2017-07-19 14:00:00+00:00,BAYSHOR,30.01101
2017-07-19 15:00:00+00:00,BAYSHOR,29.70799
2017-07-19 16:00:00+00:00,BAYSHOR,29.13156
2017-07-19 17:00:00+00:00,BAYSHOR,30.81604
2017-07-19 18:00:00+00:00,BAYSHOR,33.329
2017-07-19 19:00:00+00:00,BAYSHOR,36.30407
2017-07-19 20:00:00+00:00,BAYSHOR,38.092220000000005
2017-07-19 21:00:00+00:00,BAYSHOR,40.55686
2017-07-19 22:00:00+00:00,BAYSHOR,41.57413
2017-07-19 23:00:00+00:00,BAYSHOR,45.3149
2017-07-20 00:00:00+00:00,BAYSHOR,49.0446
2017-07-20 01:00:00+00:00,BAYSHOR,59.30346
2017-07-20 02:00:00+00:00,BAYSHOR,67.95881999999999
2017-07-20 03:00:00+00:00,BAYSHOR,52.65792
2017-07-20 04:00:00+00:00,BAYSHOR,44.022
2017-07-20 05:00:00+00:00,BAYSHOR,37.25075
2017-07-20 06:00:00+00:00,BAYSHOR,31.893420000000003
2017-07-20 07:00:00+00:00,BAYSHOR,30.82014
2017-07-20 08:00:00+00:00,BAYSHOR,28.45322
2017-07-20 09:00:00+00:00,BAYSHOR,26.85293
2017-07-20 10:00:00+00:00,BAYSHOR,25.91421
2017-07-20 11:00:00+00:00,BAYSHOR,25.58632
2017-07-20 12:00:00+00:00,BAYSHOR,29.03017
2017-07-20 13:00:00+00:00,BAYSHOR,30.70314
2017-07-20 15:00:00+00:00,BAYSHOR,28.35198
2017-07-20 16:00:00+00:00,BAYSHOR,28.26046
2017-07-20 17:00:00+00:00,BAYSHOR,30.12716
2017-07-20 18:00:00+00:00,BAYSHOR,32.17041
2017-07-20 19:00:00+00:00,BAYSHOR,35.78822
2017-07-20 20:00:00+00:00,BAYSHOR,37.88687
2017-07-20 21:00:00+00:00,BAYSHOR,40.38599
2017-07-20 22:00:00+00:00,BAYSHOR,41.09507
2017-07-20 23:00:00+00:00,BAYSHOR,44.66242
2017-07-21 00:00:00+00:00,BAYSHOR,48.64021
2017-07-21 01:00:00+00:00,BAYSHOR,56.26927
2017-07-21 02:00:00+00:00,BAYSHOR,68.69868000000001
2017-07-21 03:00:00+00:00,BAYSHOR,54.15631
2017-07-21 04:00:00+00:00,BAYSHOR,46.7406
2017-07-21 05:00:00+00:00,BAYSHOR,37.12874
2017-07-21 06:00:00+00:00,BAYSHOR,32.73655
2017-07-21 07:00:00+00:00,BAYSHOR,29.86163
2017-07-21 08:00:00+00:00,BAYSHOR,27.69169
2017-07-21 09:00:00+00:00,BAYSHOR,26.14613
2017-07-21 10:00:00+00:00,BAYSHOR,25.72709
2017-07-21 11:00:00+00:00,BAYSHOR,26.30176
2017-07-21 12:00:00+00:00,BAYSHOR,29.61287
2017-07-21 13:00:00+00:00,BAYSHOR,31.02886
2017-07-21 14:00:00+00:00,BAYSHOR,31.56852
2017-07-21 15:00:00+00:00,BAYSHOR,30.12781
2017-07-21 16:00:00+00:00,BAYSHOR,30.0852
2017-07-21 17:00:00+00:00,BAYSHOR,31.614890000000003
2017-07-21 18:00:00+00:00,BAYSHOR,34.9548
2017-07-21 19:00:00+00:00,BAYSHOR,36.85913
2017-07-21 20:00:00+00:00,BAYSHOR,40.43534
2017-07-21 21:00:00+00:00,BAYSHOR,41.33603
2017-07-21 22:00:00+00:00,BAYSHOR,45.57889
2017-07-21 23:00:00+00:00,BAYSHOR,47.20657
2017-07-22 00:00:00+00:00,BAYSHOR,50.10927
2017-07-22 01:00:00+00:00,BAYSHOR,59.38596
2017-07-22 02:00:00+00:00,BAYSHOR,67.10393
2017-07-22 03:00:00+00:00,BAYSHOR,54.97405
2017-07-22 04:00:00+00:00,BAYSHOR,48.04947
2017-07-22 05:00:00+00:00,BAYSHOR,38.47698
2017-07-22 06:00:00+00:00,BAYSHOR,33.2821
2017-07-22 07:00:00+00:00,BAYSHOR,33.07606
2017-07-22 08:00:00+00:00,BAYSHOR,30.09222
2017-07-22 09:00:00+00:00,BAYSHOR,29.13501
2017-07-22 10:00:00+00:00,BAYSHOR,27.663870000000003
2017-07-22 11:00:00+00:00,BAYSHOR,27.78635
2017-07-22 12:00:00+00:00,BAYSHOR,29.39057
2017-07-22 13:00:00+00:00,BAYSHOR,28.98065
2017-07-22 14:00:00+00:00,BAYSHOR,27.10725
2017-07-22 15:00:00+00:00,BAYSHOR,26.97006
2017-07-22 16:00:00+00:00,BAYSHOR,27.40277
2017-07-22 17:00:00+00:00,BAYSHOR,29.08062
2017-07-22 18:00:00+00:00,BAYSHOR,31.103140000000003
2017-07-22 19:00:00+00:00,BAYSHOR,35.97484
2017-07-22 20:00:00+00:00,BAYSHOR,38.09339
2017-07-22 21:00:00+00:00,BAYSHOR,41.55442
2017-07-22 22:00:00+00:00,BAYSHOR,44.15166
2017-07-22 23:00:00+00:00,BAYSHOR,50.90339
2017-07-23 00:00:00+00:00,BAYSHOR,55.64692
2017-07-23 01:00:00+00:00,BAYSHOR,61.8618
2017-07-23 02:00:00+00:00,BAYSHOR,76.51269
2017-07-23 03:00:00+00:00,BAYSHOR,55.522580000000005
2017-07-23 04:00:00+00:00,BAYSHOR,47.72895
2017-07-23 05:00:00+00:00,BAYSHOR,40.53166
2017-07-23 06:00:00+00:00,BAYSHOR,36.18582
2017-07-23 07:00:00+00:00,BAYSHOR,35.5602
2017-07-23 08:00:00+00:00,BAYSHOR,33.73968
2017-07-23 09:00:00+00:00,BAYSHOR,33.54432
2017-07-23 10:00:00+00:00,BAYSHOR,32.64594
2017-07-23 11:00:00+00:00,BAYSHOR,31.7855
2017-07-23 12:00:00+00:00,BAYSHOR,31.64786
2017-07-23 13:00:00+00:00,BAYSHOR,29.59826
2017-07-23 14:00:00+00:00,BAYSHOR,27.237
2017-07-23 15:00:00+00:00,BAYSHOR,22.37637
2017-07-23 16:00:00+00:00,BAYSHOR,24.07314
2017-07-23 17:00:00+00:00,BAYSHOR,28.33585
2017-07-23 18:00:00+00:00,BAYSHOR,29.92875
2017-07-23 19:00:00+00:00,BAYSHOR,33.39082
2017-07-23 20:00:00+00:00,BAYSHOR,36.46275
2017-07-23 21:00:00+00:00,BAYSHOR,40.27151
2017-07-23 22:00:00+00:00,BAYSHOR,42.92344
2017-07-23 23:00:00+00:00,BAYSHOR,48.20512
2017-07-24 00:00:00+00:00,BAYSHOR,54.28712
2017-07-24 01:00:00+00:00,BAYSHOR,65.1601
2017-07-24 02:00:00+00:00,BAYSHOR,75.35851
2017-07-24 03:00:00+00:00,BAYSHOR,54.97337
2017-07-24 04:00:00+00:00,BAYSHOR,44.05121
2017-07-24 05:00:00+00:00,BAYSHOR,36.24953
2017-07-24 06:00:00+00:00,BAYSHOR,34.0406
2017-07-24 07:00:00+00:00,BAYSHOR,35.7401
2017-07-24 08:00:00+00:00,BAYSHOR,31.34373
2017-07-24 09:00:00+00:00,BAYSHOR,29.82268
2017-07-24 10:00:00+00:00,BAYSHOR,29.07295
2017-07-24 11:00:00+00:00,BAYSHOR,29.73501
2017-07-24 12:00:00+00:00,BAYSHOR,33.90258
2017-07-24 13:00:00+00:00,BAYSHOR,38.38524
2017-07-24 14:00:00+00:00,BAYSHOR,38.84877
2017-07-24 15:00:00+00:00,BAYSHOR,37.63768
2017-07-24 16:00:00+00:00,BAYSHOR,38.49565
2017-07-24 17:00:00+00:00,BAYSHOR,38.83861
2017-07-24 18:00:00+00:00,BAYSHOR,39.29215
2017-07-24 19:00:00+00:00,BAYSHOR,39.62878
2017-07-24 20:00:00+00:00,BAYSHOR,41.257940000000005
2017-07-24 21:00:00+00:00,BAYSHOR,46.81435
2017-07-24 22:00:00+00:00,BAYSHOR,50.83818
2017-07-24 23:00:00+00:00,BAYSHOR,51.46463
2017-07-25 00:00:00+00:00,BAYSHOR,54.57811
2017-07-25 01:00:00+00:00,BAYSHOR,58.44272
2017-07-25 02:00:00+00:00,BAYSHOR,69.56793
2017-07-25 03:00:00+00:00,BAYSHOR,56.26821
2017-07-25 04:00:00+00:00,BAYSHOR,45.64766
2017-07-25 05:00:00+00:00,BAYSHOR,37.36903
2017-07-25 06:00:00+00:00,BAYSHOR,34.70608
2017-07-25 07:00:00+00:00,BAYSHOR,37.84521
2017-07-25 08:00:00+00:00,BAYSHOR,33.77638
2017-07-25 09:00:00+00:00,BAYSHOR,31.74115
2017-07-25 10:00:00+00:00,BAYSHOR,29.9242
2017-07-25 11:00:00+00:00,BAYSHOR,30.7799
2017-07-25 12:00:00+00:00,BAYSHOR,33.92732
2017-07-25 13:00:00+00:00,BAYSHOR,39.05619
2017-07-25 14:00:00+00:00,BAYSHOR,37.90028
2017-07-25 15:00:00+00:00,BAYSHOR,35.60068
2017-07-25 16:00:00+00:00,BAYSHOR,33.82168
2017-07-25 17:00:00+00:00,BAYSHOR,36.22522
2017-07-25 18:00:00+00:00,BAYSHOR,37.74994
2017-07-25 19:00:00+00:00,BAYSHOR,38.86272
2017-07-25 20:00:00+00:00,BAYSHOR,40.48555
2017-07-25 21:00:00+00:00,BAYSHOR,42.96536
2017-07-25 22:00:00+00:00,BAYSHOR,45.84073
2017-07-25 23:00:00+00:00,BAYSHOR,48.58081
2017-07-26 00:00:00+00:00,BAYSHOR,50.69896
2017-07-26 01:00:00+00:00,BAYSHOR,54.72339
2017-07-26 02:00:00+00:00,BAYSHOR,61.39382
2017-07-26 03:00:00+00:00,BAYSHOR,53.9871
2017-07-26 04:00:00+00:00,BAYSHOR,47.29046
2017-07-26 05:00:00+00:00,BAYSHOR,40.30774
2017-07-26 06:00:00+00:00,BAYSHOR,36.56804
2017-07-26 07:00:00+00:00,BAYSHOR,29.57946
2017-07-26 08:00:00+00:00,BAYSHOR,28.11884
2017-07-26 09:00:00+00:00,BAYSHOR,28.595340000000004
2017-07-26 10:00:00+00:00,BAYSHOR,28.088790000000003
2017-07-26 11:00:00+00:00,BAYSHOR,28.44361
2017-07-26 12:00:00+00:00,BAYSHOR,29.684790000000003
2017-07-26 13:00:00+00:00,BAYSHOR,34.92793
2017-07-26 14:00:00+00:00,BAYSHOR,35.14731
2017-07-26 15:00:00+00:00,BAYSHOR,32.484
2017-07-26 16:00:00+00:00,BAYSHOR,31.29871
2017-07-26 17:00:00+00:00,BAYSHOR,32.827890000000004
2017-07-26 18:00:00+00:00,BAYSHOR,35.07741
2017-07-26 19:00:00+00:00,BAYSHOR,35.85893
2017-07-26 20:00:00+00:00,BAYSHOR,39.18117
2017-07-26 21:00:00+00:00,BAYSHOR,41.92933
2017-07-26 22:00:00+00:00,BAYSHOR,45.4234
2017-07-26 23:00:00+00:00,BAYSHOR,49.62552
2017-07-27 00:00:00+00:00,BAYSHOR,53.52601
2017-07-27 01:00:00+00:00,BAYSHOR,55.5629
2017-07-27 02:00:00+00:00,BAYSHOR,64.98739
2017-07-27 03:00:00+00:00,BAYSHOR,53.92156
2017-07-27 04:00:00+00:00,BAYSHOR,44.31185
2017-07-27 05:00:00+00:00,BAYSHOR,36.78965
2017-07-27 06:00:00+00:00,BAYSHOR,34.72032
2017-07-27 07:00:00+00:00,BAYSHOR,29.5735
2017-07-27 08:00:00+00:00,BAYSHOR,27.53933
2017-07-27 09:00:00+00:00,BAYSHOR,27.97186
2017-07-27 10:00:00+00:00,BAYSHOR,27.12783
2017-07-27 11:00:00+00:00,BAYSHOR,28.20049
2017-07-27 12:00:00+00:00,BAYSHOR,31.26245
2017-07-27 13:00:00+00:00,BAYSHOR,35.0245
2017-07-27 14:00:00+00:00,BAYSHOR,34.48495
2017-07-27 15:00:00+00:00,BAYSHOR,30.78956
2017-07-27 16:00:00+00:00,BAYSHOR,31.50653
2017-07-27 17:00:00+00:00,BAYSHOR,32.98921
2017-07-27 18:00:00+00:00,BAYSHOR,36.47241
2017-07-27 19:00:00+00:00,BAYSHOR,36.87892
2017-07-27 20:00:00+00:00,BAYSHOR,40.97191
2017-07-27 21:00:00+00:00,BAYSHOR,43.9711
2017-07-27 22:00:00+00:00,BAYSHOR,48.56993
2017-07-27 23:00:00+00:00,BAYSHOR,55.54353
2017-07-28 00:00:00+00:00,BAYSHOR,60.13723
2017-07-28 01:00:00+00:00,BAYSHOR,79.77553
2017-07-28 02:00:00+00:00,BAYSHOR,71.54771
2017-07-28 03:00:00+00:00,BAYSHOR,54.01521999999999
2017-07-28 04:00:00+00:00,BAYSHOR,44.75992
2017-07-28 05:00:00+00:00,BAYSHOR,38.007740000000005
2017-07-28 06:00:00+00:00,BAYSHOR,34.33572
2017-07-28 07:00:00+00:00,BAYSHOR,32.19619
2017-07-28 08:00:00+00:00,BAYSHOR,29.26487
2017-07-28 09:00:00+00:00,BAYSHOR,29.14861
2017-07-28 10:00:00+00:00,BAYSHOR,27.89958
2017-07-28 11:00:00+00:00,BAYSHOR,29.0088
2017-07-28 12:00:00+00:00,BAYSHOR,30.4377
2017-07-28 13:00:00+00:00,BAYSHOR,33.938309999999994
2017-07-28 14:00:00+00:00,BAYSHOR,34.60146
2017-07-28 15:00:00+00:00,BAYSHOR,31.69081
2017-07-28 16:00:00+00:00,BAYSHOR,31.68678
2017-07-28 17:00:00+00:00,BAYSHOR,33.107240000000004
2017-07-28 18:00:00+00:00,BAYSHOR,35.11077
2017-07-28 19:00:00+00:00,BAYSHOR,35.84512
2017-07-28 20:00:00+00:00,BAYSHOR,40.37916
2017-07-28 21:00:00+00:00,BAYSHOR,43.03457
2017-07-28 22:00:00+00:00,BAYSHOR,48.60759
2017-07-28 23:00:00+00:00,BAYSHOR,52.97244
2017-07-29 00:00:00+00:00,BAYSHOR,53.66805
2017-07-29 01:00:00+00:00,BAYSHOR,59.30857
2017-07-29 02:00:00+00:00,BAYSHOR,64.81361
2017-07-29 03:00:00+00:00,BAYSHOR,53.51971999999999
2017-07-29 04:00:00+00:00,BAYSHOR,42.75514
2017-07-29 05:00:00+00:00,BAYSHOR,38.51418
2017-07-29 06:00:00+00:00,BAYSHOR,34.451229999999995
2017-07-29 07:00:00+00:00,BAYSHOR,34.27587
2017-07-29 08:00:00+00:00,BAYSHOR,30.33045
2017-07-29 09:00:00+00:00,BAYSHOR,29.787840000000003
2017-07-29 10:00:00+00:00,BAYSHOR,29.712740000000004
2017-07-29 11:00:00+00:00,BAYSHOR,29.2351
2017-07-29 12:00:00+00:00,BAYSHOR,29.94051
2017-07-29 13:00:00+00:00,BAYSHOR,30.2309
2017-07-29 14:00:00+00:00,BAYSHOR,29.01814
2017-07-29 15:00:00+00:00,BAYSHOR,26.77344
2017-07-29 16:00:00+00:00,BAYSHOR,27.123140000000003
2017-07-29 17:00:00+00:00,BAYSHOR,30.638070000000003
2017-07-29 18:00:00+00:00,BAYSHOR,31.02056
2017-07-29 19:00:00+00:00,BAYSHOR,32.79401
2017-07-29 20:00:00+00:00,BAYSHOR,36.82345
2017-07-29 21:00:00+00:00,BAYSHOR,39.3609
2017-07-29 22:00:00+00:00,BAYSHOR,40.52083
2017-07-29 23:00:00+00:00,BAYSHOR,42.32752
2017-07-30 00:00:00+00:00,BAYSHOR,45.96176
2017-07-30 01:00:00+00:00,BAYSHOR,52.08084
2017-07-30 02:00:00+00:00,BAYSHOR,61.50895
2017-07-30 03:00:00+00:00,BAYSHOR,51.94019
2017-07-30 04:00:00+00:00,BAYSHOR,43.39789
2017-07-30 05:00:00+00:00,BAYSHOR,35.5285
2017-07-30 06:00:00+00:00,BAYSHOR,34.42251
2017-07-30 07:00:00+00:00,BAYSHOR,33.39917
2017-07-30 08:00:00+00:00,BAYSHOR,30.57403
2017-07-30 09:00:00+00:00,BAYSHOR,29.664990000000003
2017-07-30 10:00:00+00:00,BAYSHOR,29.58881
2017-07-30 11:00:00+00:00,BAYSHOR,29.05033
2017-07-30 12:00:00+00:00,BAYSHOR,29.64065
2017-07-30 13:00:00+00:00,BAYSHOR,27.20911
2017-07-30 14:00:00+00:00,BAYSHOR,24.39365
2017-07-30 15:00:00+00:00,BAYSHOR,23.75836
2017-07-30 16:00:00+00:00,BAYSHOR,23.14595
2017-07-30 17:00:00+00:00,BAYSHOR,26.50063
2017-07-30 18:00:00+00:00,BAYSHOR,28.50566
2017-07-30 19:00:00+00:00,BAYSHOR,30.983390000000004
2017-07-30 20:00:00+00:00,BAYSHOR,35.12253
2017-07-30 21:00:00+00:00,BAYSHOR,39.13245
2017-07-30 22:00:00+00:00,BAYSHOR,39.261140000000005
2017-07-30 23:00:00+00:00,BAYSHOR,44.58378
2017-07-31 00:00:00+00:00,BAYSHOR,49.87561
2017-07-31 01:00:00+00:00,BAYSHOR,53.36922
2017-07-31 02:00:00+00:00,BAYSHOR,63.55046
2017-07-31 03:00:00+00:00,BAYSHOR,52.86396
2017-07-31 04:00:00+00:00,BAYSHOR,40.86453
2017-07-31 05:00:00+00:00,BAYSHOR,36.24478
2017-07-31 06:00:00+00:00,BAYSHOR,32.55298
2017-07-31 07:00:00+00:00,BAYSHOR,30.641990000000003
2017-07-31 08:00:00+00:00,BAYSHOR,29.76038
2017-07-31 09:00:00+00:00,BAYSHOR,28.87492
2017-07-31 10:00:00+00:00,BAYSHOR,28.26373
2017-07-31 11:00:00+00:00,BAYSHOR,28.50015
2017-07-31 12:00:00+00:00,BAYSHOR,30.1852
2017-07-31 13:00:00+00:00,BAYSHOR,35.63787
2017-07-31 14:00:00+00:00,BAYSHOR,36.39387
2017-07-31 15:00:00+00:00,BAYSHOR,33.11075
2017-07-31 16:00:00+00:00,BAYSHOR,35.56036
2017-07-31 17:00:00+00:00,BAYSHOR,37.5667
2017-07-31 18:00:00+00:00,BAYSHOR,40.15219
2017-07-31 19:00:00+00:00,BAYSHOR,42.06867
2017-07-31 20:00:00+00:00,BAYSHOR,46.14742
2017-07-31 21:00:00+00:00,BAYSHOR,50.35367
2017-07-31 22:00:00+00:00,BAYSHOR,57.41673
2017-07-31 23:00:00+00:00,BAYSHOR,63.91919
2017-08-01 00:00:00+00:00,BAYSHOR,73.06455
2017-08-01 01:00:00+00:00,BAYSHOR,97.5661
2017-08-01 02:00:00+00:00,BAYSHOR,96.94703
2017-08-01 03:00:00+00:00,BAYSHOR,58.95345
2017-08-01 04:00:00+00:00,BAYSHOR,46.74539
2017-08-01 05:00:00+00:00,BAYSHOR,38.72344
2017-08-01 06:00:00+00:00,BAYSHOR,34.916270000000004
2017-08-01 08:00:00+00:00,BAYSHOR,31.32453
2017-08-01 09:00:00+00:00,BAYSHOR,29.00862
2017-08-01 10:00:00+00:00,BAYSHOR,28.84735
2017-08-01 11:00:00+00:00,BAYSHOR,29.91508
2017-08-01 12:00:00+00:00,BAYSHOR,31.90428
2017-08-01 13:00:00+00:00,BAYSHOR,39.4803
2017-08-01 14:00:00+00:00,BAYSHOR,39.95251
2017-08-01 15:00:00+00:00,BAYSHOR,37.17224
2017-08-01 16:00:00+00:00,BAYSHOR,39.63191
2017-08-01 17:00:00+00:00,BAYSHOR,44.01804
2017-08-01 18:00:00+00:00,BAYSHOR,48.13386
2017-08-01 19:00:00+00:00,BAYSHOR,51.49303
2017-08-01 20:00:00+00:00,BAYSHOR,61.40724
2017-08-01 21:00:00+00:00,BAYSHOR,73.55034
2017-08-01 22:00:00+00:00,BAYSHOR,116.60841
2017-08-01 23:00:00+00:00,BAYSHOR,196.42154
2017-08-02 00:00:00+00:00,BAYSHOR,268.10975
2017-08-02 01:00:00+00:00,BAYSHOR,421.69097
2017-08-02 02:00:00+00:00,BAYSHOR,376.01401
2017-08-02 03:00:00+00:00,BAYSHOR,116.03003
2017-08-02 04:00:00+00:00,BAYSHOR,65.66258
2017-08-02 05:00:00+00:00,BAYSHOR,48.91098
2017-08-02 06:00:00+00:00,BAYSHOR,40.15595
2017-08-02 07:00:00+00:00,BAYSHOR,35.761509999999994
2017-08-02 08:00:00+00:00,BAYSHOR,33.581990000000005
2017-08-02 09:00:00+00:00,BAYSHOR,30.95775
2017-08-02 10:00:00+00:00,BAYSHOR,30.7831
2017-08-02 11:00:00+00:00,BAYSHOR,31.46175
2017-08-02 12:00:00+00:00,BAYSHOR,32.82918
2017-08-02 13:00:00+00:00,BAYSHOR,39.61392
2017-08-02 14:00:00+00:00,BAYSHOR,39.81949
2017-08-02 15:00:00+00:00,BAYSHOR,40.92894
2017-08-02 16:00:00+00:00,BAYSHOR,44.29685
2017-08-02 17:00:00+00:00,BAYSHOR,47.61737
2017-08-02 18:00:00+00:00,BAYSHOR,49.61568
2017-08-02 19:00:00+00:00,BAYSHOR,53.67914
2017-08-02 20:00:00+00:00,BAYSHOR,62.04471
2017-08-02 21:00:00+00:00,BAYSHOR,86.16951
2017-08-02 22:00:00+00:00,BAYSHOR,121.85682
2017-08-02 23:00:00+00:00,BAYSHOR,178.60998
2017-08-03 00:00:00+00:00,BAYSHOR,268.80919
2017-08-03 01:00:00+00:00,BAYSHOR,386.15726
2017-08-03 02:00:00+00:00,BAYSHOR,359.46929
2017-08-03 03:00:00+00:00,BAYSHOR,126.9401
2017-08-03 04:00:00+00:00,BAYSHOR,66.87411999999999
2017-08-03 05:00:00+00:00,BAYSHOR,48.27419
2017-08-03 06:00:00+00:00,BAYSHOR,41.1462
2017-08-03 07:00:00+00:00,BAYSHOR,35.66437
2017-08-03 08:00:00+00:00,BAYSHOR,32.74579
2017-08-03 09:00:00+00:00,BAYSHOR,29.62693
2017-08-03 10:00:00+00:00,BAYSHOR,29.22479
2017-08-03 11:00:00+00:00,BAYSHOR,30.46098
2017-08-03 12:00:00+00:00,BAYSHOR,34.32768
2017-08-03 13:00:00+00:00,BAYSHOR,39.77886
2017-08-03 14:00:00+00:00,BAYSHOR,37.91757
2017-08-03 15:00:00+00:00,BAYSHOR,36.60779
2017-08-03 16:00:00+00:00,BAYSHOR,41.91609
2017-08-03 17:00:00+00:00,BAYSHOR,45.36058
2017-08-03 18:00:00+00:00,BAYSHOR,47.29692
2017-08-03 19:00:00+00:00,BAYSHOR,49.94686
2017-08-03 20:00:00+00:00,BAYSHOR,54.69455
2017-08-03 21:00:00+00:00,BAYSHOR,70.46706999999999
2017-08-03 22:00:00+00:00,BAYSHOR,79.86605
2017-08-03 23:00:00+00:00,BAYSHOR,102.33782
2017-08-04 00:00:00+00:00,BAYSHOR,117.44936
2017-08-04 01:00:00+00:00,BAYSHOR,151.90263000000002
2017-08-04 02:00:00+00:00,BAYSHOR,142.23796000000002
2017-08-04 03:00:00+00:00,BAYSHOR,79.56083000000001
2017-08-04 04:00:00+00:00,BAYSHOR,54.8483
2017-08-04 05:00:00+00:00,BAYSHOR,46.93674
2017-08-04 06:00:00+00:00,BAYSHOR,41.26142
2017-08-04 07:00:00+00:00,BAYSHOR,32.6514
2017-08-04 08:00:00+00:00,BAYSHOR,31.19252
2017-08-04 09:00:00+00:00,BAYSHOR,28.13649
2017-08-04 10:00:00+00:00,BAYSHOR,27.89703
2017-08-04 11:00:00+00:00,BAYSHOR,28.1308
2017-08-04 12:00:00+00:00,BAYSHOR,30.56513
2017-08-04 13:00:00+00:00,BAYSHOR,36.16397
2017-08-04 14:00:00+00:00,BAYSHOR,36.43714
2017-08-04 15:00:00+00:00,BAYSHOR,35.98635
2017-08-04 16:00:00+00:00,BAYSHOR,36.02709
2017-08-04 17:00:00+00:00,BAYSHOR,38.29148
2017-08-04 18:00:00+00:00,BAYSHOR,40.96142
2017-08-04 19:00:00+00:00,BAYSHOR,38.67231
2017-08-04 20:00:00+00:00,BAYSHOR,43.35852
2017-08-04 21:00:00+00:00,BAYSHOR,45.172740000000005
2017-08-04 22:00:00+00:00,BAYSHOR,50.85357
2017-08-04 23:00:00+00:00,BAYSHOR,57.61672
2017-08-05 00:00:00+00:00,BAYSHOR,55.83371
2017-08-05 01:00:00+00:00,BAYSHOR,62.588930000000005
2017-08-05 02:00:00+00:00,BAYSHOR,63.32388
2017-08-05 03:00:00+00:00,BAYSHOR,56.74226
2017-08-05 04:00:00+00:00,BAYSHOR,45.78917
2017-08-05 05:00:00+00:00,BAYSHOR,41.14455
2017-08-05 06:00:00+00:00,BAYSHOR,38.04062
2017-08-05 07:00:00+00:00,BAYSHOR,33.01443
2017-08-05 08:00:00+00:00,BAYSHOR,30.23851
2017-08-05 09:00:00+00:00,BAYSHOR,31.23658
2017-08-05 10:00:00+00:00,BAYSHOR,30.1808
2017-08-05 11:00:00+00:00,BAYSHOR,30.16858
2017-08-05 12:00:00+00:00,BAYSHOR,30.21255
2017-08-05 13:00:00+00:00,BAYSHOR,30.91478
2017-08-05 14:00:00+00:00,BAYSHOR,30.02458
2017-08-05 15:00:00+00:00,BAYSHOR,28.17656
2017-08-05 16:00:00+00:00,BAYSHOR,29.07163
2017-08-05 17:00:00+00:00,BAYSHOR,29.44583
2017-08-05 18:00:00+00:00,BAYSHOR,32.92033
2017-08-05 19:00:00+00:00,BAYSHOR,36.34498
2017-08-05 20:00:00+00:00,BAYSHOR,37.29309
2017-08-05 21:00:00+00:00,BAYSHOR,38.12835
2017-08-05 22:00:00+00:00,BAYSHOR,41.1481
2017-08-05 23:00:00+00:00,BAYSHOR,43.97742
2017-08-06 00:00:00+00:00,BAYSHOR,50.74889
2017-08-06 01:00:00+00:00,BAYSHOR,51.80881
2017-08-06 02:00:00+00:00,BAYSHOR,58.17351
2017-08-06 03:00:00+00:00,BAYSHOR,50.30174
2017-08-06 04:00:00+00:00,BAYSHOR,42.82423
2017-08-06 05:00:00+00:00,BAYSHOR,37.10465
2017-08-06 06:00:00+00:00,BAYSHOR,34.08657
2017-08-06 07:00:00+00:00,BAYSHOR,30.93998
2017-08-06 08:00:00+00:00,BAYSHOR,30.74778
2017-08-06 09:00:00+00:00,BAYSHOR,29.8423
2017-08-06 10:00:00+00:00,BAYSHOR,29.29703
2017-08-06 11:00:00+00:00,BAYSHOR,29.29963
2017-08-06 12:00:00+00:00,BAYSHOR,29.89435
2017-08-06 13:00:00+00:00,BAYSHOR,29.47404
2017-08-06 14:00:00+00:00,BAYSHOR,26.802290000000003
2017-08-06 15:00:00+00:00,BAYSHOR,21.72721
2017-08-06 16:00:00+00:00,BAYSHOR,21.40283
2017-08-06 17:00:00+00:00,BAYSHOR,24.46997
2017-08-06 18:00:00+00:00,BAYSHOR,29.59535
2017-08-06 19:00:00+00:00,BAYSHOR,30.09895
2017-08-06 20:00:00+00:00,BAYSHOR,32.39723
2017-08-06 21:00:00+00:00,BAYSHOR,34.971309999999995
2017-08-06 22:00:00+00:00,BAYSHOR,35.94815
2017-08-06 23:00:00+00:00,BAYSHOR,37.91199
2017-08-07 00:00:00+00:00,BAYSHOR,40.811440000000005
2017-08-07 01:00:00+00:00,BAYSHOR,47.87945
2017-08-07 02:00:00+00:00,BAYSHOR,56.08133
2017-08-07 03:00:00+00:00,BAYSHOR,50.69044
2017-08-07 04:00:00+00:00,BAYSHOR,41.5565
2017-08-07 05:00:00+00:00,BAYSHOR,35.38418
2017-08-07 06:00:00+00:00,BAYSHOR,31.50934
2017-08-07 07:00:00+00:00,BAYSHOR,30.24771
2017-08-07 08:00:00+00:00,BAYSHOR,28.95886
2017-08-07 09:00:00+00:00,BAYSHOR,28.10136
2017-08-07 10:00:00+00:00,BAYSHOR,28.07817
2017-08-07 11:00:00+00:00,BAYSHOR,28.97006
2017-08-07 12:00:00+00:00,BAYSHOR,30.71673
2017-08-07 13:00:00+00:00,BAYSHOR,36.37623
2017-08-07 14:00:00+00:00,BAYSHOR,35.58625
2017-08-07 15:00:00+00:00,BAYSHOR,32.61172
2017-08-07 16:00:00+00:00,BAYSHOR,32.55826
2017-08-07 17:00:00+00:00,BAYSHOR,36.2918
2017-08-07 18:00:00+00:00,BAYSHOR,36.97844
2017-08-07 19:00:00+00:00,BAYSHOR,38.18868
2017-08-07 20:00:00+00:00,BAYSHOR,42.39622
2017-08-07 21:00:00+00:00,BAYSHOR,44.18978
2017-08-07 22:00:00+00:00,BAYSHOR,47.17826
2017-08-07 23:00:00+00:00,BAYSHOR,50.08061
2017-08-08 00:00:00+00:00,BAYSHOR,52.35134
2017-08-08 01:00:00+00:00,BAYSHOR,62.21236
2017-08-08 02:00:00+00:00,BAYSHOR,74.56305
2017-08-08 03:00:00+00:00,BAYSHOR,56.99927
2017-08-08 04:00:00+00:00,BAYSHOR,48.47745
2017-08-08 05:00:00+00:00,BAYSHOR,38.22093
2017-08-08 06:00:00+00:00,BAYSHOR,34.27226
2017-08-08 07:00:00+00:00,BAYSHOR,29.47754
2017-08-08 08:00:00+00:00,BAYSHOR,28.53394
2017-08-08 09:00:00+00:00,BAYSHOR,26.79667
2017-08-08 10:00:00+00:00,BAYSHOR,27.14694
2017-08-08 11:00:00+00:00,BAYSHOR,27.75317
2017-08-08 12:00:00+00:00,BAYSHOR,31.56905
2017-08-08 13:00:00+00:00,BAYSHOR,35.381820000000005
2017-08-08 14:00:00+00:00,BAYSHOR,33.87362
2017-08-08 15:00:00+00:00,BAYSHOR,30.94392
2017-08-08 16:00:00+00:00,BAYSHOR,31.64375
2017-08-08 17:00:00+00:00,BAYSHOR,34.55486
2017-08-08 18:00:00+00:00,BAYSHOR,36.03687
2017-08-08 19:00:00+00:00,BAYSHOR,38.09168
2017-08-08 20:00:00+00:00,BAYSHOR,39.36425
2017-08-08 21:00:00+00:00,BAYSHOR,42.30795
2017-08-08 22:00:00+00:00,BAYSHOR,45.62851
2017-08-08 23:00:00+00:00,BAYSHOR,48.29873
2017-08-09 00:00:00+00:00,BAYSHOR,51.4401
2017-08-09 01:00:00+00:00,BAYSHOR,61.575880000000005
2017-08-09 02:00:00+00:00,BAYSHOR,69.64856
2017-08-09 03:00:00+00:00,BAYSHOR,53.32286
2017-08-09 05:00:00+00:00,BAYSHOR,40.35767
2017-08-09 06:00:00+00:00,BAYSHOR,35.729490000000006
2017-08-09 07:00:00+00:00,BAYSHOR,31.60373
2017-08-09 08:00:00+00:00,BAYSHOR,29.28776
2017-08-09 09:00:00+00:00,BAYSHOR,28.59161
2017-08-09 10:00:00+00:00,BAYSHOR,27.97972
2017-08-09 11:00:00+00:00,BAYSHOR,28.80753
2017-08-09 12:00:00+00:00,BAYSHOR,30.05512
2017-08-09 13:00:00+00:00,BAYSHOR,36.62818
2017-08-09 14:00:00+00:00,BAYSHOR,32.45584
2017-08-09 15:00:00+00:00,BAYSHOR,30.89085
2017-08-09 16:00:00+00:00,BAYSHOR,30.81585
2017-08-09 17:00:00+00:00,BAYSHOR,33.303340000000006
2017-08-09 18:00:00+00:00,BAYSHOR,37.07963
2017-08-09 19:00:00+00:00,BAYSHOR,37.43206
2017-08-09 20:00:00+00:00,BAYSHOR,40.95776
2017-08-09 21:00:00+00:00,BAYSHOR,45.22715
2017-08-09 22:00:00+00:00,BAYSHOR,47.18758
2017-08-09 23:00:00+00:00,BAYSHOR,51.46982
2017-08-10 00:00:00+00:00,BAYSHOR,53.75173
2017-08-10 01:00:00+00:00,BAYSHOR,66.70306
2017-08-10 02:00:00+00:00,BAYSHOR,70.84855
2017-08-10 03:00:00+00:00,BAYSHOR,54.81828
2017-08-10 04:00:00+00:00,BAYSHOR,46.95354
2017-08-10 05:00:00+00:00,BAYSHOR,39.31492
2017-08-10 06:00:00+00:00,BAYSHOR,35.54831
2017-08-10 07:00:00+00:00,BAYSHOR,30.64852
2017-08-10 08:00:00+00:00,BAYSHOR,28.42343
2017-08-10 09:00:00+00:00,BAYSHOR,27.584090000000003
2017-08-10 10:00:00+00:00,BAYSHOR,27.45126
2017-08-10 11:00:00+00:00,BAYSHOR,28.16757
2017-08-10 12:00:00+00:00,BAYSHOR,30.00951
2017-08-10 13:00:00+00:00,BAYSHOR,35.377109999999995
2017-08-10 14:00:00+00:00,BAYSHOR,34.28379
2017-08-10 15:00:00+00:00,BAYSHOR,31.55793
2017-08-10 16:00:00+00:00,BAYSHOR,30.44727
2017-08-10 17:00:00+00:00,BAYSHOR,32.19947
2017-08-10 18:00:00+00:00,BAYSHOR,34.50158
2017-08-10 19:00:00+00:00,BAYSHOR,35.73212
2017-08-10 20:00:00+00:00,BAYSHOR,38.73186
2017-08-10 21:00:00+00:00,BAYSHOR,43.08085
2017-08-10 22:00:00+00:00,BAYSHOR,49.70115
2017-08-10 23:00:00+00:00,BAYSHOR,52.532
2017-08-11 00:00:00+00:00,BAYSHOR,54.63036999999999
2017-08-11 01:00:00+00:00,BAYSHOR,67.252
2017-08-11 02:00:00+00:00,BAYSHOR,72.03948000000001
2017-08-11 03:00:00+00:00,BAYSHOR,54.49921
2017-08-11 04:00:00+00:00,BAYSHOR,47.91867
2017-08-11 05:00:00+00:00,BAYSHOR,38.04726
2017-08-11 06:00:00+00:00,BAYSHOR,33.791940000000004
2017-08-11 07:00:00+00:00,BAYSHOR,32.24677
2017-08-11 08:00:00+00:00,BAYSHOR,31.02393
2017-08-11 09:00:00+00:00,BAYSHOR,30.3179
2017-08-11 10:00:00+00:00,BAYSHOR,29.1978
2017-08-11 11:00:00+00:00,BAYSHOR,29.47178
2017-08-11 12:00:00+00:00,BAYSHOR,31.4023
2017-08-11 13:00:00+00:00,BAYSHOR,35.375240000000005
2017-08-11 14:00:00+00:00,BAYSHOR,34.64821
2017-08-11 15:00:00+00:00,BAYSHOR,31.6005
2017-08-11 16:00:00+00:00,BAYSHOR,30.59158
2017-08-11 17:00:00+00:00,BAYSHOR,31.21207
2017-08-11 18:00:00+00:00,BAYSHOR,34.5602
2017-08-11 19:00:00+00:00,BAYSHOR,36.26128
2017-08-11 20:00:00+00:00,BAYSHOR,43.05523
2017-08-11 21:00:00+00:00,BAYSHOR,45.41753
2017-08-11 22:00:00+00:00,BAYSHOR,49.84251
2017-08-11 23:00:00+00:00,BAYSHOR,53.45661
2017-08-12 00:00:00+00:00,BAYSHOR,55.52488
2017-08-12 01:00:00+00:00,BAYSHOR,67.95589
2017-08-12 02:00:00+00:00,BAYSHOR,66.60226
2017-08-12 03:00:00+00:00,BAYSHOR,53.15994
2017-08-12 04:00:00+00:00,BAYSHOR,43.499590000000005
2017-08-12 05:00:00+00:00,BAYSHOR,39.05385
2017-08-12 06:00:00+00:00,BAYSHOR,36.48462
2017-08-12 07:00:00+00:00,BAYSHOR,32.038709999999995
2017-08-12 08:00:00+00:00,BAYSHOR,30.54893
2017-08-12 09:00:00+00:00,BAYSHOR,29.536690000000004
2017-08-12 10:00:00+00:00,BAYSHOR,28.55648
2017-08-12 11:00:00+00:00,BAYSHOR,28.55398
2017-08-12 12:00:00+00:00,BAYSHOR,29.66283
2017-08-12 13:00:00+00:00,BAYSHOR,28.78915
2017-08-12 14:00:00+00:00,BAYSHOR,27.09566
2017-08-12 15:00:00+00:00,BAYSHOR,24.60411
2017-08-12 16:00:00+00:00,BAYSHOR,24.48012
2017-08-12 17:00:00+00:00,BAYSHOR,25.68685
2017-08-12 18:00:00+00:00,BAYSHOR,25.9859
2017-08-12 19:00:00+00:00,BAYSHOR,28.521790000000003
2017-08-12 20:00:00+00:00,BAYSHOR,31.06876
2017-08-12 21:00:00+00:00,BAYSHOR,34.38433
2017-08-12 22:00:00+00:00,BAYSHOR,36.90807
2017-08-12 23:00:00+00:00,BAYSHOR,39.29441
2017-08-13 00:00:00+00:00,BAYSHOR,43.05332
2017-08-13 01:00:00+00:00,BAYSHOR,47.79119
2017-08-13 02:00:00+00:00,BAYSHOR,56.15026
2017-08-13 03:00:00+00:00,BAYSHOR,46.61244
2017-08-13 04:00:00+00:00,BAYSHOR,38.07107
2017-08-13 05:00:00+00:00,BAYSHOR,35.82313
2017-08-13 06:00:00+00:00,BAYSHOR,32.26318
2017-08-13 07:00:00+00:00,BAYSHOR,31.76309
2017-08-13 08:00:00+00:00,BAYSHOR,28.63661
2017-08-13 09:00:00+00:00,BAYSHOR,27.72292
2017-08-13 10:00:00+00:00,BAYSHOR,27.10995
2017-08-13 11:00:00+00:00,BAYSHOR,27.02881
2017-08-13 12:00:00+00:00,BAYSHOR,27.75793
2017-08-13 13:00:00+00:00,BAYSHOR,27.06304
2017-08-13 14:00:00+00:00,BAYSHOR,22.35568
2017-08-13 15:00:00+00:00,BAYSHOR,18.39554
2017-08-13 16:00:00+00:00,BAYSHOR,18.13693
2017-08-13 17:00:00+00:00,BAYSHOR,19.06238
2017-08-13 18:00:00+00:00,BAYSHOR,22.88308
2017-08-13 19:00:00+00:00,BAYSHOR,24.94949
2017-08-13 20:00:00+00:00,BAYSHOR,27.860190000000003
2017-08-13 21:00:00+00:00,BAYSHOR,30.714540000000003
2017-08-13 22:00:00+00:00,BAYSHOR,31.98928
2017-08-13 23:00:00+00:00,BAYSHOR,35.74936
2017-08-14 00:00:00+00:00,BAYSHOR,39.07143
2017-08-14 01:00:00+00:00,BAYSHOR,46.64292
2017-08-14 02:00:00+00:00,BAYSHOR,56.10027
2017-08-14 03:00:00+00:00,BAYSHOR,49.85622
2017-08-14 04:00:00+00:00,BAYSHOR,39.72297
2017-08-14 05:00:00+00:00,BAYSHOR,34.4232
2017-08-14 06:00:00+00:00,BAYSHOR,30.89167
2017-08-14 07:00:00+00:00,BAYSHOR,26.98745
2017-08-14 08:00:00+00:00,BAYSHOR,25.94046
2017-08-14 09:00:00+00:00,BAYSHOR,24.9098
2017-08-14 10:00:00+00:00,BAYSHOR,24.73004
2017-08-14 11:00:00+00:00,BAYSHOR,25.75524
2017-08-14 12:00:00+00:00,BAYSHOR,28.24696
2017-08-14 13:00:00+00:00,BAYSHOR,35.04607
2017-08-14 14:00:00+00:00,BAYSHOR,31.05546
2017-08-14 15:00:00+00:00,BAYSHOR,25.42888
2017-08-14 16:00:00+00:00,BAYSHOR,24.77593
2017-08-14 17:00:00+00:00,BAYSHOR,26.14578
2017-08-14 18:00:00+00:00,BAYSHOR,24.528
2017-08-14 19:00:00+00:00,BAYSHOR,25.66433
2017-08-14 20:00:00+00:00,BAYSHOR,27.55831
2017-08-14 21:00:00+00:00,BAYSHOR,29.86087
2017-08-14 22:00:00+00:00,BAYSHOR,31.87956
2017-08-14 23:00:00+00:00,BAYSHOR,38.40436
2017-08-15 00:00:00+00:00,BAYSHOR,39.60753
2017-08-15 01:00:00+00:00,BAYSHOR,46.20995
2017-08-15 02:00:00+00:00,BAYSHOR,57.01641
2017-08-15 03:00:00+00:00,BAYSHOR,46.66386
2017-08-15 04:00:00+00:00,BAYSHOR,37.56905
2017-08-15 05:00:00+00:00,BAYSHOR,34.36883
2017-08-15 06:00:00+00:00,BAYSHOR,31.88683
2017-08-15 07:00:00+00:00,BAYSHOR,30.04219
2017-08-15 08:00:00+00:00,BAYSHOR,29.59624
2017-08-15 09:00:00+00:00,BAYSHOR,28.45946
2017-08-15 10:00:00+00:00,BAYSHOR,27.0241
2017-08-15 11:00:00+00:00,BAYSHOR,27.80377
2017-08-15 12:00:00+00:00,BAYSHOR,29.9137
2017-08-15 13:00:00+00:00,BAYSHOR,40.55829
2017-08-15 14:00:00+00:00,BAYSHOR,36.97084
2017-08-15 15:00:00+00:00,BAYSHOR,28.94261
2017-08-15 16:00:00+00:00,BAYSHOR,28.559
2017-08-15 17:00:00+00:00,BAYSHOR,29.22498
2017-08-15 18:00:00+00:00,BAYSHOR,29.03181
2017-08-15 19:00:00+00:00,BAYSHOR,26.55933
2017-08-15 20:00:00+00:00,BAYSHOR,28.1822
2017-08-15 21:00:00+00:00,BAYSHOR,30.13522
2017-08-15 22:00:00+00:00,BAYSHOR,29.68848
2017-08-15 23:00:00+00:00,BAYSHOR,33.67112
2017-08-16 00:00:00+00:00,BAYSHOR,36.79175
2017-08-16 01:00:00+00:00,BAYSHOR,45.19701
2017-08-16 02:00:00+00:00,BAYSHOR,54.17842
2017-08-16 03:00:00+00:00,BAYSHOR,48.7407
2017-08-16 04:00:00+00:00,BAYSHOR,38.37704
2017-08-16 05:00:00+00:00,BAYSHOR,34.745909999999995
2017-08-16 06:00:00+00:00,BAYSHOR,31.04835
2017-08-16 07:00:00+00:00,BAYSHOR,29.66371
2017-08-16 08:00:00+00:00,BAYSHOR,28.07879
2017-08-16 09:00:00+00:00,BAYSHOR,26.454320000000003
2017-08-16 10:00:00+00:00,BAYSHOR,26.4922
2017-08-16 11:00:00+00:00,BAYSHOR,27.02176
2017-08-16 12:00:00+00:00,BAYSHOR,28.85421
2017-08-16 13:00:00+00:00,BAYSHOR,38.10385
2017-08-16 14:00:00+00:00,BAYSHOR,32.9595
2017-08-16 15:00:00+00:00,BAYSHOR,27.63288
2017-08-16 16:00:00+00:00,BAYSHOR,25.34944
2017-08-16 17:00:00+00:00,BAYSHOR,26.02499
2017-08-16 18:00:00+00:00,BAYSHOR,26.25823
2017-08-16 19:00:00+00:00,BAYSHOR,28.46188
2017-08-16 20:00:00+00:00,BAYSHOR,29.97798
2017-08-16 21:00:00+00:00,BAYSHOR,33.0333
2017-08-16 22:00:00+00:00,BAYSHOR,35.14206
2017-08-16 23:00:00+00:00,BAYSHOR,39.81923
2017-08-17 00:00:00+00:00,BAYSHOR,40.349790000000006
2017-08-17 01:00:00+00:00,BAYSHOR,50.0919
2017-08-17 02:00:00+00:00,BAYSHOR,59.62876
2017-08-17 03:00:00+00:00,BAYSHOR,50.92307
2017-08-17 04:00:00+00:00,BAYSHOR,40.56665
2017-08-17 05:00:00+00:00,BAYSHOR,36.56338
2017-08-17 06:00:00+00:00,BAYSHOR,31.73797
2017-08-17 07:00:00+00:00,BAYSHOR,29.13598
2017-08-17 09:00:00+00:00,BAYSHOR,27.86359
2017-08-17 10:00:00+00:00,BAYSHOR,27.5032
2017-08-17 11:00:00+00:00,BAYSHOR,28.10589
2017-08-17 12:00:00+00:00,BAYSHOR,29.74671
2017-08-17 13:00:00+00:00,BAYSHOR,36.85363
2017-08-17 14:00:00+00:00,BAYSHOR,33.64675
2017-08-17 15:00:00+00:00,BAYSHOR,28.67265
2017-08-17 16:00:00+00:00,BAYSHOR,28.10738
2017-08-17 17:00:00+00:00,BAYSHOR,28.2153
2017-08-17 18:00:00+00:00,BAYSHOR,28.22077
2017-08-17 19:00:00+00:00,BAYSHOR,29.77348
2017-08-17 20:00:00+00:00,BAYSHOR,34.09816
2017-08-17 21:00:00+00:00,BAYSHOR,35.536559999999994
2017-08-17 22:00:00+00:00,BAYSHOR,37.40527
2017-08-17 23:00:00+00:00,BAYSHOR,40.77115
2017-08-18 00:00:00+00:00,BAYSHOR,42.57998
2017-08-18 01:00:00+00:00,BAYSHOR,51.65261
2017-08-18 02:00:00+00:00,BAYSHOR,57.71135
2017-08-18 03:00:00+00:00,BAYSHOR,51.06728
2017-08-18 04:00:00+00:00,BAYSHOR,38.37696
2017-08-18 05:00:00+00:00,BAYSHOR,34.72804
2017-08-18 06:00:00+00:00,BAYSHOR,30.89827
2017-08-18 07:00:00+00:00,BAYSHOR,29.976740000000003
2017-08-18 08:00:00+00:00,BAYSHOR,28.53775
2017-08-18 09:00:00+00:00,BAYSHOR,28.46619
2017-08-18 10:00:00+00:00,BAYSHOR,28.26963
2017-08-18 11:00:00+00:00,BAYSHOR,28.36767
2017-08-18 12:00:00+00:00,BAYSHOR,30.02794
2017-08-18 13:00:00+00:00,BAYSHOR,34.82951
2017-08-18 14:00:00+00:00,BAYSHOR,33.56194
2017-08-18 15:00:00+00:00,BAYSHOR,29.19159
2017-08-18 16:00:00+00:00,BAYSHOR,28.97713
2017-08-18 17:00:00+00:00,BAYSHOR,29.64565
2017-08-18 18:00:00+00:00,BAYSHOR,31.181240000000003
2017-08-18 19:00:00+00:00,BAYSHOR,31.597240000000003
2017-08-18 20:00:00+00:00,BAYSHOR,34.53238
2017-08-18 21:00:00+00:00,BAYSHOR,37.65591
2017-08-18 22:00:00+00:00,BAYSHOR,39.43307
2017-08-18 23:00:00+00:00,BAYSHOR,44.20804
2017-08-19 00:00:00+00:00,BAYSHOR,46.48913
2017-08-19 01:00:00+00:00,BAYSHOR,57.534130000000005
2017-08-19 02:00:00+00:00,BAYSHOR,59.74675
2017-08-19 03:00:00+00:00,BAYSHOR,48.51545
2017-08-19 04:00:00+00:00,BAYSHOR,37.87962
2017-08-19 05:00:00+00:00,BAYSHOR,34.9113
2017-08-19 06:00:00+00:00,BAYSHOR,32.881
2017-08-19 07:00:00+00:00,BAYSHOR,30.81361
2017-08-19 08:00:00+00:00,BAYSHOR,28.2917
2017-08-19 09:00:00+00:00,BAYSHOR,29.38985
2017-08-19 10:00:00+00:00,BAYSHOR,28.8631
2017-08-19 11:00:00+00:00,BAYSHOR,28.96713
2017-08-19 12:00:00+00:00,BAYSHOR,30.73652
2017-08-19 13:00:00+00:00,BAYSHOR,30.17404
2017-08-19 14:00:00+00:00,BAYSHOR,29.357440000000004
2017-08-19 15:00:00+00:00,BAYSHOR,26.8656
2017-08-19 16:00:00+00:00,BAYSHOR,25.32185
2017-08-19 17:00:00+00:00,BAYSHOR,26.17188
2017-08-19 18:00:00+00:00,BAYSHOR,28.52246
2017-08-19 19:00:00+00:00,BAYSHOR,29.25816
2017-08-19 20:00:00+00:00,BAYSHOR,30.632720000000003
2017-08-19 21:00:00+00:00,BAYSHOR,34.3331
2017-08-19 22:00:00+00:00,BAYSHOR,35.99044
2017-08-19 23:00:00+00:00,BAYSHOR,39.05174
2017-08-20 00:00:00+00:00,BAYSHOR,39.97869
2017-08-20 01:00:00+00:00,BAYSHOR,48.983340000000005
2017-08-20 02:00:00+00:00,BAYSHOR,54.39958000000001
2017-08-20 03:00:00+00:00,BAYSHOR,48.57066
2017-08-20 04:00:00+00:00,BAYSHOR,38.70523
2017-08-20 05:00:00+00:00,BAYSHOR,35.99948
2017-08-20 06:00:00+00:00,BAYSHOR,31.94663
2017-08-20 07:00:00+00:00,BAYSHOR,34.61699
2017-08-20 08:00:00+00:00,BAYSHOR,31.688340000000004
2017-08-20 09:00:00+00:00,BAYSHOR,30.4327
2017-08-20 10:00:00+00:00,BAYSHOR,30.38038
2017-08-20 11:00:00+00:00,BAYSHOR,30.1565
2017-08-20 12:00:00+00:00,BAYSHOR,31.062520000000003
2017-08-20 13:00:00+00:00,BAYSHOR,31.211890000000004
2017-08-20 14:00:00+00:00,BAYSHOR,28.96991
2017-08-20 15:00:00+00:00,BAYSHOR,23.40838
2017-08-20 16:00:00+00:00,BAYSHOR,20.31521
2017-08-20 17:00:00+00:00,BAYSHOR,21.62696
2017-08-20 18:00:00+00:00,BAYSHOR,24.93451
2017-08-20 19:00:00+00:00,BAYSHOR,27.34838
2017-08-20 20:00:00+00:00,BAYSHOR,29.8108
2017-08-20 21:00:00+00:00,BAYSHOR,33.64369
2017-08-20 22:00:00+00:00,BAYSHOR,35.4492
2017-08-20 23:00:00+00:00,BAYSHOR,37.81992
2017-08-21 00:00:00+00:00,BAYSHOR,40.951440000000005
2017-08-21 01:00:00+00:00,BAYSHOR,48.89228
2017-08-21 02:00:00+00:00,BAYSHOR,57.12574
2017-08-21 03:00:00+00:00,BAYSHOR,50.72631
2017-08-21 04:00:00+00:00,BAYSHOR,40.22938
2017-08-21 05:00:00+00:00,BAYSHOR,35.18141
2017-08-21 06:00:00+00:00,BAYSHOR,32.02978
2017-08-21 07:00:00+00:00,BAYSHOR,32.17872
2017-08-21 08:00:00+00:00,BAYSHOR,29.64517
2017-08-21 09:00:00+00:00,BAYSHOR,29.26299
2017-08-21 10:00:00+00:00,BAYSHOR,29.07738
2017-08-21 11:00:00+00:00,BAYSHOR,28.80054
2017-08-21 12:00:00+00:00,BAYSHOR,30.731340000000003
2017-08-21 13:00:00+00:00,BAYSHOR,37.37938
2017-08-21 14:00:00+00:00,BAYSHOR,37.65874
2017-08-21 15:00:00+00:00,BAYSHOR,33.96183
2017-08-21 16:00:00+00:00,BAYSHOR,39.20738
2017-08-21 17:00:00+00:00,BAYSHOR,55.29994
2017-08-21 18:00:00+00:00,BAYSHOR,35.2668
2017-08-21 19:00:00+00:00,BAYSHOR,31.23552
2017-08-21 20:00:00+00:00,BAYSHOR,35.76497
2017-08-21 21:00:00+00:00,BAYSHOR,39.01828
2017-08-21 22:00:00+00:00,BAYSHOR,41.72093
2017-08-21 23:00:00+00:00,BAYSHOR,45.13091
2017-08-22 00:00:00+00:00,BAYSHOR,49.4214
2017-08-22 01:00:00+00:00,BAYSHOR,60.06401999999999
2017-08-22 02:00:00+00:00,BAYSHOR,60.92443000000001
2017-08-22 03:00:00+00:00,BAYSHOR,52.67034
2017-08-22 04:00:00+00:00,BAYSHOR,44.66173
2017-08-22 05:00:00+00:00,BAYSHOR,37.196090000000005
2017-08-22 06:00:00+00:00,BAYSHOR,34.797909999999995
2017-08-22 07:00:00+00:00,BAYSHOR,35.93656
2017-08-22 08:00:00+00:00,BAYSHOR,33.62168
2017-08-22 09:00:00+00:00,BAYSHOR,32.30328
2017-08-22 10:00:00+00:00,BAYSHOR,31.03596
2017-08-22 11:00:00+00:00,BAYSHOR,32.7956
2017-08-22 12:00:00+00:00,BAYSHOR,35.79797
2017-08-22 13:00:00+00:00,BAYSHOR,41.44658
2017-08-22 14:00:00+00:00,BAYSHOR,37.56859
2017-08-22 15:00:00+00:00,BAYSHOR,32.99088
2017-08-22 16:00:00+00:00,BAYSHOR,31.66396
2017-08-22 17:00:00+00:00,BAYSHOR,32.68719
2017-08-22 18:00:00+00:00,BAYSHOR,32.74004
2017-08-22 19:00:00+00:00,BAYSHOR,32.92025
2017-08-22 20:00:00+00:00,BAYSHOR,36.4437
2017-08-22 21:00:00+00:00,BAYSHOR,40.01322
2017-08-22 22:00:00+00:00,BAYSHOR,42.45796
2017-08-22 23:00:00+00:00,BAYSHOR,48.41422
2017-08-23 00:00:00+00:00,BAYSHOR,49.82752
2017-08-23 01:00:00+00:00,BAYSHOR,59.65888
2017-08-23 02:00:00+00:00,BAYSHOR,70.21966
2017-08-23 03:00:00+00:00,BAYSHOR,53.73686
2017-08-23 04:00:00+00:00,BAYSHOR,44.27587
2017-08-23 05:00:00+00:00,BAYSHOR,36.71755
2017-08-23 06:00:00+00:00,BAYSHOR,33.8022
2017-08-23 07:00:00+00:00,BAYSHOR,31.54492
2017-08-23 08:00:00+00:00,BAYSHOR,29.68967
2017-08-23 09:00:00+00:00,BAYSHOR,29.06512
2017-08-23 10:00:00+00:00,BAYSHOR,28.37708
2017-08-23 11:00:00+00:00,BAYSHOR,29.21912
2017-08-23 12:00:00+00:00,BAYSHOR,31.08363
2017-08-23 13:00:00+00:00,BAYSHOR,37.45848
2017-08-23 14:00:00+00:00,BAYSHOR,35.09227
2017-08-23 15:00:00+00:00,BAYSHOR,31.41738
2017-08-23 16:00:00+00:00,BAYSHOR,30.63448
2017-08-23 17:00:00+00:00,BAYSHOR,31.67146
2017-08-23 18:00:00+00:00,BAYSHOR,32.52853
2017-08-23 19:00:00+00:00,BAYSHOR,33.2811
2017-08-23 20:00:00+00:00,BAYSHOR,37.06089
2017-08-23 21:00:00+00:00,BAYSHOR,40.4113
2017-08-23 22:00:00+00:00,BAYSHOR,42.8132
2017-08-23 23:00:00+00:00,BAYSHOR,46.7555
2017-08-24 00:00:00+00:00,BAYSHOR,48.82916
2017-08-24 01:00:00+00:00,BAYSHOR,56.84438000000001
2017-08-24 02:00:00+00:00,BAYSHOR,61.53256999999999
2017-08-24 03:00:00+00:00,BAYSHOR,50.32652
2017-08-24 04:00:00+00:00,BAYSHOR,41.92042
2017-08-24 05:00:00+00:00,BAYSHOR,35.69147
2017-08-24 06:00:00+00:00,BAYSHOR,33.5168
2017-08-24 07:00:00+00:00,BAYSHOR,31.44966
2017-08-24 08:00:00+00:00,BAYSHOR,29.74902
2017-08-24 09:00:00+00:00,BAYSHOR,29.12487
2017-08-24 10:00:00+00:00,BAYSHOR,28.7091
2017-08-24 11:00:00+00:00,BAYSHOR,29.21733
2017-08-24 12:00:00+00:00,BAYSHOR,32.38259
2017-08-24 13:00:00+00:00,BAYSHOR,38.39565
2017-08-24 14:00:00+00:00,BAYSHOR,37.81172
2017-08-24 15:00:00+00:00,BAYSHOR,32.29125
2017-08-24 16:00:00+00:00,BAYSHOR,30.11518
2017-08-24 17:00:00+00:00,BAYSHOR,30.17533
2017-08-24 18:00:00+00:00,BAYSHOR,30.5314
2017-08-24 19:00:00+00:00,BAYSHOR,31.10727
2017-08-24 20:00:00+00:00,BAYSHOR,33.02754
2017-08-24 21:00:00+00:00,BAYSHOR,36.91148
2017-08-24 22:00:00+00:00,BAYSHOR,38.95859
2017-08-24 23:00:00+00:00,BAYSHOR,40.75009
2017-08-25 00:00:00+00:00,BAYSHOR,43.62044
2017-08-25 01:00:00+00:00,BAYSHOR,52.10374
2017-08-25 02:00:00+00:00,BAYSHOR,56.25565
2017-08-25 03:00:00+00:00,BAYSHOR,48.71807
2017-08-25 04:00:00+00:00,BAYSHOR,41.33591
2017-08-25 05:00:00+00:00,BAYSHOR,35.24643
2017-08-25 06:00:00+00:00,BAYSHOR,33.59432
2017-08-25 07:00:00+00:00,BAYSHOR,32.17434
2017-08-25 08:00:00+00:00,BAYSHOR,30.170140000000004
2017-08-25 09:00:00+00:00,BAYSHOR,29.55085
2017-08-25 10:00:00+00:00,BAYSHOR,29.2299
2017-08-25 11:00:00+00:00,BAYSHOR,29.98089
2017-08-25 12:00:00+00:00,BAYSHOR,32.83435
2017-08-25 13:00:00+00:00,BAYSHOR,42.81218
2017-08-25 14:00:00+00:00,BAYSHOR,38.95179
2017-08-25 15:00:00+00:00,BAYSHOR,32.52837
2017-08-25 16:00:00+00:00,BAYSHOR,31.24459
2017-08-25 17:00:00+00:00,BAYSHOR,32.59367
2017-08-25 18:00:00+00:00,BAYSHOR,34.05894
2017-08-25 19:00:00+00:00,BAYSHOR,36.68364
2017-08-25 20:00:00+00:00,BAYSHOR,40.31446
2017-08-25 21:00:00+00:00,BAYSHOR,43.52181
2017-08-25 22:00:00+00:00,BAYSHOR,48.62184
2017-08-25 23:00:00+00:00,BAYSHOR,52.56784
2017-08-26 00:00:00+00:00,BAYSHOR,51.714290000000005
2017-08-26 01:00:00+00:00,BAYSHOR,61.14414
2017-08-26 02:00:00+00:00,BAYSHOR,67.00256
2017-08-26 03:00:00+00:00,BAYSHOR,51.92318
2017-08-26 04:00:00+00:00,BAYSHOR,47.93705
2017-08-26 05:00:00+00:00,BAYSHOR,39.67642
2017-08-26 06:00:00+00:00,BAYSHOR,36.48496
2017-08-26 07:00:00+00:00,BAYSHOR,35.10136
2017-08-26 08:00:00+00:00,BAYSHOR,32.71739
2017-08-26 09:00:00+00:00,BAYSHOR,31.89948
2017-08-26 10:00:00+00:00,BAYSHOR,31.495420000000003
2017-08-26 11:00:00+00:00,BAYSHOR,31.15968
2017-08-26 12:00:00+00:00,BAYSHOR,32.14152
2017-08-26 13:00:00+00:00,BAYSHOR,34.05178
2017-08-26 14:00:00+00:00,BAYSHOR,31.08516
2017-08-26 15:00:00+00:00,BAYSHOR,28.92782
2017-08-26 16:00:00+00:00,BAYSHOR,27.393490000000003
2017-08-26 17:00:00+00:00,BAYSHOR,29.677740000000004
2017-08-26 18:00:00+00:00,BAYSHOR,31.98277
2017-08-26 19:00:00+00:00,BAYSHOR,36.001090000000005
2017-08-26 20:00:00+00:00,BAYSHOR,39.01188
2017-08-26 21:00:00+00:00,BAYSHOR,42.00061
2017-08-26 22:00:00+00:00,BAYSHOR,49.28993
2017-08-26 23:00:00+00:00,BAYSHOR,53.79439
2017-08-27 00:00:00+00:00,BAYSHOR,56.31483000000001
2017-08-27 01:00:00+00:00,BAYSHOR,61.02526999999999
2017-08-27 02:00:00+00:00,BAYSHOR,68.77428
2017-08-27 03:00:00+00:00,BAYSHOR,55.45698
2017-08-27 04:00:00+00:00,BAYSHOR,49.65986
2017-08-27 05:00:00+00:00,BAYSHOR,42.14355
2017-08-27 06:00:00+00:00,BAYSHOR,37.71206
2017-08-27 07:00:00+00:00,BAYSHOR,39.1277
2017-08-27 08:00:00+00:00,BAYSHOR,34.1473
2017-08-27 09:00:00+00:00,BAYSHOR,33.67522
2017-08-27 10:00:00+00:00,BAYSHOR,32.18725
2017-08-27 11:00:00+00:00,BAYSHOR,31.73712
2017-08-27 12:00:00+00:00,BAYSHOR,32.66766
2017-08-27 13:00:00+00:00,BAYSHOR,31.94438
2017-08-27 14:00:00+00:00,BAYSHOR,29.27111
2017-08-27 15:00:00+00:00,BAYSHOR,24.51564
2017-08-27 16:00:00+00:00,BAYSHOR,26.96925
2017-08-27 17:00:00+00:00,BAYSHOR,29.738740000000004
2017-08-27 18:00:00+00:00,BAYSHOR,35.12958
2017-08-27 19:00:00+00:00,BAYSHOR,38.94561
2017-08-27 20:00:00+00:00,BAYSHOR,45.55214
2017-08-27 21:00:00+00:00,BAYSHOR,52.01611
2017-08-27 22:00:00+00:00,BAYSHOR,56.97388
2017-08-27 23:00:00+00:00,BAYSHOR,62.09589
2017-08-28 00:00:00+00:00,BAYSHOR,68.80359
2017-08-28 01:00:00+00:00,BAYSHOR,91.23974
2017-08-28 02:00:00+00:00,BAYSHOR,104.96287
2017-08-28 03:00:00+00:00,BAYSHOR,72.98413000000001
2017-08-28 04:00:00+00:00,BAYSHOR,53.57403000000001
2017-08-28 05:00:00+00:00,BAYSHOR,45.8408
2017-08-28 06:00:00+00:00,BAYSHOR,40.68217
2017-08-28 07:00:00+00:00,BAYSHOR,38.69902
2017-08-28 08:00:00+00:00,BAYSHOR,35.7017
2017-08-28 09:00:00+00:00,BAYSHOR,31.78103
2017-08-28 10:00:00+00:00,BAYSHOR,32.034420000000004
2017-08-28 11:00:00+00:00,BAYSHOR,32.5229
2017-08-28 12:00:00+00:00,BAYSHOR,35.88171
2017-08-28 13:00:00+00:00,BAYSHOR,45.43285
2017-08-28 14:00:00+00:00,BAYSHOR,45.95704
2017-08-28 15:00:00+00:00,BAYSHOR,40.50563
2017-08-28 16:00:00+00:00,BAYSHOR,43.59032
2017-08-28 17:00:00+00:00,BAYSHOR,46.7195
2017-08-28 18:00:00+00:00,BAYSHOR,51.02171
2017-08-28 19:00:00+00:00,BAYSHOR,56.00437
2017-08-28 20:00:00+00:00,BAYSHOR,71.01023
2017-08-28 21:00:00+00:00,BAYSHOR,119.58148
2017-08-28 22:00:00+00:00,BAYSHOR,219.21244
2017-08-28 23:00:00+00:00,BAYSHOR,239.65576
2017-08-29 00:00:00+00:00,BAYSHOR,353.62975
2017-08-29 01:00:00+00:00,BAYSHOR,464.99221
2017-08-29 02:00:00+00:00,BAYSHOR,419.38577
2017-08-29 03:00:00+00:00,BAYSHOR,188.72406
2017-08-29 04:00:00+00:00,BAYSHOR,73.83145999999999
2017-08-29 05:00:00+00:00,BAYSHOR,49.06084
2017-08-29 06:00:00+00:00,BAYSHOR,43.05248
2017-08-29 07:00:00+00:00,BAYSHOR,35.01952
2017-08-29 08:00:00+00:00,BAYSHOR,33.08377
2017-08-29 09:00:00+00:00,BAYSHOR,31.39964
2017-08-29 10:00:00+00:00,BAYSHOR,31.33958
2017-08-29 11:00:00+00:00,BAYSHOR,32.171690000000005
2017-08-29 12:00:00+00:00,BAYSHOR,34.19447
2017-08-29 13:00:00+00:00,BAYSHOR,40.630320000000005
2017-08-29 14:00:00+00:00,BAYSHOR,40.80337
2017-08-29 15:00:00+00:00,BAYSHOR,36.06477
2017-08-29 16:00:00+00:00,BAYSHOR,37.68781
2017-08-29 17:00:00+00:00,BAYSHOR,43.0937
2017-08-29 18:00:00+00:00,BAYSHOR,50.19128
2017-08-29 19:00:00+00:00,BAYSHOR,51.77384
2017-08-29 20:00:00+00:00,BAYSHOR,60.18176
2017-08-29 21:00:00+00:00,BAYSHOR,83.11955999999999
2017-08-29 22:00:00+00:00,BAYSHOR,143.75323999999998
2017-08-29 23:00:00+00:00,BAYSHOR,180.90374
2017-08-30 00:00:00+00:00,BAYSHOR,251.9178
2017-08-30 01:00:00+00:00,BAYSHOR,325.067
2017-08-30 02:00:00+00:00,BAYSHOR,287.46386
2017-08-30 03:00:00+00:00,BAYSHOR,105.04291
2017-08-30 04:00:00+00:00,BAYSHOR,57.51064
2017-08-30 05:00:00+00:00,BAYSHOR,46.67146
2017-08-30 06:00:00+00:00,BAYSHOR,41.14989
2017-08-30 07:00:00+00:00,BAYSHOR,33.97091
2017-08-30 08:00:00+00:00,BAYSHOR,32.11145
2017-08-30 09:00:00+00:00,BAYSHOR,31.59085
2017-08-30 10:00:00+00:00,BAYSHOR,30.02061
2017-08-30 11:00:00+00:00,BAYSHOR,31.97676
2017-08-30 12:00:00+00:00,BAYSHOR,36.52395
2017-08-30 13:00:00+00:00,BAYSHOR,41.25098
2017-08-30 14:00:00+00:00,BAYSHOR,42.39544
2017-08-30 15:00:00+00:00,BAYSHOR,37.06666
2017-08-30 16:00:00+00:00,BAYSHOR,37.88994
2017-08-30 17:00:00+00:00,BAYSHOR,40.85432
2017-08-30 18:00:00+00:00,BAYSHOR,45.82952
2017-08-30 19:00:00+00:00,BAYSHOR,48.89657
2017-08-30 20:00:00+00:00,BAYSHOR,51.76983
2017-08-30 21:00:00+00:00,BAYSHOR,57.02438000000001
2017-08-30 22:00:00+00:00,BAYSHOR,76.49569
2017-08-30 23:00:00+00:00,BAYSHOR,88.1943
2017-08-31 00:00:00+00:00,BAYSHOR,106.55349
2017-08-31 01:00:00+00:00,BAYSHOR,153.02817
2017-08-31 02:00:00+00:00,BAYSHOR,111.47505
2017-08-31 03:00:00+00:00,BAYSHOR,78.93925
2017-08-31 04:00:00+00:00,BAYSHOR,60.15541999999999
2017-08-31 05:00:00+00:00,BAYSHOR,49.70491
2017-08-31 06:00:00+00:00,BAYSHOR,42.239540000000005
2017-08-31 07:00:00+00:00,BAYSHOR,34.51011
2017-08-31 08:00:00+00:00,BAYSHOR,31.59925
2017-08-31 09:00:00+00:00,BAYSHOR,30.59236
2017-08-31 10:00:00+00:00,BAYSHOR,30.06437
2017-08-31 11:00:00+00:00,BAYSHOR,31.009490000000003
2017-08-31 12:00:00+00:00,BAYSHOR,35.28419
2017-08-31 13:00:00+00:00,BAYSHOR,45.15473
2017-08-31 14:00:00+00:00,BAYSHOR,43.40489
2017-08-31 15:00:00+00:00,BAYSHOR,38.78224
2017-08-31 16:00:00+00:00,BAYSHOR,40.09709
2017-08-31 17:00:00+00:00,BAYSHOR,42.85216
2017-08-31 18:00:00+00:00,BAYSHOR,48.03783
2017-08-31 19:00:00+00:00,BAYSHOR,51.657
2017-08-31 20:00:00+00:00,BAYSHOR,58.91336
2017-08-31 21:00:00+00:00,BAYSHOR,67.59431
2017-08-31 22:00:00+00:00,BAYSHOR,91.42023
2017-08-31 23:00:00+00:00,BAYSHOR,120.72132
2017-09-01 00:00:00+00:00,BAYSHOR,186.17522
2017-09-01 01:00:00+00:00,BAYSHOR,322.88139
2017-09-01 02:00:00+00:00,BAYSHOR,286.6625
2017-09-01 03:00:00+00:00,BAYSHOR,117.32203
2017-09-01 04:00:00+00:00,BAYSHOR,67.54896
2017-09-01 05:00:00+00:00,BAYSHOR,52.47116
2017-09-01 06:00:00+00:00,BAYSHOR,43.4646
2017-09-01 08:00:00+00:00,BAYSHOR,31.70264
2017-09-01 09:00:00+00:00,BAYSHOR,32.17944
2017-09-01 10:00:00+00:00,BAYSHOR,31.1361
2017-09-01 11:00:00+00:00,BAYSHOR,31.52395
2017-09-01 12:00:00+00:00,BAYSHOR,33.94554
2017-09-01 13:00:00+00:00,BAYSHOR,42.49662
2017-09-01 14:00:00+00:00,BAYSHOR,41.52317
2017-09-01 15:00:00+00:00,BAYSHOR,39.6378
2017-09-01 16:00:00+00:00,BAYSHOR,41.98311
2017-09-01 17:00:00+00:00,BAYSHOR,48.97855
2017-09-01 18:00:00+00:00,BAYSHOR,51.46246
2017-09-01 19:00:00+00:00,BAYSHOR,57.7776
2017-09-01 20:00:00+00:00,BAYSHOR,69.09093
2017-09-01 21:00:00+00:00,BAYSHOR,96.5474
2017-09-01 22:00:00+00:00,BAYSHOR,171.32101
2017-09-01 23:00:00+00:00,BAYSHOR,291.97322
2017-09-02 00:00:00+00:00,BAYSHOR,441.36861
2017-09-02 01:00:00+00:00,BAYSHOR,827.24417
2017-09-02 02:00:00+00:00,BAYSHOR,495.71713
2017-09-02 03:00:00+00:00,BAYSHOR,195.82324
2017-09-02 04:00:00+00:00,BAYSHOR,65.34183
2017-09-02 05:00:00+00:00,BAYSHOR,52.04442
2017-09-02 06:00:00+00:00,BAYSHOR,44.88524
2017-09-02 07:00:00+00:00,BAYSHOR,38.5548
2017-09-02 08:00:00+00:00,BAYSHOR,34.375609999999995
2017-09-02 09:00:00+00:00,BAYSHOR,34.106770000000004
2017-09-02 10:00:00+00:00,BAYSHOR,33.04537
2017-09-02 11:00:00+00:00,BAYSHOR,32.26268
2017-09-02 12:00:00+00:00,BAYSHOR,33.91219
2017-09-02 13:00:00+00:00,BAYSHOR,36.24383
2017-09-02 14:00:00+00:00,BAYSHOR,35.77454
2017-09-02 15:00:00+00:00,BAYSHOR,33.608670000000004
2017-09-02 16:00:00+00:00,BAYSHOR,35.6944
2017-09-02 17:00:00+00:00,BAYSHOR,39.69815
2017-09-02 18:00:00+00:00,BAYSHOR,44.90198
2017-09-02 19:00:00+00:00,BAYSHOR,50.8947
2017-09-02 20:00:00+00:00,BAYSHOR,56.81895
2017-09-02 21:00:00+00:00,BAYSHOR,64.43681
2017-09-02 22:00:00+00:00,BAYSHOR,78.18351
2017-09-02 23:00:00+00:00,BAYSHOR,96.47256
2017-09-03 00:00:00+00:00,BAYSHOR,148.77458
2017-09-03 01:00:00+00:00,BAYSHOR,281.92453
2017-09-03 02:00:00+00:00,BAYSHOR,235.36691
2017-09-03 03:00:00+00:00,BAYSHOR,110.22087
2017-09-03 04:00:00+00:00,BAYSHOR,60.21851
2017-09-03 05:00:00+00:00,BAYSHOR,51.27726
2017-09-03 06:00:00+00:00,BAYSHOR,44.3279
2017-09-03 07:00:00+00:00,BAYSHOR,44.19114
2017-09-03 08:00:00+00:00,BAYSHOR,41.03482
2017-09-03 09:00:00+00:00,BAYSHOR,38.52588
2017-09-03 10:00:00+00:00,BAYSHOR,36.00015
2017-09-03 11:00:00+00:00,BAYSHOR,35.71348
2017-09-03 12:00:00+00:00,BAYSHOR,33.95666
2017-09-03 13:00:00+00:00,BAYSHOR,35.30248
2017-09-03 14:00:00+00:00,BAYSHOR,31.97517
2017-09-03 15:00:00+00:00,BAYSHOR,31.54322
2017-09-03 16:00:00+00:00,BAYSHOR,31.85671
2017-09-03 17:00:00+00:00,BAYSHOR,37.74818
2017-09-03 18:00:00+00:00,BAYSHOR,42.15513
2017-09-03 19:00:00+00:00,BAYSHOR,50.17396
2017-09-03 20:00:00+00:00,BAYSHOR,52.50792
2017-09-03 21:00:00+00:00,BAYSHOR,57.93716
2017-09-03 22:00:00+00:00,BAYSHOR,62.00335
2017-09-03 23:00:00+00:00,BAYSHOR,70.08355999999999
2017-09-04 00:00:00+00:00,BAYSHOR,76.13043
2017-09-04 01:00:00+00:00,BAYSHOR,119.02315
2017-09-04 02:00:00+00:00,BAYSHOR,96.82994
2017-09-04 03:00:00+00:00,BAYSHOR,68.88429000000001
2017-09-04 04:00:00+00:00,BAYSHOR,55.35483000000001
2017-09-04 05:00:00+00:00,BAYSHOR,49.89107
2017-09-04 06:00:00+00:00,BAYSHOR,45.06308
2017-09-04 07:00:00+00:00,BAYSHOR,40.65089
2017-09-04 08:00:00+00:00,BAYSHOR,37.58213
2017-09-04 09:00:00+00:00,BAYSHOR,36.51536
2017-09-04 10:00:00+00:00,BAYSHOR,35.08957
2017-09-04 11:00:00+00:00,BAYSHOR,34.9051
2017-09-04 12:00:00+00:00,BAYSHOR,34.83104
2017-09-04 13:00:00+00:00,BAYSHOR,37.03032
2017-09-04 14:00:00+00:00,BAYSHOR,35.13989
2017-09-04 15:00:00+00:00,BAYSHOR,31.6922
2017-09-04 16:00:00+00:00,BAYSHOR,31.93379
2017-09-04 17:00:00+00:00,BAYSHOR,34.58436
2017-09-04 18:00:00+00:00,BAYSHOR,38.08302
2017-09-04 19:00:00+00:00,BAYSHOR,42.58928
2017-09-04 20:00:00+00:00,BAYSHOR,47.34667
2017-09-04 21:00:00+00:00,BAYSHOR,51.9296
2017-09-04 22:00:00+00:00,BAYSHOR,57.04936
2017-09-04 23:00:00+00:00,BAYSHOR,60.04533000000001
2017-09-05 00:00:00+00:00,BAYSHOR,67.38306999999999
2017-09-05 01:00:00+00:00,BAYSHOR,90.92149
2017-09-05 02:00:00+00:00,BAYSHOR,79.33535
2017-09-05 03:00:00+00:00,BAYSHOR,64.99443000000001
2017-09-05 04:00:00+00:00,BAYSHOR,55.76257
2017-09-05 05:00:00+00:00,BAYSHOR,48.29381
2017-09-05 06:00:00+00:00,BAYSHOR,41.63338
2017-09-05 07:00:00+00:00,BAYSHOR,35.43118
2017-09-05 08:00:00+00:00,BAYSHOR,33.33997
2017-09-05 09:00:00+00:00,BAYSHOR,32.07115
2017-09-05 10:00:00+00:00,BAYSHOR,31.84644
2017-09-05 11:00:00+00:00,BAYSHOR,32.00122
2017-09-05 12:00:00+00:00,BAYSHOR,35.14302
2017-09-05 13:00:00+00:00,BAYSHOR,43.72476
2017-09-05 14:00:00+00:00,BAYSHOR,44.5232
2017-09-05 15:00:00+00:00,BAYSHOR,38.13636
2017-09-05 16:00:00+00:00,BAYSHOR,38.60876
2017-09-05 17:00:00+00:00,BAYSHOR,39.97025
2017-09-05 18:00:00+00:00,BAYSHOR,42.58639
2017-09-05 19:00:00+00:00,BAYSHOR,49.50147
2017-09-05 20:00:00+00:00,BAYSHOR,52.85705
2017-09-05 21:00:00+00:00,BAYSHOR,55.61435
2017-09-05 22:00:00+00:00,BAYSHOR,59.774730000000005
2017-09-05 23:00:00+00:00,BAYSHOR,64.97912
2017-09-06 00:00:00+00:00,BAYSHOR,77.84055
2017-09-06 01:00:00+00:00,BAYSHOR,107.23573
2017-09-06 02:00:00+00:00,BAYSHOR,91.21973
2017-09-06 03:00:00+00:00,BAYSHOR,64.05199999999999
2017-09-06 04:00:00+00:00,BAYSHOR,55.32512
2017-09-06 05:00:00+00:00,BAYSHOR,44.4035
2017-09-06 06:00:00+00:00,BAYSHOR,40.7123
2017-09-06 07:00:00+00:00,BAYSHOR,32.43009
2017-09-06 08:00:00+00:00,BAYSHOR,31.36022
2017-09-06 09:00:00+00:00,BAYSHOR,30.32015
2017-09-06 10:00:00+00:00,BAYSHOR,29.68551
2017-09-06 11:00:00+00:00,BAYSHOR,30.08854
2017-09-06 12:00:00+00:00,BAYSHOR,33.4164
2017-09-06 13:00:00+00:00,BAYSHOR,40.12368
2017-09-06 14:00:00+00:00,BAYSHOR,40.12033
2017-09-06 15:00:00+00:00,BAYSHOR,35.55123
2017-09-06 16:00:00+00:00,BAYSHOR,34.94852
2017-09-06 17:00:00+00:00,BAYSHOR,37.34026
2017-09-06 18:00:00+00:00,BAYSHOR,38.4919
2017-09-06 19:00:00+00:00,BAYSHOR,39.5812
2017-09-06 20:00:00+00:00,BAYSHOR,43.90505
2017-09-06 21:00:00+00:00,BAYSHOR,46.14591
2017-09-06 22:00:00+00:00,BAYSHOR,48.68895
2017-09-06 23:00:00+00:00,BAYSHOR,53.65316
2017-09-07 00:00:00+00:00,BAYSHOR,57.273590000000006
2017-09-07 01:00:00+00:00,BAYSHOR,72.19986999999999
2017-09-07 02:00:00+00:00,BAYSHOR,63.42889
2017-09-07 03:00:00+00:00,BAYSHOR,54.31817
2017-09-07 04:00:00+00:00,BAYSHOR,45.20588
2017-09-07 05:00:00+00:00,BAYSHOR,39.77737
2017-09-07 06:00:00+00:00,BAYSHOR,37.76808
2017-09-07 07:00:00+00:00,BAYSHOR,35.32812
2017-09-07 08:00:00+00:00,BAYSHOR,32.22053
2017-09-07 09:00:00+00:00,BAYSHOR,29.68417
2017-09-07 10:00:00+00:00,BAYSHOR,29.07683
2017-09-07 11:00:00+00:00,BAYSHOR,30.45275
2017-09-07 12:00:00+00:00,BAYSHOR,35.92263
2017-09-07 13:00:00+00:00,BAYSHOR,41.8012
2017-09-07 14:00:00+00:00,BAYSHOR,44.08539
2017-09-07 15:00:00+00:00,BAYSHOR,40.73149
2017-09-07 16:00:00+00:00,BAYSHOR,39.5913
2017-09-07 17:00:00+00:00,BAYSHOR,42.46939
2017-09-07 18:00:00+00:00,BAYSHOR,43.48551
2017-09-07 19:00:00+00:00,BAYSHOR,41.25793
2017-09-07 20:00:00+00:00,BAYSHOR,41.84043
2017-09-07 21:00:00+00:00,BAYSHOR,43.20207
2017-09-07 22:00:00+00:00,BAYSHOR,46.21281
2017-09-07 23:00:00+00:00,BAYSHOR,49.67157
2017-09-08 00:00:00+00:00,BAYSHOR,53.3716
2017-09-08 01:00:00+00:00,BAYSHOR,66.00822
2017-09-08 02:00:00+00:00,BAYSHOR,56.05542
2017-09-08 03:00:00+00:00,BAYSHOR,52.26818
2017-09-08 04:00:00+00:00,BAYSHOR,44.66793
2017-09-08 05:00:00+00:00,BAYSHOR,40.94838
2017-09-08 06:00:00+00:00,BAYSHOR,36.86503
2017-09-08 07:00:00+00:00,BAYSHOR,33.36787
2017-09-08 08:00:00+00:00,BAYSHOR,30.11722
2017-09-08 09:00:00+00:00,BAYSHOR,29.04132
2017-09-08 10:00:00+00:00,BAYSHOR,28.60187
2017-09-08 11:00:00+00:00,BAYSHOR,29.67852
2017-09-08 12:00:00+00:00,BAYSHOR,33.82173
2017-09-08 13:00:00+00:00,BAYSHOR,40.02926
2017-09-08 14:00:00+00:00,BAYSHOR,42.01513
2017-09-08 15:00:00+00:00,BAYSHOR,33.07626
2017-09-08 16:00:00+00:00,BAYSHOR,33.03556
2017-09-08 17:00:00+00:00,BAYSHOR,35.33961
2017-09-08 18:00:00+00:00,BAYSHOR,37.27248
2017-09-08 19:00:00+00:00,BAYSHOR,37.31175
2017-09-08 20:00:00+00:00,BAYSHOR,40.39495
2017-09-08 21:00:00+00:00,BAYSHOR,41.35315
2017-09-08 22:00:00+00:00,BAYSHOR,42.48112
2017-09-08 23:00:00+00:00,BAYSHOR,48.69421
2017-09-09 00:00:00+00:00,BAYSHOR,52.06112
2017-09-09 01:00:00+00:00,BAYSHOR,61.19216
2017-09-09 02:00:00+00:00,BAYSHOR,54.310480000000005
2017-09-09 03:00:00+00:00,BAYSHOR,50.63213
2017-09-09 04:00:00+00:00,BAYSHOR,44.44049
2017-09-09 05:00:00+00:00,BAYSHOR,38.15858
2017-09-09 06:00:00+00:00,BAYSHOR,33.61586
2017-09-09 07:00:00+00:00,BAYSHOR,32.50131
2017-09-09 08:00:00+00:00,BAYSHOR,31.2871
2017-09-09 09:00:00+00:00,BAYSHOR,31.21386
2017-09-09 10:00:00+00:00,BAYSHOR,30.15255
2017-09-09 11:00:00+00:00,BAYSHOR,31.85433
2017-09-09 12:00:00+00:00,BAYSHOR,33.99683
2017-09-09 13:00:00+00:00,BAYSHOR,32.92731
2017-09-09 14:00:00+00:00,BAYSHOR,31.70977
2017-09-09 15:00:00+00:00,BAYSHOR,26.67062
2017-09-09 16:00:00+00:00,BAYSHOR,23.57008
2017-09-09 17:00:00+00:00,BAYSHOR,24.21011
2017-09-09 18:00:00+00:00,BAYSHOR,26.32092
2017-09-09 19:00:00+00:00,BAYSHOR,28.80419
2017-09-09 20:00:00+00:00,BAYSHOR,31.54881
2017-09-09 21:00:00+00:00,BAYSHOR,34.168859999999995
2017-09-09 22:00:00+00:00,BAYSHOR,36.51096
2017-09-09 23:00:00+00:00,BAYSHOR,39.44429
2017-09-10 00:00:00+00:00,BAYSHOR,44.09641
2017-09-10 01:00:00+00:00,BAYSHOR,55.00736
2017-09-10 02:00:00+00:00,BAYSHOR,63.19024
2017-09-10 03:00:00+00:00,BAYSHOR,48.47436
2017-09-10 04:00:00+00:00,BAYSHOR,42.2653
2017-09-10 05:00:00+00:00,BAYSHOR,37.33143
2017-09-10 06:00:00+00:00,BAYSHOR,33.88743
2017-09-10 07:00:00+00:00,BAYSHOR,34.14525
2017-09-10 08:00:00+00:00,BAYSHOR,32.82877
2017-09-10 09:00:00+00:00,BAYSHOR,30.74299
2017-09-10 10:00:00+00:00,BAYSHOR,30.23261
2017-09-10 11:00:00+00:00,BAYSHOR,30.14981
2017-09-10 12:00:00+00:00,BAYSHOR,30.54125
2017-09-10 13:00:00+00:00,BAYSHOR,30.42573
2017-09-10 14:00:00+00:00,BAYSHOR,29.836990000000004
2017-09-10 15:00:00+00:00,BAYSHOR,24.47823
2017-09-10 16:00:00+00:00,BAYSHOR,30.1169
2017-09-10 17:00:00+00:00,BAYSHOR,31.87311
2017-09-10 18:00:00+00:00,BAYSHOR,35.9229
2017-09-10 19:00:00+00:00,BAYSHOR,35.60767
2017-09-10 20:00:00+00:00,BAYSHOR,36.86423
2017-09-10 21:00:00+00:00,BAYSHOR,37.96703
2017-09-10 22:00:00+00:00,BAYSHOR,42.87879
2017-09-10 23:00:00+00:00,BAYSHOR,48.79412
2017-09-11 00:00:00+00:00,BAYSHOR,57.88117
2017-09-11 01:00:00+00:00,BAYSHOR,88.62644
2017-09-11 02:00:00+00:00,BAYSHOR,79.59764
2017-09-11 03:00:00+00:00,BAYSHOR,55.56237
2017-09-11 04:00:00+00:00,BAYSHOR,46.11532
2017-09-11 05:00:00+00:00,BAYSHOR,39.64578
2017-09-11 06:00:00+00:00,BAYSHOR,35.57902
2017-09-11 07:00:00+00:00,BAYSHOR,32.54829
2017-09-11 08:00:00+00:00,BAYSHOR,29.9106
2017-09-11 09:00:00+00:00,BAYSHOR,29.08443
2017-09-11 10:00:00+00:00,BAYSHOR,28.834940000000003
2017-09-11 11:00:00+00:00,BAYSHOR,29.37955
2017-09-11 12:00:00+00:00,BAYSHOR,30.92168
2017-09-11 13:00:00+00:00,BAYSHOR,37.29626
2017-09-11 14:00:00+00:00,BAYSHOR,39.47539
2017-09-11 15:00:00+00:00,BAYSHOR,38.50052
2017-09-11 16:00:00+00:00,BAYSHOR,36.76936
2017-09-11 17:00:00+00:00,BAYSHOR,39.00118
2017-09-11 18:00:00+00:00,BAYSHOR,42.84902
2017-09-11 19:00:00+00:00,BAYSHOR,41.05666
2017-09-11 20:00:00+00:00,BAYSHOR,46.64039
2017-09-11 21:00:00+00:00,BAYSHOR,51.70927
2017-09-11 22:00:00+00:00,BAYSHOR,57.89235
2017-09-11 23:00:00+00:00,BAYSHOR,61.76166
2017-09-12 00:00:00+00:00,BAYSHOR,80.57
2017-09-12 01:00:00+00:00,BAYSHOR,121.0
2017-09-12 02:00:00+00:00,BAYSHOR,90.12
2017-09-12 03:00:00+00:00,BAYSHOR,59.05315
2017-09-12 04:00:00+00:00,BAYSHOR,48.5818
2017-09-12 05:00:00+00:00,BAYSHOR,42.38412
2017-09-12 06:00:00+00:00,BAYSHOR,37.39204
2017-09-12 07:00:00+00:00,BAYSHOR,35.99074
2017-09-12 08:00:00+00:00,BAYSHOR,33.13727
2017-09-12 09:00:00+00:00,BAYSHOR,30.43167
2017-09-12 10:00:00+00:00,BAYSHOR,29.4691
2017-09-12 11:00:00+00:00,BAYSHOR,30.16299
2017-09-12 12:00:00+00:00,BAYSHOR,34.15938
2017-09-12 13:00:00+00:00,BAYSHOR,40.80411
2017-09-12 14:00:00+00:00,BAYSHOR,40.90862
2017-09-12 15:00:00+00:00,BAYSHOR,35.42418
2017-09-12 16:00:00+00:00,BAYSHOR,34.41491
2017-09-12 17:00:00+00:00,BAYSHOR,34.91408
2017-09-12 18:00:00+00:00,BAYSHOR,39.83573
2017-09-12 19:00:00+00:00,BAYSHOR,39.65165
2017-09-12 20:00:00+00:00,BAYSHOR,41.44501
2017-09-12 21:00:00+00:00,BAYSHOR,45.87806
2017-09-12 22:00:00+00:00,BAYSHOR,50.04809
2017-09-12 23:00:00+00:00,BAYSHOR,52.54867
2017-09-13 00:00:00+00:00,BAYSHOR,61.64471999999999
2017-09-13 01:00:00+00:00,BAYSHOR,88.93457
2017-09-13 02:00:00+00:00,BAYSHOR,67.77051999999999
2017-09-13 03:00:00+00:00,BAYSHOR,51.46614
2017-09-13 04:00:00+00:00,BAYSHOR,47.79977
2017-09-13 05:00:00+00:00,BAYSHOR,42.07552
2017-09-13 06:00:00+00:00,BAYSHOR,36.89563
2017-09-13 07:00:00+00:00,BAYSHOR,33.33253
2017-09-13 08:00:00+00:00,BAYSHOR,30.33721
2017-09-13 09:00:00+00:00,BAYSHOR,28.83865
2017-09-13 10:00:00+00:00,BAYSHOR,28.16729
2017-09-13 11:00:00+00:00,BAYSHOR,29.04378
2017-09-13 12:00:00+00:00,BAYSHOR,33.28135
2017-09-13 13:00:00+00:00,BAYSHOR,43.041
2017-09-13 14:00:00+00:00,BAYSHOR,44.41094
2017-09-13 15:00:00+00:00,BAYSHOR,33.20826
2017-09-13 16:00:00+00:00,BAYSHOR,32.81125
2017-09-13 17:00:00+00:00,BAYSHOR,33.46928
2017-09-13 18:00:00+00:00,BAYSHOR,39.57203
2017-09-13 19:00:00+00:00,BAYSHOR,39.08517
2017-09-13 20:00:00+00:00,BAYSHOR,38.80338
2017-09-13 21:00:00+00:00,BAYSHOR,40.43282
2017-09-13 22:00:00+00:00,BAYSHOR,41.69039
2017-09-13 23:00:00+00:00,BAYSHOR,47.32585
2017-09-14 00:00:00+00:00,BAYSHOR,53.96395
2017-09-14 01:00:00+00:00,BAYSHOR,67.00823000000001
2017-09-14 02:00:00+00:00,BAYSHOR,64.71369
2017-09-14 03:00:00+00:00,BAYSHOR,55.29476
2017-09-14 04:00:00+00:00,BAYSHOR,43.04682
2017-09-14 05:00:00+00:00,BAYSHOR,37.2401
2017-09-14 06:00:00+00:00,BAYSHOR,34.39602
2017-09-14 07:00:00+00:00,BAYSHOR,31.27037
2017-09-14 08:00:00+00:00,BAYSHOR,29.02297
2017-09-14 09:00:00+00:00,BAYSHOR,27.40541
2017-09-14 10:00:00+00:00,BAYSHOR,27.07383
2017-09-14 11:00:00+00:00,BAYSHOR,27.69903
2017-09-14 12:00:00+00:00,BAYSHOR,32.76351
2017-09-14 13:00:00+00:00,BAYSHOR,47.54728
2017-09-14 14:00:00+00:00,BAYSHOR,46.52105
2017-09-14 15:00:00+00:00,BAYSHOR,35.93058
2017-09-14 16:00:00+00:00,BAYSHOR,36.32723
2017-09-14 17:00:00+00:00,BAYSHOR,35.939809999999994
2017-09-14 18:00:00+00:00,BAYSHOR,39.52241
2017-09-14 19:00:00+00:00,BAYSHOR,33.87093
2017-09-14 20:00:00+00:00,BAYSHOR,34.91986
2017-09-14 21:00:00+00:00,BAYSHOR,36.58764
2017-09-14 22:00:00+00:00,BAYSHOR,40.19078
2017-09-14 23:00:00+00:00,BAYSHOR,52.749390000000005
2017-09-15 00:00:00+00:00,BAYSHOR,49.43399
2017-09-15 01:00:00+00:00,BAYSHOR,57.49258
2017-09-15 02:00:00+00:00,BAYSHOR,62.47665
2017-09-15 03:00:00+00:00,BAYSHOR,54.4382
2017-09-15 04:00:00+00:00,BAYSHOR,38.49508
2017-09-15 05:00:00+00:00,BAYSHOR,37.19449
2017-09-15 06:00:00+00:00,BAYSHOR,33.7986
2017-09-15 07:00:00+00:00,BAYSHOR,27.06678
2017-09-15 08:00:00+00:00,BAYSHOR,26.51094
2017-09-15 09:00:00+00:00,BAYSHOR,27.13172
2017-09-15 10:00:00+00:00,BAYSHOR,26.08843
2017-09-15 11:00:00+00:00,BAYSHOR,28.11453
2017-09-15 12:00:00+00:00,BAYSHOR,31.58838
2017-09-15 13:00:00+00:00,BAYSHOR,43.15794
2017-09-15 14:00:00+00:00,BAYSHOR,40.52202
2017-09-15 15:00:00+00:00,BAYSHOR,30.61531
2017-09-15 16:00:00+00:00,BAYSHOR,29.54574
2017-09-15 17:00:00+00:00,BAYSHOR,28.79773
2017-09-15 18:00:00+00:00,BAYSHOR,30.98318
2017-09-15 19:00:00+00:00,BAYSHOR,30.30066
2017-09-15 20:00:00+00:00,BAYSHOR,32.19314
2017-09-15 21:00:00+00:00,BAYSHOR,33.194720000000004
2017-09-15 22:00:00+00:00,BAYSHOR,35.7325
2017-09-15 23:00:00+00:00,BAYSHOR,41.7583
2017-09-16 00:00:00+00:00,BAYSHOR,46.05999
2017-09-16 01:00:00+00:00,BAYSHOR,56.00261
2017-09-16 02:00:00+00:00,BAYSHOR,60.53681
2017-09-16 03:00:00+00:00,BAYSHOR,48.26276
2017-09-16 04:00:00+00:00,BAYSHOR,38.01508
2017-09-16 05:00:00+00:00,BAYSHOR,34.38277
2017-09-16 06:00:00+00:00,BAYSHOR,32.17585
2017-09-16 07:00:00+00:00,BAYSHOR,34.84502
2017-09-16 08:00:00+00:00,BAYSHOR,30.13314
2017-09-16 09:00:00+00:00,BAYSHOR,31.03476
2017-09-16 10:00:00+00:00,BAYSHOR,30.665740000000003
2017-09-16 11:00:00+00:00,BAYSHOR,30.98378
2017-09-16 12:00:00+00:00,BAYSHOR,34.199
2017-09-16 13:00:00+00:00,BAYSHOR,36.3511
2017-09-16 14:00:00+00:00,BAYSHOR,33.32391
2017-09-16 15:00:00+00:00,BAYSHOR,24.22874
2017-09-16 16:00:00+00:00,BAYSHOR,20.15989
2017-09-16 17:00:00+00:00,BAYSHOR,21.5435
2017-09-16 18:00:00+00:00,BAYSHOR,23.91977
2017-09-16 19:00:00+00:00,BAYSHOR,26.364490000000004
2017-09-16 20:00:00+00:00,BAYSHOR,29.95975
2017-09-16 21:00:00+00:00,BAYSHOR,34.72211
2017-09-16 22:00:00+00:00,BAYSHOR,37.25152
2017-09-16 23:00:00+00:00,BAYSHOR,40.84348
2017-09-17 00:00:00+00:00,BAYSHOR,47.81057
2017-09-17 01:00:00+00:00,BAYSHOR,57.20397
2017-09-17 02:00:00+00:00,BAYSHOR,63.4533
2017-09-17 03:00:00+00:00,BAYSHOR,49.05148
2017-09-17 04:00:00+00:00,BAYSHOR,37.93881
2017-09-17 05:00:00+00:00,BAYSHOR,36.19886
2017-09-17 06:00:00+00:00,BAYSHOR,31.44008
2017-09-17 07:00:00+00:00,BAYSHOR,30.11735
2017-09-17 08:00:00+00:00,BAYSHOR,28.52914
2017-09-17 09:00:00+00:00,BAYSHOR,31.17264
2017-09-17 10:00:00+00:00,BAYSHOR,30.0859
2017-09-17 11:00:00+00:00,BAYSHOR,28.9442
2017-09-17 12:00:00+00:00,BAYSHOR,29.974840000000004
2017-09-17 13:00:00+00:00,BAYSHOR,30.59519
2017-09-17 14:00:00+00:00,BAYSHOR,27.17198
2017-09-17 15:00:00+00:00,BAYSHOR,19.67043
2017-09-17 16:00:00+00:00,BAYSHOR,15.80655
2017-09-17 17:00:00+00:00,BAYSHOR,14.90566
2017-09-17 18:00:00+00:00,BAYSHOR,16.93093
2017-09-17 19:00:00+00:00,BAYSHOR,19.3433
2017-09-17 20:00:00+00:00,BAYSHOR,20.05951
2017-09-17 21:00:00+00:00,BAYSHOR,21.64494
2017-09-17 22:00:00+00:00,BAYSHOR,27.521040000000003
2017-09-17 23:00:00+00:00,BAYSHOR,29.256390000000003
2017-09-18 00:00:00+00:00,BAYSHOR,38.54403
2017-09-18 01:00:00+00:00,BAYSHOR,52.72445
2017-09-18 02:00:00+00:00,BAYSHOR,57.299380000000006
2017-09-18 03:00:00+00:00,BAYSHOR,49.06422
2017-09-18 04:00:00+00:00,BAYSHOR,37.2749
2017-09-18 05:00:00+00:00,BAYSHOR,33.54684
2017-09-18 06:00:00+00:00,BAYSHOR,31.33887
2017-09-18 07:00:00+00:00,BAYSHOR,27.5477
2017-09-18 08:00:00+00:00,BAYSHOR,26.9509
2017-09-18 09:00:00+00:00,BAYSHOR,26.66898
2017-09-18 10:00:00+00:00,BAYSHOR,26.600990000000003
2017-09-18 11:00:00+00:00,BAYSHOR,27.1231
2017-09-18 12:00:00+00:00,BAYSHOR,30.5759
2017-09-18 13:00:00+00:00,BAYSHOR,41.66583
2017-09-18 14:00:00+00:00,BAYSHOR,39.86702
2017-09-18 15:00:00+00:00,BAYSHOR,28.79428
2017-09-18 16:00:00+00:00,BAYSHOR,26.49919
2017-09-18 17:00:00+00:00,BAYSHOR,51.27652
2017-09-18 18:00:00+00:00,BAYSHOR,27.544290000000004
2017-09-18 19:00:00+00:00,BAYSHOR,26.14891
2017-09-18 20:00:00+00:00,BAYSHOR,27.46513
2017-09-18 21:00:00+00:00,BAYSHOR,28.51083
2017-09-18 22:00:00+00:00,BAYSHOR,28.33535
2017-09-18 23:00:00+00:00,BAYSHOR,29.50301
2017-09-19 00:00:00+00:00,BAYSHOR,39.03272
2017-09-19 01:00:00+00:00,BAYSHOR,52.728190000000005
2017-09-19 02:00:00+00:00,BAYSHOR,64.07785
2017-09-19 03:00:00+00:00,BAYSHOR,52.099540000000005
2017-09-19 04:00:00+00:00,BAYSHOR,37.72453
2017-09-19 05:00:00+00:00,BAYSHOR,34.71804
2017-09-19 06:00:00+00:00,BAYSHOR,32.07142
2017-09-19 07:00:00+00:00,BAYSHOR,28.22481
2017-09-19 08:00:00+00:00,BAYSHOR,28.86015
2017-09-19 09:00:00+00:00,BAYSHOR,27.76482
2017-09-19 10:00:00+00:00,BAYSHOR,26.9325
2017-09-19 11:00:00+00:00,BAYSHOR,27.95626
2017-09-19 12:00:00+00:00,BAYSHOR,34.306059999999995
2017-09-19 13:00:00+00:00,BAYSHOR,47.192890000000006
2017-09-19 14:00:00+00:00,BAYSHOR,38.28847
2017-09-19 15:00:00+00:00,BAYSHOR,30.855320000000003
2017-09-19 16:00:00+00:00,BAYSHOR,26.01
2017-09-19 17:00:00+00:00,BAYSHOR,26.85978
2017-09-19 18:00:00+00:00,BAYSHOR,25.83526
2017-09-19 19:00:00+00:00,BAYSHOR,38.95723
2017-09-19 20:00:00+00:00,BAYSHOR,45.34615
2017-09-19 21:00:00+00:00,BAYSHOR,53.67279
2017-09-19 22:00:00+00:00,BAYSHOR,37.77185
2017-09-19 23:00:00+00:00,BAYSHOR,54.10061
2017-09-20 00:00:00+00:00,BAYSHOR,65.70432
2017-09-20 01:00:00+00:00,BAYSHOR,53.17856999999999
2017-09-20 02:00:00+00:00,BAYSHOR,60.52713000000001
2017-09-20 03:00:00+00:00,BAYSHOR,52.13925
2017-09-20 04:00:00+00:00,BAYSHOR,39.79842
2017-09-20 05:00:00+00:00,BAYSHOR,36.19163
2017-09-20 06:00:00+00:00,BAYSHOR,31.17065
2017-09-20 07:00:00+00:00,BAYSHOR,28.53131
2017-09-20 08:00:00+00:00,BAYSHOR,28.63597
2017-09-20 09:00:00+00:00,BAYSHOR,27.59293
2017-09-20 10:00:00+00:00,BAYSHOR,27.55961
2017-09-20 11:00:00+00:00,BAYSHOR,26.8643
2017-09-20 12:00:00+00:00,BAYSHOR,31.79718
2017-09-20 13:00:00+00:00,BAYSHOR,42.56638
2017-09-20 14:00:00+00:00,BAYSHOR,42.65573
2017-09-20 15:00:00+00:00,BAYSHOR,46.93183
2017-09-20 16:00:00+00:00,BAYSHOR,40.81255
2017-09-20 17:00:00+00:00,BAYSHOR,34.30543
2017-09-20 18:00:00+00:00,BAYSHOR,38.73321
2017-09-20 19:00:00+00:00,BAYSHOR,42.22933
2017-09-20 20:00:00+00:00,BAYSHOR,41.43144
2017-09-20 21:00:00+00:00,BAYSHOR,39.94742
2017-09-20 22:00:00+00:00,BAYSHOR,39.58641
2017-09-20 23:00:00+00:00,BAYSHOR,42.97121
2017-09-21 00:00:00+00:00,BAYSHOR,82.03744
2017-09-21 01:00:00+00:00,BAYSHOR,53.40294
2017-09-21 02:00:00+00:00,BAYSHOR,61.60366
2017-09-21 03:00:00+00:00,BAYSHOR,57.15427
2017-09-21 04:00:00+00:00,BAYSHOR,42.32033
2017-09-21 05:00:00+00:00,BAYSHOR,36.5615
2017-09-21 06:00:00+00:00,BAYSHOR,31.020540000000004
2017-09-21 07:00:00+00:00,BAYSHOR,29.48921
2017-09-21 08:00:00+00:00,BAYSHOR,28.64167
2017-09-21 09:00:00+00:00,BAYSHOR,27.81916
2017-09-21 10:00:00+00:00,BAYSHOR,27.63915
2017-09-21 11:00:00+00:00,BAYSHOR,28.76012
2017-09-21 12:00:00+00:00,BAYSHOR,32.05723
2017-09-21 13:00:00+00:00,BAYSHOR,45.31291
2017-09-21 14:00:00+00:00,BAYSHOR,47.76263
2017-09-21 15:00:00+00:00,BAYSHOR,33.99589
2017-09-21 16:00:00+00:00,BAYSHOR,32.96605
2017-09-21 17:00:00+00:00,BAYSHOR,28.7861
2017-09-21 18:00:00+00:00,BAYSHOR,28.24997
2017-09-21 19:00:00+00:00,BAYSHOR,27.00613
2017-09-21 20:00:00+00:00,BAYSHOR,25.63331
2017-09-21 21:00:00+00:00,BAYSHOR,24.46833
2017-09-21 22:00:00+00:00,BAYSHOR,29.00365
2017-09-21 23:00:00+00:00,BAYSHOR,31.525
2017-09-22 00:00:00+00:00,BAYSHOR,36.75425
2017-09-22 01:00:00+00:00,BAYSHOR,47.46164
2017-09-22 02:00:00+00:00,BAYSHOR,58.38848
2017-09-22 03:00:00+00:00,BAYSHOR,51.93398
2017-09-22 04:00:00+00:00,BAYSHOR,39.3407
2017-09-22 05:00:00+00:00,BAYSHOR,33.84312
2017-09-22 06:00:00+00:00,BAYSHOR,30.2652
2017-09-22 07:00:00+00:00,BAYSHOR,29.42593
2017-09-22 08:00:00+00:00,BAYSHOR,29.04026
2017-09-22 09:00:00+00:00,BAYSHOR,28.44752
2017-09-22 10:00:00+00:00,BAYSHOR,27.86765
2017-09-22 11:00:00+00:00,BAYSHOR,30.12418
2017-09-22 12:00:00+00:00,BAYSHOR,34.33402
2017-09-22 13:00:00+00:00,BAYSHOR,45.20595
2017-09-22 14:00:00+00:00,BAYSHOR,44.56883
2017-09-22 15:00:00+00:00,BAYSHOR,39.68248
2017-09-22 16:00:00+00:00,BAYSHOR,39.96703
2017-09-22 17:00:00+00:00,BAYSHOR,32.61878
2017-09-22 18:00:00+00:00,BAYSHOR,34.16438
2017-09-22 19:00:00+00:00,BAYSHOR,30.07373
2017-09-22 20:00:00+00:00,BAYSHOR,35.68441
2017-09-22 21:00:00+00:00,BAYSHOR,32.22046
2017-09-22 22:00:00+00:00,BAYSHOR,30.97209
2017-09-22 23:00:00+00:00,BAYSHOR,32.88756
2017-09-23 00:00:00+00:00,BAYSHOR,35.526070000000004
2017-09-23 01:00:00+00:00,BAYSHOR,44.42223
2017-09-23 02:00:00+00:00,BAYSHOR,58.84678
2017-09-23 03:00:00+00:00,BAYSHOR,47.84608
2017-09-23 04:00:00+00:00,BAYSHOR,40.147870000000005
2017-09-23 05:00:00+00:00,BAYSHOR,35.85512
2017-09-23 06:00:00+00:00,BAYSHOR,33.24131
2017-09-23 07:00:00+00:00,BAYSHOR,30.06398
2017-09-23 08:00:00+00:00,BAYSHOR,28.71443
2017-09-23 09:00:00+00:00,BAYSHOR,30.7016
2017-09-23 10:00:00+00:00,BAYSHOR,29.92105
2017-09-23 11:00:00+00:00,BAYSHOR,30.37522
2017-09-23 12:00:00+00:00,BAYSHOR,32.0234
2017-09-23 13:00:00+00:00,BAYSHOR,30.93423
2017-09-23 14:00:00+00:00,BAYSHOR,29.07881
2017-09-23 15:00:00+00:00,BAYSHOR,24.20327
2017-09-23 16:00:00+00:00,BAYSHOR,15.398279999999998
2017-09-23 17:00:00+00:00,BAYSHOR,7.05097
2017-09-23 18:00:00+00:00,BAYSHOR,8.640939999999999
2017-09-23 19:00:00+00:00,BAYSHOR,10.78473
2017-09-23 20:00:00+00:00,BAYSHOR,14.59627
2017-09-23 21:00:00+00:00,BAYSHOR,16.87305
2017-09-23 22:00:00+00:00,BAYSHOR,20.71593
2017-09-23 23:00:00+00:00,BAYSHOR,25.70889
2017-09-24 00:00:00+00:00,BAYSHOR,30.76703
2017-09-24 01:00:00+00:00,BAYSHOR,43.648340000000005
2017-09-24 02:00:00+00:00,BAYSHOR,55.41964
2017-09-24 03:00:00+00:00,BAYSHOR,47.22394
2017-09-24 04:00:00+00:00,BAYSHOR,39.48251
2017-09-24 05:00:00+00:00,BAYSHOR,36.11899
2017-09-24 06:00:00+00:00,BAYSHOR,32.99852
2017-09-24 07:00:00+00:00,BAYSHOR,29.54757
2017-09-24 08:00:00+00:00,BAYSHOR,28.62988
2017-09-24 09:00:00+00:00,BAYSHOR,29.672490000000003
2017-09-24 10:00:00+00:00,BAYSHOR,29.82233
2017-09-24 11:00:00+00:00,BAYSHOR,29.66496
2017-09-24 12:00:00+00:00,BAYSHOR,32.49995
2017-09-24 13:00:00+00:00,BAYSHOR,31.89847
2017-09-24 14:00:00+00:00,BAYSHOR,28.93097
2017-09-24 15:00:00+00:00,BAYSHOR,16.88966
2017-09-24 16:00:00+00:00,BAYSHOR,9.18675
2017-09-24 17:00:00+00:00,BAYSHOR,7.1757100000000005
2017-09-24 18:00:00+00:00,BAYSHOR,6.44752
2017-09-24 19:00:00+00:00,BAYSHOR,10.49479
2017-09-24 20:00:00+00:00,BAYSHOR,19.54108
2017-09-24 21:00:00+00:00,BAYSHOR,23.24994
2017-09-24 22:00:00+00:00,BAYSHOR,21.81732
2017-09-24 23:00:00+00:00,BAYSHOR,27.19617
2017-09-25 00:00:00+00:00,BAYSHOR,36.396440000000005
2017-09-25 01:00:00+00:00,BAYSHOR,48.54266
2017-09-25 02:00:00+00:00,BAYSHOR,60.60128
2017-09-25 03:00:00+00:00,BAYSHOR,47.76195
2017-09-25 04:00:00+00:00,BAYSHOR,39.89956
2017-09-25 05:00:00+00:00,BAYSHOR,35.81278
2017-09-25 06:00:00+00:00,BAYSHOR,30.095240000000004
2017-09-25 07:00:00+00:00,BAYSHOR,29.29677
2017-09-25 08:00:00+00:00,BAYSHOR,29.50846
2017-09-25 09:00:00+00:00,BAYSHOR,28.66531
2017-09-25 10:00:00+00:00,BAYSHOR,28.32303
2017-09-25 11:00:00+00:00,BAYSHOR,28.80932
2017-09-25 12:00:00+00:00,BAYSHOR,32.80815
2017-09-25 13:00:00+00:00,BAYSHOR,37.64582
2017-09-25 14:00:00+00:00,BAYSHOR,36.62522
2017-09-25 15:00:00+00:00,BAYSHOR,29.54549
2017-09-25 16:00:00+00:00,BAYSHOR,22.21978
2017-09-25 17:00:00+00:00,BAYSHOR,22.11767
2017-09-25 18:00:00+00:00,BAYSHOR,23.55093
2017-09-25 19:00:00+00:00,BAYSHOR,26.83128
2017-09-25 20:00:00+00:00,BAYSHOR,28.94485
2017-09-25 21:00:00+00:00,BAYSHOR,31.17792
2017-09-25 22:00:00+00:00,BAYSHOR,33.4912
2017-09-25 23:00:00+00:00,BAYSHOR,38.08315
2017-09-26 00:00:00+00:00,BAYSHOR,44.92536
2017-09-26 01:00:00+00:00,BAYSHOR,63.330180000000006
2017-09-26 02:00:00+00:00,BAYSHOR,70.76301
2017-09-26 03:00:00+00:00,BAYSHOR,52.71401
2017-09-26 04:00:00+00:00,BAYSHOR,40.97818
2017-09-26 05:00:00+00:00,BAYSHOR,36.47228
2017-09-26 06:00:00+00:00,BAYSHOR,32.08538
2017-09-26 07:00:00+00:00,BAYSHOR,32.94614
2017-09-26 08:00:00+00:00,BAYSHOR,31.058090000000004
2017-09-26 09:00:00+00:00,BAYSHOR,29.53381
2017-09-26 10:00:00+00:00,BAYSHOR,28.81413
2017-09-26 11:00:00+00:00,BAYSHOR,28.95565
2017-09-26 12:00:00+00:00,BAYSHOR,33.41169
2017-09-26 13:00:00+00:00,BAYSHOR,40.34141
2017-09-26 14:00:00+00:00,BAYSHOR,39.97743
2017-09-26 15:00:00+00:00,BAYSHOR,29.65679
2017-09-26 16:00:00+00:00,BAYSHOR,29.74821
2017-09-26 17:00:00+00:00,BAYSHOR,29.47878
2017-09-26 18:00:00+00:00,BAYSHOR,32.44614
2017-09-26 19:00:00+00:00,BAYSHOR,32.401720000000005
2017-09-26 20:00:00+00:00,BAYSHOR,35.58925
2017-09-26 21:00:00+00:00,BAYSHOR,37.13186
2017-09-26 22:00:00+00:00,BAYSHOR,38.91856
2017-09-26 23:00:00+00:00,BAYSHOR,39.21216
2017-09-27 00:00:00+00:00,BAYSHOR,54.08957
2017-09-27 01:00:00+00:00,BAYSHOR,76.033
2017-09-27 02:00:00+00:00,BAYSHOR,76.59532
2017-09-27 03:00:00+00:00,BAYSHOR,53.81771
2017-09-27 04:00:00+00:00,BAYSHOR,42.83046
2017-09-27 05:00:00+00:00,BAYSHOR,37.3132
2017-09-27 06:00:00+00:00,BAYSHOR,35.63736
2017-09-27 07:00:00+00:00,BAYSHOR,32.638659999999994
2017-09-27 08:00:00+00:00,BAYSHOR,31.0973
2017-09-27 09:00:00+00:00,BAYSHOR,30.07533
2017-09-27 10:00:00+00:00,BAYSHOR,29.03532
2017-09-27 11:00:00+00:00,BAYSHOR,29.7263
2017-09-27 12:00:00+00:00,BAYSHOR,32.20212
2017-09-27 13:00:00+00:00,BAYSHOR,39.16037
2017-09-27 14:00:00+00:00,BAYSHOR,37.83986
2017-09-27 15:00:00+00:00,BAYSHOR,30.33335
2017-09-27 16:00:00+00:00,BAYSHOR,29.51081
2017-09-27 17:00:00+00:00,BAYSHOR,31.114390000000004
2017-09-27 18:00:00+00:00,BAYSHOR,34.21582
2017-09-27 19:00:00+00:00,BAYSHOR,38.85811
2017-09-27 20:00:00+00:00,BAYSHOR,35.74593
2017-09-27 21:00:00+00:00,BAYSHOR,43.48764
2017-09-27 22:00:00+00:00,BAYSHOR,42.14517
2017-09-27 23:00:00+00:00,BAYSHOR,46.49081
2017-09-28 00:00:00+00:00,BAYSHOR,55.54564
2017-09-28 01:00:00+00:00,BAYSHOR,72.48496
2017-09-28 02:00:00+00:00,BAYSHOR,79.36791
2017-09-28 03:00:00+00:00,BAYSHOR,51.4635
2017-09-28 04:00:00+00:00,BAYSHOR,41.67706
2017-09-28 05:00:00+00:00,BAYSHOR,37.3558
2017-09-28 06:00:00+00:00,BAYSHOR,33.74733
2017-09-28 07:00:00+00:00,BAYSHOR,31.11246
2017-09-28 08:00:00+00:00,BAYSHOR,30.13298
2017-09-28 09:00:00+00:00,BAYSHOR,29.57323
2017-09-28 10:00:00+00:00,BAYSHOR,28.84131
2017-09-28 11:00:00+00:00,BAYSHOR,29.03974
2017-09-28 12:00:00+00:00,BAYSHOR,30.95323
2017-09-28 13:00:00+00:00,BAYSHOR,37.28906
2017-09-28 14:00:00+00:00,BAYSHOR,36.98874
2017-09-28 15:00:00+00:00,BAYSHOR,29.62507
2017-09-28 16:00:00+00:00,BAYSHOR,28.31465
2017-09-28 17:00:00+00:00,BAYSHOR,29.40093
2017-09-28 18:00:00+00:00,BAYSHOR,31.61787
2017-09-28 19:00:00+00:00,BAYSHOR,36.28598
2017-09-28 20:00:00+00:00,BAYSHOR,37.21376
2017-09-28 21:00:00+00:00,BAYSHOR,44.33153
2017-09-28 22:00:00+00:00,BAYSHOR,41.32488
2017-09-28 23:00:00+00:00,BAYSHOR,48.43061
2017-09-29 00:00:00+00:00,BAYSHOR,54.43761
2017-09-29 01:00:00+00:00,BAYSHOR,72.28045999999999
2017-09-29 02:00:00+00:00,BAYSHOR,75.62775
2017-09-29 03:00:00+00:00,BAYSHOR,53.60194
2017-09-29 04:00:00+00:00,BAYSHOR,43.36731
2017-09-29 05:00:00+00:00,BAYSHOR,36.98558
2017-09-29 06:00:00+00:00,BAYSHOR,34.14569
2017-09-29 08:00:00+00:00,BAYSHOR,29.50774
2017-09-29 09:00:00+00:00,BAYSHOR,28.73712
2017-09-29 10:00:00+00:00,BAYSHOR,28.11608
2017-09-29 11:00:00+00:00,BAYSHOR,28.872390000000003
2017-09-29 12:00:00+00:00,BAYSHOR,31.78482
2017-09-29 13:00:00+00:00,BAYSHOR,40.27474
2017-09-29 14:00:00+00:00,BAYSHOR,37.82608
2017-09-29 15:00:00+00:00,BAYSHOR,28.60707
2017-09-29 16:00:00+00:00,BAYSHOR,26.87409
2017-09-29 17:00:00+00:00,BAYSHOR,27.14934
2017-09-29 18:00:00+00:00,BAYSHOR,28.74435
2017-09-29 19:00:00+00:00,BAYSHOR,29.30279
2017-09-29 20:00:00+00:00,BAYSHOR,30.26175
2017-09-29 21:00:00+00:00,BAYSHOR,31.64739
2017-09-29 22:00:00+00:00,BAYSHOR,32.52055
2017-09-29 23:00:00+00:00,BAYSHOR,32.38756
2017-09-30 00:00:00+00:00,BAYSHOR,46.09326
2017-09-30 01:00:00+00:00,BAYSHOR,60.43257
2017-09-30 02:00:00+00:00,BAYSHOR,61.07993
2017-09-30 03:00:00+00:00,BAYSHOR,46.35039
2017-09-30 04:00:00+00:00,BAYSHOR,37.53787
2017-09-30 05:00:00+00:00,BAYSHOR,34.08057
2017-09-30 07:00:00+00:00,BAYSHOR,31.522240000000004
2017-09-30 08:00:00+00:00,BAYSHOR,30.27157
2017-09-30 09:00:00+00:00,BAYSHOR,29.26043
2017-09-30 10:00:00+00:00,BAYSHOR,28.69971
2017-09-30 11:00:00+00:00,BAYSHOR,28.49067
2017-09-30 12:00:00+00:00,BAYSHOR,32.250640000000004
2017-09-30 13:00:00+00:00,BAYSHOR,32.12294
2017-09-30 14:00:00+00:00,BAYSHOR,30.285
2017-09-30 15:00:00+00:00,BAYSHOR,21.20537
2017-09-30 16:00:00+00:00,BAYSHOR,14.51873
2017-09-30 17:00:00+00:00,BAYSHOR,13.50974
2017-09-30 18:00:00+00:00,BAYSHOR,16.56979
2017-09-30 19:00:00+00:00,BAYSHOR,18.70552
2017-09-30 20:00:00+00:00,BAYSHOR,21.35205
2017-09-30 21:00:00+00:00,BAYSHOR,25.28028
2017-09-30 22:00:00+00:00,BAYSHOR,28.1519
2017-09-30 23:00:00+00:00,BAYSHOR,30.0753
2018-06-01 00:00:00+00:00,BAYSHOR,14.82339
2018-06-01 01:00:00+00:00,BAYSHOR,24.94375
2018-06-01 02:00:00+00:00,BAYSHOR,41.52111
2018-06-01 03:00:00+00:00,BAYSHOR,57.21563
2018-06-01 04:00:00+00:00,BAYSHOR,40.63427
2018-06-01 05:00:00+00:00,BAYSHOR,30.95509
2018-06-01 06:00:00+00:00,BAYSHOR,22.52508
2018-06-01 08:00:00+00:00,BAYSHOR,19.03968
2018-06-01 09:00:00+00:00,BAYSHOR,19.12058
2018-06-01 10:00:00+00:00,BAYSHOR,18.64475
2018-06-01 11:00:00+00:00,BAYSHOR,21.6364
2018-06-01 12:00:00+00:00,BAYSHOR,29.29476
2018-06-01 13:00:00+00:00,BAYSHOR,33.838640000000005
2018-06-01 14:00:00+00:00,BAYSHOR,23.5721
2018-06-01 15:00:00+00:00,BAYSHOR,17.46451
2018-06-01 16:00:00+00:00,BAYSHOR,17.44567
2018-06-01 17:00:00+00:00,BAYSHOR,17.918879999999998
2018-06-01 18:00:00+00:00,BAYSHOR,17.85803
2018-06-01 19:00:00+00:00,BAYSHOR,17.221729999999997
2018-06-01 20:00:00+00:00,BAYSHOR,19.03181
2018-06-01 21:00:00+00:00,BAYSHOR,22.41976
2018-06-01 22:00:00+00:00,BAYSHOR,22.43041
2018-06-01 23:00:00+00:00,BAYSHOR,22.656270000000003
2018-06-02 00:00:00+00:00,BAYSHOR,24.66201
2018-06-02 01:00:00+00:00,BAYSHOR,33.95479
2018-06-02 02:00:00+00:00,BAYSHOR,49.37534
2018-06-02 03:00:00+00:00,BAYSHOR,59.4914
2018-06-02 04:00:00+00:00,BAYSHOR,47.7597
2018-06-02 05:00:00+00:00,BAYSHOR,34.939029999999995
2018-06-02 06:00:00+00:00,BAYSHOR,30.81553
2018-06-02 07:00:00+00:00,BAYSHOR,32.377790000000005
2018-06-02 08:00:00+00:00,BAYSHOR,27.85193
2018-06-02 09:00:00+00:00,BAYSHOR,27.81414
2018-06-02 10:00:00+00:00,BAYSHOR,27.55551
2018-06-02 11:00:00+00:00,BAYSHOR,27.401290000000003
2018-06-02 12:00:00+00:00,BAYSHOR,32.50635
2018-06-02 13:00:00+00:00,BAYSHOR,21.32913
2018-06-02 14:00:00+00:00,BAYSHOR,11.14506
2018-06-02 15:00:00+00:00,BAYSHOR,7.395560000000001
2018-06-02 16:00:00+00:00,BAYSHOR,11.45441
2018-06-02 17:00:00+00:00,BAYSHOR,11.65697
2018-06-02 18:00:00+00:00,BAYSHOR,16.68834
2018-06-02 19:00:00+00:00,BAYSHOR,23.25446
2018-06-02 20:00:00+00:00,BAYSHOR,28.91898
2018-06-02 21:00:00+00:00,BAYSHOR,32.48986
2018-06-02 22:00:00+00:00,BAYSHOR,36.91276
2018-06-02 23:00:00+00:00,BAYSHOR,41.00173
2018-06-03 00:00:00+00:00,BAYSHOR,39.36217
2018-06-03 01:00:00+00:00,BAYSHOR,252.49802000000005
2018-06-03 02:00:00+00:00,BAYSHOR,83.17505
2018-06-03 03:00:00+00:00,BAYSHOR,70.27474000000001
2018-06-03 04:00:00+00:00,BAYSHOR,56.11879
2018-06-03 05:00:00+00:00,BAYSHOR,37.08918
2018-06-03 06:00:00+00:00,BAYSHOR,28.77031
2018-06-03 07:00:00+00:00,BAYSHOR,30.64443
2018-06-03 08:00:00+00:00,BAYSHOR,25.69718
2018-06-03 09:00:00+00:00,BAYSHOR,21.82804
2018-06-03 10:00:00+00:00,BAYSHOR,20.86865
2018-06-03 11:00:00+00:00,BAYSHOR,21.53861
2018-06-03 12:00:00+00:00,BAYSHOR,19.8068
2018-06-03 13:00:00+00:00,BAYSHOR,13.53098
2018-06-03 14:00:00+00:00,BAYSHOR,1.83752
2018-06-03 15:00:00+00:00,BAYSHOR,0.96934
2018-06-03 16:00:00+00:00,BAYSHOR,2.75656
2018-06-03 17:00:00+00:00,BAYSHOR,6.74706
2018-06-03 18:00:00+00:00,BAYSHOR,9.3843
2018-06-03 19:00:00+00:00,BAYSHOR,20.97933
2018-06-03 20:00:00+00:00,BAYSHOR,28.53985
2018-06-03 21:00:00+00:00,BAYSHOR,29.71056
2018-06-03 22:00:00+00:00,BAYSHOR,111.59806
2018-06-03 23:00:00+00:00,BAYSHOR,52.14473
2018-06-04 00:00:00+00:00,BAYSHOR,54.6929
2018-06-04 01:00:00+00:00,BAYSHOR,43.45757
2018-06-04 02:00:00+00:00,BAYSHOR,67.28137
2018-06-04 03:00:00+00:00,BAYSHOR,69.44887
2018-06-04 04:00:00+00:00,BAYSHOR,52.82169
2018-06-04 05:00:00+00:00,BAYSHOR,36.61214
2018-06-04 06:00:00+00:00,BAYSHOR,31.1529
2018-06-04 07:00:00+00:00,BAYSHOR,26.52078
2018-06-04 08:00:00+00:00,BAYSHOR,25.49664
2018-06-04 09:00:00+00:00,BAYSHOR,22.28483
2018-06-04 10:00:00+00:00,BAYSHOR,19.60142
2018-06-04 11:00:00+00:00,BAYSHOR,23.07186
2018-06-04 12:00:00+00:00,BAYSHOR,30.27056
2018-06-04 13:00:00+00:00,BAYSHOR,31.44043
2018-06-04 14:00:00+00:00,BAYSHOR,21.52347
2018-06-04 15:00:00+00:00,BAYSHOR,17.31626
2018-06-04 16:00:00+00:00,BAYSHOR,17.75528
2018-06-04 17:00:00+00:00,BAYSHOR,19.51109
2018-06-04 18:00:00+00:00,BAYSHOR,23.39424
2018-06-04 19:00:00+00:00,BAYSHOR,29.36486
2018-06-04 20:00:00+00:00,BAYSHOR,30.49645
2018-06-04 21:00:00+00:00,BAYSHOR,42.62523
2018-06-04 22:00:00+00:00,BAYSHOR,42.58102
2018-06-04 23:00:00+00:00,BAYSHOR,36.87086
2018-06-05 00:00:00+00:00,BAYSHOR,35.09353
2018-06-05 01:00:00+00:00,BAYSHOR,39.63573
2018-06-05 02:00:00+00:00,BAYSHOR,74.58830999999999
2018-06-05 03:00:00+00:00,BAYSHOR,60.81578
2018-06-05 04:00:00+00:00,BAYSHOR,47.40498
2018-06-05 05:00:00+00:00,BAYSHOR,34.2489
2018-06-05 06:00:00+00:00,BAYSHOR,28.61873
2018-06-05 07:00:00+00:00,BAYSHOR,28.772640000000003
2018-06-05 08:00:00+00:00,BAYSHOR,23.33526
2018-06-05 09:00:00+00:00,BAYSHOR,22.19904
2018-06-05 10:00:00+00:00,BAYSHOR,20.69707
2018-06-05 11:00:00+00:00,BAYSHOR,22.76889
2018-06-05 12:00:00+00:00,BAYSHOR,29.80562
2018-06-05 13:00:00+00:00,BAYSHOR,34.930040000000005
2018-06-05 14:00:00+00:00,BAYSHOR,28.17632
2018-06-05 15:00:00+00:00,BAYSHOR,20.45497
2018-06-05 16:00:00+00:00,BAYSHOR,20.0353
2018-06-05 17:00:00+00:00,BAYSHOR,21.80526
2018-06-05 18:00:00+00:00,BAYSHOR,22.19513
2018-06-05 19:00:00+00:00,BAYSHOR,22.22325
2018-06-05 20:00:00+00:00,BAYSHOR,24.57206
2018-06-05 21:00:00+00:00,BAYSHOR,29.8683
2018-06-05 22:00:00+00:00,BAYSHOR,28.31413
2018-06-05 23:00:00+00:00,BAYSHOR,32.844640000000005
2018-06-06 00:00:00+00:00,BAYSHOR,34.24222
2018-06-06 01:00:00+00:00,BAYSHOR,41.65164
2018-06-06 02:00:00+00:00,BAYSHOR,58.16404
2018-06-06 03:00:00+00:00,BAYSHOR,52.52457
2018-06-06 04:00:00+00:00,BAYSHOR,41.28771
2018-06-06 05:00:00+00:00,BAYSHOR,31.41654
2018-06-06 06:00:00+00:00,BAYSHOR,29.33077
2018-06-06 07:00:00+00:00,BAYSHOR,25.97047
2018-06-06 08:00:00+00:00,BAYSHOR,23.18087
2018-06-06 09:00:00+00:00,BAYSHOR,21.84879
2018-06-06 10:00:00+00:00,BAYSHOR,21.06485
2018-06-06 11:00:00+00:00,BAYSHOR,22.76938
2018-06-06 12:00:00+00:00,BAYSHOR,27.12412
2018-06-06 13:00:00+00:00,BAYSHOR,34.821740000000005
2018-06-06 14:00:00+00:00,BAYSHOR,30.9707
2018-06-06 15:00:00+00:00,BAYSHOR,26.75426
2018-06-06 16:00:00+00:00,BAYSHOR,61.231730000000006
2018-06-06 17:00:00+00:00,BAYSHOR,26.66482
2018-06-06 18:00:00+00:00,BAYSHOR,26.18828
2018-06-06 19:00:00+00:00,BAYSHOR,25.47313
2018-06-06 20:00:00+00:00,BAYSHOR,27.22713
2018-06-06 21:00:00+00:00,BAYSHOR,26.65416
2018-06-06 22:00:00+00:00,BAYSHOR,27.76451
2018-06-06 23:00:00+00:00,BAYSHOR,28.14457
2018-06-07 00:00:00+00:00,BAYSHOR,33.387440000000005
2018-06-07 01:00:00+00:00,BAYSHOR,41.40013
2018-06-07 02:00:00+00:00,BAYSHOR,54.22097
2018-06-07 03:00:00+00:00,BAYSHOR,51.843720000000005
2018-06-07 04:00:00+00:00,BAYSHOR,43.34933
2018-06-07 05:00:00+00:00,BAYSHOR,30.3248
2018-06-07 06:00:00+00:00,BAYSHOR,25.51169
2018-06-07 07:00:00+00:00,BAYSHOR,21.93735
2018-06-07 08:00:00+00:00,BAYSHOR,19.49233
2018-06-07 09:00:00+00:00,BAYSHOR,20.61728
2018-06-07 10:00:00+00:00,BAYSHOR,19.2646
2018-06-07 11:00:00+00:00,BAYSHOR,20.15803
2018-06-07 12:00:00+00:00,BAYSHOR,24.02431
2018-06-07 13:00:00+00:00,BAYSHOR,28.17258
2018-06-07 14:00:00+00:00,BAYSHOR,24.30421
2018-06-07 15:00:00+00:00,BAYSHOR,18.95176
2018-06-07 16:00:00+00:00,BAYSHOR,19.654870000000003
2018-06-07 17:00:00+00:00,BAYSHOR,19.06321
2018-06-07 18:00:00+00:00,BAYSHOR,18.88651
2018-06-07 19:00:00+00:00,BAYSHOR,18.10722
2018-06-07 20:00:00+00:00,BAYSHOR,18.6962
2018-06-07 21:00:00+00:00,BAYSHOR,19.54523
2018-06-07 22:00:00+00:00,BAYSHOR,20.67515
2018-06-07 23:00:00+00:00,BAYSHOR,21.08915
2018-06-08 00:00:00+00:00,BAYSHOR,27.03848
2018-06-08 01:00:00+00:00,BAYSHOR,35.53787
2018-06-08 02:00:00+00:00,BAYSHOR,46.78783
2018-06-08 03:00:00+00:00,BAYSHOR,50.52686
2018-06-08 04:00:00+00:00,BAYSHOR,43.09511
2018-06-08 05:00:00+00:00,BAYSHOR,30.731540000000003
2018-06-08 06:00:00+00:00,BAYSHOR,24.62959
2018-06-08 07:00:00+00:00,BAYSHOR,22.73732
2018-06-08 08:00:00+00:00,BAYSHOR,19.20868
2018-06-08 09:00:00+00:00,BAYSHOR,18.38035
2018-06-08 10:00:00+00:00,BAYSHOR,18.02129
2018-06-08 11:00:00+00:00,BAYSHOR,20.66053
2018-06-08 12:00:00+00:00,BAYSHOR,24.77886
2018-06-08 13:00:00+00:00,BAYSHOR,29.65056
2018-06-08 14:00:00+00:00,BAYSHOR,22.58106
2018-06-08 15:00:00+00:00,BAYSHOR,21.42961
2018-06-08 16:00:00+00:00,BAYSHOR,22.76742
2018-06-08 17:00:00+00:00,BAYSHOR,23.71323
2018-06-08 18:00:00+00:00,BAYSHOR,24.84175
2018-06-08 19:00:00+00:00,BAYSHOR,27.43926
2018-06-08 20:00:00+00:00,BAYSHOR,27.59665
2018-06-08 21:00:00+00:00,BAYSHOR,27.84846
2018-06-08 22:00:00+00:00,BAYSHOR,31.17884
2018-06-08 23:00:00+00:00,BAYSHOR,29.74179
2018-06-09 00:00:00+00:00,BAYSHOR,33.65873
2018-06-09 01:00:00+00:00,BAYSHOR,40.21452
2018-06-09 02:00:00+00:00,BAYSHOR,53.25244
2018-06-09 03:00:00+00:00,BAYSHOR,48.73159
2018-06-09 04:00:00+00:00,BAYSHOR,42.83221
2018-06-09 05:00:00+00:00,BAYSHOR,33.48002
2018-06-09 06:00:00+00:00,BAYSHOR,28.524040000000003
2018-06-09 07:00:00+00:00,BAYSHOR,28.4791
2018-06-09 08:00:00+00:00,BAYSHOR,24.08895
2018-06-09 09:00:00+00:00,BAYSHOR,20.7807
2018-06-09 10:00:00+00:00,BAYSHOR,20.95292
2018-06-09 11:00:00+00:00,BAYSHOR,19.82789
2018-06-09 12:00:00+00:00,BAYSHOR,16.75206
2018-06-09 13:00:00+00:00,BAYSHOR,13.77791
2018-06-09 14:00:00+00:00,BAYSHOR,4.10658
2018-06-09 15:00:00+00:00,BAYSHOR,1.06689
2018-06-09 16:00:00+00:00,BAYSHOR,0.95128
2018-06-09 17:00:00+00:00,BAYSHOR,1.39326
2018-06-09 18:00:00+00:00,BAYSHOR,4.343319999999999
2018-06-09 19:00:00+00:00,BAYSHOR,6.44147
2018-06-09 20:00:00+00:00,BAYSHOR,7.451239999999999
2018-06-09 21:00:00+00:00,BAYSHOR,7.05235
2018-06-09 22:00:00+00:00,BAYSHOR,10.12419
2018-06-09 23:00:00+00:00,BAYSHOR,15.89724
2018-06-10 00:00:00+00:00,BAYSHOR,22.38666
2018-06-10 01:00:00+00:00,BAYSHOR,36.15657
2018-06-10 02:00:00+00:00,BAYSHOR,45.14128
2018-06-10 03:00:00+00:00,BAYSHOR,49.31332
2018-06-10 04:00:00+00:00,BAYSHOR,44.88338
2018-06-10 05:00:00+00:00,BAYSHOR,34.20158
2018-06-10 06:00:00+00:00,BAYSHOR,26.550420000000003
2018-06-10 07:00:00+00:00,BAYSHOR,19.58329
2018-06-10 08:00:00+00:00,BAYSHOR,15.7261
2018-06-10 09:00:00+00:00,BAYSHOR,16.28185
2018-06-10 10:00:00+00:00,BAYSHOR,12.82728
2018-06-10 11:00:00+00:00,BAYSHOR,13.21729
2018-06-10 12:00:00+00:00,BAYSHOR,10.7563
2018-06-10 13:00:00+00:00,BAYSHOR,3.89116
2018-06-10 14:00:00+00:00,BAYSHOR,-2.25113
2018-06-10 15:00:00+00:00,BAYSHOR,-5.69061
2018-06-10 16:00:00+00:00,BAYSHOR,-5.69154
2018-06-10 17:00:00+00:00,BAYSHOR,-5.29306
2018-06-10 18:00:00+00:00,BAYSHOR,-2.31255
2018-06-10 19:00:00+00:00,BAYSHOR,-0.22025
2018-06-10 20:00:00+00:00,BAYSHOR,-0.01835
2018-06-10 21:00:00+00:00,BAYSHOR,0.31031
2018-06-10 22:00:00+00:00,BAYSHOR,5.519080000000001
2018-06-10 23:00:00+00:00,BAYSHOR,10.22635
2018-06-11 00:00:00+00:00,BAYSHOR,21.02272
2018-06-11 01:00:00+00:00,BAYSHOR,33.94286
2018-06-11 02:00:00+00:00,BAYSHOR,45.29546
2018-06-11 03:00:00+00:00,BAYSHOR,45.155640000000005
2018-06-11 04:00:00+00:00,BAYSHOR,38.9786
2018-06-11 05:00:00+00:00,BAYSHOR,30.3746
2018-06-11 06:00:00+00:00,BAYSHOR,21.73049
2018-06-11 07:00:00+00:00,BAYSHOR,23.75683
2018-06-11 08:00:00+00:00,BAYSHOR,21.2891
2018-06-11 09:00:00+00:00,BAYSHOR,19.4131
2018-06-11 10:00:00+00:00,BAYSHOR,19.94937
2018-06-11 11:00:00+00:00,BAYSHOR,22.26443
2018-06-11 12:00:00+00:00,BAYSHOR,28.137970000000003
2018-06-11 13:00:00+00:00,BAYSHOR,29.83363
2018-06-11 14:00:00+00:00,BAYSHOR,27.42026
2018-06-11 15:00:00+00:00,BAYSHOR,24.9982
2018-06-11 16:00:00+00:00,BAYSHOR,24.33142
2018-06-11 17:00:00+00:00,BAYSHOR,25.65677
2018-06-11 18:00:00+00:00,BAYSHOR,26.86958
2018-06-11 19:00:00+00:00,BAYSHOR,27.6242
2018-06-11 20:00:00+00:00,BAYSHOR,29.04455
2018-06-11 21:00:00+00:00,BAYSHOR,82.72298
2018-06-11 22:00:00+00:00,BAYSHOR,30.45109
2018-06-11 23:00:00+00:00,BAYSHOR,37.74447
2018-06-12 00:00:00+00:00,BAYSHOR,122.43985
2018-06-12 01:00:00+00:00,BAYSHOR,41.03789
2018-06-12 02:00:00+00:00,BAYSHOR,137.86303
2018-06-12 03:00:00+00:00,BAYSHOR,56.11889
2018-06-12 04:00:00+00:00,BAYSHOR,48.3822
2018-06-12 05:00:00+00:00,BAYSHOR,34.21472
2018-06-12 06:00:00+00:00,BAYSHOR,29.3904
2018-06-12 07:00:00+00:00,BAYSHOR,31.93578
2018-06-12 08:00:00+00:00,BAYSHOR,26.654390000000003
2018-06-12 09:00:00+00:00,BAYSHOR,25.13805
2018-06-12 10:00:00+00:00,BAYSHOR,23.97076
2018-06-12 11:00:00+00:00,BAYSHOR,25.52381
2018-06-12 12:00:00+00:00,BAYSHOR,29.12045
2018-06-12 13:00:00+00:00,BAYSHOR,33.60287
2018-06-12 14:00:00+00:00,BAYSHOR,29.40638
2018-06-12 15:00:00+00:00,BAYSHOR,26.84882
2018-06-12 16:00:00+00:00,BAYSHOR,30.40833
2018-06-12 17:00:00+00:00,BAYSHOR,29.82405
2018-06-12 18:00:00+00:00,BAYSHOR,31.30522
2018-06-12 19:00:00+00:00,BAYSHOR,39.01046
2018-06-12 20:00:00+00:00,BAYSHOR,43.493120000000005
2018-06-12 21:00:00+00:00,BAYSHOR,47.29346
2018-06-12 22:00:00+00:00,BAYSHOR,40.67279
2018-06-12 23:00:00+00:00,BAYSHOR,50.35351
2018-06-13 00:00:00+00:00,BAYSHOR,50.86038
2018-06-13 01:00:00+00:00,BAYSHOR,60.84576
2018-06-13 02:00:00+00:00,BAYSHOR,93.84259
2018-06-13 03:00:00+00:00,BAYSHOR,68.56048
2018-06-13 04:00:00+00:00,BAYSHOR,52.73511
2018-06-13 05:00:00+00:00,BAYSHOR,37.29405
2018-06-13 06:00:00+00:00,BAYSHOR,32.71006
2018-06-13 07:00:00+00:00,BAYSHOR,30.79625
2018-06-13 08:00:00+00:00,BAYSHOR,27.379240000000003
2018-06-13 09:00:00+00:00,BAYSHOR,25.23144
2018-06-13 10:00:00+00:00,BAYSHOR,25.01233
2018-06-13 11:00:00+00:00,BAYSHOR,25.44108
2018-06-13 12:00:00+00:00,BAYSHOR,27.81335
2018-06-13 13:00:00+00:00,BAYSHOR,30.67288
2018-06-13 14:00:00+00:00,BAYSHOR,28.86315
2018-06-13 15:00:00+00:00,BAYSHOR,26.32835
2018-06-13 16:00:00+00:00,BAYSHOR,28.65949
2018-06-13 17:00:00+00:00,BAYSHOR,29.70621
2018-06-13 18:00:00+00:00,BAYSHOR,34.95244
2018-06-13 19:00:00+00:00,BAYSHOR,34.3455
2018-06-13 20:00:00+00:00,BAYSHOR,38.62925
2018-06-13 21:00:00+00:00,BAYSHOR,40.44752
2018-06-13 22:00:00+00:00,BAYSHOR,53.70128
2018-06-13 23:00:00+00:00,BAYSHOR,82.59713
2018-06-14 00:00:00+00:00,BAYSHOR,59.7893
2018-06-14 01:00:00+00:00,BAYSHOR,74.8995
2018-06-14 02:00:00+00:00,BAYSHOR,108.41411
2018-06-14 03:00:00+00:00,BAYSHOR,76.40573
2018-06-14 04:00:00+00:00,BAYSHOR,55.88216
2018-06-14 05:00:00+00:00,BAYSHOR,39.541
2018-06-14 06:00:00+00:00,BAYSHOR,34.27681
2018-06-14 07:00:00+00:00,BAYSHOR,31.28299
2018-06-14 08:00:00+00:00,BAYSHOR,30.08145
2018-06-14 09:00:00+00:00,BAYSHOR,27.04331
2018-06-14 10:00:00+00:00,BAYSHOR,25.91306
2018-06-14 11:00:00+00:00,BAYSHOR,26.66003
2018-06-14 12:00:00+00:00,BAYSHOR,30.20114
2018-06-14 13:00:00+00:00,BAYSHOR,31.79717
2018-06-14 14:00:00+00:00,BAYSHOR,30.29696
2018-06-14 15:00:00+00:00,BAYSHOR,27.427190000000003
2018-06-14 16:00:00+00:00,BAYSHOR,33.31091
2018-06-14 17:00:00+00:00,BAYSHOR,28.882040000000003
2018-06-14 18:00:00+00:00,BAYSHOR,31.45059
2018-06-14 19:00:00+00:00,BAYSHOR,33.00704
2018-06-14 20:00:00+00:00,BAYSHOR,35.876999999999995
2018-06-14 21:00:00+00:00,BAYSHOR,35.29661
2018-06-14 22:00:00+00:00,BAYSHOR,40.79261
2018-06-14 23:00:00+00:00,BAYSHOR,38.40054
2018-06-15 00:00:00+00:00,BAYSHOR,42.31848
2018-06-15 01:00:00+00:00,BAYSHOR,56.35021
2018-06-15 02:00:00+00:00,BAYSHOR,80.25765
2018-06-15 03:00:00+00:00,BAYSHOR,59.41328000000001
2018-06-15 04:00:00+00:00,BAYSHOR,46.64166
2018-06-15 05:00:00+00:00,BAYSHOR,34.984970000000004
2018-06-15 06:00:00+00:00,BAYSHOR,32.94072
2018-06-15 07:00:00+00:00,BAYSHOR,31.55616
2018-06-15 08:00:00+00:00,BAYSHOR,29.71862
2018-06-15 09:00:00+00:00,BAYSHOR,28.61458
2018-06-15 10:00:00+00:00,BAYSHOR,27.32041
2018-06-15 11:00:00+00:00,BAYSHOR,28.15801
2018-06-15 12:00:00+00:00,BAYSHOR,29.68798
2018-06-15 13:00:00+00:00,BAYSHOR,31.17642
2018-06-15 14:00:00+00:00,BAYSHOR,29.78967
2018-06-15 15:00:00+00:00,BAYSHOR,27.49166
2018-06-15 16:00:00+00:00,BAYSHOR,27.40189
2018-06-15 17:00:00+00:00,BAYSHOR,27.93099
2018-06-15 18:00:00+00:00,BAYSHOR,28.89371
2018-06-15 19:00:00+00:00,BAYSHOR,29.43065
2018-06-15 20:00:00+00:00,BAYSHOR,31.34865
2018-06-15 21:00:00+00:00,BAYSHOR,30.63799
2018-06-15 22:00:00+00:00,BAYSHOR,33.47095
2018-06-15 23:00:00+00:00,BAYSHOR,35.31913
2018-06-16 00:00:00+00:00,BAYSHOR,35.397890000000004
2018-06-16 01:00:00+00:00,BAYSHOR,41.95535
2018-06-16 02:00:00+00:00,BAYSHOR,53.25867
2018-06-16 03:00:00+00:00,BAYSHOR,49.50547
2018-06-16 04:00:00+00:00,BAYSHOR,44.17778
2018-06-16 05:00:00+00:00,BAYSHOR,33.88007
2018-06-16 06:00:00+00:00,BAYSHOR,30.81475
2018-06-16 07:00:00+00:00,BAYSHOR,31.29338
2018-06-16 08:00:00+00:00,BAYSHOR,28.73607
2018-06-16 09:00:00+00:00,BAYSHOR,26.64733
2018-06-16 10:00:00+00:00,BAYSHOR,26.3077
2018-06-16 11:00:00+00:00,BAYSHOR,26.362890000000004
2018-06-16 12:00:00+00:00,BAYSHOR,27.31045
2018-06-16 13:00:00+00:00,BAYSHOR,28.38088
2018-06-16 14:00:00+00:00,BAYSHOR,26.03877
2018-06-16 15:00:00+00:00,BAYSHOR,21.68138
2018-06-16 16:00:00+00:00,BAYSHOR,19.91075
2018-06-16 17:00:00+00:00,BAYSHOR,14.05107
2018-06-16 18:00:00+00:00,BAYSHOR,11.56018
2018-06-16 19:00:00+00:00,BAYSHOR,14.134429999999998
2018-06-16 20:00:00+00:00,BAYSHOR,12.30202
2018-06-16 21:00:00+00:00,BAYSHOR,10.67826
2018-06-16 22:00:00+00:00,BAYSHOR,14.38458
2018-06-16 23:00:00+00:00,BAYSHOR,20.35912
2018-06-17 00:00:00+00:00,BAYSHOR,26.02231
2018-06-17 01:00:00+00:00,BAYSHOR,32.56871
2018-06-17 02:00:00+00:00,BAYSHOR,43.2757
2018-06-17 03:00:00+00:00,BAYSHOR,46.28466
2018-06-17 04:00:00+00:00,BAYSHOR,43.62193
2018-06-17 05:00:00+00:00,BAYSHOR,35.58057
2018-06-17 06:00:00+00:00,BAYSHOR,27.78779
2018-06-17 07:00:00+00:00,BAYSHOR,24.6409
2018-06-17 08:00:00+00:00,BAYSHOR,23.24356
2018-06-17 09:00:00+00:00,BAYSHOR,23.66995
2018-06-17 10:00:00+00:00,BAYSHOR,25.38305
2018-06-17 11:00:00+00:00,BAYSHOR,25.69324
2018-06-17 12:00:00+00:00,BAYSHOR,27.12547
2018-06-17 13:00:00+00:00,BAYSHOR,16.33684
2018-06-17 14:00:00+00:00,BAYSHOR,5.436719999999999
2018-06-17 15:00:00+00:00,BAYSHOR,0.1208099999999999
2018-06-17 16:00:00+00:00,BAYSHOR,0.04198
2018-06-17 17:00:00+00:00,BAYSHOR,-0.01809
2018-06-17 18:00:00+00:00,BAYSHOR,0.01885
2018-06-17 19:00:00+00:00,BAYSHOR,-0.05527
2018-06-17 20:00:00+00:00,BAYSHOR,-0.0573399999999999
2018-06-17 21:00:00+00:00,BAYSHOR,-0.1156099999999999
2018-06-17 22:00:00+00:00,BAYSHOR,0.91957
2018-06-17 23:00:00+00:00,BAYSHOR,9.08167
2018-06-18 00:00:00+00:00,BAYSHOR,14.13939
2018-06-18 01:00:00+00:00,BAYSHOR,29.13735
2018-06-18 02:00:00+00:00,BAYSHOR,39.01128
2018-06-18 03:00:00+00:00,BAYSHOR,45.21621
2018-06-18 04:00:00+00:00,BAYSHOR,38.78045
2018-06-18 05:00:00+00:00,BAYSHOR,30.73334
2018-06-18 06:00:00+00:00,BAYSHOR,25.93299
2018-06-18 07:00:00+00:00,BAYSHOR,21.7772
2018-06-18 08:00:00+00:00,BAYSHOR,18.61619
2018-06-18 09:00:00+00:00,BAYSHOR,17.23687
2018-06-18 10:00:00+00:00,BAYSHOR,17.244229999999998
2018-06-18 11:00:00+00:00,BAYSHOR,21.01536
2018-06-18 12:00:00+00:00,BAYSHOR,25.33837
2018-06-18 13:00:00+00:00,BAYSHOR,31.37497
2018-06-18 14:00:00+00:00,BAYSHOR,27.094520000000003
2018-06-18 15:00:00+00:00,BAYSHOR,21.15689
2018-06-18 16:00:00+00:00,BAYSHOR,23.3699
2018-06-18 17:00:00+00:00,BAYSHOR,22.58294
2018-06-18 18:00:00+00:00,BAYSHOR,27.63063
2018-06-18 19:00:00+00:00,BAYSHOR,28.040740000000003
2018-06-18 20:00:00+00:00,BAYSHOR,27.81815
2018-06-18 21:00:00+00:00,BAYSHOR,31.222340000000003
2018-06-18 22:00:00+00:00,BAYSHOR,30.82642
2018-06-18 23:00:00+00:00,BAYSHOR,30.66589
2018-06-19 00:00:00+00:00,BAYSHOR,31.74454
2018-06-19 01:00:00+00:00,BAYSHOR,37.41063
2018-06-19 02:00:00+00:00,BAYSHOR,48.06896
2018-06-19 03:00:00+00:00,BAYSHOR,49.12967
2018-06-19 04:00:00+00:00,BAYSHOR,42.99641
2018-06-19 05:00:00+00:00,BAYSHOR,32.91786
2018-06-19 06:00:00+00:00,BAYSHOR,27.57699
2018-06-19 07:00:00+00:00,BAYSHOR,29.52515
2018-06-19 08:00:00+00:00,BAYSHOR,27.05811
2018-06-19 09:00:00+00:00,BAYSHOR,26.35108
2018-06-19 10:00:00+00:00,BAYSHOR,25.89625
2018-06-19 11:00:00+00:00,BAYSHOR,28.15066
2018-06-19 12:00:00+00:00,BAYSHOR,31.68961
2018-06-19 13:00:00+00:00,BAYSHOR,32.87232
2018-06-19 14:00:00+00:00,BAYSHOR,30.82596
2018-06-19 15:00:00+00:00,BAYSHOR,28.17731
2018-06-19 16:00:00+00:00,BAYSHOR,26.2792
2018-06-19 17:00:00+00:00,BAYSHOR,28.16423
2018-06-19 18:00:00+00:00,BAYSHOR,29.61565
2018-06-19 19:00:00+00:00,BAYSHOR,30.48341
2018-06-19 20:00:00+00:00,BAYSHOR,33.48352
2018-06-19 21:00:00+00:00,BAYSHOR,34.74138
2018-06-19 22:00:00+00:00,BAYSHOR,54.13732
2018-06-19 23:00:00+00:00,BAYSHOR,41.77765
2018-06-20 00:00:00+00:00,BAYSHOR,45.74072
2018-06-20 01:00:00+00:00,BAYSHOR,46.802620000000005
2018-06-20 02:00:00+00:00,BAYSHOR,58.88129
2018-06-20 03:00:00+00:00,BAYSHOR,54.35562
2018-06-20 04:00:00+00:00,BAYSHOR,46.91266
2018-06-20 05:00:00+00:00,BAYSHOR,33.95694
2018-06-20 06:00:00+00:00,BAYSHOR,32.68513
2018-06-20 07:00:00+00:00,BAYSHOR,32.065690000000004
2018-06-20 08:00:00+00:00,BAYSHOR,27.83159
2018-06-20 09:00:00+00:00,BAYSHOR,26.5669
2018-06-20 10:00:00+00:00,BAYSHOR,26.56856
2018-06-20 11:00:00+00:00,BAYSHOR,27.25552
2018-06-20 12:00:00+00:00,BAYSHOR,32.15592
2018-06-20 13:00:00+00:00,BAYSHOR,32.0761
2018-06-20 14:00:00+00:00,BAYSHOR,30.00014
2018-06-20 15:00:00+00:00,BAYSHOR,27.03643
2018-06-20 16:00:00+00:00,BAYSHOR,27.5546
2018-06-20 17:00:00+00:00,BAYSHOR,29.76485
2018-06-20 18:00:00+00:00,BAYSHOR,30.653340000000004
2018-06-20 19:00:00+00:00,BAYSHOR,33.22016
2018-06-20 20:00:00+00:00,BAYSHOR,35.275420000000004
2018-06-20 21:00:00+00:00,BAYSHOR,40.37045
2018-06-20 22:00:00+00:00,BAYSHOR,45.37959
2018-06-20 23:00:00+00:00,BAYSHOR,60.61394
2018-06-21 00:00:00+00:00,BAYSHOR,43.80982
2018-06-21 01:00:00+00:00,BAYSHOR,52.74408
2018-06-21 02:00:00+00:00,BAYSHOR,66.48487
2018-06-21 03:00:00+00:00,BAYSHOR,56.20947
2018-06-21 04:00:00+00:00,BAYSHOR,47.25092
2018-06-21 05:00:00+00:00,BAYSHOR,35.8191
2018-06-21 06:00:00+00:00,BAYSHOR,32.2919
2018-06-21 07:00:00+00:00,BAYSHOR,31.185
2018-06-21 08:00:00+00:00,BAYSHOR,29.858190000000004
2018-06-21 09:00:00+00:00,BAYSHOR,27.6863
2018-06-21 10:00:00+00:00,BAYSHOR,27.03605
2018-06-21 11:00:00+00:00,BAYSHOR,27.78528
2018-06-21 12:00:00+00:00,BAYSHOR,31.62361
2018-06-21 13:00:00+00:00,BAYSHOR,29.80662
2018-06-21 14:00:00+00:00,BAYSHOR,26.663870000000003
2018-06-21 15:00:00+00:00,BAYSHOR,20.08123
2018-06-21 16:00:00+00:00,BAYSHOR,23.55495
2018-06-21 17:00:00+00:00,BAYSHOR,25.22001
2018-06-21 18:00:00+00:00,BAYSHOR,27.84559
2018-06-21 19:00:00+00:00,BAYSHOR,30.12208
2018-06-21 20:00:00+00:00,BAYSHOR,32.55308
2018-06-21 21:00:00+00:00,BAYSHOR,34.20665
2018-06-21 22:00:00+00:00,BAYSHOR,36.22786
2018-06-21 23:00:00+00:00,BAYSHOR,39.7696
2018-06-22 00:00:00+00:00,BAYSHOR,41.53547
2018-06-22 01:00:00+00:00,BAYSHOR,51.30055
2018-06-22 02:00:00+00:00,BAYSHOR,69.58434
2018-06-22 03:00:00+00:00,BAYSHOR,55.0846
2018-06-22 04:00:00+00:00,BAYSHOR,48.87261
2018-06-22 05:00:00+00:00,BAYSHOR,34.690059999999995
2018-06-22 06:00:00+00:00,BAYSHOR,33.5288
2018-06-22 07:00:00+00:00,BAYSHOR,30.02941
2018-06-22 08:00:00+00:00,BAYSHOR,28.409540000000003
2018-06-22 09:00:00+00:00,BAYSHOR,26.87507
2018-06-22 10:00:00+00:00,BAYSHOR,25.06928
2018-06-22 11:00:00+00:00,BAYSHOR,26.18286
2018-06-22 12:00:00+00:00,BAYSHOR,29.98577
2018-06-22 13:00:00+00:00,BAYSHOR,30.03091
2018-06-22 14:00:00+00:00,BAYSHOR,24.17276
2018-06-22 15:00:00+00:00,BAYSHOR,20.42551
2018-06-22 16:00:00+00:00,BAYSHOR,23.90676
2018-06-22 17:00:00+00:00,BAYSHOR,27.78567
2018-06-22 18:00:00+00:00,BAYSHOR,31.62639
2018-06-22 19:00:00+00:00,BAYSHOR,33.55008
2018-06-22 20:00:00+00:00,BAYSHOR,36.74347
2018-06-22 21:00:00+00:00,BAYSHOR,38.4853
2018-06-22 22:00:00+00:00,BAYSHOR,58.99126999999999
2018-06-22 23:00:00+00:00,BAYSHOR,64.76263
2018-06-23 00:00:00+00:00,BAYSHOR,47.715340000000005
2018-06-23 01:00:00+00:00,BAYSHOR,58.12479
2018-06-23 02:00:00+00:00,BAYSHOR,79.81102
2018-06-23 03:00:00+00:00,BAYSHOR,59.4235
2018-06-23 04:00:00+00:00,BAYSHOR,50.3946
2018-06-23 05:00:00+00:00,BAYSHOR,37.14988
2018-06-23 06:00:00+00:00,BAYSHOR,34.232620000000004
2018-06-23 07:00:00+00:00,BAYSHOR,29.68966
2018-06-23 08:00:00+00:00,BAYSHOR,27.91898
2018-06-23 09:00:00+00:00,BAYSHOR,27.25916
2018-06-23 10:00:00+00:00,BAYSHOR,26.62335
2018-06-23 11:00:00+00:00,BAYSHOR,25.58084
2018-06-23 12:00:00+00:00,BAYSHOR,27.37606
2018-06-23 13:00:00+00:00,BAYSHOR,21.82008
2018-06-23 14:00:00+00:00,BAYSHOR,13.46759
2018-06-23 15:00:00+00:00,BAYSHOR,13.85235
2018-06-23 16:00:00+00:00,BAYSHOR,16.7389
2018-06-23 17:00:00+00:00,BAYSHOR,23.66867
2018-06-23 18:00:00+00:00,BAYSHOR,26.25378
2018-06-23 19:00:00+00:00,BAYSHOR,30.4083
2018-06-23 20:00:00+00:00,BAYSHOR,33.48538
2018-06-23 21:00:00+00:00,BAYSHOR,36.71401
2018-06-23 22:00:00+00:00,BAYSHOR,37.6689
2018-06-23 23:00:00+00:00,BAYSHOR,54.77701999999999
2018-06-24 00:00:00+00:00,BAYSHOR,61.00636
2018-06-24 01:00:00+00:00,BAYSHOR,65.82268
2018-06-24 02:00:00+00:00,BAYSHOR,80.59568
2018-06-24 03:00:00+00:00,BAYSHOR,60.87942
2018-06-24 04:00:00+00:00,BAYSHOR,48.01495
2018-06-24 05:00:00+00:00,BAYSHOR,36.83684
2018-06-24 06:00:00+00:00,BAYSHOR,33.29928
2018-06-24 07:00:00+00:00,BAYSHOR,31.158990000000003
2018-06-24 08:00:00+00:00,BAYSHOR,28.51165
2018-06-24 09:00:00+00:00,BAYSHOR,27.57762
2018-06-24 10:00:00+00:00,BAYSHOR,26.22931
2018-06-24 11:00:00+00:00,BAYSHOR,25.78183
2018-06-24 12:00:00+00:00,BAYSHOR,25.57235
2018-06-24 13:00:00+00:00,BAYSHOR,23.215020000000003
2018-06-24 14:00:00+00:00,BAYSHOR,12.72439
2018-06-24 15:00:00+00:00,BAYSHOR,8.49949
2018-06-24 16:00:00+00:00,BAYSHOR,10.30413
2018-06-24 17:00:00+00:00,BAYSHOR,17.76945
2018-06-24 18:00:00+00:00,BAYSHOR,20.30348
2018-06-24 19:00:00+00:00,BAYSHOR,24.23842
2018-06-24 20:00:00+00:00,BAYSHOR,26.61222
2018-06-24 21:00:00+00:00,BAYSHOR,29.16315
2018-06-24 22:00:00+00:00,BAYSHOR,30.84623
2018-06-24 23:00:00+00:00,BAYSHOR,33.78999
2018-06-25 00:00:00+00:00,BAYSHOR,37.09743
2018-06-25 01:00:00+00:00,BAYSHOR,46.11857
2018-06-25 02:00:00+00:00,BAYSHOR,52.0009
2018-06-25 03:00:00+00:00,BAYSHOR,47.69797
2018-06-25 04:00:00+00:00,BAYSHOR,43.22151
2018-06-25 05:00:00+00:00,BAYSHOR,33.0298
2018-06-25 06:00:00+00:00,BAYSHOR,28.23699
2018-06-25 07:00:00+00:00,BAYSHOR,28.08372
2018-06-25 08:00:00+00:00,BAYSHOR,23.76089
2018-06-25 09:00:00+00:00,BAYSHOR,22.16978
2018-06-25 10:00:00+00:00,BAYSHOR,21.45695
2018-06-25 11:00:00+00:00,BAYSHOR,23.29704
2018-06-25 12:00:00+00:00,BAYSHOR,27.90551
2018-06-25 13:00:00+00:00,BAYSHOR,28.83102
2018-06-25 14:00:00+00:00,BAYSHOR,24.58427
2018-06-25 15:00:00+00:00,BAYSHOR,16.66147
2018-06-25 16:00:00+00:00,BAYSHOR,17.04401
2018-06-25 17:00:00+00:00,BAYSHOR,21.07352
2018-06-25 18:00:00+00:00,BAYSHOR,24.59883
2018-06-25 19:00:00+00:00,BAYSHOR,26.79505
2018-06-25 20:00:00+00:00,BAYSHOR,29.033890000000003
2018-06-25 21:00:00+00:00,BAYSHOR,29.49148
2018-06-25 22:00:00+00:00,BAYSHOR,32.71398
2018-06-25 23:00:00+00:00,BAYSHOR,39.5116
2018-06-26 00:00:00+00:00,BAYSHOR,37.93849
2018-06-26 01:00:00+00:00,BAYSHOR,46.35556
2018-06-26 02:00:00+00:00,BAYSHOR,57.8059
2018-06-26 03:00:00+00:00,BAYSHOR,49.29147
2018-06-26 04:00:00+00:00,BAYSHOR,40.4033
2018-06-26 05:00:00+00:00,BAYSHOR,35.55442
2018-06-26 06:00:00+00:00,BAYSHOR,30.46515
2018-06-26 07:00:00+00:00,BAYSHOR,31.86845
2018-06-26 08:00:00+00:00,BAYSHOR,28.57589
2018-06-26 09:00:00+00:00,BAYSHOR,25.0758
2018-06-26 10:00:00+00:00,BAYSHOR,24.37224
2018-06-26 11:00:00+00:00,BAYSHOR,25.31996
2018-06-26 12:00:00+00:00,BAYSHOR,30.404740000000004
2018-06-26 13:00:00+00:00,BAYSHOR,32.25443
2018-06-26 14:00:00+00:00,BAYSHOR,26.65656
2018-06-26 15:00:00+00:00,BAYSHOR,22.35409
2018-06-26 16:00:00+00:00,BAYSHOR,26.34175
2018-06-26 17:00:00+00:00,BAYSHOR,26.52606
2018-06-26 18:00:00+00:00,BAYSHOR,29.69367
2018-06-26 19:00:00+00:00,BAYSHOR,29.94285
2018-06-26 20:00:00+00:00,BAYSHOR,30.74961
2018-06-26 21:00:00+00:00,BAYSHOR,31.242690000000003
2018-06-26 22:00:00+00:00,BAYSHOR,32.48002
2018-06-26 23:00:00+00:00,BAYSHOR,36.20721
2018-06-27 00:00:00+00:00,BAYSHOR,35.79234
2018-06-27 01:00:00+00:00,BAYSHOR,46.2436
2018-06-27 02:00:00+00:00,BAYSHOR,62.844730000000006
2018-06-27 03:00:00+00:00,BAYSHOR,52.49591
2018-06-27 04:00:00+00:00,BAYSHOR,42.76176
2018-06-27 05:00:00+00:00,BAYSHOR,32.34176
2018-06-27 06:00:00+00:00,BAYSHOR,30.65518
2018-06-27 07:00:00+00:00,BAYSHOR,31.32273
2018-06-27 08:00:00+00:00,BAYSHOR,27.71326
2018-06-27 09:00:00+00:00,BAYSHOR,25.8807
2018-06-27 10:00:00+00:00,BAYSHOR,24.42299
2018-06-27 11:00:00+00:00,BAYSHOR,24.32203
2018-06-27 12:00:00+00:00,BAYSHOR,29.80785
2018-06-27 13:00:00+00:00,BAYSHOR,31.322470000000003
2018-06-27 14:00:00+00:00,BAYSHOR,28.54686
2018-06-27 15:00:00+00:00,BAYSHOR,24.35645
2018-06-27 16:00:00+00:00,BAYSHOR,26.97877
2018-06-27 17:00:00+00:00,BAYSHOR,26.55346
2018-06-27 18:00:00+00:00,BAYSHOR,28.926920000000003
2018-06-27 19:00:00+00:00,BAYSHOR,29.16733
2018-06-27 20:00:00+00:00,BAYSHOR,29.99636
2018-06-27 21:00:00+00:00,BAYSHOR,30.235290000000003
2018-06-27 22:00:00+00:00,BAYSHOR,32.52086
2018-06-27 23:00:00+00:00,BAYSHOR,34.37039
2018-06-28 00:00:00+00:00,BAYSHOR,35.64334
2018-06-28 01:00:00+00:00,BAYSHOR,48.39455
2018-06-28 02:00:00+00:00,BAYSHOR,69.53475999999999
2018-06-28 03:00:00+00:00,BAYSHOR,53.76061
2018-06-28 04:00:00+00:00,BAYSHOR,43.90597
2018-06-28 05:00:00+00:00,BAYSHOR,33.85771
2018-06-28 06:00:00+00:00,BAYSHOR,31.063540000000003
2018-06-28 07:00:00+00:00,BAYSHOR,27.382
2018-06-28 08:00:00+00:00,BAYSHOR,23.72745
2018-06-28 09:00:00+00:00,BAYSHOR,21.26793
2018-06-28 10:00:00+00:00,BAYSHOR,21.72214
2018-06-28 11:00:00+00:00,BAYSHOR,23.048
2018-06-28 12:00:00+00:00,BAYSHOR,27.61851
2018-06-28 13:00:00+00:00,BAYSHOR,30.58672
2018-06-28 14:00:00+00:00,BAYSHOR,24.4531
2018-06-28 15:00:00+00:00,BAYSHOR,19.82974
2018-06-28 16:00:00+00:00,BAYSHOR,20.60025
2018-06-28 17:00:00+00:00,BAYSHOR,20.73629
2018-06-28 18:00:00+00:00,BAYSHOR,22.48551
2018-06-28 19:00:00+00:00,BAYSHOR,23.23323
2018-06-28 20:00:00+00:00,BAYSHOR,25.4222
2018-06-28 21:00:00+00:00,BAYSHOR,26.57232
2018-06-28 22:00:00+00:00,BAYSHOR,28.2703
2018-06-28 23:00:00+00:00,BAYSHOR,30.45569
2018-06-29 00:00:00+00:00,BAYSHOR,32.19118
2018-06-29 01:00:00+00:00,BAYSHOR,40.01255
2018-06-29 02:00:00+00:00,BAYSHOR,60.82456
2018-06-29 03:00:00+00:00,BAYSHOR,53.01306999999999
2018-06-29 04:00:00+00:00,BAYSHOR,39.05853
2018-06-29 05:00:00+00:00,BAYSHOR,30.77945
2018-06-29 06:00:00+00:00,BAYSHOR,27.67103
2018-06-29 07:00:00+00:00,BAYSHOR,28.3699
2018-06-29 08:00:00+00:00,BAYSHOR,25.06366
2018-06-29 09:00:00+00:00,BAYSHOR,23.08573
2018-06-29 10:00:00+00:00,BAYSHOR,22.69608
2018-06-29 11:00:00+00:00,BAYSHOR,24.55979
2018-06-29 12:00:00+00:00,BAYSHOR,41.08624
2018-06-29 13:00:00+00:00,BAYSHOR,40.79842
2018-06-29 14:00:00+00:00,BAYSHOR,30.45626
2018-06-29 15:00:00+00:00,BAYSHOR,22.27699
2018-06-29 16:00:00+00:00,BAYSHOR,24.56036
2018-06-29 17:00:00+00:00,BAYSHOR,26.22257
2018-06-29 18:00:00+00:00,BAYSHOR,30.2644
2018-06-29 19:00:00+00:00,BAYSHOR,31.13258
2018-06-29 20:00:00+00:00,BAYSHOR,35.9423
2018-06-29 21:00:00+00:00,BAYSHOR,35.698190000000004
2018-06-29 22:00:00+00:00,BAYSHOR,38.1122
2018-06-29 23:00:00+00:00,BAYSHOR,41.98801
2018-06-30 00:00:00+00:00,BAYSHOR,47.86338
2018-06-30 01:00:00+00:00,BAYSHOR,56.10273000000001
2018-06-30 02:00:00+00:00,BAYSHOR,71.23904
2018-06-30 03:00:00+00:00,BAYSHOR,62.02414
2018-06-30 04:00:00+00:00,BAYSHOR,53.75841
2018-06-30 05:00:00+00:00,BAYSHOR,45.33693
2018-06-30 06:00:00+00:00,BAYSHOR,40.55443
2018-06-30 07:00:00+00:00,BAYSHOR,29.84013
2018-06-30 08:00:00+00:00,BAYSHOR,29.29356
2018-06-30 09:00:00+00:00,BAYSHOR,28.17693
2018-06-30 10:00:00+00:00,BAYSHOR,27.214270000000003
2018-06-30 11:00:00+00:00,BAYSHOR,28.21927
2018-06-30 12:00:00+00:00,BAYSHOR,41.0572
2018-06-30 13:00:00+00:00,BAYSHOR,30.10457
2018-06-30 14:00:00+00:00,BAYSHOR,22.89046
2018-06-30 15:00:00+00:00,BAYSHOR,16.292170000000002
2018-06-30 16:00:00+00:00,BAYSHOR,22.53982
2018-06-30 17:00:00+00:00,BAYSHOR,25.22856
2018-06-30 18:00:00+00:00,BAYSHOR,29.55307
2018-06-30 19:00:00+00:00,BAYSHOR,34.77247
2018-06-30 20:00:00+00:00,BAYSHOR,36.53646
2018-06-30 21:00:00+00:00,BAYSHOR,37.17091
2018-06-30 22:00:00+00:00,BAYSHOR,44.33362
2018-06-30 23:00:00+00:00,BAYSHOR,47.01826
2018-07-01 00:00:00+00:00,BAYSHOR,50.47091
2018-07-01 01:00:00+00:00,BAYSHOR,58.48211
2018-07-01 02:00:00+00:00,BAYSHOR,72.22551
2018-07-01 03:00:00+00:00,BAYSHOR,59.11255
2018-07-01 04:00:00+00:00,BAYSHOR,50.99716
2018-07-01 05:00:00+00:00,BAYSHOR,43.21849
2018-07-01 06:00:00+00:00,BAYSHOR,38.05339
2018-07-01 08:00:00+00:00,BAYSHOR,31.03649
2018-07-01 09:00:00+00:00,BAYSHOR,29.69366
2018-07-01 10:00:00+00:00,BAYSHOR,29.10472
2018-07-01 11:00:00+00:00,BAYSHOR,29.34643
2018-07-01 12:00:00+00:00,BAYSHOR,30.91718
2018-07-01 13:00:00+00:00,BAYSHOR,26.75131
2018-07-01 14:00:00+00:00,BAYSHOR,16.68139
2018-07-01 15:00:00+00:00,BAYSHOR,11.38574
2018-07-01 16:00:00+00:00,BAYSHOR,13.30431
2018-07-01 17:00:00+00:00,BAYSHOR,16.163079999999997
2018-07-01 18:00:00+00:00,BAYSHOR,19.11411
2018-07-01 19:00:00+00:00,BAYSHOR,22.17204
2018-07-01 20:00:00+00:00,BAYSHOR,30.00645
2018-07-01 21:00:00+00:00,BAYSHOR,33.87507
2018-07-01 22:00:00+00:00,BAYSHOR,35.53888
2018-07-01 23:00:00+00:00,BAYSHOR,37.51022
2018-07-02 00:00:00+00:00,BAYSHOR,43.28663
2018-07-02 01:00:00+00:00,BAYSHOR,50.81767
2018-07-02 02:00:00+00:00,BAYSHOR,65.17751
2018-07-02 03:00:00+00:00,BAYSHOR,56.7658
2018-07-02 04:00:00+00:00,BAYSHOR,50.72813
2018-07-02 05:00:00+00:00,BAYSHOR,36.88893
2018-07-02 06:00:00+00:00,BAYSHOR,31.96491
2018-07-02 07:00:00+00:00,BAYSHOR,29.55637
2018-07-02 08:00:00+00:00,BAYSHOR,26.07458
2018-07-02 09:00:00+00:00,BAYSHOR,28.04688
2018-07-02 10:00:00+00:00,BAYSHOR,27.26175
2018-07-02 11:00:00+00:00,BAYSHOR,30.30974
2018-07-02 12:00:00+00:00,BAYSHOR,34.62733
2018-07-02 13:00:00+00:00,BAYSHOR,32.549820000000004
2018-07-02 14:00:00+00:00,BAYSHOR,28.7791
2018-07-02 15:00:00+00:00,BAYSHOR,25.79713
2018-07-02 16:00:00+00:00,BAYSHOR,25.05937
2018-07-02 17:00:00+00:00,BAYSHOR,25.28649
2018-07-02 18:00:00+00:00,BAYSHOR,27.54941
2018-07-02 19:00:00+00:00,BAYSHOR,30.01291
2018-07-02 20:00:00+00:00,BAYSHOR,32.07908
2018-07-02 21:00:00+00:00,BAYSHOR,34.72845
2018-07-02 22:00:00+00:00,BAYSHOR,36.43467
2018-07-02 23:00:00+00:00,BAYSHOR,36.14888
2018-07-03 00:00:00+00:00,BAYSHOR,40.47186
2018-07-03 01:00:00+00:00,BAYSHOR,52.04694
2018-07-03 02:00:00+00:00,BAYSHOR,63.17238
2018-07-03 03:00:00+00:00,BAYSHOR,56.30203
2018-07-03 04:00:00+00:00,BAYSHOR,40.17664
2018-07-03 05:00:00+00:00,BAYSHOR,34.39118
2018-07-03 06:00:00+00:00,BAYSHOR,31.17629
2018-07-03 07:00:00+00:00,BAYSHOR,31.550140000000003
2018-07-03 08:00:00+00:00,BAYSHOR,30.88883
2018-07-03 09:00:00+00:00,BAYSHOR,28.73018
2018-07-03 10:00:00+00:00,BAYSHOR,28.571690000000004
2018-07-03 11:00:00+00:00,BAYSHOR,28.97325
2018-07-03 12:00:00+00:00,BAYSHOR,32.25912
2018-07-03 13:00:00+00:00,BAYSHOR,30.4381
2018-07-03 14:00:00+00:00,BAYSHOR,28.50444
2018-07-03 15:00:00+00:00,BAYSHOR,26.01221
2018-07-03 16:00:00+00:00,BAYSHOR,36.80151
2018-07-03 17:00:00+00:00,BAYSHOR,25.26674
2018-07-03 18:00:00+00:00,BAYSHOR,48.12293
2018-07-03 19:00:00+00:00,BAYSHOR,57.289280000000005
2018-07-03 20:00:00+00:00,BAYSHOR,72.22848
2018-07-03 21:00:00+00:00,BAYSHOR,218.78579
2018-07-03 22:00:00+00:00,BAYSHOR,199.70427
2018-07-03 23:00:00+00:00,BAYSHOR,257.57027
2018-07-04 00:00:00+00:00,BAYSHOR,89.31803000000001
2018-07-04 01:00:00+00:00,BAYSHOR,41.04119
2018-07-04 02:00:00+00:00,BAYSHOR,56.02737
2018-07-04 03:00:00+00:00,BAYSHOR,47.76424
2018-07-04 04:00:00+00:00,BAYSHOR,38.769090000000006
2018-07-04 05:00:00+00:00,BAYSHOR,34.89841
2018-07-04 06:00:00+00:00,BAYSHOR,32.3745
2018-07-04 07:00:00+00:00,BAYSHOR,31.27542
2018-07-04 08:00:00+00:00,BAYSHOR,29.78496
2018-07-04 09:00:00+00:00,BAYSHOR,29.56884
2018-07-04 10:00:00+00:00,BAYSHOR,29.31825
2018-07-04 11:00:00+00:00,BAYSHOR,29.64861
2018-07-04 12:00:00+00:00,BAYSHOR,31.92461
2018-07-04 13:00:00+00:00,BAYSHOR,28.91099
2018-07-04 14:00:00+00:00,BAYSHOR,25.00974
2018-07-04 15:00:00+00:00,BAYSHOR,19.16633
2018-07-04 16:00:00+00:00,BAYSHOR,18.59584
2018-07-04 17:00:00+00:00,BAYSHOR,19.49551
2018-07-04 18:00:00+00:00,BAYSHOR,23.78805
2018-07-04 19:00:00+00:00,BAYSHOR,24.91974
2018-07-04 20:00:00+00:00,BAYSHOR,26.11458
2018-07-04 21:00:00+00:00,BAYSHOR,29.6546
2018-07-04 22:00:00+00:00,BAYSHOR,30.7086
2018-07-04 23:00:00+00:00,BAYSHOR,32.07523
2018-07-05 00:00:00+00:00,BAYSHOR,34.21868
2018-07-05 01:00:00+00:00,BAYSHOR,41.95858
2018-07-05 02:00:00+00:00,BAYSHOR,52.27453
2018-07-05 03:00:00+00:00,BAYSHOR,48.37982
2018-07-05 04:00:00+00:00,BAYSHOR,37.05891
2018-07-05 05:00:00+00:00,BAYSHOR,32.61003
2018-07-05 06:00:00+00:00,BAYSHOR,31.26987
2018-07-05 07:00:00+00:00,BAYSHOR,30.83049
2018-07-05 08:00:00+00:00,BAYSHOR,29.63351
2018-07-05 09:00:00+00:00,BAYSHOR,28.91089
2018-07-05 10:00:00+00:00,BAYSHOR,28.31077
2018-07-05 11:00:00+00:00,BAYSHOR,29.76189
2018-07-05 12:00:00+00:00,BAYSHOR,31.3109
2018-07-05 13:00:00+00:00,BAYSHOR,34.64748
2018-07-05 14:00:00+00:00,BAYSHOR,30.29308
2018-07-05 15:00:00+00:00,BAYSHOR,29.35323
2018-07-05 16:00:00+00:00,BAYSHOR,27.02
2018-07-05 17:00:00+00:00,BAYSHOR,28.69272
2018-07-05 18:00:00+00:00,BAYSHOR,31.285870000000003
2018-07-05 19:00:00+00:00,BAYSHOR,34.27613
2018-07-05 20:00:00+00:00,BAYSHOR,34.169909999999994
2018-07-05 21:00:00+00:00,BAYSHOR,39.18221
2018-07-05 22:00:00+00:00,BAYSHOR,39.50959
2018-07-05 23:00:00+00:00,BAYSHOR,42.36274
2018-07-06 00:00:00+00:00,BAYSHOR,46.37256
2018-07-06 02:00:00+00:00,BAYSHOR,72.68653
2018-07-06 03:00:00+00:00,BAYSHOR,56.39038000000001
2018-07-06 04:00:00+00:00,BAYSHOR,45.144940000000005
2018-07-06 05:00:00+00:00,BAYSHOR,35.102740000000004
2018-07-06 06:00:00+00:00,BAYSHOR,31.81357
2018-07-06 07:00:00+00:00,BAYSHOR,30.92506
2018-07-06 08:00:00+00:00,BAYSHOR,29.76137
2018-07-06 09:00:00+00:00,BAYSHOR,28.10308
2018-07-06 10:00:00+00:00,BAYSHOR,28.80185
2018-07-06 11:00:00+00:00,BAYSHOR,29.08016
2018-07-06 12:00:00+00:00,BAYSHOR,30.72133
2018-07-06 13:00:00+00:00,BAYSHOR,31.15238
2018-07-06 14:00:00+00:00,BAYSHOR,29.95928
2018-07-06 15:00:00+00:00,BAYSHOR,28.887590000000003
2018-07-06 16:00:00+00:00,BAYSHOR,30.09249
2018-07-06 17:00:00+00:00,BAYSHOR,33.39578
2018-07-06 18:00:00+00:00,BAYSHOR,37.91259
2018-07-06 19:00:00+00:00,BAYSHOR,40.58358
2018-07-06 20:00:00+00:00,BAYSHOR,41.33988
2018-07-06 21:00:00+00:00,BAYSHOR,46.09713
2018-07-06 22:00:00+00:00,BAYSHOR,45.87743
2018-07-06 23:00:00+00:00,BAYSHOR,47.66068
2018-07-07 00:00:00+00:00,BAYSHOR,55.77763
2018-07-07 01:00:00+00:00,BAYSHOR,75.52113
2018-07-07 02:00:00+00:00,BAYSHOR,71.51038
2018-07-07 03:00:00+00:00,BAYSHOR,53.92486
2018-07-07 04:00:00+00:00,BAYSHOR,42.8107
2018-07-07 05:00:00+00:00,BAYSHOR,42.29227
2018-07-07 06:00:00+00:00,BAYSHOR,37.45971
2018-07-07 07:00:00+00:00,BAYSHOR,36.85353
2018-07-07 08:00:00+00:00,BAYSHOR,34.00014
2018-07-07 09:00:00+00:00,BAYSHOR,31.16016
2018-07-07 10:00:00+00:00,BAYSHOR,30.02467
2018-07-07 11:00:00+00:00,BAYSHOR,31.101640000000003
2018-07-07 12:00:00+00:00,BAYSHOR,30.26534
2018-07-07 13:00:00+00:00,BAYSHOR,30.68096
2018-07-07 14:00:00+00:00,BAYSHOR,28.31875
2018-07-07 15:00:00+00:00,BAYSHOR,28.51411
2018-07-07 16:00:00+00:00,BAYSHOR,29.56632
2018-07-07 17:00:00+00:00,BAYSHOR,32.36776
2018-07-07 18:00:00+00:00,BAYSHOR,32.95495
2018-07-07 19:00:00+00:00,BAYSHOR,35.3241
2018-07-07 20:00:00+00:00,BAYSHOR,38.12825
2018-07-07 21:00:00+00:00,BAYSHOR,40.597840000000005
2018-07-07 22:00:00+00:00,BAYSHOR,42.12051
2018-07-07 23:00:00+00:00,BAYSHOR,43.979890000000005
2018-07-08 00:00:00+00:00,BAYSHOR,46.51477
2018-07-08 01:00:00+00:00,BAYSHOR,68.8696
2018-07-08 02:00:00+00:00,BAYSHOR,71.19418
2018-07-08 03:00:00+00:00,BAYSHOR,54.76633
2018-07-08 04:00:00+00:00,BAYSHOR,46.22965
2018-07-08 05:00:00+00:00,BAYSHOR,44.15745
2018-07-08 06:00:00+00:00,BAYSHOR,35.84373
2018-07-08 07:00:00+00:00,BAYSHOR,35.6889
2018-07-08 08:00:00+00:00,BAYSHOR,33.090920000000004
2018-07-08 09:00:00+00:00,BAYSHOR,32.48866
2018-07-08 10:00:00+00:00,BAYSHOR,31.48338
2018-07-08 11:00:00+00:00,BAYSHOR,31.434
2018-07-08 12:00:00+00:00,BAYSHOR,31.66865
2018-07-08 13:00:00+00:00,BAYSHOR,29.81461
2018-07-08 14:00:00+00:00,BAYSHOR,27.29254
2018-07-08 15:00:00+00:00,BAYSHOR,26.7328
2018-07-08 16:00:00+00:00,BAYSHOR,29.55041
2018-07-08 17:00:00+00:00,BAYSHOR,30.69108
2018-07-08 18:00:00+00:00,BAYSHOR,30.9278
2018-07-08 19:00:00+00:00,BAYSHOR,30.81124
2018-07-08 20:00:00+00:00,BAYSHOR,33.979490000000006
2018-07-08 21:00:00+00:00,BAYSHOR,34.65767
2018-07-08 22:00:00+00:00,BAYSHOR,37.11591
2018-07-08 23:00:00+00:00,BAYSHOR,39.48728
2018-07-09 00:00:00+00:00,BAYSHOR,44.21117
2018-07-09 01:00:00+00:00,BAYSHOR,61.40432
2018-07-09 02:00:00+00:00,BAYSHOR,67.08892
2018-07-09 03:00:00+00:00,BAYSHOR,61.33945
2018-07-09 04:00:00+00:00,BAYSHOR,54.658
2018-07-09 05:00:00+00:00,BAYSHOR,39.51867
2018-07-09 06:00:00+00:00,BAYSHOR,34.81366
2018-07-09 07:00:00+00:00,BAYSHOR,32.26466
2018-07-09 08:00:00+00:00,BAYSHOR,31.503090000000004
2018-07-09 09:00:00+00:00,BAYSHOR,31.23245
2018-07-09 10:00:00+00:00,BAYSHOR,30.39485
2018-07-09 11:00:00+00:00,BAYSHOR,30.44427
2018-07-09 12:00:00+00:00,BAYSHOR,33.28041
2018-07-09 13:00:00+00:00,BAYSHOR,32.81133
2018-07-09 14:00:00+00:00,BAYSHOR,32.8888
2018-07-09 15:00:00+00:00,BAYSHOR,32.140159999999995
2018-07-09 16:00:00+00:00,BAYSHOR,31.44687
2018-07-09 17:00:00+00:00,BAYSHOR,31.68391
2018-07-09 18:00:00+00:00,BAYSHOR,36.644940000000005
2018-07-09 19:00:00+00:00,BAYSHOR,37.18247
2018-07-09 20:00:00+00:00,BAYSHOR,37.50102
2018-07-09 21:00:00+00:00,BAYSHOR,41.6838
2018-07-09 22:00:00+00:00,BAYSHOR,50.51261
2018-07-09 23:00:00+00:00,BAYSHOR,46.29367
2018-07-10 00:00:00+00:00,BAYSHOR,56.16826999999999
2018-07-10 01:00:00+00:00,BAYSHOR,63.31419
2018-07-10 02:00:00+00:00,BAYSHOR,79.17349
2018-07-10 03:00:00+00:00,BAYSHOR,58.1629
2018-07-10 04:00:00+00:00,BAYSHOR,54.65719
2018-07-10 05:00:00+00:00,BAYSHOR,40.49558
2018-07-10 06:00:00+00:00,BAYSHOR,36.8352
2018-07-10 07:00:00+00:00,BAYSHOR,36.90082
2018-07-10 08:00:00+00:00,BAYSHOR,31.76077
2018-07-10 09:00:00+00:00,BAYSHOR,30.69325
2018-07-10 10:00:00+00:00,BAYSHOR,30.369390000000003
2018-07-10 11:00:00+00:00,BAYSHOR,30.78418
2018-07-10 12:00:00+00:00,BAYSHOR,36.12982
2018-07-10 13:00:00+00:00,BAYSHOR,38.66083
2018-07-10 14:00:00+00:00,BAYSHOR,38.90165
2018-07-10 15:00:00+00:00,BAYSHOR,37.56318
2018-07-10 16:00:00+00:00,BAYSHOR,38.65548
2018-07-10 17:00:00+00:00,BAYSHOR,40.14452
2018-07-10 18:00:00+00:00,BAYSHOR,41.54077
2018-07-10 19:00:00+00:00,BAYSHOR,46.793690000000005
2018-07-10 20:00:00+00:00,BAYSHOR,47.214290000000005
2018-07-10 21:00:00+00:00,BAYSHOR,50.06125
2018-07-10 22:00:00+00:00,BAYSHOR,52.13837
2018-07-10 23:00:00+00:00,BAYSHOR,54.73216
2018-07-11 00:00:00+00:00,BAYSHOR,62.43137
2018-07-11 01:00:00+00:00,BAYSHOR,77.46005
2018-07-11 02:00:00+00:00,BAYSHOR,90.92106
2018-07-11 03:00:00+00:00,BAYSHOR,67.39941
2018-07-11 04:00:00+00:00,BAYSHOR,57.67161
2018-07-11 05:00:00+00:00,BAYSHOR,46.74866
2018-07-11 06:00:00+00:00,BAYSHOR,40.74295
2018-07-11 07:00:00+00:00,BAYSHOR,37.29351
2018-07-11 08:00:00+00:00,BAYSHOR,33.5929
2018-07-11 09:00:00+00:00,BAYSHOR,33.023540000000004
2018-07-11 10:00:00+00:00,BAYSHOR,31.70147
2018-07-11 11:00:00+00:00,BAYSHOR,32.955420000000004
2018-07-11 12:00:00+00:00,BAYSHOR,35.7387
2018-07-11 13:00:00+00:00,BAYSHOR,40.50886
2018-07-11 14:00:00+00:00,BAYSHOR,38.85631
2018-07-11 15:00:00+00:00,BAYSHOR,37.22303
2018-07-11 16:00:00+00:00,BAYSHOR,36.68018
2018-07-11 17:00:00+00:00,BAYSHOR,39.68285
2018-07-11 18:00:00+00:00,BAYSHOR,40.25299
2018-07-11 19:00:00+00:00,BAYSHOR,42.42498
2018-07-11 20:00:00+00:00,BAYSHOR,45.34227
2018-07-11 21:00:00+00:00,BAYSHOR,50.337
2018-07-11 22:00:00+00:00,BAYSHOR,61.74336
2018-07-11 23:00:00+00:00,BAYSHOR,82.16408
2018-07-12 00:00:00+00:00,BAYSHOR,71.84971
2018-07-12 01:00:00+00:00,BAYSHOR,96.44029
2018-07-12 02:00:00+00:00,BAYSHOR,112.08421
2018-07-12 03:00:00+00:00,BAYSHOR,76.97
2018-07-12 04:00:00+00:00,BAYSHOR,55.65017
2018-07-12 05:00:00+00:00,BAYSHOR,41.51207
2018-07-12 06:00:00+00:00,BAYSHOR,37.86571
2018-07-12 07:00:00+00:00,BAYSHOR,37.48015
2018-07-12 08:00:00+00:00,BAYSHOR,34.294470000000004
2018-07-12 09:00:00+00:00,BAYSHOR,33.68975
2018-07-12 10:00:00+00:00,BAYSHOR,32.45176
2018-07-12 11:00:00+00:00,BAYSHOR,33.47355
2018-07-12 12:00:00+00:00,BAYSHOR,36.47456
2018-07-12 13:00:00+00:00,BAYSHOR,44.8051
2018-07-12 14:00:00+00:00,BAYSHOR,41.03971
2018-07-12 15:00:00+00:00,BAYSHOR,39.25049
2018-07-12 16:00:00+00:00,BAYSHOR,40.22511
2018-07-12 17:00:00+00:00,BAYSHOR,41.252790000000005
2018-07-12 18:00:00+00:00,BAYSHOR,45.16023
2018-07-12 19:00:00+00:00,BAYSHOR,50.6913
2018-07-12 20:00:00+00:00,BAYSHOR,52.46096
2018-07-12 21:00:00+00:00,BAYSHOR,81.98894
2018-07-12 22:00:00+00:00,BAYSHOR,61.7061
2018-07-12 23:00:00+00:00,BAYSHOR,91.50528
2018-07-13 00:00:00+00:00,BAYSHOR,70.61086
2018-07-13 01:00:00+00:00,BAYSHOR,93.7163
2018-07-13 02:00:00+00:00,BAYSHOR,106.2792
2018-07-13 03:00:00+00:00,BAYSHOR,72.26413000000001
2018-07-13 04:00:00+00:00,BAYSHOR,58.80029
2018-07-13 05:00:00+00:00,BAYSHOR,47.16266
2018-07-13 06:00:00+00:00,BAYSHOR,40.18939
2018-07-13 07:00:00+00:00,BAYSHOR,35.86261
2018-07-13 08:00:00+00:00,BAYSHOR,33.62475
2018-07-13 09:00:00+00:00,BAYSHOR,32.32972
2018-07-13 10:00:00+00:00,BAYSHOR,31.40735
2018-07-13 11:00:00+00:00,BAYSHOR,31.78322
2018-07-13 12:00:00+00:00,BAYSHOR,35.87976
2018-07-13 13:00:00+00:00,BAYSHOR,37.75255
2018-07-13 14:00:00+00:00,BAYSHOR,35.65478
2018-07-13 15:00:00+00:00,BAYSHOR,35.41877
2018-07-13 16:00:00+00:00,BAYSHOR,37.45731
2018-07-13 17:00:00+00:00,BAYSHOR,38.73052
2018-07-13 18:00:00+00:00,BAYSHOR,41.49315
2018-07-13 19:00:00+00:00,BAYSHOR,43.30209
2018-07-13 20:00:00+00:00,BAYSHOR,48.98786
2018-07-13 21:00:00+00:00,BAYSHOR,51.47155
2018-07-13 22:00:00+00:00,BAYSHOR,57.156180000000006
2018-07-13 23:00:00+00:00,BAYSHOR,58.93954
2018-07-14 00:00:00+00:00,BAYSHOR,65.88233000000001
2018-07-14 01:00:00+00:00,BAYSHOR,74.95148
2018-07-14 02:00:00+00:00,BAYSHOR,84.24375
2018-07-14 03:00:00+00:00,BAYSHOR,63.71978000000001
2018-07-14 04:00:00+00:00,BAYSHOR,54.34201
2018-07-14 05:00:00+00:00,BAYSHOR,44.10674
2018-07-14 06:00:00+00:00,BAYSHOR,39.36902
2018-07-14 07:00:00+00:00,BAYSHOR,37.422540000000005
2018-07-14 08:00:00+00:00,BAYSHOR,35.49429
2018-07-14 09:00:00+00:00,BAYSHOR,33.65323
2018-07-14 10:00:00+00:00,BAYSHOR,32.51293
2018-07-14 11:00:00+00:00,BAYSHOR,32.16366
2018-07-14 12:00:00+00:00,BAYSHOR,33.49454
2018-07-14 13:00:00+00:00,BAYSHOR,31.75635
2018-07-14 14:00:00+00:00,BAYSHOR,29.221090000000004
2018-07-14 15:00:00+00:00,BAYSHOR,27.25559
2018-07-14 16:00:00+00:00,BAYSHOR,29.97808
2018-07-14 17:00:00+00:00,BAYSHOR,34.264070000000004
2018-07-14 18:00:00+00:00,BAYSHOR,71.0289
2018-07-14 19:00:00+00:00,BAYSHOR,46.91834
2018-07-14 20:00:00+00:00,BAYSHOR,74.10815
2018-07-14 21:00:00+00:00,BAYSHOR,45.55329
2018-07-14 22:00:00+00:00,BAYSHOR,65.86492
2018-07-14 23:00:00+00:00,BAYSHOR,60.13526
2018-07-15 00:00:00+00:00,BAYSHOR,50.64085
2018-07-15 01:00:00+00:00,BAYSHOR,55.16996999999999
2018-07-15 02:00:00+00:00,BAYSHOR,71.11126999999999
2018-07-15 03:00:00+00:00,BAYSHOR,56.27707
2018-07-15 04:00:00+00:00,BAYSHOR,50.07875
2018-07-15 05:00:00+00:00,BAYSHOR,42.69477
2018-07-15 06:00:00+00:00,BAYSHOR,37.55969
2018-07-15 07:00:00+00:00,BAYSHOR,37.75417
2018-07-15 08:00:00+00:00,BAYSHOR,35.576190000000004
2018-07-15 09:00:00+00:00,BAYSHOR,33.52923
2018-07-15 10:00:00+00:00,BAYSHOR,33.25739
2018-07-15 11:00:00+00:00,BAYSHOR,33.19963
2018-07-15 12:00:00+00:00,BAYSHOR,33.281240000000004
2018-07-15 13:00:00+00:00,BAYSHOR,31.80153
2018-07-15 14:00:00+00:00,BAYSHOR,27.79195
2018-07-15 15:00:00+00:00,BAYSHOR,24.97378
2018-07-15 16:00:00+00:00,BAYSHOR,28.48374
2018-07-15 17:00:00+00:00,BAYSHOR,31.86361
2018-07-15 18:00:00+00:00,BAYSHOR,34.2572
2018-07-15 19:00:00+00:00,BAYSHOR,38.14343
2018-07-15 20:00:00+00:00,BAYSHOR,39.61615
2018-07-15 21:00:00+00:00,BAYSHOR,42.542390000000005
2018-07-15 22:00:00+00:00,BAYSHOR,44.31495
2018-07-15 23:00:00+00:00,BAYSHOR,54.78488
2018-07-16 00:00:00+00:00,BAYSHOR,56.48217
2018-07-16 01:00:00+00:00,BAYSHOR,63.55519
2018-07-16 02:00:00+00:00,BAYSHOR,81.54207
2018-07-16 03:00:00+00:00,BAYSHOR,63.70391
2018-07-16 04:00:00+00:00,BAYSHOR,55.78756
2018-07-16 05:00:00+00:00,BAYSHOR,43.53172
2018-07-16 06:00:00+00:00,BAYSHOR,39.15748
2018-07-16 07:00:00+00:00,BAYSHOR,33.24191
2018-07-16 08:00:00+00:00,BAYSHOR,31.56623
2018-07-16 09:00:00+00:00,BAYSHOR,30.34216
2018-07-16 10:00:00+00:00,BAYSHOR,29.74291
2018-07-16 11:00:00+00:00,BAYSHOR,30.36693
2018-07-16 12:00:00+00:00,BAYSHOR,33.30093
2018-07-16 13:00:00+00:00,BAYSHOR,35.25068
2018-07-16 14:00:00+00:00,BAYSHOR,31.85139
2018-07-16 15:00:00+00:00,BAYSHOR,31.08955
2018-07-16 16:00:00+00:00,BAYSHOR,30.91711
2018-07-16 17:00:00+00:00,BAYSHOR,33.64077
2018-07-16 18:00:00+00:00,BAYSHOR,37.34452
2018-07-16 19:00:00+00:00,BAYSHOR,39.610240000000005
2018-07-16 20:00:00+00:00,BAYSHOR,40.67745
2018-07-16 21:00:00+00:00,BAYSHOR,74.62714
2018-07-16 22:00:00+00:00,BAYSHOR,126.5846
2018-07-16 23:00:00+00:00,BAYSHOR,140.71423
2018-07-17 00:00:00+00:00,BAYSHOR,140.16289
2018-07-17 01:00:00+00:00,BAYSHOR,67.53556
2018-07-17 02:00:00+00:00,BAYSHOR,81.80641999999999
2018-07-17 03:00:00+00:00,BAYSHOR,64.64945
2018-07-17 04:00:00+00:00,BAYSHOR,49.9443
2018-07-17 05:00:00+00:00,BAYSHOR,44.35382
2018-07-17 06:00:00+00:00,BAYSHOR,38.07601
2018-07-17 07:00:00+00:00,BAYSHOR,31.16776
2018-07-17 08:00:00+00:00,BAYSHOR,29.57785
2018-07-17 09:00:00+00:00,BAYSHOR,27.92427
2018-07-17 10:00:00+00:00,BAYSHOR,27.12385
2018-07-17 11:00:00+00:00,BAYSHOR,28.16651
2018-07-17 12:00:00+00:00,BAYSHOR,30.95416
2018-07-17 13:00:00+00:00,BAYSHOR,35.380790000000005
2018-07-17 14:00:00+00:00,BAYSHOR,33.34548
2018-07-17 15:00:00+00:00,BAYSHOR,30.15273
2018-07-17 16:00:00+00:00,BAYSHOR,30.67985
2018-07-17 17:00:00+00:00,BAYSHOR,32.94793
2018-07-17 18:00:00+00:00,BAYSHOR,34.72038
2018-07-17 19:00:00+00:00,BAYSHOR,37.19499
2018-07-17 20:00:00+00:00,BAYSHOR,41.78851
2018-07-17 21:00:00+00:00,BAYSHOR,49.99561
2018-07-17 22:00:00+00:00,BAYSHOR,84.96775
2018-07-17 23:00:00+00:00,BAYSHOR,157.23622
2018-07-18 00:00:00+00:00,BAYSHOR,110.71605
2018-07-18 01:00:00+00:00,BAYSHOR,79.72259
2018-07-18 02:00:00+00:00,BAYSHOR,86.16587
2018-07-18 03:00:00+00:00,BAYSHOR,63.02212
2018-07-18 04:00:00+00:00,BAYSHOR,47.72167
2018-07-18 05:00:00+00:00,BAYSHOR,39.73276
2018-07-18 06:00:00+00:00,BAYSHOR,36.53069
2018-07-18 07:00:00+00:00,BAYSHOR,31.58916
2018-07-18 08:00:00+00:00,BAYSHOR,30.53031
2018-07-18 09:00:00+00:00,BAYSHOR,29.76962
2018-07-18 10:00:00+00:00,BAYSHOR,28.25983
2018-07-18 11:00:00+00:00,BAYSHOR,29.62832
2018-07-18 12:00:00+00:00,BAYSHOR,31.41634
2018-07-18 13:00:00+00:00,BAYSHOR,30.63229
2018-07-18 14:00:00+00:00,BAYSHOR,30.83851
2018-07-18 15:00:00+00:00,BAYSHOR,29.04712
2018-07-18 16:00:00+00:00,BAYSHOR,31.32611
2018-07-18 17:00:00+00:00,BAYSHOR,33.09189
2018-07-18 18:00:00+00:00,BAYSHOR,36.6451
2018-07-18 19:00:00+00:00,BAYSHOR,43.50768
2018-07-18 20:00:00+00:00,BAYSHOR,80.7649
2018-07-18 21:00:00+00:00,BAYSHOR,65.51626
2018-07-18 22:00:00+00:00,BAYSHOR,89.85673
2018-07-18 23:00:00+00:00,BAYSHOR,157.88167
2018-07-19 00:00:00+00:00,BAYSHOR,71.78774
2018-07-19 01:00:00+00:00,BAYSHOR,77.38941
2018-07-19 02:00:00+00:00,BAYSHOR,89.48546999999999
2018-07-19 03:00:00+00:00,BAYSHOR,56.35741
2018-07-19 04:00:00+00:00,BAYSHOR,44.601000000000006
2018-07-19 05:00:00+00:00,BAYSHOR,37.02505
2018-07-19 06:00:00+00:00,BAYSHOR,33.54741
2018-07-19 07:00:00+00:00,BAYSHOR,32.45512
2018-07-19 08:00:00+00:00,BAYSHOR,30.66
2018-07-19 09:00:00+00:00,BAYSHOR,29.87825
2018-07-19 10:00:00+00:00,BAYSHOR,29.444740000000003
2018-07-19 11:00:00+00:00,BAYSHOR,29.65263
2018-07-19 12:00:00+00:00,BAYSHOR,30.73025
2018-07-19 13:00:00+00:00,BAYSHOR,32.037
2018-07-19 14:00:00+00:00,BAYSHOR,31.02528
2018-07-19 15:00:00+00:00,BAYSHOR,29.9086
2018-07-19 16:00:00+00:00,BAYSHOR,30.9136
2018-07-19 17:00:00+00:00,BAYSHOR,32.77717
2018-07-19 18:00:00+00:00,BAYSHOR,33.37901
2018-07-19 19:00:00+00:00,BAYSHOR,35.98273
2018-07-19 20:00:00+00:00,BAYSHOR,39.49088
2018-07-19 21:00:00+00:00,BAYSHOR,44.93949
2018-07-19 22:00:00+00:00,BAYSHOR,45.86517
2018-07-19 23:00:00+00:00,BAYSHOR,49.53763
2018-07-20 00:00:00+00:00,BAYSHOR,59.89082
2018-07-20 01:00:00+00:00,BAYSHOR,73.82591
2018-07-20 02:00:00+00:00,BAYSHOR,90.50824
2018-07-20 03:00:00+00:00,BAYSHOR,55.72514
2018-07-20 04:00:00+00:00,BAYSHOR,46.58301
2018-07-20 05:00:00+00:00,BAYSHOR,35.06806
2018-07-20 06:00:00+00:00,BAYSHOR,34.71324
2018-07-20 07:00:00+00:00,BAYSHOR,30.93267
2018-07-20 08:00:00+00:00,BAYSHOR,30.20691
2018-07-20 09:00:00+00:00,BAYSHOR,29.72191
2018-07-20 10:00:00+00:00,BAYSHOR,28.056590000000003
2018-07-20 11:00:00+00:00,BAYSHOR,29.59607
2018-07-20 12:00:00+00:00,BAYSHOR,30.87719
2018-07-20 13:00:00+00:00,BAYSHOR,33.53388
2018-07-20 14:00:00+00:00,BAYSHOR,30.75569
2018-07-20 15:00:00+00:00,BAYSHOR,30.12964
2018-07-20 16:00:00+00:00,BAYSHOR,31.10778
2018-07-20 17:00:00+00:00,BAYSHOR,31.52549
2018-07-20 18:00:00+00:00,BAYSHOR,35.65183
2018-07-20 19:00:00+00:00,BAYSHOR,31.30449
2018-07-20 20:00:00+00:00,BAYSHOR,41.42464
2018-07-20 21:00:00+00:00,BAYSHOR,41.75588
2018-07-20 22:00:00+00:00,BAYSHOR,47.53995
2018-07-20 23:00:00+00:00,BAYSHOR,54.29481
2018-07-21 00:00:00+00:00,BAYSHOR,43.27165
2018-07-21 01:00:00+00:00,BAYSHOR,63.485780000000005
2018-07-21 02:00:00+00:00,BAYSHOR,72.86183
2018-07-21 03:00:00+00:00,BAYSHOR,50.2496
2018-07-21 04:00:00+00:00,BAYSHOR,39.13387
2018-07-21 05:00:00+00:00,BAYSHOR,36.33098
2018-07-21 06:00:00+00:00,BAYSHOR,34.99945
2018-07-21 07:00:00+00:00,BAYSHOR,45.88016
2018-07-21 08:00:00+00:00,BAYSHOR,41.23257
2018-07-21 09:00:00+00:00,BAYSHOR,35.82353
2018-07-21 10:00:00+00:00,BAYSHOR,33.57463
2018-07-21 11:00:00+00:00,BAYSHOR,35.814640000000004
2018-07-21 12:00:00+00:00,BAYSHOR,37.29183
2018-07-21 13:00:00+00:00,BAYSHOR,38.28712
2018-07-21 14:00:00+00:00,BAYSHOR,32.98257
2018-07-21 15:00:00+00:00,BAYSHOR,29.31009
2018-07-21 16:00:00+00:00,BAYSHOR,29.43614
2018-07-21 17:00:00+00:00,BAYSHOR,31.99657
2018-07-21 18:00:00+00:00,BAYSHOR,34.16941
2018-07-21 19:00:00+00:00,BAYSHOR,36.48932
2018-07-21 20:00:00+00:00,BAYSHOR,39.25695
2018-07-21 21:00:00+00:00,BAYSHOR,43.99518
2018-07-21 22:00:00+00:00,BAYSHOR,47.31705
2018-07-21 23:00:00+00:00,BAYSHOR,49.97934
2018-07-22 00:00:00+00:00,BAYSHOR,51.781490000000005
2018-07-22 01:00:00+00:00,BAYSHOR,61.29445
2018-07-22 02:00:00+00:00,BAYSHOR,81.37841999999999
2018-07-22 03:00:00+00:00,BAYSHOR,59.031180000000006
2018-07-22 04:00:00+00:00,BAYSHOR,52.63373000000001
2018-07-22 05:00:00+00:00,BAYSHOR,42.31054
2018-07-22 06:00:00+00:00,BAYSHOR,41.45834
2018-07-22 07:00:00+00:00,BAYSHOR,39.52291
2018-07-22 08:00:00+00:00,BAYSHOR,35.445159999999994
2018-07-22 09:00:00+00:00,BAYSHOR,32.678670000000004
2018-07-22 10:00:00+00:00,BAYSHOR,31.45877
2018-07-22 11:00:00+00:00,BAYSHOR,31.32687
2018-07-22 12:00:00+00:00,BAYSHOR,34.43301
2018-07-22 13:00:00+00:00,BAYSHOR,32.482479999999995
2018-07-22 14:00:00+00:00,BAYSHOR,29.80985
2018-07-22 15:00:00+00:00,BAYSHOR,26.65898
2018-07-22 16:00:00+00:00,BAYSHOR,27.79144
2018-07-22 17:00:00+00:00,BAYSHOR,30.77996
2018-07-22 18:00:00+00:00,BAYSHOR,32.713390000000004
2018-07-22 19:00:00+00:00,BAYSHOR,34.26518
2018-07-22 20:00:00+00:00,BAYSHOR,38.44491
2018-07-22 21:00:00+00:00,BAYSHOR,38.44838
2018-07-22 22:00:00+00:00,BAYSHOR,45.7619
2018-07-22 23:00:00+00:00,BAYSHOR,50.87203
2018-07-23 00:00:00+00:00,BAYSHOR,59.48705
2018-07-23 01:00:00+00:00,BAYSHOR,67.61123
2018-07-23 02:00:00+00:00,BAYSHOR,83.66402
2018-07-23 03:00:00+00:00,BAYSHOR,66.16775
2018-07-23 04:00:00+00:00,BAYSHOR,54.579440000000005
2018-07-23 05:00:00+00:00,BAYSHOR,43.30577
2018-07-23 06:00:00+00:00,BAYSHOR,40.70468
2018-07-23 07:00:00+00:00,BAYSHOR,42.05888
2018-07-23 08:00:00+00:00,BAYSHOR,37.32554
2018-07-23 09:00:00+00:00,BAYSHOR,32.20903
2018-07-23 10:00:00+00:00,BAYSHOR,31.52133
2018-07-23 11:00:00+00:00,BAYSHOR,31.78854
2018-07-23 12:00:00+00:00,BAYSHOR,37.94692
2018-07-23 13:00:00+00:00,BAYSHOR,49.67483
2018-07-23 14:00:00+00:00,BAYSHOR,42.78887
2018-07-23 15:00:00+00:00,BAYSHOR,36.99586
2018-07-23 16:00:00+00:00,BAYSHOR,40.06145
2018-07-23 17:00:00+00:00,BAYSHOR,46.2866
2018-07-23 18:00:00+00:00,BAYSHOR,55.19919
2018-07-23 19:00:00+00:00,BAYSHOR,58.073
2018-07-23 20:00:00+00:00,BAYSHOR,66.89539
2018-07-23 21:00:00+00:00,BAYSHOR,85.02804
2018-07-23 22:00:00+00:00,BAYSHOR,100.61778
2018-07-23 23:00:00+00:00,BAYSHOR,225.70776
2018-07-24 00:00:00+00:00,BAYSHOR,277.26146
2018-07-24 01:00:00+00:00,BAYSHOR,342.05613
2018-07-24 02:00:00+00:00,BAYSHOR,477.02149
2018-07-24 03:00:00+00:00,BAYSHOR,250.02526
2018-07-24 04:00:00+00:00,BAYSHOR,101.28564
2018-07-24 05:00:00+00:00,BAYSHOR,69.34531
2018-07-24 06:00:00+00:00,BAYSHOR,56.24887
2018-07-24 07:00:00+00:00,BAYSHOR,44.8902
2018-07-24 08:00:00+00:00,BAYSHOR,46.73146
2018-07-24 09:00:00+00:00,BAYSHOR,39.02635
2018-07-24 10:00:00+00:00,BAYSHOR,38.23892
2018-07-24 11:00:00+00:00,BAYSHOR,36.9126
2018-07-24 12:00:00+00:00,BAYSHOR,41.79997
2018-07-24 13:00:00+00:00,BAYSHOR,58.95432
2018-07-24 14:00:00+00:00,BAYSHOR,52.65557
2018-07-24 15:00:00+00:00,BAYSHOR,46.92244
2018-07-24 16:00:00+00:00,BAYSHOR,55.92871
2018-07-24 17:00:00+00:00,BAYSHOR,56.93954
2018-07-24 18:00:00+00:00,BAYSHOR,80.01122
2018-07-24 19:00:00+00:00,BAYSHOR,74.94622
2018-07-24 20:00:00+00:00,BAYSHOR,92.52535
2018-07-24 21:00:00+00:00,BAYSHOR,136.89217
2018-07-24 22:00:00+00:00,BAYSHOR,203.54727
2018-07-24 23:00:00+00:00,BAYSHOR,424.53534
2018-07-25 00:00:00+00:00,BAYSHOR,597.32971
2018-07-25 01:00:00+00:00,BAYSHOR,899.90839
2018-07-25 02:00:00+00:00,BAYSHOR,956.53239
2018-07-25 03:00:00+00:00,BAYSHOR,603.14468
2018-07-25 04:00:00+00:00,BAYSHOR,237.346
2018-07-25 05:00:00+00:00,BAYSHOR,85.0062
2018-07-25 06:00:00+00:00,BAYSHOR,58.3049
2018-07-25 07:00:00+00:00,BAYSHOR,56.40258000000001
2018-07-25 08:00:00+00:00,BAYSHOR,49.85059
2018-07-25 09:00:00+00:00,BAYSHOR,42.33115
2018-07-25 10:00:00+00:00,BAYSHOR,36.32638
2018-07-25 11:00:00+00:00,BAYSHOR,37.06088
2018-07-25 12:00:00+00:00,BAYSHOR,42.71694
2018-07-25 13:00:00+00:00,BAYSHOR,59.016940000000005
2018-07-25 14:00:00+00:00,BAYSHOR,55.79136
2018-07-25 15:00:00+00:00,BAYSHOR,42.53016
2018-07-25 16:00:00+00:00,BAYSHOR,47.52487
2018-07-25 17:00:00+00:00,BAYSHOR,53.17271
2018-07-25 18:00:00+00:00,BAYSHOR,58.09045
2018-07-25 19:00:00+00:00,BAYSHOR,68.14034000000001
2018-07-25 20:00:00+00:00,BAYSHOR,91.69296
2018-07-25 21:00:00+00:00,BAYSHOR,148.59687
2018-07-25 22:00:00+00:00,BAYSHOR,225.80949
2018-07-25 23:00:00+00:00,BAYSHOR,332.42538
2018-07-26 00:00:00+00:00,BAYSHOR,511.06594
2018-07-26 01:00:00+00:00,BAYSHOR,749.0
2018-07-26 02:00:00+00:00,BAYSHOR,856.4486400000001
2018-07-26 03:00:00+00:00,BAYSHOR,447.75687
2018-07-26 04:00:00+00:00,BAYSHOR,221.37976
2018-07-26 05:00:00+00:00,BAYSHOR,104.47778
2018-07-26 06:00:00+00:00,BAYSHOR,76.67089
2018-07-26 07:00:00+00:00,BAYSHOR,54.47526
2018-07-26 08:00:00+00:00,BAYSHOR,47.09832
2018-07-26 09:00:00+00:00,BAYSHOR,41.75571
2018-07-26 10:00:00+00:00,BAYSHOR,40.06264
2018-07-26 11:00:00+00:00,BAYSHOR,42.13402
2018-07-26 12:00:00+00:00,BAYSHOR,48.01042
2018-07-26 13:00:00+00:00,BAYSHOR,57.40441
2018-07-26 14:00:00+00:00,BAYSHOR,55.71518
2018-07-26 15:00:00+00:00,BAYSHOR,44.97174
2018-07-26 16:00:00+00:00,BAYSHOR,45.94412
2018-07-26 17:00:00+00:00,BAYSHOR,52.53481
2018-07-26 18:00:00+00:00,BAYSHOR,62.95813
2018-07-26 19:00:00+00:00,BAYSHOR,71.44863000000001
2018-07-26 20:00:00+00:00,BAYSHOR,84.93930999999999
2018-07-26 21:00:00+00:00,BAYSHOR,120.7629
2018-07-26 22:00:00+00:00,BAYSHOR,161.33851
2018-07-26 23:00:00+00:00,BAYSHOR,197.0695
2018-07-27 00:00:00+00:00,BAYSHOR,239.71733
2018-07-27 01:00:00+00:00,BAYSHOR,329.76185
2018-07-27 02:00:00+00:00,BAYSHOR,364.6468
2018-07-27 03:00:00+00:00,BAYSHOR,250.35945
2018-07-27 04:00:00+00:00,BAYSHOR,149.27716
2018-07-27 05:00:00+00:00,BAYSHOR,80.45047
2018-07-27 06:00:00+00:00,BAYSHOR,63.48413000000001
2018-07-27 07:00:00+00:00,BAYSHOR,50.83192
2018-07-27 08:00:00+00:00,BAYSHOR,42.43298
2018-07-27 09:00:00+00:00,BAYSHOR,37.97534
2018-07-27 10:00:00+00:00,BAYSHOR,36.254940000000005
2018-07-27 11:00:00+00:00,BAYSHOR,37.13272
2018-07-27 12:00:00+00:00,BAYSHOR,42.48405
2018-07-27 13:00:00+00:00,BAYSHOR,51.35943
2018-07-27 14:00:00+00:00,BAYSHOR,46.55037
2018-07-27 15:00:00+00:00,BAYSHOR,40.5376
2018-07-27 16:00:00+00:00,BAYSHOR,42.80449
2018-07-27 17:00:00+00:00,BAYSHOR,51.7336
2018-07-27 18:00:00+00:00,BAYSHOR,55.17931
2018-07-27 19:00:00+00:00,BAYSHOR,64.74176
2018-07-27 20:00:00+00:00,BAYSHOR,74.62867
2018-07-27 21:00:00+00:00,BAYSHOR,93.67663
2018-07-27 22:00:00+00:00,BAYSHOR,122.79371
2018-07-27 23:00:00+00:00,BAYSHOR,148.03551000000002
2018-07-28 00:00:00+00:00,BAYSHOR,184.24435
2018-07-28 01:00:00+00:00,BAYSHOR,221.43559
2018-07-28 02:00:00+00:00,BAYSHOR,284.42931
2018-07-28 03:00:00+00:00,BAYSHOR,154.73363
2018-07-28 04:00:00+00:00,BAYSHOR,108.28986
2018-07-28 05:00:00+00:00,BAYSHOR,77.0832
2018-07-28 07:00:00+00:00,BAYSHOR,52.23868
2018-07-28 08:00:00+00:00,BAYSHOR,44.94089
2018-07-28 09:00:00+00:00,BAYSHOR,36.87132
2018-07-28 10:00:00+00:00,BAYSHOR,38.55178
2018-07-28 11:00:00+00:00,BAYSHOR,37.01014
2018-07-28 12:00:00+00:00,BAYSHOR,40.34136
2018-07-28 13:00:00+00:00,BAYSHOR,37.12295
2018-07-28 14:00:00+00:00,BAYSHOR,34.844190000000005
2018-07-28 15:00:00+00:00,BAYSHOR,31.411690000000004
2018-07-28 16:00:00+00:00,BAYSHOR,33.514720000000004
2018-07-28 17:00:00+00:00,BAYSHOR,37.55593
2018-07-28 18:00:00+00:00,BAYSHOR,40.542390000000005
2018-07-28 19:00:00+00:00,BAYSHOR,49.0994
2018-07-28 20:00:00+00:00,BAYSHOR,51.33101
2018-07-28 21:00:00+00:00,BAYSHOR,57.25305
2018-07-28 22:00:00+00:00,BAYSHOR,63.82092
2018-07-28 23:00:00+00:00,BAYSHOR,84.38074
2018-07-29 00:00:00+00:00,BAYSHOR,96.03856
2018-07-29 01:00:00+00:00,BAYSHOR,122.50742
2018-07-29 02:00:00+00:00,BAYSHOR,148.27677
2018-07-29 03:00:00+00:00,BAYSHOR,98.96447
2018-07-29 04:00:00+00:00,BAYSHOR,72.96432
2018-07-29 05:00:00+00:00,BAYSHOR,55.115930000000006
2018-07-29 06:00:00+00:00,BAYSHOR,46.3857
2018-07-29 07:00:00+00:00,BAYSHOR,42.75226
2018-07-29 08:00:00+00:00,BAYSHOR,38.87944
2018-07-29 09:00:00+00:00,BAYSHOR,38.49549
2018-07-29 10:00:00+00:00,BAYSHOR,34.7254
2018-07-29 11:00:00+00:00,BAYSHOR,33.44727
2018-07-29 12:00:00+00:00,BAYSHOR,35.83565
2018-07-29 13:00:00+00:00,BAYSHOR,35.54131
2018-07-29 14:00:00+00:00,BAYSHOR,32.25171
2018-07-29 15:00:00+00:00,BAYSHOR,27.86031
2018-07-29 16:00:00+00:00,BAYSHOR,28.76271
2018-07-29 17:00:00+00:00,BAYSHOR,35.45003
2018-07-29 18:00:00+00:00,BAYSHOR,41.17138
2018-07-29 19:00:00+00:00,BAYSHOR,46.47313
2018-07-29 20:00:00+00:00,BAYSHOR,46.91823
2018-07-29 21:00:00+00:00,BAYSHOR,51.93323
2018-07-29 22:00:00+00:00,BAYSHOR,52.12631
2018-07-29 23:00:00+00:00,BAYSHOR,56.97891
2018-07-30 00:00:00+00:00,BAYSHOR,68.35239
2018-07-30 01:00:00+00:00,BAYSHOR,97.22966
2018-07-30 02:00:00+00:00,BAYSHOR,124.13325
2018-07-30 03:00:00+00:00,BAYSHOR,100.28647
2018-07-30 04:00:00+00:00,BAYSHOR,74.9819
2018-07-30 05:00:00+00:00,BAYSHOR,58.07835
2018-07-30 06:00:00+00:00,BAYSHOR,49.91966
2018-07-30 07:00:00+00:00,BAYSHOR,39.71967
2018-07-30 08:00:00+00:00,BAYSHOR,34.79159
2018-07-30 09:00:00+00:00,BAYSHOR,33.08682
2018-07-30 10:00:00+00:00,BAYSHOR,32.4911
2018-07-30 11:00:00+00:00,BAYSHOR,34.05303
2018-07-30 12:00:00+00:00,BAYSHOR,37.16265
2018-07-30 13:00:00+00:00,BAYSHOR,42.6988
2018-07-30 14:00:00+00:00,BAYSHOR,43.67663
2018-07-30 15:00:00+00:00,BAYSHOR,37.7248
2018-07-30 16:00:00+00:00,BAYSHOR,36.68766
2018-07-30 17:00:00+00:00,BAYSHOR,42.15359
2018-07-30 18:00:00+00:00,BAYSHOR,43.60141
2018-07-30 19:00:00+00:00,BAYSHOR,47.7234
2018-07-30 20:00:00+00:00,BAYSHOR,53.200230000000005
2018-07-30 21:00:00+00:00,BAYSHOR,63.026030000000006
2018-07-30 22:00:00+00:00,BAYSHOR,71.26394
2018-07-30 23:00:00+00:00,BAYSHOR,88.81685999999999
2018-07-31 00:00:00+00:00,BAYSHOR,106.30201
2018-07-31 01:00:00+00:00,BAYSHOR,169.08992
2018-07-31 02:00:00+00:00,BAYSHOR,181.53966
2018-07-31 03:00:00+00:00,BAYSHOR,105.38246
2018-07-31 04:00:00+00:00,BAYSHOR,65.7037
2018-07-31 05:00:00+00:00,BAYSHOR,55.73821
2018-07-31 06:00:00+00:00,BAYSHOR,50.00022
2018-07-31 07:00:00+00:00,BAYSHOR,44.92857
2018-07-31 08:00:00+00:00,BAYSHOR,38.24754
2018-07-31 09:00:00+00:00,BAYSHOR,35.8241
2018-07-31 10:00:00+00:00,BAYSHOR,35.45421
2018-07-31 11:00:00+00:00,BAYSHOR,36.62363
2018-07-31 12:00:00+00:00,BAYSHOR,38.92821
2018-07-31 13:00:00+00:00,BAYSHOR,46.11036
2018-07-31 14:00:00+00:00,BAYSHOR,47.26261
2018-07-31 15:00:00+00:00,BAYSHOR,41.61281
2018-07-31 16:00:00+00:00,BAYSHOR,43.17589
2018-07-31 17:00:00+00:00,BAYSHOR,45.03518
2018-07-31 18:00:00+00:00,BAYSHOR,46.295770000000005
2018-07-31 19:00:00+00:00,BAYSHOR,48.44613
2018-07-31 20:00:00+00:00,BAYSHOR,53.6307
2018-07-31 21:00:00+00:00,BAYSHOR,57.11558
2018-07-31 22:00:00+00:00,BAYSHOR,62.24816
2018-07-31 23:00:00+00:00,BAYSHOR,73.27073
2018-08-01 00:00:00+00:00,BAYSHOR,90.43978
2018-08-01 01:00:00+00:00,BAYSHOR,157.3278
2018-08-01 02:00:00+00:00,BAYSHOR,157.34543
2018-08-01 03:00:00+00:00,BAYSHOR,81.74699
2018-08-01 04:00:00+00:00,BAYSHOR,60.69385
2018-08-01 05:00:00+00:00,BAYSHOR,52.57469
2018-08-01 06:00:00+00:00,BAYSHOR,45.27094
2018-08-01 08:00:00+00:00,BAYSHOR,36.66214
2018-08-01 09:00:00+00:00,BAYSHOR,33.27637
2018-08-01 10:00:00+00:00,BAYSHOR,33.63244
2018-08-01 11:00:00+00:00,BAYSHOR,34.815090000000005
2018-08-01 12:00:00+00:00,BAYSHOR,37.69407
2018-08-01 13:00:00+00:00,BAYSHOR,45.94679
2018-08-01 14:00:00+00:00,BAYSHOR,46.38004
2018-08-01 15:00:00+00:00,BAYSHOR,39.73527
2018-08-01 16:00:00+00:00,BAYSHOR,40.2577
2018-08-01 17:00:00+00:00,BAYSHOR,43.48455
2018-08-01 18:00:00+00:00,BAYSHOR,45.88916
2018-08-01 19:00:00+00:00,BAYSHOR,49.87222
2018-08-01 20:00:00+00:00,BAYSHOR,49.75065
2018-08-01 21:00:00+00:00,BAYSHOR,55.428090000000005
2018-08-01 22:00:00+00:00,BAYSHOR,59.153
2018-08-01 23:00:00+00:00,BAYSHOR,71.20496
2018-08-02 00:00:00+00:00,BAYSHOR,79.5091
2018-08-02 01:00:00+00:00,BAYSHOR,128.36875
2018-08-02 02:00:00+00:00,BAYSHOR,157.48074
2018-08-02 03:00:00+00:00,BAYSHOR,84.52745999999999
2018-08-02 04:00:00+00:00,BAYSHOR,63.65749
2018-08-02 05:00:00+00:00,BAYSHOR,51.44596
2018-08-02 06:00:00+00:00,BAYSHOR,44.0513
2018-08-02 08:00:00+00:00,BAYSHOR,38.53756
2018-08-02 09:00:00+00:00,BAYSHOR,37.35842
2018-08-02 10:00:00+00:00,BAYSHOR,36.13081
2018-08-02 11:00:00+00:00,BAYSHOR,37.74148
2018-08-02 12:00:00+00:00,BAYSHOR,41.01847
2018-08-02 13:00:00+00:00,BAYSHOR,45.58613
2018-08-02 14:00:00+00:00,BAYSHOR,42.47664
2018-08-02 15:00:00+00:00,BAYSHOR,37.85564
2018-08-02 16:00:00+00:00,BAYSHOR,37.91718
2018-08-02 17:00:00+00:00,BAYSHOR,40.62618
2018-08-02 18:00:00+00:00,BAYSHOR,43.01791
2018-08-02 19:00:00+00:00,BAYSHOR,44.3055
2018-08-02 20:00:00+00:00,BAYSHOR,47.581990000000005
2018-08-02 21:00:00+00:00,BAYSHOR,49.30921
2018-08-02 22:00:00+00:00,BAYSHOR,52.96197
2018-08-02 23:00:00+00:00,BAYSHOR,61.70419
2018-08-03 00:00:00+00:00,BAYSHOR,65.40243000000001
2018-08-03 01:00:00+00:00,BAYSHOR,83.15345
2018-08-03 02:00:00+00:00,BAYSHOR,101.58276
2018-08-03 03:00:00+00:00,BAYSHOR,74.67773000000001
2018-08-03 04:00:00+00:00,BAYSHOR,60.722930000000005
2018-08-03 05:00:00+00:00,BAYSHOR,48.10039
2018-08-03 06:00:00+00:00,BAYSHOR,42.16176
2018-08-03 07:00:00+00:00,BAYSHOR,44.64863
2018-08-03 08:00:00+00:00,BAYSHOR,42.21999
2018-08-03 09:00:00+00:00,BAYSHOR,39.62989
2018-08-03 10:00:00+00:00,BAYSHOR,38.84428
2018-08-03 11:00:00+00:00,BAYSHOR,40.33448
2018-08-03 12:00:00+00:00,BAYSHOR,42.41947
2018-08-03 13:00:00+00:00,BAYSHOR,49.438190000000006
2018-08-03 14:00:00+00:00,BAYSHOR,42.98403
2018-08-03 15:00:00+00:00,BAYSHOR,38.96002
2018-08-03 16:00:00+00:00,BAYSHOR,40.60435
2018-08-03 17:00:00+00:00,BAYSHOR,43.49187
2018-08-03 18:00:00+00:00,BAYSHOR,48.3769
2018-08-03 19:00:00+00:00,BAYSHOR,44.53387
2018-08-03 20:00:00+00:00,BAYSHOR,45.0614
2018-08-03 21:00:00+00:00,BAYSHOR,47.31047
2018-08-03 22:00:00+00:00,BAYSHOR,50.35032
2018-08-03 23:00:00+00:00,BAYSHOR,53.22136
2018-08-04 00:00:00+00:00,BAYSHOR,55.925230000000006
2018-08-04 01:00:00+00:00,BAYSHOR,68.68786999999999
2018-08-04 02:00:00+00:00,BAYSHOR,88.51181
2018-08-04 03:00:00+00:00,BAYSHOR,68.71880999999999
2018-08-04 04:00:00+00:00,BAYSHOR,61.66317
2018-08-04 05:00:00+00:00,BAYSHOR,52.06954
2018-08-04 06:00:00+00:00,BAYSHOR,43.89413
2018-08-04 07:00:00+00:00,BAYSHOR,48.86247
2018-08-04 08:00:00+00:00,BAYSHOR,41.98377
2018-08-04 09:00:00+00:00,BAYSHOR,40.17669
2018-08-04 10:00:00+00:00,BAYSHOR,38.48303
2018-08-04 11:00:00+00:00,BAYSHOR,38.08231
2018-08-04 12:00:00+00:00,BAYSHOR,39.91622
2018-08-04 13:00:00+00:00,BAYSHOR,36.552890000000005
2018-08-04 14:00:00+00:00,BAYSHOR,34.11446
2018-08-04 15:00:00+00:00,BAYSHOR,27.74844
2018-08-04 16:00:00+00:00,BAYSHOR,30.57976
2018-08-04 17:00:00+00:00,BAYSHOR,35.52996
2018-08-04 18:00:00+00:00,BAYSHOR,37.27292
2018-08-04 19:00:00+00:00,BAYSHOR,47.02374
2018-08-04 20:00:00+00:00,BAYSHOR,41.36518
2018-08-04 21:00:00+00:00,BAYSHOR,46.23408
2018-08-04 22:00:00+00:00,BAYSHOR,47.48038
2018-08-04 23:00:00+00:00,BAYSHOR,55.79127
2018-08-05 00:00:00+00:00,BAYSHOR,59.74719
2018-08-05 01:00:00+00:00,BAYSHOR,75.53284000000001
2018-08-05 02:00:00+00:00,BAYSHOR,86.60418
2018-08-05 03:00:00+00:00,BAYSHOR,69.72434
2018-08-05 04:00:00+00:00,BAYSHOR,57.56824
2018-08-05 05:00:00+00:00,BAYSHOR,47.94614
2018-08-05 06:00:00+00:00,BAYSHOR,43.34568
2018-08-05 07:00:00+00:00,BAYSHOR,43.09451
2018-08-05 08:00:00+00:00,BAYSHOR,40.50675
2018-08-05 09:00:00+00:00,BAYSHOR,38.47338
2018-08-05 10:00:00+00:00,BAYSHOR,36.56251
2018-08-05 11:00:00+00:00,BAYSHOR,36.734
2018-08-05 12:00:00+00:00,BAYSHOR,37.84264
2018-08-05 13:00:00+00:00,BAYSHOR,34.4566
2018-08-05 14:00:00+00:00,BAYSHOR,30.419320000000003
2018-08-05 15:00:00+00:00,BAYSHOR,23.0608
2018-08-05 16:00:00+00:00,BAYSHOR,27.28265
2018-08-05 17:00:00+00:00,BAYSHOR,31.49206
2018-08-05 18:00:00+00:00,BAYSHOR,35.19573
2018-08-05 19:00:00+00:00,BAYSHOR,37.93619
2018-08-05 20:00:00+00:00,BAYSHOR,34.64445
2018-08-05 21:00:00+00:00,BAYSHOR,41.1162
2018-08-05 22:00:00+00:00,BAYSHOR,47.30026
2018-08-05 23:00:00+00:00,BAYSHOR,55.48425
2018-08-06 00:00:00+00:00,BAYSHOR,60.24722
2018-08-06 01:00:00+00:00,BAYSHOR,70.68216
2018-08-06 02:00:00+00:00,BAYSHOR,85.62578
2018-08-06 03:00:00+00:00,BAYSHOR,77.63325
2018-08-06 04:00:00+00:00,BAYSHOR,66.52288
2018-08-06 05:00:00+00:00,BAYSHOR,49.04913
2018-08-06 06:00:00+00:00,BAYSHOR,45.75157
2018-08-06 07:00:00+00:00,BAYSHOR,41.69704
2018-08-06 08:00:00+00:00,BAYSHOR,38.02225
2018-08-06 09:00:00+00:00,BAYSHOR,35.22558
2018-08-06 10:00:00+00:00,BAYSHOR,34.03154
2018-08-06 11:00:00+00:00,BAYSHOR,34.105920000000005
2018-08-06 12:00:00+00:00,BAYSHOR,38.96046
2018-08-06 13:00:00+00:00,BAYSHOR,44.28669
2018-08-06 14:00:00+00:00,BAYSHOR,44.63918
2018-08-06 15:00:00+00:00,BAYSHOR,35.96213
2018-08-06 16:00:00+00:00,BAYSHOR,38.77793
2018-08-06 17:00:00+00:00,BAYSHOR,40.18052
2018-08-06 18:00:00+00:00,BAYSHOR,45.45527
2018-08-06 19:00:00+00:00,BAYSHOR,57.25281999999999
2018-08-06 20:00:00+00:00,BAYSHOR,60.2532
2018-08-06 21:00:00+00:00,BAYSHOR,73.36739
2018-08-06 22:00:00+00:00,BAYSHOR,89.36344
2018-08-06 23:00:00+00:00,BAYSHOR,99.17287
2018-08-07 00:00:00+00:00,BAYSHOR,103.87245
2018-08-07 01:00:00+00:00,BAYSHOR,230.4398
2018-08-07 02:00:00+00:00,BAYSHOR,252.36344
2018-08-07 03:00:00+00:00,BAYSHOR,152.88738999999998
2018-08-07 04:00:00+00:00,BAYSHOR,90.88803
2018-08-07 05:00:00+00:00,BAYSHOR,55.20478000000001
2018-08-07 06:00:00+00:00,BAYSHOR,50.08737
2018-08-07 07:00:00+00:00,BAYSHOR,54.3786
2018-08-07 08:00:00+00:00,BAYSHOR,45.48112
2018-08-07 09:00:00+00:00,BAYSHOR,43.09933
2018-08-07 10:00:00+00:00,BAYSHOR,42.88463
2018-08-07 11:00:00+00:00,BAYSHOR,45.70129
2018-08-07 12:00:00+00:00,BAYSHOR,51.0736
2018-08-07 13:00:00+00:00,BAYSHOR,60.847730000000006
2018-08-07 14:00:00+00:00,BAYSHOR,54.9225
2018-08-07 15:00:00+00:00,BAYSHOR,43.18419
2018-08-07 16:00:00+00:00,BAYSHOR,47.75082
2018-08-07 17:00:00+00:00,BAYSHOR,55.43257
2018-08-07 18:00:00+00:00,BAYSHOR,62.049980000000005
2018-08-07 19:00:00+00:00,BAYSHOR,67.26213
2018-08-07 20:00:00+00:00,BAYSHOR,75.59359
2018-08-07 21:00:00+00:00,BAYSHOR,85.53452
2018-08-07 22:00:00+00:00,BAYSHOR,105.74484
2018-08-07 23:00:00+00:00,BAYSHOR,127.63191
2018-08-08 00:00:00+00:00,BAYSHOR,190.6845
2018-08-08 01:00:00+00:00,BAYSHOR,451.14406
2018-08-08 02:00:00+00:00,BAYSHOR,491.63383
2018-08-08 03:00:00+00:00,BAYSHOR,239.42993
2018-08-08 04:00:00+00:00,BAYSHOR,117.39751
2018-08-08 05:00:00+00:00,BAYSHOR,68.49429
2018-08-08 06:00:00+00:00,BAYSHOR,65.42782
2018-08-08 07:00:00+00:00,BAYSHOR,51.56663
2018-08-08 08:00:00+00:00,BAYSHOR,45.33879
2018-08-08 09:00:00+00:00,BAYSHOR,45.283570000000005
2018-08-08 10:00:00+00:00,BAYSHOR,43.82826
2018-08-08 11:00:00+00:00,BAYSHOR,45.4032
2018-08-08 12:00:00+00:00,BAYSHOR,52.90883
2018-08-08 13:00:00+00:00,BAYSHOR,60.99726999999999
2018-08-08 14:00:00+00:00,BAYSHOR,57.35511999999999
2018-08-08 15:00:00+00:00,BAYSHOR,46.84266
2018-08-08 16:00:00+00:00,BAYSHOR,47.23127
2018-08-08 17:00:00+00:00,BAYSHOR,56.0334
2018-08-08 18:00:00+00:00,BAYSHOR,57.62672
2018-08-08 19:00:00+00:00,BAYSHOR,63.24399
2018-08-08 20:00:00+00:00,BAYSHOR,70.05662
2018-08-08 21:00:00+00:00,BAYSHOR,75.2015
2018-08-08 22:00:00+00:00,BAYSHOR,87.32587
2018-08-08 23:00:00+00:00,BAYSHOR,101.8396
2018-08-09 00:00:00+00:00,BAYSHOR,157.84806
2018-08-09 01:00:00+00:00,BAYSHOR,335.83575
2018-08-09 02:00:00+00:00,BAYSHOR,340.82362
2018-08-09 03:00:00+00:00,BAYSHOR,185.51171
2018-08-09 04:00:00+00:00,BAYSHOR,93.53469
2018-08-09 05:00:00+00:00,BAYSHOR,64.39673
2018-08-09 06:00:00+00:00,BAYSHOR,56.00402
2018-08-09 07:00:00+00:00,BAYSHOR,51.9672
2018-08-09 08:00:00+00:00,BAYSHOR,45.7166
2018-08-09 09:00:00+00:00,BAYSHOR,43.6442
2018-08-09 10:00:00+00:00,BAYSHOR,40.40667
2018-08-09 11:00:00+00:00,BAYSHOR,41.312090000000005
2018-08-09 12:00:00+00:00,BAYSHOR,48.51965
2018-08-09 13:00:00+00:00,BAYSHOR,60.95611
2018-08-09 14:00:00+00:00,BAYSHOR,52.29561
2018-08-09 15:00:00+00:00,BAYSHOR,42.84059
2018-08-09 16:00:00+00:00,BAYSHOR,42.88163
2018-08-09 17:00:00+00:00,BAYSHOR,51.06182
2018-08-09 18:00:00+00:00,BAYSHOR,55.6465
2018-08-09 19:00:00+00:00,BAYSHOR,61.17703
2018-08-09 20:00:00+00:00,BAYSHOR,67.46585
2018-08-09 21:00:00+00:00,BAYSHOR,77.35985
2018-08-09 22:00:00+00:00,BAYSHOR,82.01364000000001
2018-08-09 23:00:00+00:00,BAYSHOR,132.25601
2018-08-10 00:00:00+00:00,BAYSHOR,194.11421
2018-08-10 01:00:00+00:00,BAYSHOR,336.68982
2018-08-10 02:00:00+00:00,BAYSHOR,369.4421200000001
2018-08-10 03:00:00+00:00,BAYSHOR,186.24348
2018-08-10 04:00:00+00:00,BAYSHOR,98.69165
2018-08-10 05:00:00+00:00,BAYSHOR,64.84081
2018-08-10 06:00:00+00:00,BAYSHOR,56.02958
2018-08-10 07:00:00+00:00,BAYSHOR,65.4169
2018-08-10 08:00:00+00:00,BAYSHOR,52.1366
2018-08-10 09:00:00+00:00,BAYSHOR,45.47997
2018-08-10 10:00:00+00:00,BAYSHOR,41.6963
2018-08-10 11:00:00+00:00,BAYSHOR,41.99529
2018-08-10 12:00:00+00:00,BAYSHOR,56.36941
2018-08-10 13:00:00+00:00,BAYSHOR,72.76992
2018-08-10 14:00:00+00:00,BAYSHOR,60.14332
2018-08-10 15:00:00+00:00,BAYSHOR,52.8115
2018-08-10 16:00:00+00:00,BAYSHOR,57.896640000000005
2018-08-10 17:00:00+00:00,BAYSHOR,65.00425
2018-08-10 18:00:00+00:00,BAYSHOR,70.47067
2018-08-10 19:00:00+00:00,BAYSHOR,72.10078
2018-08-10 20:00:00+00:00,BAYSHOR,81.93456
2018-08-10 21:00:00+00:00,BAYSHOR,91.91042
2018-08-10 22:00:00+00:00,BAYSHOR,86.36683000000001
2018-08-10 23:00:00+00:00,BAYSHOR,107.66305
2018-08-11 00:00:00+00:00,BAYSHOR,123.94981
2018-08-11 01:00:00+00:00,BAYSHOR,187.8635
2018-08-11 02:00:00+00:00,BAYSHOR,223.24387
2018-08-11 03:00:00+00:00,BAYSHOR,114.77169
2018-08-11 04:00:00+00:00,BAYSHOR,87.52916
2018-08-11 05:00:00+00:00,BAYSHOR,78.18956999999999
2018-08-11 06:00:00+00:00,BAYSHOR,66.46200999999999
2018-08-11 07:00:00+00:00,BAYSHOR,63.17461
2018-08-11 08:00:00+00:00,BAYSHOR,48.77621
2018-08-11 09:00:00+00:00,BAYSHOR,41.48072
2018-08-11 10:00:00+00:00,BAYSHOR,39.85656
2018-08-11 11:00:00+00:00,BAYSHOR,40.28983
2018-08-11 12:00:00+00:00,BAYSHOR,41.61547
2018-08-11 13:00:00+00:00,BAYSHOR,42.99138
2018-08-11 14:00:00+00:00,BAYSHOR,39.91513
2018-08-11 15:00:00+00:00,BAYSHOR,34.16299
2018-08-11 16:00:00+00:00,BAYSHOR,37.28011
2018-08-11 17:00:00+00:00,BAYSHOR,39.49151
2018-08-11 18:00:00+00:00,BAYSHOR,46.85311
2018-08-11 19:00:00+00:00,BAYSHOR,51.98216
2018-08-11 20:00:00+00:00,BAYSHOR,58.83517
2018-08-11 21:00:00+00:00,BAYSHOR,63.82571
2018-08-11 22:00:00+00:00,BAYSHOR,67.8505
2018-08-11 23:00:00+00:00,BAYSHOR,67.3729
2018-08-12 00:00:00+00:00,BAYSHOR,82.54687
2018-08-12 01:00:00+00:00,BAYSHOR,95.37244
2018-08-12 02:00:00+00:00,BAYSHOR,118.65515
2018-08-12 03:00:00+00:00,BAYSHOR,87.76389
2018-08-12 04:00:00+00:00,BAYSHOR,65.7098
2018-08-12 05:00:00+00:00,BAYSHOR,61.94489
2018-08-12 06:00:00+00:00,BAYSHOR,53.21509
2018-08-12 07:00:00+00:00,BAYSHOR,50.5786
2018-08-12 08:00:00+00:00,BAYSHOR,47.66919
2018-08-12 09:00:00+00:00,BAYSHOR,43.64869
2018-08-12 10:00:00+00:00,BAYSHOR,41.95505
2018-08-12 11:00:00+00:00,BAYSHOR,41.58642
2018-08-12 12:00:00+00:00,BAYSHOR,42.66018
2018-08-12 13:00:00+00:00,BAYSHOR,42.06522
2018-08-12 14:00:00+00:00,BAYSHOR,38.72277
2018-08-12 15:00:00+00:00,BAYSHOR,31.65007
2018-08-12 16:00:00+00:00,BAYSHOR,32.15528
2018-08-12 17:00:00+00:00,BAYSHOR,35.9786
2018-08-12 18:00:00+00:00,BAYSHOR,40.51
2018-08-12 19:00:00+00:00,BAYSHOR,43.83618
2018-08-12 20:00:00+00:00,BAYSHOR,47.10201
2018-08-12 21:00:00+00:00,BAYSHOR,50.51797
2018-08-12 22:00:00+00:00,BAYSHOR,51.99516
2018-08-12 23:00:00+00:00,BAYSHOR,60.2971
2018-08-13 00:00:00+00:00,BAYSHOR,68.33485
2018-08-13 01:00:00+00:00,BAYSHOR,77.79493000000001
2018-08-13 02:00:00+00:00,BAYSHOR,82.67187
2018-08-13 03:00:00+00:00,BAYSHOR,78.05341
2018-08-13 04:00:00+00:00,BAYSHOR,66.12016
2018-08-13 05:00:00+00:00,BAYSHOR,57.78217
2018-08-13 06:00:00+00:00,BAYSHOR,49.19672
2018-08-13 07:00:00+00:00,BAYSHOR,52.50514
2018-08-13 08:00:00+00:00,BAYSHOR,47.10483
2018-08-13 09:00:00+00:00,BAYSHOR,43.59257
2018-08-13 10:00:00+00:00,BAYSHOR,42.45952
2018-08-13 11:00:00+00:00,BAYSHOR,44.66256
2018-08-13 12:00:00+00:00,BAYSHOR,49.62624
2018-08-13 13:00:00+00:00,BAYSHOR,67.80505
2018-08-13 14:00:00+00:00,BAYSHOR,56.45992
2018-08-13 15:00:00+00:00,BAYSHOR,42.62627
2018-08-13 16:00:00+00:00,BAYSHOR,41.37152
2018-08-13 17:00:00+00:00,BAYSHOR,47.20103
2018-08-13 18:00:00+00:00,BAYSHOR,52.43863
2018-08-13 19:00:00+00:00,BAYSHOR,50.23662
2018-08-13 20:00:00+00:00,BAYSHOR,55.09282
2018-08-13 21:00:00+00:00,BAYSHOR,64.38794
2018-08-13 22:00:00+00:00,BAYSHOR,66.38776
2018-08-13 23:00:00+00:00,BAYSHOR,71.39393000000001
2018-08-14 00:00:00+00:00,BAYSHOR,82.6953
2018-08-14 01:00:00+00:00,BAYSHOR,110.46619
2018-08-14 02:00:00+00:00,BAYSHOR,108.13718
2018-08-14 03:00:00+00:00,BAYSHOR,89.63775
2018-08-14 04:00:00+00:00,BAYSHOR,69.95517
2018-08-14 05:00:00+00:00,BAYSHOR,64.78108
2018-08-14 06:00:00+00:00,BAYSHOR,53.62959
2018-08-14 07:00:00+00:00,BAYSHOR,44.13125
2018-08-14 08:00:00+00:00,BAYSHOR,40.16412
2018-08-14 09:00:00+00:00,BAYSHOR,36.98564
2018-08-14 10:00:00+00:00,BAYSHOR,35.985890000000005
2018-08-14 11:00:00+00:00,BAYSHOR,37.87363
2018-08-14 12:00:00+00:00,BAYSHOR,41.27659
2018-08-14 13:00:00+00:00,BAYSHOR,54.28436
2018-08-14 14:00:00+00:00,BAYSHOR,48.31202
2018-08-14 15:00:00+00:00,BAYSHOR,38.46682
2018-08-14 16:00:00+00:00,BAYSHOR,37.81725
2018-08-14 17:00:00+00:00,BAYSHOR,41.1358
2018-08-14 18:00:00+00:00,BAYSHOR,45.22636
2018-08-14 19:00:00+00:00,BAYSHOR,52.54827
2018-08-14 20:00:00+00:00,BAYSHOR,51.91279
2018-08-14 21:00:00+00:00,BAYSHOR,54.43825
2018-08-14 22:00:00+00:00,BAYSHOR,54.49872
2018-08-14 23:00:00+00:00,BAYSHOR,62.83588
2018-08-15 00:00:00+00:00,BAYSHOR,72.4102
2018-08-15 01:00:00+00:00,BAYSHOR,111.43524
2018-08-15 02:00:00+00:00,BAYSHOR,130.94161
2018-08-15 03:00:00+00:00,BAYSHOR,91.33434
2018-08-15 04:00:00+00:00,BAYSHOR,69.96531
2018-08-15 05:00:00+00:00,BAYSHOR,55.55007
2018-08-15 06:00:00+00:00,BAYSHOR,47.29121
2018-08-15 07:00:00+00:00,BAYSHOR,44.06656
2018-08-15 08:00:00+00:00,BAYSHOR,40.88609
2018-08-15 09:00:00+00:00,BAYSHOR,38.60894
2018-08-15 10:00:00+00:00,BAYSHOR,37.52727
2018-08-15 11:00:00+00:00,BAYSHOR,39.80595
2018-08-15 12:00:00+00:00,BAYSHOR,43.30541
2018-08-15 13:00:00+00:00,BAYSHOR,49.09482
2018-08-15 14:00:00+00:00,BAYSHOR,47.06803
2018-08-15 15:00:00+00:00,BAYSHOR,37.62823
2018-08-15 16:00:00+00:00,BAYSHOR,37.43713
2018-08-15 17:00:00+00:00,BAYSHOR,39.58754
2018-08-15 18:00:00+00:00,BAYSHOR,45.01449
2018-08-15 19:00:00+00:00,BAYSHOR,43.95484
2018-08-15 20:00:00+00:00,BAYSHOR,48.0559
2018-08-15 21:00:00+00:00,BAYSHOR,53.03401
2018-08-15 22:00:00+00:00,BAYSHOR,58.10975
2018-08-15 23:00:00+00:00,BAYSHOR,62.17729
2018-08-16 00:00:00+00:00,BAYSHOR,71.92619
2018-08-16 01:00:00+00:00,BAYSHOR,79.77468
2018-08-16 02:00:00+00:00,BAYSHOR,93.24134
2018-08-16 03:00:00+00:00,BAYSHOR,85.06607
2018-08-16 04:00:00+00:00,BAYSHOR,62.928230000000006
2018-08-16 05:00:00+00:00,BAYSHOR,53.85454
2018-08-16 06:00:00+00:00,BAYSHOR,48.57748
2018-08-16 07:00:00+00:00,BAYSHOR,40.29074
2018-08-16 08:00:00+00:00,BAYSHOR,37.05388
2018-08-16 09:00:00+00:00,BAYSHOR,36.61516
2018-08-16 10:00:00+00:00,BAYSHOR,35.48565
2018-08-16 11:00:00+00:00,BAYSHOR,37.00346
2018-08-16 12:00:00+00:00,BAYSHOR,41.02507
2018-08-16 13:00:00+00:00,BAYSHOR,43.19972
2018-08-16 14:00:00+00:00,BAYSHOR,41.32822
2018-08-16 15:00:00+00:00,BAYSHOR,33.49723
2018-08-16 16:00:00+00:00,BAYSHOR,33.69047
2018-08-16 17:00:00+00:00,BAYSHOR,35.140390000000004
2018-08-16 18:00:00+00:00,BAYSHOR,38.646440000000005
2018-08-16 19:00:00+00:00,BAYSHOR,42.69368
2018-08-16 20:00:00+00:00,BAYSHOR,43.21555
2018-08-16 21:00:00+00:00,BAYSHOR,50.26546
2018-08-16 22:00:00+00:00,BAYSHOR,54.6525
2018-08-16 23:00:00+00:00,BAYSHOR,58.0879
2018-08-17 00:00:00+00:00,BAYSHOR,65.79604
2018-08-17 01:00:00+00:00,BAYSHOR,74.16579
2018-08-17 02:00:00+00:00,BAYSHOR,83.74516
2018-08-17 03:00:00+00:00,BAYSHOR,70.33403
2018-08-17 04:00:00+00:00,BAYSHOR,59.16591999999999
2018-08-17 05:00:00+00:00,BAYSHOR,49.86202
2018-08-17 06:00:00+00:00,BAYSHOR,44.58918
2018-08-17 07:00:00+00:00,BAYSHOR,40.43222
2018-08-17 08:00:00+00:00,BAYSHOR,37.78227
2018-08-17 09:00:00+00:00,BAYSHOR,36.10521
2018-08-17 10:00:00+00:00,BAYSHOR,35.50945
2018-08-17 11:00:00+00:00,BAYSHOR,36.40445
2018-08-17 12:00:00+00:00,BAYSHOR,39.74326
2018-08-17 13:00:00+00:00,BAYSHOR,42.222840000000005
2018-08-17 14:00:00+00:00,BAYSHOR,41.9566
2018-08-17 15:00:00+00:00,BAYSHOR,34.75123
2018-08-17 16:00:00+00:00,BAYSHOR,33.06438
2018-08-17 17:00:00+00:00,BAYSHOR,35.91955
2018-08-17 18:00:00+00:00,BAYSHOR,39.24224
2018-08-17 19:00:00+00:00,BAYSHOR,42.3671
2018-08-17 20:00:00+00:00,BAYSHOR,45.07396
2018-08-17 21:00:00+00:00,BAYSHOR,49.24677
2018-08-17 22:00:00+00:00,BAYSHOR,52.560590000000005
2018-08-17 23:00:00+00:00,BAYSHOR,59.29561999999999
2018-08-18 00:00:00+00:00,BAYSHOR,67.72446
2018-08-18 01:00:00+00:00,BAYSHOR,80.92008
2018-08-18 02:00:00+00:00,BAYSHOR,81.89021
2018-08-18 03:00:00+00:00,BAYSHOR,65.78923
2018-08-18 04:00:00+00:00,BAYSHOR,53.41056999999999
2018-08-18 05:00:00+00:00,BAYSHOR,46.48945
2018-08-18 06:00:00+00:00,BAYSHOR,40.51805
2018-08-18 07:00:00+00:00,BAYSHOR,46.3522
2018-08-18 08:00:00+00:00,BAYSHOR,39.25608
2018-08-18 09:00:00+00:00,BAYSHOR,36.552240000000005
2018-08-18 10:00:00+00:00,BAYSHOR,36.36726
2018-08-18 11:00:00+00:00,BAYSHOR,36.16457
2018-08-18 12:00:00+00:00,BAYSHOR,37.482890000000005
2018-08-18 13:00:00+00:00,BAYSHOR,38.36806
2018-08-18 14:00:00+00:00,BAYSHOR,36.56409
2018-08-18 15:00:00+00:00,BAYSHOR,28.34016
2018-08-18 16:00:00+00:00,BAYSHOR,27.96013
2018-08-18 17:00:00+00:00,BAYSHOR,31.983040000000003
2018-08-18 18:00:00+00:00,BAYSHOR,35.11627
2018-08-18 19:00:00+00:00,BAYSHOR,40.52565
2018-08-18 20:00:00+00:00,BAYSHOR,44.16781
2018-08-18 21:00:00+00:00,BAYSHOR,47.62225
2018-08-18 22:00:00+00:00,BAYSHOR,53.69904
2018-08-18 23:00:00+00:00,BAYSHOR,55.15739
2018-08-19 00:00:00+00:00,BAYSHOR,64.752
2018-08-19 01:00:00+00:00,BAYSHOR,70.61439
2018-08-19 02:00:00+00:00,BAYSHOR,81.65957
2018-08-19 03:00:00+00:00,BAYSHOR,64.01646
2018-08-19 04:00:00+00:00,BAYSHOR,54.75229
2018-08-19 05:00:00+00:00,BAYSHOR,46.76736
2018-08-19 06:00:00+00:00,BAYSHOR,39.23007
2018-08-19 07:00:00+00:00,BAYSHOR,42.30177
2018-08-19 08:00:00+00:00,BAYSHOR,38.32907
2018-08-19 09:00:00+00:00,BAYSHOR,36.87323
2018-08-19 10:00:00+00:00,BAYSHOR,35.82036
2018-08-19 11:00:00+00:00,BAYSHOR,34.994820000000004
2018-08-19 12:00:00+00:00,BAYSHOR,37.14876
2018-08-19 13:00:00+00:00,BAYSHOR,35.957240000000006
2018-08-19 14:00:00+00:00,BAYSHOR,32.0404
2018-08-19 15:00:00+00:00,BAYSHOR,25.11421
2018-08-19 16:00:00+00:00,BAYSHOR,26.38002
2018-08-19 17:00:00+00:00,BAYSHOR,32.35576
2018-08-19 18:00:00+00:00,BAYSHOR,35.48464
2018-08-19 19:00:00+00:00,BAYSHOR,37.16752
2018-08-19 20:00:00+00:00,BAYSHOR,41.0008
2018-08-19 21:00:00+00:00,BAYSHOR,48.65915
2018-08-19 22:00:00+00:00,BAYSHOR,56.77372
2018-08-19 23:00:00+00:00,BAYSHOR,61.16396
2018-08-20 00:00:00+00:00,BAYSHOR,66.45918
2018-08-20 01:00:00+00:00,BAYSHOR,87.08503
2018-08-20 02:00:00+00:00,BAYSHOR,100.01931
2018-08-20 03:00:00+00:00,BAYSHOR,72.63266
2018-08-20 04:00:00+00:00,BAYSHOR,60.68788000000001
2018-08-20 05:00:00+00:00,BAYSHOR,48.84382
2018-08-20 06:00:00+00:00,BAYSHOR,42.86152
2018-08-20 07:00:00+00:00,BAYSHOR,40.61144
2018-08-20 08:00:00+00:00,BAYSHOR,38.34964
2018-08-20 09:00:00+00:00,BAYSHOR,36.88867
2018-08-20 10:00:00+00:00,BAYSHOR,36.54938
2018-08-20 11:00:00+00:00,BAYSHOR,37.61932
2018-08-20 12:00:00+00:00,BAYSHOR,41.76154
2018-08-20 13:00:00+00:00,BAYSHOR,44.26454
2018-08-20 14:00:00+00:00,BAYSHOR,43.01576
2018-08-20 15:00:00+00:00,BAYSHOR,35.44635
2018-08-20 16:00:00+00:00,BAYSHOR,34.492290000000004
2018-08-20 17:00:00+00:00,BAYSHOR,35.14033
2018-08-20 18:00:00+00:00,BAYSHOR,35.64763
2018-08-20 19:00:00+00:00,BAYSHOR,39.11233
2018-08-20 20:00:00+00:00,BAYSHOR,43.56115
2018-08-20 21:00:00+00:00,BAYSHOR,50.69983
2018-08-20 22:00:00+00:00,BAYSHOR,59.00821
2018-08-20 23:00:00+00:00,BAYSHOR,65.74767
2018-08-21 00:00:00+00:00,BAYSHOR,70.77509
2018-08-21 01:00:00+00:00,BAYSHOR,105.75903999999998
2018-08-21 02:00:00+00:00,BAYSHOR,95.08012
2018-08-21 03:00:00+00:00,BAYSHOR,72.28324
2018-08-21 04:00:00+00:00,BAYSHOR,58.70179
2018-08-21 05:00:00+00:00,BAYSHOR,52.17868
2018-08-21 06:00:00+00:00,BAYSHOR,44.3744
2018-08-21 07:00:00+00:00,BAYSHOR,38.39957
2018-08-21 08:00:00+00:00,BAYSHOR,36.68371
2018-08-21 09:00:00+00:00,BAYSHOR,36.48143
2018-08-21 10:00:00+00:00,BAYSHOR,36.19369
2018-08-21 11:00:00+00:00,BAYSHOR,36.44067
2018-08-21 12:00:00+00:00,BAYSHOR,39.94549
2018-08-21 13:00:00+00:00,BAYSHOR,42.815290000000005
2018-08-21 14:00:00+00:00,BAYSHOR,42.4085
2018-08-21 15:00:00+00:00,BAYSHOR,36.61745
2018-08-21 16:00:00+00:00,BAYSHOR,32.45027
2018-08-21 17:00:00+00:00,BAYSHOR,33.96682
2018-08-21 18:00:00+00:00,BAYSHOR,34.925259999999994
2018-08-21 19:00:00+00:00,BAYSHOR,37.1702
2018-08-21 20:00:00+00:00,BAYSHOR,42.054840000000006
2018-08-21 21:00:00+00:00,BAYSHOR,45.19815
2018-08-21 22:00:00+00:00,BAYSHOR,48.90931
2018-08-21 23:00:00+00:00,BAYSHOR,52.76269
2018-08-22 00:00:00+00:00,BAYSHOR,60.17225
2018-08-22 01:00:00+00:00,BAYSHOR,79.65701999999999
2018-08-22 02:00:00+00:00,BAYSHOR,72.99395
2018-08-22 03:00:00+00:00,BAYSHOR,67.73085999999999
2018-08-22 04:00:00+00:00,BAYSHOR,55.81282
2018-08-22 05:00:00+00:00,BAYSHOR,45.70374
2018-08-22 06:00:00+00:00,BAYSHOR,41.94867
2018-08-22 07:00:00+00:00,BAYSHOR,38.58644
2018-08-22 08:00:00+00:00,BAYSHOR,37.28552
2018-08-22 09:00:00+00:00,BAYSHOR,35.70238
2018-08-22 10:00:00+00:00,BAYSHOR,34.52735
2018-08-22 11:00:00+00:00,BAYSHOR,35.62486
2018-08-22 12:00:00+00:00,BAYSHOR,38.96191
2018-08-22 13:00:00+00:00,BAYSHOR,39.73393
2018-08-22 14:00:00+00:00,BAYSHOR,40.26294
2018-08-22 15:00:00+00:00,BAYSHOR,33.41865
2018-08-22 16:00:00+00:00,BAYSHOR,32.42235
2018-08-22 17:00:00+00:00,BAYSHOR,31.84128
2018-08-22 18:00:00+00:00,BAYSHOR,33.04784
2018-08-22 19:00:00+00:00,BAYSHOR,33.24895
2018-08-22 20:00:00+00:00,BAYSHOR,37.41444
2018-08-22 21:00:00+00:00,BAYSHOR,39.49896
2018-08-22 22:00:00+00:00,BAYSHOR,39.387170000000005
2018-08-22 23:00:00+00:00,BAYSHOR,42.42711
2018-08-23 00:00:00+00:00,BAYSHOR,49.99991
2018-08-23 01:00:00+00:00,BAYSHOR,61.07795
2018-08-23 02:00:00+00:00,BAYSHOR,76.45
2018-08-23 03:00:00+00:00,BAYSHOR,68.47627
2018-08-23 04:00:00+00:00,BAYSHOR,51.67572
2018-08-23 05:00:00+00:00,BAYSHOR,41.69885
2018-08-23 06:00:00+00:00,BAYSHOR,37.68696
2018-08-23 07:00:00+00:00,BAYSHOR,31.06823
2018-08-23 08:00:00+00:00,BAYSHOR,30.7901
2018-08-23 09:00:00+00:00,BAYSHOR,29.21928
2018-08-23 10:00:00+00:00,BAYSHOR,27.78318
2018-08-23 11:00:00+00:00,BAYSHOR,30.19909
2018-08-23 12:00:00+00:00,BAYSHOR,32.84248
2018-08-23 13:00:00+00:00,BAYSHOR,37.80668
2018-08-23 14:00:00+00:00,BAYSHOR,37.75815
2018-08-23 15:00:00+00:00,BAYSHOR,30.67105
2018-08-23 16:00:00+00:00,BAYSHOR,29.391820000000003
2018-08-23 17:00:00+00:00,BAYSHOR,29.44827
2018-08-23 18:00:00+00:00,BAYSHOR,29.71061
2018-08-23 19:00:00+00:00,BAYSHOR,29.80176
2018-08-23 20:00:00+00:00,BAYSHOR,32.54477
2018-08-23 21:00:00+00:00,BAYSHOR,33.11643
2018-08-23 22:00:00+00:00,BAYSHOR,34.778290000000005
2018-08-23 23:00:00+00:00,BAYSHOR,35.48657
2018-08-24 00:00:00+00:00,BAYSHOR,40.94489
2018-08-24 01:00:00+00:00,BAYSHOR,55.16131
2018-08-24 02:00:00+00:00,BAYSHOR,53.41683
2018-08-24 03:00:00+00:00,BAYSHOR,45.31746
2018-08-24 04:00:00+00:00,BAYSHOR,38.59769
2018-08-24 05:00:00+00:00,BAYSHOR,35.95297
2018-08-24 06:00:00+00:00,BAYSHOR,33.61792
2018-08-24 07:00:00+00:00,BAYSHOR,33.76498
2018-08-24 08:00:00+00:00,BAYSHOR,31.59902
2018-08-24 09:00:00+00:00,BAYSHOR,31.09851
2018-08-24 10:00:00+00:00,BAYSHOR,30.86795
2018-08-24 11:00:00+00:00,BAYSHOR,31.90807
2018-08-24 12:00:00+00:00,BAYSHOR,34.05829
2018-08-24 13:00:00+00:00,BAYSHOR,37.6381
2018-08-24 14:00:00+00:00,BAYSHOR,36.34956
2018-08-24 15:00:00+00:00,BAYSHOR,30.633840000000003
2018-08-24 16:00:00+00:00,BAYSHOR,29.193340000000003
2018-08-24 17:00:00+00:00,BAYSHOR,29.76727
2018-08-24 18:00:00+00:00,BAYSHOR,30.63531
2018-08-24 19:00:00+00:00,BAYSHOR,29.891790000000004
2018-08-24 20:00:00+00:00,BAYSHOR,32.51768
2018-08-24 21:00:00+00:00,BAYSHOR,35.47733
2018-08-24 22:00:00+00:00,BAYSHOR,35.827259999999995
2018-08-24 23:00:00+00:00,BAYSHOR,36.90976
2018-08-25 00:00:00+00:00,BAYSHOR,41.61254
2018-08-25 01:00:00+00:00,BAYSHOR,55.788430000000005
2018-08-25 02:00:00+00:00,BAYSHOR,60.01855
2018-08-25 03:00:00+00:00,BAYSHOR,50.39799
2018-08-25 04:00:00+00:00,BAYSHOR,42.6856
2018-08-25 05:00:00+00:00,BAYSHOR,36.97263
2018-08-25 06:00:00+00:00,BAYSHOR,34.16122
2018-08-25 07:00:00+00:00,BAYSHOR,35.66578
2018-08-25 08:00:00+00:00,BAYSHOR,33.64537
2018-08-25 09:00:00+00:00,BAYSHOR,32.72053
2018-08-25 10:00:00+00:00,BAYSHOR,31.54725
2018-08-25 11:00:00+00:00,BAYSHOR,32.00496
2018-08-25 12:00:00+00:00,BAYSHOR,34.46801
2018-08-25 13:00:00+00:00,BAYSHOR,34.179990000000004
2018-08-25 14:00:00+00:00,BAYSHOR,32.28678
2018-08-25 15:00:00+00:00,BAYSHOR,24.99247
2018-08-25 16:00:00+00:00,BAYSHOR,25.51796
2018-08-25 17:00:00+00:00,BAYSHOR,27.13022
2018-08-25 19:00:00+00:00,BAYSHOR,29.501520000000003
2018-08-25 20:00:00+00:00,BAYSHOR,32.79552
2018-08-25 21:00:00+00:00,BAYSHOR,32.8293
2018-08-25 22:00:00+00:00,BAYSHOR,34.64282
2018-08-25 23:00:00+00:00,BAYSHOR,37.66622
2018-08-26 00:00:00+00:00,BAYSHOR,40.85863
2018-08-26 01:00:00+00:00,BAYSHOR,52.72139
2018-08-26 02:00:00+00:00,BAYSHOR,66.92756999999999
2018-08-26 03:00:00+00:00,BAYSHOR,53.80617
2018-08-26 04:00:00+00:00,BAYSHOR,46.13479
2018-08-26 05:00:00+00:00,BAYSHOR,39.06886
2018-08-26 06:00:00+00:00,BAYSHOR,33.81562
2018-08-26 07:00:00+00:00,BAYSHOR,33.55893
2018-08-26 08:00:00+00:00,BAYSHOR,32.02213
2018-08-26 09:00:00+00:00,BAYSHOR,31.18518
2018-08-26 10:00:00+00:00,BAYSHOR,29.84313
2018-08-26 11:00:00+00:00,BAYSHOR,30.796190000000003
2018-08-26 12:00:00+00:00,BAYSHOR,32.660540000000005
2018-08-26 13:00:00+00:00,BAYSHOR,32.02468
2018-08-26 14:00:00+00:00,BAYSHOR,30.33622
2018-08-26 15:00:00+00:00,BAYSHOR,22.29141
2018-08-26 16:00:00+00:00,BAYSHOR,19.73865
2018-08-26 17:00:00+00:00,BAYSHOR,21.02324
2018-08-26 18:00:00+00:00,BAYSHOR,22.99902
2018-08-26 19:00:00+00:00,BAYSHOR,23.69926
2018-08-26 20:00:00+00:00,BAYSHOR,28.52202
2018-08-26 21:00:00+00:00,BAYSHOR,30.57729
2018-08-26 22:00:00+00:00,BAYSHOR,30.707420000000003
2018-08-26 23:00:00+00:00,BAYSHOR,33.82845
2018-08-27 00:00:00+00:00,BAYSHOR,37.54405
2018-08-27 01:00:00+00:00,BAYSHOR,48.29393
2018-08-27 02:00:00+00:00,BAYSHOR,62.84466
2018-08-27 03:00:00+00:00,BAYSHOR,48.82253
2018-08-27 04:00:00+00:00,BAYSHOR,39.6812
2018-08-27 05:00:00+00:00,BAYSHOR,33.73571
2018-08-27 06:00:00+00:00,BAYSHOR,32.01235
2018-08-27 07:00:00+00:00,BAYSHOR,31.93732
2018-08-27 08:00:00+00:00,BAYSHOR,30.07384
2018-08-27 09:00:00+00:00,BAYSHOR,28.85405
2018-08-27 10:00:00+00:00,BAYSHOR,27.75562
2018-08-27 11:00:00+00:00,BAYSHOR,30.78473
2018-08-27 12:00:00+00:00,BAYSHOR,35.97185
2018-08-27 13:00:00+00:00,BAYSHOR,38.60972
2018-08-27 14:00:00+00:00,BAYSHOR,38.25763
2018-08-27 15:00:00+00:00,BAYSHOR,29.32895
2018-08-27 16:00:00+00:00,BAYSHOR,28.62745
2018-08-27 17:00:00+00:00,BAYSHOR,28.58656
2018-08-27 18:00:00+00:00,BAYSHOR,28.63155
2018-08-27 19:00:00+00:00,BAYSHOR,28.36263
2018-08-27 20:00:00+00:00,BAYSHOR,31.77798
2018-08-27 21:00:00+00:00,BAYSHOR,32.76486
2018-08-27 22:00:00+00:00,BAYSHOR,34.47221
2018-08-27 23:00:00+00:00,BAYSHOR,37.33201
2018-08-28 00:00:00+00:00,BAYSHOR,40.82355
2018-08-28 01:00:00+00:00,BAYSHOR,55.86245
2018-08-28 02:00:00+00:00,BAYSHOR,62.23769
2018-08-28 03:00:00+00:00,BAYSHOR,52.7666
2018-08-28 04:00:00+00:00,BAYSHOR,42.90206
2018-08-28 05:00:00+00:00,BAYSHOR,36.33555
2018-08-28 06:00:00+00:00,BAYSHOR,32.26068
2018-08-28 07:00:00+00:00,BAYSHOR,32.99474
2018-08-28 08:00:00+00:00,BAYSHOR,30.68697
2018-08-28 09:00:00+00:00,BAYSHOR,29.25473
2018-08-28 10:00:00+00:00,BAYSHOR,28.60587
2018-08-28 11:00:00+00:00,BAYSHOR,30.77993
2018-08-28 12:00:00+00:00,BAYSHOR,34.40328
2018-08-28 13:00:00+00:00,BAYSHOR,38.49566
2018-08-28 14:00:00+00:00,BAYSHOR,39.606640000000006
2018-08-28 15:00:00+00:00,BAYSHOR,29.80085
2018-08-28 16:00:00+00:00,BAYSHOR,28.78714
2018-08-28 17:00:00+00:00,BAYSHOR,29.63571
2018-08-28 18:00:00+00:00,BAYSHOR,28.81572
2018-08-28 19:00:00+00:00,BAYSHOR,27.40056
2018-08-28 20:00:00+00:00,BAYSHOR,30.50112
2018-08-28 21:00:00+00:00,BAYSHOR,31.29358
2018-08-28 22:00:00+00:00,BAYSHOR,33.72939
2018-08-28 23:00:00+00:00,BAYSHOR,38.55218
2018-08-29 00:00:00+00:00,BAYSHOR,41.51908
2018-08-29 01:00:00+00:00,BAYSHOR,53.32444
2018-08-29 02:00:00+00:00,BAYSHOR,60.72091999999999
2018-08-29 03:00:00+00:00,BAYSHOR,53.41375
2018-08-29 04:00:00+00:00,BAYSHOR,43.89106
2018-08-29 05:00:00+00:00,BAYSHOR,37.32275
2018-08-29 06:00:00+00:00,BAYSHOR,34.73718
2018-08-29 07:00:00+00:00,BAYSHOR,33.07121
2018-08-29 08:00:00+00:00,BAYSHOR,31.308290000000003
2018-08-29 09:00:00+00:00,BAYSHOR,30.29713
2018-08-29 10:00:00+00:00,BAYSHOR,28.45253
2018-08-29 11:00:00+00:00,BAYSHOR,30.90963
2018-08-29 12:00:00+00:00,BAYSHOR,35.21745
2018-08-29 13:00:00+00:00,BAYSHOR,37.79305
2018-08-29 14:00:00+00:00,BAYSHOR,38.3797
2018-08-29 15:00:00+00:00,BAYSHOR,30.38013
2018-08-29 16:00:00+00:00,BAYSHOR,30.131490000000003
2018-08-29 17:00:00+00:00,BAYSHOR,28.84166
2018-08-29 18:00:00+00:00,BAYSHOR,28.22365
2018-08-29 19:00:00+00:00,BAYSHOR,26.26326
2018-08-29 20:00:00+00:00,BAYSHOR,29.4713
2018-08-29 21:00:00+00:00,BAYSHOR,30.89261
2018-08-29 22:00:00+00:00,BAYSHOR,32.89055
2018-08-29 23:00:00+00:00,BAYSHOR,34.06288
2018-08-30 00:00:00+00:00,BAYSHOR,39.40892
2018-08-30 01:00:00+00:00,BAYSHOR,48.78602
2018-08-30 02:00:00+00:00,BAYSHOR,51.68292
2018-08-30 03:00:00+00:00,BAYSHOR,52.52196
2018-08-30 04:00:00+00:00,BAYSHOR,40.17667
2018-08-30 05:00:00+00:00,BAYSHOR,36.87351
2018-08-30 06:00:00+00:00,BAYSHOR,33.2913
2018-08-30 07:00:00+00:00,BAYSHOR,32.94828
2018-08-30 08:00:00+00:00,BAYSHOR,31.15462
2018-08-30 09:00:00+00:00,BAYSHOR,30.46311
2018-08-30 10:00:00+00:00,BAYSHOR,28.88477
2018-08-30 11:00:00+00:00,BAYSHOR,30.65301
2018-08-30 12:00:00+00:00,BAYSHOR,33.14585
2018-08-30 13:00:00+00:00,BAYSHOR,39.65731
2018-08-30 14:00:00+00:00,BAYSHOR,36.09125
2018-08-30 15:00:00+00:00,BAYSHOR,29.27017
2018-08-30 16:00:00+00:00,BAYSHOR,28.54545
2018-08-30 17:00:00+00:00,BAYSHOR,29.21431
2018-08-30 18:00:00+00:00,BAYSHOR,28.43699
2018-08-30 19:00:00+00:00,BAYSHOR,28.23446
2018-08-30 20:00:00+00:00,BAYSHOR,30.20766
2018-08-30 21:00:00+00:00,BAYSHOR,32.83639
2018-08-30 22:00:00+00:00,BAYSHOR,35.003840000000004
2018-08-30 23:00:00+00:00,BAYSHOR,33.0461
2018-08-31 00:00:00+00:00,BAYSHOR,36.90258
2018-08-31 01:00:00+00:00,BAYSHOR,49.3612
2018-08-31 02:00:00+00:00,BAYSHOR,58.18874
2018-08-31 03:00:00+00:00,BAYSHOR,50.07763
2018-08-31 04:00:00+00:00,BAYSHOR,40.84551
2018-08-31 05:00:00+00:00,BAYSHOR,33.62222
2018-08-31 06:00:00+00:00,BAYSHOR,32.07359
2018-08-31 07:00:00+00:00,BAYSHOR,30.69841
2018-08-31 08:00:00+00:00,BAYSHOR,28.29689
2018-08-31 09:00:00+00:00,BAYSHOR,27.36121
2018-08-31 10:00:00+00:00,BAYSHOR,26.47951
2018-08-31 11:00:00+00:00,BAYSHOR,29.43102
2018-08-31 12:00:00+00:00,BAYSHOR,31.38987
2018-08-31 13:00:00+00:00,BAYSHOR,35.70669
2018-08-31 14:00:00+00:00,BAYSHOR,35.10986
2018-08-31 15:00:00+00:00,BAYSHOR,27.990920000000003
2018-08-31 16:00:00+00:00,BAYSHOR,26.5008
2018-08-31 17:00:00+00:00,BAYSHOR,28.776740000000004
2018-08-31 18:00:00+00:00,BAYSHOR,29.11416
2018-08-31 19:00:00+00:00,BAYSHOR,30.161140000000003
2018-08-31 20:00:00+00:00,BAYSHOR,31.8593
2018-08-31 21:00:00+00:00,BAYSHOR,33.24072
2018-08-31 22:00:00+00:00,BAYSHOR,35.51821
2018-08-31 23:00:00+00:00,BAYSHOR,35.30376
2018-09-01 00:00:00+00:00,BAYSHOR,39.19528
2018-09-01 01:00:00+00:00,BAYSHOR,52.485980000000005
2018-09-01 02:00:00+00:00,BAYSHOR,58.34305
2018-09-01 03:00:00+00:00,BAYSHOR,46.99068
2018-09-01 04:00:00+00:00,BAYSHOR,40.59111
2018-09-01 05:00:00+00:00,BAYSHOR,34.7759
2018-09-01 06:00:00+00:00,BAYSHOR,32.65749
2018-09-01 08:00:00+00:00,BAYSHOR,32.4093
2018-09-01 09:00:00+00:00,BAYSHOR,29.6718
2018-09-01 10:00:00+00:00,BAYSHOR,28.53078
2018-09-01 11:00:00+00:00,BAYSHOR,29.67888
2018-09-01 12:00:00+00:00,BAYSHOR,31.62755
2018-09-01 13:00:00+00:00,BAYSHOR,31.0395
2018-09-01 14:00:00+00:00,BAYSHOR,28.44104
2018-09-01 15:00:00+00:00,BAYSHOR,22.00523
2018-09-01 16:00:00+00:00,BAYSHOR,20.79922
2018-09-01 17:00:00+00:00,BAYSHOR,22.43414
2018-09-01 18:00:00+00:00,BAYSHOR,24.52018
2018-09-01 19:00:00+00:00,BAYSHOR,26.61617
2018-09-01 20:00:00+00:00,BAYSHOR,30.0851
2018-09-01 21:00:00+00:00,BAYSHOR,31.20591
2018-09-01 22:00:00+00:00,BAYSHOR,32.55043
2018-09-01 23:00:00+00:00,BAYSHOR,37.33016
2018-09-02 00:00:00+00:00,BAYSHOR,43.33918
2018-09-02 01:00:00+00:00,BAYSHOR,48.7576
2018-09-02 02:00:00+00:00,BAYSHOR,54.31814
2018-09-02 03:00:00+00:00,BAYSHOR,46.82036
2018-09-02 04:00:00+00:00,BAYSHOR,38.09539
2018-09-02 05:00:00+00:00,BAYSHOR,34.81596
2018-09-02 06:00:00+00:00,BAYSHOR,32.95872
2018-09-02 07:00:00+00:00,BAYSHOR,32.35992
2018-09-02 08:00:00+00:00,BAYSHOR,31.93027
2018-09-02 09:00:00+00:00,BAYSHOR,32.11993
2018-09-02 10:00:00+00:00,BAYSHOR,32.115759999999995
2018-09-02 11:00:00+00:00,BAYSHOR,32.1605
2018-09-02 12:00:00+00:00,BAYSHOR,32.6234
2018-09-02 13:00:00+00:00,BAYSHOR,31.9038
2018-09-02 14:00:00+00:00,BAYSHOR,28.98117
2018-09-02 15:00:00+00:00,BAYSHOR,21.83087
2018-09-02 16:00:00+00:00,BAYSHOR,18.36227
2018-09-02 17:00:00+00:00,BAYSHOR,19.40321
2018-09-02 18:00:00+00:00,BAYSHOR,22.22047
2018-09-02 19:00:00+00:00,BAYSHOR,25.56505
2018-09-02 20:00:00+00:00,BAYSHOR,28.35579
2018-09-02 21:00:00+00:00,BAYSHOR,30.50129
2018-09-02 22:00:00+00:00,BAYSHOR,32.87849
2018-09-02 23:00:00+00:00,BAYSHOR,35.83357
2018-09-03 00:00:00+00:00,BAYSHOR,42.29513
2018-09-03 01:00:00+00:00,BAYSHOR,51.81118
2018-09-03 02:00:00+00:00,BAYSHOR,59.08467
2018-09-03 03:00:00+00:00,BAYSHOR,49.99839
2018-09-03 04:00:00+00:00,BAYSHOR,40.74785
2018-09-03 05:00:00+00:00,BAYSHOR,37.87729
2018-09-03 06:00:00+00:00,BAYSHOR,33.49
2018-09-03 07:00:00+00:00,BAYSHOR,33.36739
2018-09-03 08:00:00+00:00,BAYSHOR,30.8316
2018-09-03 09:00:00+00:00,BAYSHOR,30.7263
2018-09-03 10:00:00+00:00,BAYSHOR,29.68904
2018-09-03 11:00:00+00:00,BAYSHOR,30.70176
2018-09-03 12:00:00+00:00,BAYSHOR,32.312090000000005
2018-09-03 13:00:00+00:00,BAYSHOR,33.30939
2018-09-03 14:00:00+00:00,BAYSHOR,30.91931
2018-09-03 15:00:00+00:00,BAYSHOR,25.8149
2018-09-03 16:00:00+00:00,BAYSHOR,22.87938
2018-09-03 17:00:00+00:00,BAYSHOR,23.02731
2018-09-03 18:00:00+00:00,BAYSHOR,24.74347
2018-09-03 19:00:00+00:00,BAYSHOR,27.30098
2018-09-03 20:00:00+00:00,BAYSHOR,31.54155
2018-09-03 21:00:00+00:00,BAYSHOR,32.35285
2018-09-03 22:00:00+00:00,BAYSHOR,36.28483
2018-09-03 23:00:00+00:00,BAYSHOR,39.31134
2018-09-04 00:00:00+00:00,BAYSHOR,43.85781
2018-09-04 01:00:00+00:00,BAYSHOR,54.74869
2018-09-04 02:00:00+00:00,BAYSHOR,61.73986
2018-09-04 03:00:00+00:00,BAYSHOR,51.12806
2018-09-04 04:00:00+00:00,BAYSHOR,39.75322
2018-09-04 05:00:00+00:00,BAYSHOR,37.65828
2018-09-04 06:00:00+00:00,BAYSHOR,32.36998
2018-09-04 07:00:00+00:00,BAYSHOR,33.205040000000004
2018-09-04 08:00:00+00:00,BAYSHOR,31.07673
2018-09-04 09:00:00+00:00,BAYSHOR,30.56127
2018-09-04 10:00:00+00:00,BAYSHOR,30.52959
2018-09-04 11:00:00+00:00,BAYSHOR,32.69379
2018-09-04 12:00:00+00:00,BAYSHOR,37.95666
2018-09-04 13:00:00+00:00,BAYSHOR,39.41942
2018-09-04 14:00:00+00:00,BAYSHOR,38.59772
2018-09-04 15:00:00+00:00,BAYSHOR,31.5794
2018-09-04 16:00:00+00:00,BAYSHOR,29.35107
2018-09-04 17:00:00+00:00,BAYSHOR,31.388890000000004
2018-09-04 18:00:00+00:00,BAYSHOR,32.36562
2018-09-04 19:00:00+00:00,BAYSHOR,34.91253
2018-09-04 20:00:00+00:00,BAYSHOR,39.77716
2018-09-04 21:00:00+00:00,BAYSHOR,39.84996
2018-09-04 22:00:00+00:00,BAYSHOR,42.48536
2018-09-04 23:00:00+00:00,BAYSHOR,45.12832
2018-09-05 00:00:00+00:00,BAYSHOR,57.0505
2018-09-05 01:00:00+00:00,BAYSHOR,68.18556
2018-09-05 02:00:00+00:00,BAYSHOR,78.31362
2018-09-05 03:00:00+00:00,BAYSHOR,57.61063000000001
2018-09-05 04:00:00+00:00,BAYSHOR,43.50111
2018-09-05 05:00:00+00:00,BAYSHOR,38.62125
2018-09-05 06:00:00+00:00,BAYSHOR,35.36046
2018-09-05 07:00:00+00:00,BAYSHOR,36.91498
2018-09-05 08:00:00+00:00,BAYSHOR,34.21775
2018-09-05 09:00:00+00:00,BAYSHOR,32.31072
2018-09-05 10:00:00+00:00,BAYSHOR,31.8366
2018-09-05 11:00:00+00:00,BAYSHOR,33.61601
2018-09-05 12:00:00+00:00,BAYSHOR,37.97728
2018-09-05 13:00:00+00:00,BAYSHOR,40.02951
2018-09-05 14:00:00+00:00,BAYSHOR,38.52474
2018-09-05 15:00:00+00:00,BAYSHOR,33.10641
2018-09-05 16:00:00+00:00,BAYSHOR,29.99779
2018-09-05 17:00:00+00:00,BAYSHOR,30.84442
2018-09-05 18:00:00+00:00,BAYSHOR,31.3084
2018-09-05 19:00:00+00:00,BAYSHOR,31.21628
2018-09-05 20:00:00+00:00,BAYSHOR,34.87464
2018-09-05 21:00:00+00:00,BAYSHOR,39.46302
2018-09-05 22:00:00+00:00,BAYSHOR,41.19941
2018-09-05 23:00:00+00:00,BAYSHOR,43.8869
2018-09-06 00:00:00+00:00,BAYSHOR,53.37481
2018-09-06 01:00:00+00:00,BAYSHOR,62.35494
2018-09-06 02:00:00+00:00,BAYSHOR,72.80526
2018-09-06 03:00:00+00:00,BAYSHOR,56.71298
2018-09-06 04:00:00+00:00,BAYSHOR,42.82315
2018-09-06 05:00:00+00:00,BAYSHOR,39.8538
2018-09-06 06:00:00+00:00,BAYSHOR,38.06794
2018-09-06 07:00:00+00:00,BAYSHOR,29.53862
2018-09-06 08:00:00+00:00,BAYSHOR,28.044490000000003
2018-09-06 09:00:00+00:00,BAYSHOR,26.81671
2018-09-06 10:00:00+00:00,BAYSHOR,26.78312
2018-09-06 11:00:00+00:00,BAYSHOR,28.1837
2018-09-06 12:00:00+00:00,BAYSHOR,31.91256
2018-09-06 13:00:00+00:00,BAYSHOR,32.80404
2018-09-06 14:00:00+00:00,BAYSHOR,34.27998
2018-09-06 15:00:00+00:00,BAYSHOR,31.75425
2018-09-06 16:00:00+00:00,BAYSHOR,30.68782
2018-09-06 17:00:00+00:00,BAYSHOR,31.289720000000003
2018-09-06 18:00:00+00:00,BAYSHOR,31.59181
2018-09-06 19:00:00+00:00,BAYSHOR,33.49167
2018-09-06 20:00:00+00:00,BAYSHOR,35.02984
2018-09-06 21:00:00+00:00,BAYSHOR,37.757540000000006
2018-09-06 22:00:00+00:00,BAYSHOR,42.42394
2018-09-06 23:00:00+00:00,BAYSHOR,46.39401
2018-09-07 00:00:00+00:00,BAYSHOR,54.743390000000005
2018-09-07 01:00:00+00:00,BAYSHOR,62.87601
2018-09-07 02:00:00+00:00,BAYSHOR,73.6678
2018-09-07 03:00:00+00:00,BAYSHOR,46.21676
2018-09-07 04:00:00+00:00,BAYSHOR,35.16997
2018-09-07 05:00:00+00:00,BAYSHOR,34.64873
2018-09-07 06:00:00+00:00,BAYSHOR,32.94064
2018-09-07 07:00:00+00:00,BAYSHOR,30.1402
2018-09-07 08:00:00+00:00,BAYSHOR,27.72699
2018-09-07 09:00:00+00:00,BAYSHOR,25.86149
2018-09-07 10:00:00+00:00,BAYSHOR,26.09301
2018-09-07 11:00:00+00:00,BAYSHOR,28.109690000000004
2018-09-07 12:00:00+00:00,BAYSHOR,30.49375
2018-09-07 13:00:00+00:00,BAYSHOR,33.3072
2018-09-07 14:00:00+00:00,BAYSHOR,33.24114
2018-09-07 15:00:00+00:00,BAYSHOR,32.50772
2018-09-07 16:00:00+00:00,BAYSHOR,30.13423
2018-09-07 20:00:00+00:00,BAYSHOR,36.971990000000005
2018-09-07 21:00:00+00:00,BAYSHOR,40.59486
2018-09-07 22:00:00+00:00,BAYSHOR,43.95327
2018-09-07 23:00:00+00:00,BAYSHOR,49.90328
2018-09-08 00:00:00+00:00,BAYSHOR,50.99027
2018-09-08 01:00:00+00:00,BAYSHOR,56.83249
2018-09-08 02:00:00+00:00,BAYSHOR,89.69767
2018-09-08 03:00:00+00:00,BAYSHOR,62.76593
2018-09-08 04:00:00+00:00,BAYSHOR,45.2617
2018-09-08 05:00:00+00:00,BAYSHOR,37.66741
2018-09-08 06:00:00+00:00,BAYSHOR,34.27636
2018-09-08 07:00:00+00:00,BAYSHOR,32.28987
2018-09-08 08:00:00+00:00,BAYSHOR,28.79699
2018-09-08 09:00:00+00:00,BAYSHOR,28.70624
2018-09-08 10:00:00+00:00,BAYSHOR,28.18295
2018-09-08 11:00:00+00:00,BAYSHOR,28.437340000000003
2018-09-08 12:00:00+00:00,BAYSHOR,30.24133
2018-09-08 13:00:00+00:00,BAYSHOR,31.07152
2018-09-08 14:00:00+00:00,BAYSHOR,28.42438
2018-09-08 15:00:00+00:00,BAYSHOR,22.25487
2018-09-08 16:00:00+00:00,BAYSHOR,22.57544
2018-09-08 17:00:00+00:00,BAYSHOR,25.72042
2018-09-08 18:00:00+00:00,BAYSHOR,28.69296
2018-09-08 19:00:00+00:00,BAYSHOR,31.6334
2018-09-08 20:00:00+00:00,BAYSHOR,33.112140000000004
2018-09-08 21:00:00+00:00,BAYSHOR,34.97463
2018-09-08 22:00:00+00:00,BAYSHOR,37.85647
2018-09-08 23:00:00+00:00,BAYSHOR,43.285790000000006
2018-09-09 00:00:00+00:00,BAYSHOR,46.39074
2018-09-09 01:00:00+00:00,BAYSHOR,50.78788
2018-09-09 02:00:00+00:00,BAYSHOR,63.12346
2018-09-09 03:00:00+00:00,BAYSHOR,50.14731
2018-09-09 04:00:00+00:00,BAYSHOR,38.40786
2018-09-09 05:00:00+00:00,BAYSHOR,35.24198
2018-09-09 06:00:00+00:00,BAYSHOR,33.67372
2018-09-09 07:00:00+00:00,BAYSHOR,31.63911
2018-09-09 08:00:00+00:00,BAYSHOR,30.16385
2018-09-09 09:00:00+00:00,BAYSHOR,29.17623
2018-09-09 10:00:00+00:00,BAYSHOR,27.95735
2018-09-09 11:00:00+00:00,BAYSHOR,28.28615
2018-09-09 12:00:00+00:00,BAYSHOR,30.25432
2018-09-09 13:00:00+00:00,BAYSHOR,31.5053
2018-09-09 14:00:00+00:00,BAYSHOR,28.36067
2018-09-09 15:00:00+00:00,BAYSHOR,21.06772
2018-09-09 16:00:00+00:00,BAYSHOR,18.72559
2018-09-09 17:00:00+00:00,BAYSHOR,22.80716
2018-09-09 18:00:00+00:00,BAYSHOR,27.14158
2018-09-09 19:00:00+00:00,BAYSHOR,29.610940000000003
2018-09-09 20:00:00+00:00,BAYSHOR,33.0969
2018-09-09 21:00:00+00:00,BAYSHOR,33.69381
2018-09-09 22:00:00+00:00,BAYSHOR,34.813390000000005
2018-09-09 23:00:00+00:00,BAYSHOR,38.20608
2018-09-10 00:00:00+00:00,BAYSHOR,47.97703
2018-09-10 01:00:00+00:00,BAYSHOR,56.13991
2018-09-10 02:00:00+00:00,BAYSHOR,64.90794
2018-09-10 03:00:00+00:00,BAYSHOR,52.45945
2018-09-10 04:00:00+00:00,BAYSHOR,37.43511
2018-09-10 05:00:00+00:00,BAYSHOR,35.383790000000005
2018-09-10 06:00:00+00:00,BAYSHOR,30.72383
2018-09-10 07:00:00+00:00,BAYSHOR,28.21807
2018-09-10 08:00:00+00:00,BAYSHOR,27.549290000000003
2018-09-10 09:00:00+00:00,BAYSHOR,27.26033
2018-09-10 10:00:00+00:00,BAYSHOR,27.01503
2018-09-10 11:00:00+00:00,BAYSHOR,28.29173
2018-09-10 12:00:00+00:00,BAYSHOR,32.027359999999994
2018-09-10 13:00:00+00:00,BAYSHOR,34.7917
2018-09-10 14:00:00+00:00,BAYSHOR,33.24544
2018-09-10 15:00:00+00:00,BAYSHOR,26.65045
2018-09-10 16:00:00+00:00,BAYSHOR,23.74184
2018-09-10 17:00:00+00:00,BAYSHOR,25.17452
2018-09-10 18:00:00+00:00,BAYSHOR,25.60392
2018-09-10 19:00:00+00:00,BAYSHOR,28.78257
2018-09-10 20:00:00+00:00,BAYSHOR,32.355470000000004
2018-09-10 21:00:00+00:00,BAYSHOR,33.10228
2018-09-10 22:00:00+00:00,BAYSHOR,32.97945
2018-09-10 23:00:00+00:00,BAYSHOR,37.75315
2018-09-11 00:00:00+00:00,BAYSHOR,43.97391
2018-09-11 01:00:00+00:00,BAYSHOR,53.84032
2018-09-11 02:00:00+00:00,BAYSHOR,54.86146
2018-09-11 03:00:00+00:00,BAYSHOR,45.20913
2018-09-11 04:00:00+00:00,BAYSHOR,37.36132
2018-09-11 05:00:00+00:00,BAYSHOR,33.02064
2018-09-11 06:00:00+00:00,BAYSHOR,32.34588
2018-09-11 07:00:00+00:00,BAYSHOR,31.96334
2018-09-11 08:00:00+00:00,BAYSHOR,29.85254
2018-09-11 09:00:00+00:00,BAYSHOR,28.2729
2018-09-11 10:00:00+00:00,BAYSHOR,27.24874
2018-09-11 11:00:00+00:00,BAYSHOR,28.50099
2018-09-11 12:00:00+00:00,BAYSHOR,34.08775
2018-09-11 13:00:00+00:00,BAYSHOR,36.41534
2018-09-11 14:00:00+00:00,BAYSHOR,35.11333
2018-09-11 15:00:00+00:00,BAYSHOR,27.81078
2018-09-11 16:00:00+00:00,BAYSHOR,27.50503
2018-09-11 17:00:00+00:00,BAYSHOR,27.4697
2018-09-11 18:00:00+00:00,BAYSHOR,27.75282
2018-09-11 19:00:00+00:00,BAYSHOR,27.05021
2018-09-11 20:00:00+00:00,BAYSHOR,29.77313
2018-09-11 21:00:00+00:00,BAYSHOR,32.3625
2018-09-11 22:00:00+00:00,BAYSHOR,35.18387
2018-09-11 23:00:00+00:00,BAYSHOR,38.09261
2018-09-12 00:00:00+00:00,BAYSHOR,39.59087
2018-09-12 01:00:00+00:00,BAYSHOR,50.12238
2018-09-12 02:00:00+00:00,BAYSHOR,57.50205
2018-09-12 03:00:00+00:00,BAYSHOR,45.39268
2018-09-12 04:00:00+00:00,BAYSHOR,38.22342
2018-09-12 05:00:00+00:00,BAYSHOR,33.94352
2018-09-12 06:00:00+00:00,BAYSHOR,31.27303
2018-09-12 07:00:00+00:00,BAYSHOR,32.36315
2018-09-12 08:00:00+00:00,BAYSHOR,29.8579
2018-09-12 09:00:00+00:00,BAYSHOR,28.24861
2018-09-12 10:00:00+00:00,BAYSHOR,27.93903
2018-09-12 11:00:00+00:00,BAYSHOR,29.07972
2018-09-12 12:00:00+00:00,BAYSHOR,34.14204
2018-09-12 13:00:00+00:00,BAYSHOR,36.324
2018-09-12 14:00:00+00:00,BAYSHOR,36.97198
2018-09-12 15:00:00+00:00,BAYSHOR,27.56049
2018-09-12 16:00:00+00:00,BAYSHOR,24.23501
2018-09-12 17:00:00+00:00,BAYSHOR,24.67146
2018-09-12 18:00:00+00:00,BAYSHOR,24.20023
2018-09-12 19:00:00+00:00,BAYSHOR,24.27754
2018-09-12 20:00:00+00:00,BAYSHOR,27.19615
2018-09-12 21:00:00+00:00,BAYSHOR,28.76739
2018-09-12 22:00:00+00:00,BAYSHOR,31.35581
2018-09-12 23:00:00+00:00,BAYSHOR,32.40463
2018-09-13 00:00:00+00:00,BAYSHOR,35.59818
2018-09-13 01:00:00+00:00,BAYSHOR,40.20937
2018-09-13 02:00:00+00:00,BAYSHOR,47.40722
2018-09-13 03:00:00+00:00,BAYSHOR,41.97931
2018-09-13 04:00:00+00:00,BAYSHOR,38.16422
2018-09-13 05:00:00+00:00,BAYSHOR,34.09875
2018-09-13 06:00:00+00:00,BAYSHOR,32.60328
2018-09-13 07:00:00+00:00,BAYSHOR,32.90343
2018-09-13 08:00:00+00:00,BAYSHOR,31.59357
2018-09-13 09:00:00+00:00,BAYSHOR,30.085690000000003
2018-09-13 10:00:00+00:00,BAYSHOR,29.40432
2018-09-13 11:00:00+00:00,BAYSHOR,30.215940000000003
2018-09-13 12:00:00+00:00,BAYSHOR,35.55
2018-09-13 13:00:00+00:00,BAYSHOR,38.577090000000005
2018-09-13 14:00:00+00:00,BAYSHOR,37.96622
2018-09-13 15:00:00+00:00,BAYSHOR,30.22297
2018-09-13 16:00:00+00:00,BAYSHOR,26.49961
2018-09-13 17:00:00+00:00,BAYSHOR,25.98285
2018-09-13 18:00:00+00:00,BAYSHOR,25.83089
2018-09-13 19:00:00+00:00,BAYSHOR,26.045720000000003
2018-09-13 20:00:00+00:00,BAYSHOR,28.6107
2018-09-13 21:00:00+00:00,BAYSHOR,31.947640000000003
2018-09-13 22:00:00+00:00,BAYSHOR,32.95638
2018-09-13 23:00:00+00:00,BAYSHOR,33.5117
2018-09-14 00:00:00+00:00,BAYSHOR,35.84073
2018-09-14 01:00:00+00:00,BAYSHOR,45.2873
2018-09-14 02:00:00+00:00,BAYSHOR,51.25177
2018-09-14 03:00:00+00:00,BAYSHOR,41.956790000000005
2018-09-14 04:00:00+00:00,BAYSHOR,40.92665
2018-09-14 05:00:00+00:00,BAYSHOR,35.59953
2018-09-14 06:00:00+00:00,BAYSHOR,32.34427
2018-09-14 07:00:00+00:00,BAYSHOR,33.72533
2018-09-14 08:00:00+00:00,BAYSHOR,31.37757
2018-09-14 09:00:00+00:00,BAYSHOR,31.0438
2018-09-14 10:00:00+00:00,BAYSHOR,30.270740000000004
2018-09-14 11:00:00+00:00,BAYSHOR,31.33586
2018-09-14 12:00:00+00:00,BAYSHOR,34.4443
2018-09-14 13:00:00+00:00,BAYSHOR,37.7007
2018-09-14 14:00:00+00:00,BAYSHOR,37.22569
2018-09-14 15:00:00+00:00,BAYSHOR,32.016890000000004
2018-09-14 16:00:00+00:00,BAYSHOR,28.991670000000003
2018-09-14 17:00:00+00:00,BAYSHOR,28.46557
2018-09-14 18:00:00+00:00,BAYSHOR,28.45079
2018-09-14 19:00:00+00:00,BAYSHOR,29.37891
2018-09-14 20:00:00+00:00,BAYSHOR,31.769820000000003
2018-09-14 21:00:00+00:00,BAYSHOR,32.34958
2018-09-14 22:00:00+00:00,BAYSHOR,32.57475
2018-09-14 23:00:00+00:00,BAYSHOR,32.56982
2018-09-15 00:00:00+00:00,BAYSHOR,34.76232
2018-09-15 01:00:00+00:00,BAYSHOR,40.88768
2018-09-15 02:00:00+00:00,BAYSHOR,43.94743
2018-09-15 03:00:00+00:00,BAYSHOR,39.81077
2018-09-15 04:00:00+00:00,BAYSHOR,40.23929
2018-09-15 05:00:00+00:00,BAYSHOR,37.2566
2018-09-15 06:00:00+00:00,BAYSHOR,34.32106
2018-09-15 07:00:00+00:00,BAYSHOR,33.97692
2018-09-15 08:00:00+00:00,BAYSHOR,31.32046
2018-09-15 09:00:00+00:00,BAYSHOR,31.46235
2018-09-15 10:00:00+00:00,BAYSHOR,31.33452
2018-09-15 11:00:00+00:00,BAYSHOR,30.66492
2018-09-15 12:00:00+00:00,BAYSHOR,31.60955
2018-09-15 13:00:00+00:00,BAYSHOR,32.0385
2018-09-15 14:00:00+00:00,BAYSHOR,30.35351
2018-09-15 15:00:00+00:00,BAYSHOR,24.52993
2018-09-15 16:00:00+00:00,BAYSHOR,18.72223
2018-09-15 17:00:00+00:00,BAYSHOR,17.29243
2018-09-15 18:00:00+00:00,BAYSHOR,18.78534
2018-09-15 19:00:00+00:00,BAYSHOR,20.38995
2018-09-15 20:00:00+00:00,BAYSHOR,23.22257
2018-09-15 21:00:00+00:00,BAYSHOR,26.03412
2018-09-15 22:00:00+00:00,BAYSHOR,30.9657
2018-09-15 23:00:00+00:00,BAYSHOR,29.46394
2018-09-16 00:00:00+00:00,BAYSHOR,33.32991
2018-09-16 01:00:00+00:00,BAYSHOR,37.71657
2018-09-16 02:00:00+00:00,BAYSHOR,42.09299
2018-09-16 03:00:00+00:00,BAYSHOR,38.5394
2018-09-16 04:00:00+00:00,BAYSHOR,38.26965
2018-09-16 05:00:00+00:00,BAYSHOR,36.80721
2018-09-16 06:00:00+00:00,BAYSHOR,34.55573
2018-09-16 07:00:00+00:00,BAYSHOR,36.64972
2018-09-16 08:00:00+00:00,BAYSHOR,34.31275
2018-09-16 09:00:00+00:00,BAYSHOR,33.39309
2018-09-16 10:00:00+00:00,BAYSHOR,33.19921
2018-09-16 11:00:00+00:00,BAYSHOR,32.89499
2018-09-16 12:00:00+00:00,BAYSHOR,34.02904
2018-09-16 13:00:00+00:00,BAYSHOR,35.2702
2018-09-16 14:00:00+00:00,BAYSHOR,31.61808
2018-09-16 15:00:00+00:00,BAYSHOR,24.20759
2018-09-16 16:00:00+00:00,BAYSHOR,20.9932
2018-09-16 17:00:00+00:00,BAYSHOR,20.06743
2018-09-16 18:00:00+00:00,BAYSHOR,21.79377
2018-09-16 19:00:00+00:00,BAYSHOR,22.4848
2018-09-16 20:00:00+00:00,BAYSHOR,25.66693
2018-09-16 21:00:00+00:00,BAYSHOR,30.309520000000003
2018-09-16 22:00:00+00:00,BAYSHOR,31.87827
2018-09-16 23:00:00+00:00,BAYSHOR,31.306490000000004
2018-09-17 00:00:00+00:00,BAYSHOR,34.5755
2018-09-17 01:00:00+00:00,BAYSHOR,39.93191
2018-09-17 02:00:00+00:00,BAYSHOR,44.23725
2018-09-17 03:00:00+00:00,BAYSHOR,40.01648
2018-09-17 04:00:00+00:00,BAYSHOR,39.52946
2018-09-17 05:00:00+00:00,BAYSHOR,35.87688
2018-09-17 06:00:00+00:00,BAYSHOR,32.18482
2018-09-17 07:00:00+00:00,BAYSHOR,32.46354
2018-09-17 08:00:00+00:00,BAYSHOR,30.65185
2018-09-17 09:00:00+00:00,BAYSHOR,27.89331
2018-09-17 10:00:00+00:00,BAYSHOR,28.07503
2018-09-17 11:00:00+00:00,BAYSHOR,29.95455
2018-09-17 12:00:00+00:00,BAYSHOR,33.05474
2018-09-17 13:00:00+00:00,BAYSHOR,35.95468
2018-09-17 14:00:00+00:00,BAYSHOR,34.9412
2018-09-17 15:00:00+00:00,BAYSHOR,28.062340000000003
2018-09-17 16:00:00+00:00,BAYSHOR,26.88958
2018-09-17 17:00:00+00:00,BAYSHOR,26.55126
2018-09-17 18:00:00+00:00,BAYSHOR,27.150270000000003
2018-09-17 19:00:00+00:00,BAYSHOR,27.9433
2018-09-17 20:00:00+00:00,BAYSHOR,31.23773
2018-09-17 21:00:00+00:00,BAYSHOR,30.37779
2018-09-17 22:00:00+00:00,BAYSHOR,31.74939
2018-09-17 23:00:00+00:00,BAYSHOR,32.91369
2018-09-18 00:00:00+00:00,BAYSHOR,41.2999
2018-09-18 01:00:00+00:00,BAYSHOR,42.46763
2018-09-18 02:00:00+00:00,BAYSHOR,43.59324
2018-09-18 03:00:00+00:00,BAYSHOR,49.36833
2018-09-18 04:00:00+00:00,BAYSHOR,38.92434
2018-09-18 05:00:00+00:00,BAYSHOR,36.96625
2018-09-18 06:00:00+00:00,BAYSHOR,33.12305
2018-09-18 07:00:00+00:00,BAYSHOR,33.33208
2018-09-18 08:00:00+00:00,BAYSHOR,31.06612
2018-09-18 09:00:00+00:00,BAYSHOR,30.18012
2018-09-18 10:00:00+00:00,BAYSHOR,30.01587
2018-09-18 11:00:00+00:00,BAYSHOR,32.37371
2018-09-18 12:00:00+00:00,BAYSHOR,35.94333
2018-09-18 13:00:00+00:00,BAYSHOR,40.43947
2018-09-18 14:00:00+00:00,BAYSHOR,36.32995
2018-09-18 15:00:00+00:00,BAYSHOR,27.00916
2018-09-18 16:00:00+00:00,BAYSHOR,28.12503
2018-09-18 17:00:00+00:00,BAYSHOR,27.66596
2018-09-18 18:00:00+00:00,BAYSHOR,27.53489
2018-09-18 19:00:00+00:00,BAYSHOR,27.82245
2018-09-18 20:00:00+00:00,BAYSHOR,29.60346
2018-09-18 21:00:00+00:00,BAYSHOR,29.75942
2018-09-18 22:00:00+00:00,BAYSHOR,31.0201
2018-09-18 23:00:00+00:00,BAYSHOR,32.15561
2018-09-19 00:00:00+00:00,BAYSHOR,37.59901
2018-09-19 01:00:00+00:00,BAYSHOR,39.67162
2018-09-19 02:00:00+00:00,BAYSHOR,49.82821
2018-09-19 03:00:00+00:00,BAYSHOR,48.112190000000005
2018-09-19 04:00:00+00:00,BAYSHOR,39.34021
2018-09-19 05:00:00+00:00,BAYSHOR,36.42397
2018-09-19 06:00:00+00:00,BAYSHOR,33.91181
2018-09-19 07:00:00+00:00,BAYSHOR,28.51911
2018-09-19 08:00:00+00:00,BAYSHOR,29.30742
2018-09-19 09:00:00+00:00,BAYSHOR,29.14223
2018-09-19 10:00:00+00:00,BAYSHOR,28.66946
2018-09-19 11:00:00+00:00,BAYSHOR,30.2474
2018-09-19 12:00:00+00:00,BAYSHOR,34.71051
2018-09-19 13:00:00+00:00,BAYSHOR,37.61912
2018-09-19 14:00:00+00:00,BAYSHOR,35.14948
2018-09-19 15:00:00+00:00,BAYSHOR,25.81277
2018-09-19 16:00:00+00:00,BAYSHOR,22.11786
2018-09-19 17:00:00+00:00,BAYSHOR,21.64893
2018-09-19 18:00:00+00:00,BAYSHOR,22.56147
2018-09-19 19:00:00+00:00,BAYSHOR,24.78326
2018-09-19 20:00:00+00:00,BAYSHOR,30.043190000000003
2018-09-19 21:00:00+00:00,BAYSHOR,30.79827
2018-09-19 22:00:00+00:00,BAYSHOR,34.57521
2018-09-19 23:00:00+00:00,BAYSHOR,38.49714
2018-09-20 01:00:00+00:00,BAYSHOR,55.51584
2018-09-20 02:00:00+00:00,BAYSHOR,58.92105
2018-09-20 03:00:00+00:00,BAYSHOR,51.79459
2018-09-20 04:00:00+00:00,BAYSHOR,40.78607
2018-09-20 05:00:00+00:00,BAYSHOR,36.212140000000005
2018-09-20 06:00:00+00:00,BAYSHOR,33.88453
2018-09-20 07:00:00+00:00,BAYSHOR,32.08911
2018-09-20 08:00:00+00:00,BAYSHOR,30.681040000000003
2018-09-20 09:00:00+00:00,BAYSHOR,28.36566
2018-09-20 10:00:00+00:00,BAYSHOR,28.2908
2018-09-20 11:00:00+00:00,BAYSHOR,29.73461
2018-09-20 12:00:00+00:00,BAYSHOR,36.20468
2018-09-20 13:00:00+00:00,BAYSHOR,42.40147
2018-09-20 14:00:00+00:00,BAYSHOR,38.23644
2018-09-20 15:00:00+00:00,BAYSHOR,28.31183
2018-09-20 16:00:00+00:00,BAYSHOR,26.04759
2018-09-20 17:00:00+00:00,BAYSHOR,25.13485
2018-09-20 18:00:00+00:00,BAYSHOR,26.99479
2018-09-20 19:00:00+00:00,BAYSHOR,28.49166
2018-09-20 20:00:00+00:00,BAYSHOR,31.95823
2018-09-20 21:00:00+00:00,BAYSHOR,34.767990000000005
2018-09-20 22:00:00+00:00,BAYSHOR,39.53005
2018-09-20 23:00:00+00:00,BAYSHOR,47.19941
2018-09-21 00:00:00+00:00,BAYSHOR,58.01241
2018-09-21 01:00:00+00:00,BAYSHOR,70.6903
2018-09-21 02:00:00+00:00,BAYSHOR,68.74255
2018-09-21 03:00:00+00:00,BAYSHOR,51.51354
2018-09-21 04:00:00+00:00,BAYSHOR,44.30153
2018-09-21 05:00:00+00:00,BAYSHOR,41.87356
2018-09-21 06:00:00+00:00,BAYSHOR,35.87644
2018-09-21 07:00:00+00:00,BAYSHOR,31.54107
2018-09-21 08:00:00+00:00,BAYSHOR,29.911590000000004
2018-09-21 09:00:00+00:00,BAYSHOR,28.4067
2018-09-21 10:00:00+00:00,BAYSHOR,27.947640000000003
2018-09-21 11:00:00+00:00,BAYSHOR,29.67673
2018-09-21 12:00:00+00:00,BAYSHOR,34.12215
2018-09-21 13:00:00+00:00,BAYSHOR,35.90452
2018-09-21 14:00:00+00:00,BAYSHOR,34.47913
2018-09-21 15:00:00+00:00,BAYSHOR,26.34172
2018-09-21 16:00:00+00:00,BAYSHOR,22.51204
2018-09-21 17:00:00+00:00,BAYSHOR,24.61525
2018-09-21 18:00:00+00:00,BAYSHOR,26.57908
2018-09-21 19:00:00+00:00,BAYSHOR,29.5221
2018-09-21 20:00:00+00:00,BAYSHOR,33.22635
2018-09-21 21:00:00+00:00,BAYSHOR,34.69386
2018-09-21 22:00:00+00:00,BAYSHOR,35.64782
2018-09-21 23:00:00+00:00,BAYSHOR,41.14791
2018-09-22 00:00:00+00:00,BAYSHOR,48.61661
2018-09-22 01:00:00+00:00,BAYSHOR,69.05369
2018-09-22 02:00:00+00:00,BAYSHOR,62.87497
2018-09-22 03:00:00+00:00,BAYSHOR,44.02141
2018-09-22 04:00:00+00:00,BAYSHOR,37.95913
2018-09-22 05:00:00+00:00,BAYSHOR,35.2712
2018-09-22 06:00:00+00:00,BAYSHOR,31.85888
2018-09-22 07:00:00+00:00,BAYSHOR,31.07117
2018-09-22 08:00:00+00:00,BAYSHOR,30.76937
2018-09-22 09:00:00+00:00,BAYSHOR,30.38578
2018-09-22 10:00:00+00:00,BAYSHOR,30.09843
2018-09-22 11:00:00+00:00,BAYSHOR,30.29373
2018-09-22 12:00:00+00:00,BAYSHOR,31.41996
2018-09-22 13:00:00+00:00,BAYSHOR,30.869
2018-09-22 14:00:00+00:00,BAYSHOR,29.87003
2018-09-22 15:00:00+00:00,BAYSHOR,21.833920000000003
2018-09-22 16:00:00+00:00,BAYSHOR,18.27516
2018-09-22 17:00:00+00:00,BAYSHOR,18.78353
2018-09-22 18:00:00+00:00,BAYSHOR,19.69187
2018-09-22 19:00:00+00:00,BAYSHOR,23.37526
2018-09-22 20:00:00+00:00,BAYSHOR,26.71913
2018-09-22 21:00:00+00:00,BAYSHOR,29.687520000000003
2018-09-22 22:00:00+00:00,BAYSHOR,31.33997
2018-09-22 23:00:00+00:00,BAYSHOR,32.88252
2018-09-23 00:00:00+00:00,BAYSHOR,37.48369
2018-09-23 01:00:00+00:00,BAYSHOR,55.58512
2018-09-23 02:00:00+00:00,BAYSHOR,56.693830000000005
2018-09-23 03:00:00+00:00,BAYSHOR,43.37912
2018-09-23 04:00:00+00:00,BAYSHOR,35.84601
2018-09-23 05:00:00+00:00,BAYSHOR,33.43282
2018-09-23 06:00:00+00:00,BAYSHOR,31.82125
2018-09-23 07:00:00+00:00,BAYSHOR,31.6256
2018-09-23 08:00:00+00:00,BAYSHOR,30.0314
2018-09-23 09:00:00+00:00,BAYSHOR,28.3401
2018-09-23 10:00:00+00:00,BAYSHOR,27.60405
2018-09-23 11:00:00+00:00,BAYSHOR,27.39752
2018-09-23 12:00:00+00:00,BAYSHOR,29.16091
2018-09-23 13:00:00+00:00,BAYSHOR,29.17628
2018-09-23 14:00:00+00:00,BAYSHOR,28.4031
2018-09-23 15:00:00+00:00,BAYSHOR,20.46555
2018-09-23 16:00:00+00:00,BAYSHOR,15.902679999999998
2018-09-23 17:00:00+00:00,BAYSHOR,17.3026
2018-09-23 18:00:00+00:00,BAYSHOR,18.59496
2018-09-23 19:00:00+00:00,BAYSHOR,21.08759
2018-09-23 20:00:00+00:00,BAYSHOR,24.01937
2018-09-23 21:00:00+00:00,BAYSHOR,29.14881
2018-09-23 22:00:00+00:00,BAYSHOR,30.00635
2018-09-23 23:00:00+00:00,BAYSHOR,30.92115
2018-09-24 00:00:00+00:00,BAYSHOR,37.58001
2018-09-24 01:00:00+00:00,BAYSHOR,51.99076
2018-09-24 02:00:00+00:00,BAYSHOR,57.13495
2018-09-24 03:00:00+00:00,BAYSHOR,43.24451
2018-09-24 04:00:00+00:00,BAYSHOR,37.21737
2018-09-24 05:00:00+00:00,BAYSHOR,33.22625
2018-09-24 06:00:00+00:00,BAYSHOR,30.50768
2018-09-24 07:00:00+00:00,BAYSHOR,29.3684
2018-09-24 08:00:00+00:00,BAYSHOR,27.19807
2018-09-24 09:00:00+00:00,BAYSHOR,25.80438
2018-09-24 10:00:00+00:00,BAYSHOR,25.91777
2018-09-24 11:00:00+00:00,BAYSHOR,28.75269
2018-09-24 12:00:00+00:00,BAYSHOR,33.89521
2018-09-24 13:00:00+00:00,BAYSHOR,35.66916
2018-09-24 14:00:00+00:00,BAYSHOR,34.89877
2018-09-24 15:00:00+00:00,BAYSHOR,31.40005
2018-09-24 16:00:00+00:00,BAYSHOR,27.6424
2018-09-24 17:00:00+00:00,BAYSHOR,27.90393
2018-09-24 18:00:00+00:00,BAYSHOR,25.68097
2018-09-24 19:00:00+00:00,BAYSHOR,27.76763
2018-09-24 20:00:00+00:00,BAYSHOR,30.38784
2018-09-24 21:00:00+00:00,BAYSHOR,32.65268
2018-09-24 22:00:00+00:00,BAYSHOR,33.96133
2018-09-24 23:00:00+00:00,BAYSHOR,38.22492
2018-09-25 00:00:00+00:00,BAYSHOR,47.72698
2018-09-25 01:00:00+00:00,BAYSHOR,62.338730000000005
2018-09-25 02:00:00+00:00,BAYSHOR,63.593030000000006
2018-09-25 03:00:00+00:00,BAYSHOR,47.78493
2018-09-25 04:00:00+00:00,BAYSHOR,37.05282
2018-09-25 05:00:00+00:00,BAYSHOR,33.9446
2018-09-25 06:00:00+00:00,BAYSHOR,32.1824
2018-09-25 07:00:00+00:00,BAYSHOR,29.29208
2018-09-25 08:00:00+00:00,BAYSHOR,29.38097
2018-09-25 09:00:00+00:00,BAYSHOR,28.03862
2018-09-25 10:00:00+00:00,BAYSHOR,28.33234
2018-09-25 11:00:00+00:00,BAYSHOR,30.57539
2018-09-25 12:00:00+00:00,BAYSHOR,34.20017
2018-09-25 13:00:00+00:00,BAYSHOR,42.16223
2018-09-25 14:00:00+00:00,BAYSHOR,35.88395
2018-09-25 15:00:00+00:00,BAYSHOR,29.02891
2018-09-25 16:00:00+00:00,BAYSHOR,22.59348
2018-09-25 17:00:00+00:00,BAYSHOR,22.45112
2018-09-25 18:00:00+00:00,BAYSHOR,25.5882
2018-09-25 19:00:00+00:00,BAYSHOR,29.300490000000003
2018-09-25 20:00:00+00:00,BAYSHOR,32.31136
2018-09-25 21:00:00+00:00,BAYSHOR,34.08749
2018-09-25 22:00:00+00:00,BAYSHOR,36.97696
2018-09-25 23:00:00+00:00,BAYSHOR,39.95623
2018-09-26 00:00:00+00:00,BAYSHOR,53.16684
2018-09-26 01:00:00+00:00,BAYSHOR,70.23878
2018-09-26 02:00:00+00:00,BAYSHOR,68.55022
2018-09-26 03:00:00+00:00,BAYSHOR,51.67042
2018-09-26 04:00:00+00:00,BAYSHOR,39.52283
2018-09-26 05:00:00+00:00,BAYSHOR,36.42297
2018-09-26 06:00:00+00:00,BAYSHOR,32.9046
2018-09-26 07:00:00+00:00,BAYSHOR,35.12952
2018-09-26 08:00:00+00:00,BAYSHOR,33.78301
2018-09-26 09:00:00+00:00,BAYSHOR,31.90475
2018-09-26 10:00:00+00:00,BAYSHOR,31.25546
2018-09-26 11:00:00+00:00,BAYSHOR,31.87097
2018-09-26 12:00:00+00:00,BAYSHOR,36.44294
2018-09-26 13:00:00+00:00,BAYSHOR,46.57882
2018-09-26 14:00:00+00:00,BAYSHOR,39.98423
2018-09-26 15:00:00+00:00,BAYSHOR,33.08302
2018-09-26 16:00:00+00:00,BAYSHOR,25.49249
2018-09-26 17:00:00+00:00,BAYSHOR,24.57352
2018-09-26 18:00:00+00:00,BAYSHOR,28.36483
2018-09-26 19:00:00+00:00,BAYSHOR,30.67235
2018-09-26 20:00:00+00:00,BAYSHOR,33.86487
2018-09-26 21:00:00+00:00,BAYSHOR,36.55683
2018-09-26 22:00:00+00:00,BAYSHOR,40.18872
2018-09-26 23:00:00+00:00,BAYSHOR,44.55548
2018-09-27 00:00:00+00:00,BAYSHOR,61.7656
2018-09-27 01:00:00+00:00,BAYSHOR,83.03493
2018-09-27 02:00:00+00:00,BAYSHOR,74.56138
2018-09-27 03:00:00+00:00,BAYSHOR,55.14294
2018-09-27 04:00:00+00:00,BAYSHOR,44.02936
2018-09-27 05:00:00+00:00,BAYSHOR,37.93015
2018-09-27 06:00:00+00:00,BAYSHOR,35.13365
2018-09-27 07:00:00+00:00,BAYSHOR,32.4012
2018-09-27 08:00:00+00:00,BAYSHOR,30.90228
2018-09-27 09:00:00+00:00,BAYSHOR,30.10868
2018-09-27 10:00:00+00:00,BAYSHOR,29.11686
2018-09-27 11:00:00+00:00,BAYSHOR,30.78036
2018-09-27 12:00:00+00:00,BAYSHOR,33.1487
2018-09-27 13:00:00+00:00,BAYSHOR,37.61909
2018-09-27 14:00:00+00:00,BAYSHOR,35.036559999999994
2018-09-27 15:00:00+00:00,BAYSHOR,31.74959
2018-09-27 16:00:00+00:00,BAYSHOR,27.8823
2018-09-27 17:00:00+00:00,BAYSHOR,27.26632
2018-09-27 18:00:00+00:00,BAYSHOR,29.86389
2018-09-27 19:00:00+00:00,BAYSHOR,32.76406
2018-09-27 20:00:00+00:00,BAYSHOR,34.56488
2018-09-27 21:00:00+00:00,BAYSHOR,37.55448
2018-09-27 22:00:00+00:00,BAYSHOR,39.59422
2018-09-27 23:00:00+00:00,BAYSHOR,42.60654
2018-09-28 00:00:00+00:00,BAYSHOR,52.0114
2018-09-28 01:00:00+00:00,BAYSHOR,82.55273000000001
2018-09-28 02:00:00+00:00,BAYSHOR,72.23764
2018-09-28 03:00:00+00:00,BAYSHOR,54.17128
2018-09-28 04:00:00+00:00,BAYSHOR,41.8499
2018-09-28 05:00:00+00:00,BAYSHOR,37.54711
2018-09-28 06:00:00+00:00,BAYSHOR,34.54007
2018-09-28 07:00:00+00:00,BAYSHOR,31.00843
2018-09-28 08:00:00+00:00,BAYSHOR,29.84134
2018-09-28 09:00:00+00:00,BAYSHOR,28.9901
2018-09-28 10:00:00+00:00,BAYSHOR,28.17176
2018-09-28 11:00:00+00:00,BAYSHOR,29.40195
2018-09-28 12:00:00+00:00,BAYSHOR,32.7935
2018-09-28 13:00:00+00:00,BAYSHOR,37.08044
2018-09-28 14:00:00+00:00,BAYSHOR,36.01213
2018-09-28 15:00:00+00:00,BAYSHOR,32.23788
2018-09-28 16:00:00+00:00,BAYSHOR,28.15996
2018-09-28 17:00:00+00:00,BAYSHOR,28.20402
2018-09-28 18:00:00+00:00,BAYSHOR,26.53303
2018-09-28 19:00:00+00:00,BAYSHOR,29.73736
2018-09-28 20:00:00+00:00,BAYSHOR,31.28843
2018-09-28 21:00:00+00:00,BAYSHOR,33.25366
2018-09-28 22:00:00+00:00,BAYSHOR,33.5981
2018-09-28 23:00:00+00:00,BAYSHOR,34.80586
2018-09-29 00:00:00+00:00,BAYSHOR,43.02495
2018-09-29 01:00:00+00:00,BAYSHOR,60.06661
2018-09-29 02:00:00+00:00,BAYSHOR,56.63384
2018-09-29 03:00:00+00:00,BAYSHOR,45.59504
2018-09-29 04:00:00+00:00,BAYSHOR,39.73578
2018-09-29 05:00:00+00:00,BAYSHOR,35.602709999999995
2018-09-29 06:00:00+00:00,BAYSHOR,33.69318
2018-09-29 07:00:00+00:00,BAYSHOR,34.67606
2018-09-29 08:00:00+00:00,BAYSHOR,33.18039
2018-09-29 09:00:00+00:00,BAYSHOR,33.046490000000006
2018-09-29 10:00:00+00:00,BAYSHOR,32.94839
2018-09-29 11:00:00+00:00,BAYSHOR,32.938759999999995
2018-09-29 12:00:00+00:00,BAYSHOR,34.337
2018-09-29 13:00:00+00:00,BAYSHOR,33.51542
2018-09-29 14:00:00+00:00,BAYSHOR,32.81175
2018-09-29 15:00:00+00:00,BAYSHOR,25.34804
2018-09-29 16:00:00+00:00,BAYSHOR,22.17346
2018-09-29 17:00:00+00:00,BAYSHOR,20.54982
2018-09-29 18:00:00+00:00,BAYSHOR,20.57902
2018-09-29 19:00:00+00:00,BAYSHOR,20.62531
2018-09-29 20:00:00+00:00,BAYSHOR,22.03377
2018-09-29 21:00:00+00:00,BAYSHOR,24.58897
2018-09-29 22:00:00+00:00,BAYSHOR,28.23971
2018-09-29 23:00:00+00:00,BAYSHOR,27.39955
2018-09-30 00:00:00+00:00,BAYSHOR,35.01652
2018-09-30 01:00:00+00:00,BAYSHOR,44.85601
2018-09-30 02:00:00+00:00,BAYSHOR,57.27812
2018-09-30 03:00:00+00:00,BAYSHOR,40.66803
2018-09-30 04:00:00+00:00,BAYSHOR,36.86869
2018-09-30 05:00:00+00:00,BAYSHOR,35.4068
2018-09-30 06:00:00+00:00,BAYSHOR,33.16513
2018-09-30 08:00:00+00:00,BAYSHOR,31.92828
2018-09-30 09:00:00+00:00,BAYSHOR,31.15781
2018-09-30 10:00:00+00:00,BAYSHOR,31.11671
2018-09-30 11:00:00+00:00,BAYSHOR,31.18561
2018-09-30 12:00:00+00:00,BAYSHOR,32.45758
2018-09-30 13:00:00+00:00,BAYSHOR,34.35717
2018-09-30 14:00:00+00:00,BAYSHOR,32.45987
2018-09-30 15:00:00+00:00,BAYSHOR,29.0992
2018-09-30 16:00:00+00:00,BAYSHOR,22.90898
2018-09-30 17:00:00+00:00,BAYSHOR,22.12647
2018-09-30 18:00:00+00:00,BAYSHOR,22.62317
2018-09-30 19:00:00+00:00,BAYSHOR,22.58816
2018-09-30 20:00:00+00:00,BAYSHOR,25.44239
2018-09-30 21:00:00+00:00,BAYSHOR,28.30224
2018-09-30 22:00:00+00:00,BAYSHOR,32.45541
2018-09-30 23:00:00+00:00,BAYSHOR,32.04951
