time,hub,price
2025-06-01 00:00:00-07:00,TH_NP15_GEN-APND,34.10791
2025-06-01 00:00:00-07:00,TH_SP15_GEN-APND,37.25251
2025-06-01 00:00:00-07:00,TH_ZP26_GEN-APND,36.76556
2025-06-01 01:00:00-07:00,TH_NP15_GEN-APND,33.76879
2025-06-01 01:00:00-07:00,TH_SP15_GEN-APND,37.01459
2025-06-01 01:00:00-07:00,TH_ZP26_GEN-APND,36.56747
2025-06-01 02:00:00-07:00,TH_NP15_GEN-APND,33.3276
2025-06-01 02:00:00-07:00,TH_SP15_GEN-APND,36.48273
2025-06-01 02:00:00-07:00,TH_ZP26_GEN-APND,35.8948
2025-06-01 03:00:00-07:00,TH_NP15_GEN-APND,33.39201
2025-06-01 03:00:00-07:00,TH_SP15_GEN-APND,36.61761
2025-06-01 03:00:00-07:00,TH_ZP26_GEN-APND,35.9876
2025-06-01 04:00:00-07:00,TH_NP15_GEN-APND,31.5423
2025-06-01 04:00:00-07:00,TH_SP15_GEN-APND,34.09849
2025-06-01 04:00:00-07:00,TH_ZP26_GEN-APND,33.58582
2025-06-01 05:00:00-07:00,TH_NP15_GEN-APND,30.45876
2025-06-01 05:00:00-07:00,TH_SP15_GEN-APND,32.55608
2025-06-01 05:00:00-07:00,TH_ZP26_GEN-APND,32.28999
2025-06-01 06:00:00-07:00,TH_NP15_GEN-APND,30.41749
2025-06-01 06:00:00-07:00,TH_SP15_GEN-APND,31.53725
2025-06-01 06:00:00-07:00,TH_ZP26_GEN-APND,31.54759
2025-06-01 07:00:00-07:00,TH_NP15_GEN-APND,27.59262
2025-06-01 07:00:00-07:00,TH_SP15_GEN-APND,23.7207
2025-06-01 07:00:00-07:00,TH_ZP26_GEN-APND,23.09088
2025-06-01 08:00:00-07:00,TH_NP15_GEN-APND,27.21581
2025-06-01 08:00:00-07:00,TH_SP15_GEN-APND,23.0078
2025-06-01 08:00:00-07:00,TH_ZP26_GEN-APND,21.86951
2025-06-01 09:00:00-07:00,TH_NP15_GEN-APND,28.35986
2025-06-01 09:00:00-07:00,TH_SP15_GEN-APND,22.10245
2025-06-01 09:00:00-07:00,TH_ZP26_GEN-APND,20.00824
2025-06-01 10:00:00-07:00,TH_NP15_GEN-APND,24.71768
2025-06-01 10:00:00-07:00,TH_SP15_GEN-APND,23.93494
2025-06-01 10:00:00-07:00,TH_ZP26_GEN-APND,22.39233
2025-06-01 11:00:00-07:00,TH_NP15_GEN-APND,24.13912
2025-06-01 11:00:00-07:00,TH_SP15_GEN-APND,23.43504
2025-06-01 11:00:00-07:00,TH_ZP26_GEN-APND,21.73919
2025-06-01 12:00:00-07:00,TH_NP15_GEN-APND,25.95987
2025-06-01 12:00:00-07:00,TH_SP15_GEN-APND,24.38548
2025-06-01 12:00:00-07:00,TH_ZP26_GEN-APND,22.694
2025-06-01 13:00:00-07:00,TH_NP15_GEN-APND,26.06796
2025-06-01 13:00:00-07:00,TH_SP15_GEN-APND,23.85843
2025-06-01 13:00:00-07:00,TH_ZP26_GEN-APND,22.37477
2025-06-01 14:00:00-07:00,TH_NP15_GEN-APND,26.31521
2025-06-01 14:00:00-07:00,TH_SP15_GEN-APND,24.20244
2025-06-01 14:00:00-07:00,TH_ZP26_GEN-APND,22.63707
2025-06-01 15:00:00-07:00,TH_NP15_GEN-APND,29.82983
2025-06-01 15:00:00-07:00,TH_SP15_GEN-APND,26.21193
2025-06-01 15:00:00-07:00,TH_ZP26_GEN-APND,25.31267
2025-06-01 16:00:00-07:00,TH_NP15_GEN-APND,32.32084
2025-06-01 16:00:00-07:00,TH_SP15_GEN-APND,31.71789
2025-06-01 16:00:00-07:00,TH_ZP26_GEN-APND,28.90029
2025-06-01 17:00:00-07:00,TH_NP15_GEN-APND,37.86336
2025-06-01 17:00:00-07:00,TH_SP15_GEN-APND,37.43101
2025-06-01 17:00:00-07:00,TH_ZP26_GEN-APND,36.41926
2025-06-01 18:00:00-07:00,TH_NP15_GEN-APND,44.38042
2025-06-01 18:00:00-07:00,TH_SP15_GEN-APND,43.65102
2025-06-01 18:00:00-07:00,TH_ZP26_GEN-APND,43.62721
2025-06-01 19:00:00-07:00,TH_NP15_GEN-APND,44.83121
2025-06-01 19:00:00-07:00,TH_SP15_GEN-APND,46.05487
2025-06-01 19:00:00-07:00,TH_ZP26_GEN-APND,45.74489
2025-06-01 20:00:00-07:00,TH_NP15_GEN-APND,44.29157
2025-06-01 20:00:00-07:00,TH_SP15_GEN-APND,46.07014
2025-06-01 20:00:00-07:00,TH_ZP26_GEN-APND,45.96155
2025-06-01 21:00:00-07:00,TH_NP15_GEN-APND,42.75434
2025-06-01 21:00:00-07:00,TH_SP15_GEN-APND,44.93
2025-06-01 21:00:00-07:00,TH_ZP26_GEN-APND,44.94018
2025-06-01 22:00:00-07:00,TH_NP15_GEN-APND,39.78918
2025-06-01 22:00:00-07:00,TH_SP15_GEN-APND,43.34682
2025-06-01 22:00:00-07:00,TH_ZP26_GEN-APND,42.97649
2025-06-01 23:00:00-07:00,TH_NP15_GEN-APND,38.47407
2025-06-01 23:00:00-07:00,TH_SP15_GEN-APND,42.8777
2025-06-01 23:00:00-07:00,TH_ZP26_GEN-APND,42.25513
2025-06-02 00:00:00-07:00,TH_NP15_GEN-APND,32.632
2025-06-02 00:00:00-07:00,TH_SP15_GEN-APND,37.81548
2025-06-02 00:00:00-07:00,TH_ZP26_GEN-APND,37.08854
2025-06-02 01:00:00-07:00,TH_NP15_GEN-APND,35.23543
2025-06-02 01:00:00-07:00,TH_SP15_GEN-APND,40.66685
2025-06-02 01:00:00-07:00,TH_ZP26_GEN-APND,39.82286
2025-06-02 02:00:00-07:00,TH_NP15_GEN-APND,32.08216
2025-06-02 02:00:00-07:00,TH_SP15_GEN-APND,36.84035
2025-06-02 02:00:00-07:00,TH_ZP26_GEN-APND,36.06316
2025-06-02 03:00:00-07:00,TH_NP15_GEN-APND,31.4103
2025-06-02 03:00:00-07:00,TH_SP15_GEN-APND,36.83648
2025-06-02 03:00:00-07:00,TH_ZP26_GEN-APND,35.89364
2025-06-02 04:00:00-07:00,TH_NP15_GEN-APND,35.34785
2025-06-02 04:00:00-07:00,TH_SP15_GEN-APND,40.80392
2025-06-02 04:00:00-07:00,TH_ZP26_GEN-APND,39.83608
2025-06-02 05:00:00-07:00,TH_NP15_GEN-APND,36.17766
2025-06-02 05:00:00-07:00,TH_SP15_GEN-APND,40.93783
2025-06-02 05:00:00-07:00,TH_ZP26_GEN-APND,40.0886
2025-06-02 06:00:00-07:00,TH_NP15_GEN-APND,38.52417
2025-06-02 06:00:00-07:00,TH_SP15_GEN-APND,40.78781
2025-06-02 06:00:00-07:00,TH_ZP26_GEN-APND,40.63124
2025-06-02 07:00:00-07:00,TH_NP15_GEN-APND,25.18306
2025-06-02 07:00:00-07:00,TH_SP15_GEN-APND,18.84863
2025-06-02 07:00:00-07:00,TH_ZP26_GEN-APND,17.22259
2025-06-02 08:00:00-07:00,TH_NP15_GEN-APND,19.80004
2025-06-02 08:00:00-07:00,TH_SP15_GEN-APND,9.81133
2025-06-02 08:00:00-07:00,TH_ZP26_GEN-APND,7.67995
2025-06-02 09:00:00-07:00,TH_NP15_GEN-APND,19.1806
2025-06-02 09:00:00-07:00,TH_SP15_GEN-APND,5.10849
2025-06-02 09:00:00-07:00,TH_ZP26_GEN-APND,0.70467
2025-06-02 10:00:00-07:00,TH_NP15_GEN-APND,16.22406
2025-06-02 10:00:00-07:00,TH_SP15_GEN-APND,7.667
2025-06-02 10:00:00-07:00,TH_ZP26_GEN-APND,3.57588
2025-06-02 11:00:00-07:00,TH_NP15_GEN-APND,17.86333
2025-06-02 11:00:00-07:00,TH_SP15_GEN-APND,4.61161
2025-06-02 11:00:00-07:00,TH_ZP26_GEN-APND,-0.74958
2025-06-02 12:00:00-07:00,TH_NP15_GEN-APND,13.08528
2025-06-02 12:00:00-07:00,TH_SP15_GEN-APND,4.68192
2025-06-02 12:00:00-07:00,TH_ZP26_GEN-APND,0.32264
2025-06-02 13:00:00-07:00,TH_NP15_GEN-APND,17.2703
2025-06-02 13:00:00-07:00,TH_SP15_GEN-APND,4.11405
2025-06-02 13:00:00-07:00,TH_ZP26_GEN-APND,-0.77801
2025-06-02 14:00:00-07:00,TH_NP15_GEN-APND,19.7949
2025-06-02 14:00:00-07:00,TH_SP15_GEN-APND,3.85706
2025-06-02 14:00:00-07:00,TH_ZP26_GEN-APND,-1.07882
2025-06-02 15:00:00-07:00,TH_NP15_GEN-APND,20.50843
2025-06-02 15:00:00-07:00,TH_SP15_GEN-APND,7.61253
2025-06-02 15:00:00-07:00,TH_ZP26_GEN-APND,3.38891
2025-06-02 16:00:00-07:00,TH_NP15_GEN-APND,20.37229
2025-06-02 16:00:00-07:00,TH_SP15_GEN-APND,9.37398
2025-06-02 16:00:00-07:00,TH_ZP26_GEN-APND,5.51841
2025-06-02 17:00:00-07:00,TH_NP15_GEN-APND,26.60277
2025-06-02 17:00:00-07:00,TH_SP15_GEN-APND,21.58103
2025-06-02 17:00:00-07:00,TH_ZP26_GEN-APND,19.76092
2025-06-02 18:00:00-07:00,TH_NP15_GEN-APND,38.16794
2025-06-02 18:00:00-07:00,TH_SP15_GEN-APND,38.75793
2025-06-02 18:00:00-07:00,TH_ZP26_GEN-APND,39.20515
2025-06-02 19:00:00-07:00,TH_NP15_GEN-APND,49.05177
2025-06-02 19:00:00-07:00,TH_SP15_GEN-APND,48.91279
2025-06-02 19:00:00-07:00,TH_ZP26_GEN-APND,49.96029
2025-06-02 20:00:00-07:00,TH_NP15_GEN-APND,50.42942
2025-06-02 20:00:00-07:00,TH_SP15_GEN-APND,50.96455
2025-06-02 20:00:00-07:00,TH_ZP26_GEN-APND,52.06234
2025-06-02 21:00:00-07:00,TH_NP15_GEN-APND,43.13932
2025-06-02 21:00:00-07:00,TH_SP15_GEN-APND,45.33531
2025-06-02 21:00:00-07:00,TH_ZP26_GEN-APND,46.00679
2025-06-02 22:00:00-07:00,TH_NP15_GEN-APND,34.71567
2025-06-02 22:00:00-07:00,TH_SP15_GEN-APND,38.37645
2025-06-02 22:00:00-07:00,TH_ZP26_GEN-APND,38.82114
2025-06-02 23:00:00-07:00,TH_NP15_GEN-APND,32.83291
2025-06-02 23:00:00-07:00,TH_SP15_GEN-APND,37.97741
2025-06-02 23:00:00-07:00,TH_ZP26_GEN-APND,38.1797
2025-06-03 00:00:00-07:00,TH_NP15_GEN-APND,35.24679
2025-06-03 00:00:00-07:00,TH_SP15_GEN-APND,41.01883
2025-06-03 00:00:00-07:00,TH_ZP26_GEN-APND,40.43031
2025-06-03 01:00:00-07:00,TH_NP15_GEN-APND,35.54862
2025-06-03 01:00:00-07:00,TH_SP15_GEN-APND,40.77191
2025-06-03 01:00:00-07:00,TH_ZP26_GEN-APND,40.27758
2025-06-03 02:00:00-07:00,TH_NP15_GEN-APND,35.00715
2025-06-03 02:00:00-07:00,TH_SP15_GEN-APND,39.82924
2025-06-03 02:00:00-07:00,TH_ZP26_GEN-APND,39.47226
2025-06-03 03:00:00-07:00,TH_NP15_GEN-APND,31.94244
2025-06-03 03:00:00-07:00,TH_SP15_GEN-APND,36.65
2025-06-03 03:00:00-07:00,TH_ZP26_GEN-APND,36.29481
2025-06-03 04:00:00-07:00,TH_NP15_GEN-APND,35.11564
2025-06-03 04:00:00-07:00,TH_SP15_GEN-APND,39.88316
2025-06-03 04:00:00-07:00,TH_ZP26_GEN-APND,39.56353
2025-06-03 05:00:00-07:00,TH_NP15_GEN-APND,34.48918
2025-06-03 05:00:00-07:00,TH_SP15_GEN-APND,41.33509
2025-06-03 05:00:00-07:00,TH_ZP26_GEN-APND,41.24708
2025-06-03 06:00:00-07:00,TH_NP15_GEN-APND,38.31503
2025-06-03 06:00:00-07:00,TH_SP15_GEN-APND,41.66434
2025-06-03 06:00:00-07:00,TH_ZP26_GEN-APND,42.536
2025-06-03 07:00:00-07:00,TH_NP15_GEN-APND,26.43254
2025-06-03 07:00:00-07:00,TH_SP15_GEN-APND,19.293
2025-06-03 07:00:00-07:00,TH_ZP26_GEN-APND,19.55017
2025-06-03 08:00:00-07:00,TH_NP15_GEN-APND,23.29761
2025-06-03 08:00:00-07:00,TH_SP15_GEN-APND,16.29302
2025-06-03 08:00:00-07:00,TH_ZP26_GEN-APND,16.00464
2025-06-03 09:00:00-07:00,TH_NP15_GEN-APND,23.13896
2025-06-03 09:00:00-07:00,TH_SP15_GEN-APND,15.06577
2025-06-03 09:00:00-07:00,TH_ZP26_GEN-APND,13.30563
2025-06-03 10:00:00-07:00,TH_NP15_GEN-APND,20.12294
2025-06-03 10:00:00-07:00,TH_SP15_GEN-APND,16.02
2025-06-03 10:00:00-07:00,TH_ZP26_GEN-APND,13.86764
2025-06-03 11:00:00-07:00,TH_NP15_GEN-APND,18.05658
2025-06-03 11:00:00-07:00,TH_SP15_GEN-APND,14.33948
2025-06-03 11:00:00-07:00,TH_ZP26_GEN-APND,12.70387
2025-06-03 12:00:00-07:00,TH_NP15_GEN-APND,18.80458
2025-06-03 12:00:00-07:00,TH_SP15_GEN-APND,14.56218
2025-06-03 12:00:00-07:00,TH_ZP26_GEN-APND,13.58552
2025-06-03 13:00:00-07:00,TH_NP15_GEN-APND,20.0683
2025-06-03 13:00:00-07:00,TH_SP15_GEN-APND,14.49777
2025-06-03 13:00:00-07:00,TH_ZP26_GEN-APND,14.33779
2025-06-03 14:00:00-07:00,TH_NP15_GEN-APND,20.3292
2025-06-03 14:00:00-07:00,TH_SP15_GEN-APND,15.0133
2025-06-03 14:00:00-07:00,TH_ZP26_GEN-APND,13.64399
2025-06-03 15:00:00-07:00,TH_NP15_GEN-APND,22.49025
2025-06-03 15:00:00-07:00,TH_SP15_GEN-APND,16.21808
2025-06-03 15:00:00-07:00,TH_ZP26_GEN-APND,14.5961
2025-06-03 16:00:00-07:00,TH_NP15_GEN-APND,25.30146
2025-06-03 16:00:00-07:00,TH_SP15_GEN-APND,20.64905
2025-06-03 16:00:00-07:00,TH_ZP26_GEN-APND,21.6976
2025-06-03 17:00:00-07:00,TH_NP15_GEN-APND,31.13855
2025-06-03 17:00:00-07:00,TH_SP15_GEN-APND,27.51192
2025-06-03 17:00:00-07:00,TH_ZP26_GEN-APND,28.10426
2025-06-03 18:00:00-07:00,TH_NP15_GEN-APND,41.49767
2025-06-03 18:00:00-07:00,TH_SP15_GEN-APND,41.61086
2025-06-03 18:00:00-07:00,TH_ZP26_GEN-APND,41.78937
2025-06-03 19:00:00-07:00,TH_NP15_GEN-APND,51.50385
2025-06-03 19:00:00-07:00,TH_SP15_GEN-APND,51.44294
2025-06-03 19:00:00-07:00,TH_ZP26_GEN-APND,51.79027
2025-06-03 20:00:00-07:00,TH_NP15_GEN-APND,50.34013
2025-06-03 20:00:00-07:00,TH_SP15_GEN-APND,50.42798
2025-06-03 20:00:00-07:00,TH_ZP26_GEN-APND,50.95934
2025-06-03 21:00:00-07:00,TH_NP15_GEN-APND,45.31249
2025-06-03 21:00:00-07:00,TH_SP15_GEN-APND,46.43698
2025-06-03 21:00:00-07:00,TH_ZP26_GEN-APND,46.72688
2025-06-03 22:00:00-07:00,TH_NP15_GEN-APND,39.17427
2025-06-03 22:00:00-07:00,TH_SP15_GEN-APND,40.61602
2025-06-03 22:00:00-07:00,TH_ZP26_GEN-APND,40.98614
2025-06-03 23:00:00-07:00,TH_NP15_GEN-APND,37.98201
2025-06-03 23:00:00-07:00,TH_SP15_GEN-APND,40.60838
2025-06-03 23:00:00-07:00,TH_ZP26_GEN-APND,40.66389
2025-06-04 00:00:00-07:00,TH_NP15_GEN-APND,34.02964
2025-06-04 00:00:00-07:00,TH_SP15_GEN-APND,36.5569
2025-06-04 00:00:00-07:00,TH_ZP26_GEN-APND,36.84547
2025-06-04 01:00:00-07:00,TH_NP15_GEN-APND,34.386
2025-06-04 01:00:00-07:00,TH_SP15_GEN-APND,36.73817
2025-06-04 01:00:00-07:00,TH_ZP26_GEN-APND,37.19526
2025-06-04 02:00:00-07:00,TH_NP15_GEN-APND,32.30291
2025-06-04 02:00:00-07:00,TH_SP15_GEN-APND,34.4109
2025-06-04 02:00:00-07:00,TH_ZP26_GEN-APND,34.87553
2025-06-04 03:00:00-07:00,TH_NP15_GEN-APND,31.79532
2025-06-04 03:00:00-07:00,TH_SP15_GEN-APND,33.60534
2025-06-04 03:00:00-07:00,TH_ZP26_GEN-APND,34.25056
2025-06-04 04:00:00-07:00,TH_NP15_GEN-APND,32.27705
2025-06-04 04:00:00-07:00,TH_SP15_GEN-APND,34.30966
2025-06-04 04:00:00-07:00,TH_ZP26_GEN-APND,34.66866
2025-06-04 05:00:00-07:00,TH_NP15_GEN-APND,35.20225
2025-06-04 05:00:00-07:00,TH_SP15_GEN-APND,37.0955
2025-06-04 05:00:00-07:00,TH_ZP26_GEN-APND,37.59199
2025-06-04 06:00:00-07:00,TH_NP15_GEN-APND,37.28631
2025-06-04 06:00:00-07:00,TH_SP15_GEN-APND,36.74564
2025-06-04 06:00:00-07:00,TH_ZP26_GEN-APND,37.87908
2025-06-04 07:00:00-07:00,TH_NP15_GEN-APND,25.14985
2025-06-04 07:00:00-07:00,TH_SP15_GEN-APND,20.32007
2025-06-04 07:00:00-07:00,TH_ZP26_GEN-APND,24.23456
2025-06-04 08:00:00-07:00,TH_NP15_GEN-APND,22.3765
2025-06-04 08:00:00-07:00,TH_SP15_GEN-APND,14.21743
2025-06-04 08:00:00-07:00,TH_ZP26_GEN-APND,15.51132
2025-06-04 09:00:00-07:00,TH_NP15_GEN-APND,26.52524
2025-06-04 09:00:00-07:00,TH_SP15_GEN-APND,8.10154
2025-06-04 09:00:00-07:00,TH_ZP26_GEN-APND,6.80316
2025-06-04 10:00:00-07:00,TH_NP15_GEN-APND,23.67
2025-06-04 10:00:00-07:00,TH_SP15_GEN-APND,9.89324
2025-06-04 10:00:00-07:00,TH_ZP26_GEN-APND,8.28108
2025-06-04 11:00:00-07:00,TH_NP15_GEN-APND,25.89705
2025-06-04 11:00:00-07:00,TH_SP15_GEN-APND,8.39137
2025-06-04 11:00:00-07:00,TH_ZP26_GEN-APND,5.62241
2025-06-04 12:00:00-07:00,TH_NP15_GEN-APND,23.09238
2025-06-04 12:00:00-07:00,TH_SP15_GEN-APND,9.5572
2025-06-04 12:00:00-07:00,TH_ZP26_GEN-APND,7.5289
2025-06-04 13:00:00-07:00,TH_NP15_GEN-APND,24.56804
2025-06-04 13:00:00-07:00,TH_SP15_GEN-APND,6.96239
2025-06-04 13:00:00-07:00,TH_ZP26_GEN-APND,4.69488
2025-06-04 14:00:00-07:00,TH_NP15_GEN-APND,25.0
2025-06-04 14:00:00-07:00,TH_SP15_GEN-APND,6.86191
2025-06-04 14:00:00-07:00,TH_ZP26_GEN-APND,4.58495
2025-06-04 15:00:00-07:00,TH_NP15_GEN-APND,23.25947
2025-06-04 15:00:00-07:00,TH_SP15_GEN-APND,9.73135
2025-06-04 15:00:00-07:00,TH_ZP26_GEN-APND,8.38686
2025-06-04 16:00:00-07:00,TH_NP15_GEN-APND,25.51
2025-06-04 16:00:00-07:00,TH_SP15_GEN-APND,11.5934
2025-06-04 16:00:00-07:00,TH_ZP26_GEN-APND,11.11325
2025-06-04 17:00:00-07:00,TH_NP15_GEN-APND,26.61625
2025-06-04 17:00:00-07:00,TH_SP15_GEN-APND,17.60531
2025-06-04 17:00:00-07:00,TH_ZP26_GEN-APND,20.47907
2025-06-04 18:00:00-07:00,TH_NP15_GEN-APND,40.83321
2025-06-04 18:00:00-07:00,TH_SP15_GEN-APND,36.44361
2025-06-04 18:00:00-07:00,TH_ZP26_GEN-APND,38.72116
2025-06-04 19:00:00-07:00,TH_NP15_GEN-APND,50.27324
2025-06-04 19:00:00-07:00,TH_SP15_GEN-APND,48.07162
2025-06-04 19:00:00-07:00,TH_ZP26_GEN-APND,48.5869
2025-06-04 20:00:00-07:00,TH_NP15_GEN-APND,50.34949
2025-06-04 20:00:00-07:00,TH_SP15_GEN-APND,48.63373
2025-06-04 20:00:00-07:00,TH_ZP26_GEN-APND,49.96857
2025-06-04 21:00:00-07:00,TH_NP15_GEN-APND,44.60559
2025-06-04 21:00:00-07:00,TH_SP15_GEN-APND,44.6483
2025-06-04 21:00:00-07:00,TH_ZP26_GEN-APND,45.28779
2025-06-04 22:00:00-07:00,TH_NP15_GEN-APND,39.34262
2025-06-04 22:00:00-07:00,TH_SP15_GEN-APND,40.01698
2025-06-04 22:00:00-07:00,TH_ZP26_GEN-APND,40.52623
2025-06-04 23:00:00-07:00,TH_NP15_GEN-APND,37.9576
2025-06-04 23:00:00-07:00,TH_SP15_GEN-APND,39.50893
2025-06-04 23:00:00-07:00,TH_ZP26_GEN-APND,39.80802
2025-06-05 00:00:00-07:00,TH_NP15_GEN-APND,41.63759
2025-06-05 00:00:00-07:00,TH_SP15_GEN-APND,42.87796
2025-06-05 00:00:00-07:00,TH_ZP26_GEN-APND,43.29496
2025-06-05 01:00:00-07:00,TH_NP15_GEN-APND,39.96941
2025-06-05 01:00:00-07:00,TH_SP15_GEN-APND,41.39232
2025-06-05 01:00:00-07:00,TH_ZP26_GEN-APND,41.5717
2025-06-05 02:00:00-07:00,TH_NP15_GEN-APND,36.74997
2025-06-05 02:00:00-07:00,TH_SP15_GEN-APND,38.00572
2025-06-05 02:00:00-07:00,TH_ZP26_GEN-APND,38.16313
2025-06-05 03:00:00-07:00,TH_NP15_GEN-APND,36.6789
2025-06-05 03:00:00-07:00,TH_SP15_GEN-APND,37.79091
2025-06-05 03:00:00-07:00,TH_ZP26_GEN-APND,38.18992
2025-06-05 04:00:00-07:00,TH_NP15_GEN-APND,40.66466
2025-06-05 04:00:00-07:00,TH_SP15_GEN-APND,43.00676
2025-06-05 04:00:00-07:00,TH_ZP26_GEN-APND,43.1765
2025-06-05 05:00:00-07:00,TH_NP15_GEN-APND,41.7205
2025-06-05 05:00:00-07:00,TH_SP15_GEN-APND,43.43151
2025-06-05 05:00:00-07:00,TH_ZP26_GEN-APND,43.45836
2025-06-05 06:00:00-07:00,TH_NP15_GEN-APND,42.30844
2025-06-05 06:00:00-07:00,TH_SP15_GEN-APND,42.34776
2025-06-05 06:00:00-07:00,TH_ZP26_GEN-APND,42.9326
2025-06-05 07:00:00-07:00,TH_NP15_GEN-APND,27.25818
2025-06-05 07:00:00-07:00,TH_SP15_GEN-APND,23.0409
2025-06-05 07:00:00-07:00,TH_ZP26_GEN-APND,26.96257
2025-06-05 08:00:00-07:00,TH_NP15_GEN-APND,23.4438
2025-06-05 08:00:00-07:00,TH_SP15_GEN-APND,16.02
2025-06-05 08:00:00-07:00,TH_ZP26_GEN-APND,18.66872
2025-06-05 09:00:00-07:00,TH_NP15_GEN-APND,23.06704
2025-06-05 09:00:00-07:00,TH_SP15_GEN-APND,15.6857
2025-06-05 09:00:00-07:00,TH_ZP26_GEN-APND,16.82801
2025-06-05 10:00:00-07:00,TH_NP15_GEN-APND,21.94571
2025-06-05 10:00:00-07:00,TH_SP15_GEN-APND,15.82941
2025-06-05 10:00:00-07:00,TH_ZP26_GEN-APND,16.70829
2025-06-05 11:00:00-07:00,TH_NP15_GEN-APND,22.67961
2025-06-05 11:00:00-07:00,TH_SP15_GEN-APND,14.9047
2025-06-05 11:00:00-07:00,TH_ZP26_GEN-APND,15.1
2025-06-05 12:00:00-07:00,TH_NP15_GEN-APND,23.48923
2025-06-05 12:00:00-07:00,TH_SP15_GEN-APND,15.33987
2025-06-05 12:00:00-07:00,TH_ZP26_GEN-APND,15.13781
2025-06-05 13:00:00-07:00,TH_NP15_GEN-APND,22.15098
2025-06-05 13:00:00-07:00,TH_SP15_GEN-APND,15.60617
2025-06-05 13:00:00-07:00,TH_ZP26_GEN-APND,15.39012
2025-06-05 14:00:00-07:00,TH_NP15_GEN-APND,23.03825
2025-06-05 14:00:00-07:00,TH_SP15_GEN-APND,15.73648
2025-06-05 14:00:00-07:00,TH_ZP26_GEN-APND,16.46341
2025-06-05 15:00:00-07:00,TH_NP15_GEN-APND,23.64328
2025-06-05 15:00:00-07:00,TH_SP15_GEN-APND,18.56957
2025-06-05 15:00:00-07:00,TH_ZP26_GEN-APND,15.60641
2025-06-05 16:00:00-07:00,TH_NP15_GEN-APND,23.93708
2025-06-05 16:00:00-07:00,TH_SP15_GEN-APND,21.0545
2025-06-05 16:00:00-07:00,TH_ZP26_GEN-APND,18.08
2025-06-05 17:00:00-07:00,TH_NP15_GEN-APND,31.87426
2025-06-05 17:00:00-07:00,TH_SP15_GEN-APND,31.60331
2025-06-05 17:00:00-07:00,TH_ZP26_GEN-APND,30.38799
2025-06-05 18:00:00-07:00,TH_NP15_GEN-APND,42.66256
2025-06-05 18:00:00-07:00,TH_SP15_GEN-APND,43.18435
2025-06-05 18:00:00-07:00,TH_ZP26_GEN-APND,43.12824
2025-06-05 19:00:00-07:00,TH_NP15_GEN-APND,51.85851
2025-06-05 19:00:00-07:00,TH_SP15_GEN-APND,51.31852
2025-06-05 19:00:00-07:00,TH_ZP26_GEN-APND,51.73734
2025-06-05 20:00:00-07:00,TH_NP15_GEN-APND,51.8618
2025-06-05 20:00:00-07:00,TH_SP15_GEN-APND,54.16151
2025-06-05 20:00:00-07:00,TH_ZP26_GEN-APND,53.4064
2025-06-05 21:00:00-07:00,TH_NP15_GEN-APND,47.53706
2025-06-05 21:00:00-07:00,TH_SP15_GEN-APND,49.76858
2025-06-05 21:00:00-07:00,TH_ZP26_GEN-APND,49.4243
2025-06-05 22:00:00-07:00,TH_NP15_GEN-APND,41.87208
2025-06-05 22:00:00-07:00,TH_SP15_GEN-APND,43.98188
2025-06-05 22:00:00-07:00,TH_ZP26_GEN-APND,43.74016
2025-06-05 23:00:00-07:00,TH_NP15_GEN-APND,41.38167
2025-06-05 23:00:00-07:00,TH_SP15_GEN-APND,44.07522
2025-06-05 23:00:00-07:00,TH_ZP26_GEN-APND,43.73556
2025-06-06 00:00:00-07:00,TH_NP15_GEN-APND,35.19962
2025-06-06 00:00:00-07:00,TH_SP15_GEN-APND,37.44269
2025-06-06 00:00:00-07:00,TH_ZP26_GEN-APND,37.09618
2025-06-06 01:00:00-07:00,TH_NP15_GEN-APND,35.04377
2025-06-06 01:00:00-07:00,TH_SP15_GEN-APND,37.11738
2025-06-06 01:00:00-07:00,TH_ZP26_GEN-APND,36.82152
2025-06-06 02:00:00-07:00,TH_NP15_GEN-APND,34.62308
2025-06-06 02:00:00-07:00,TH_SP15_GEN-APND,36.30055
2025-06-06 02:00:00-07:00,TH_ZP26_GEN-APND,36.10084
2025-06-06 03:00:00-07:00,TH_NP15_GEN-APND,34.43992
2025-06-06 03:00:00-07:00,TH_SP15_GEN-APND,35.80281
2025-06-06 03:00:00-07:00,TH_ZP26_GEN-APND,35.75115
2025-06-06 04:00:00-07:00,TH_NP15_GEN-APND,34.55968
2025-06-06 04:00:00-07:00,TH_SP15_GEN-APND,36.823
2025-06-06 04:00:00-07:00,TH_ZP26_GEN-APND,36.57292
2025-06-06 05:00:00-07:00,TH_NP15_GEN-APND,35.80438
2025-06-06 05:00:00-07:00,TH_SP15_GEN-APND,37.95762
2025-06-06 05:00:00-07:00,TH_ZP26_GEN-APND,37.84756
2025-06-06 06:00:00-07:00,TH_NP15_GEN-APND,37.59525
2025-06-06 06:00:00-07:00,TH_SP15_GEN-APND,37.83967
2025-06-06 06:00:00-07:00,TH_ZP26_GEN-APND,38.1847
2025-06-06 07:00:00-07:00,TH_NP15_GEN-APND,25.47752
2025-06-06 07:00:00-07:00,TH_SP15_GEN-APND,22.65286
2025-06-06 07:00:00-07:00,TH_ZP26_GEN-APND,22.62146
2025-06-06 08:00:00-07:00,TH_NP15_GEN-APND,21.54325
2025-06-06 08:00:00-07:00,TH_SP15_GEN-APND,18.06653
2025-06-06 08:00:00-07:00,TH_ZP26_GEN-APND,16.53341
2025-06-06 09:00:00-07:00,TH_NP15_GEN-APND,24.86504
2025-06-06 09:00:00-07:00,TH_SP15_GEN-APND,13.53507
2025-06-06 09:00:00-07:00,TH_ZP26_GEN-APND,9.42938
2025-06-06 10:00:00-07:00,TH_NP15_GEN-APND,20.88117
2025-06-06 10:00:00-07:00,TH_SP15_GEN-APND,17.21668
2025-06-06 10:00:00-07:00,TH_ZP26_GEN-APND,13.74646
2025-06-06 11:00:00-07:00,TH_NP15_GEN-APND,20.63893
2025-06-06 11:00:00-07:00,TH_SP15_GEN-APND,16.99576
2025-06-06 11:00:00-07:00,TH_ZP26_GEN-APND,13.19012
2025-06-06 12:00:00-07:00,TH_NP15_GEN-APND,20.0
2025-06-06 12:00:00-07:00,TH_SP15_GEN-APND,16.02
2025-06-06 12:00:00-07:00,TH_ZP26_GEN-APND,12.454
2025-06-06 13:00:00-07:00,TH_NP15_GEN-APND,23.51385
2025-06-06 13:00:00-07:00,TH_SP15_GEN-APND,13.28189
2025-06-06 13:00:00-07:00,TH_ZP26_GEN-APND,8.14561
2025-06-06 14:00:00-07:00,TH_NP15_GEN-APND,25.34558
2025-06-06 14:00:00-07:00,TH_SP15_GEN-APND,16.02
2025-06-06 14:00:00-07:00,TH_ZP26_GEN-APND,11.09033
2025-06-06 15:00:00-07:00,TH_NP15_GEN-APND,26.90862
2025-06-06 15:00:00-07:00,TH_SP15_GEN-APND,16.02
2025-06-06 15:00:00-07:00,TH_ZP26_GEN-APND,10.65581
2025-06-06 16:00:00-07:00,TH_NP15_GEN-APND,29.04168
2025-06-06 16:00:00-07:00,TH_SP15_GEN-APND,21.42903
2025-06-06 16:00:00-07:00,TH_ZP26_GEN-APND,17.26692
2025-06-06 17:00:00-07:00,TH_NP15_GEN-APND,32.0
2025-06-06 17:00:00-07:00,TH_SP15_GEN-APND,30.84158
2025-06-06 17:00:00-07:00,TH_ZP26_GEN-APND,29.51915
2025-06-06 18:00:00-07:00,TH_NP15_GEN-APND,41.39537
2025-06-06 18:00:00-07:00,TH_SP15_GEN-APND,40.24304
2025-06-06 18:00:00-07:00,TH_ZP26_GEN-APND,40.18453
2025-06-06 19:00:00-07:00,TH_NP15_GEN-APND,49.03773
2025-06-06 19:00:00-07:00,TH_SP15_GEN-APND,48.18283
2025-06-06 19:00:00-07:00,TH_ZP26_GEN-APND,48.33397
2025-06-06 20:00:00-07:00,TH_NP15_GEN-APND,49.71024
2025-06-06 20:00:00-07:00,TH_SP15_GEN-APND,49.36621
2025-06-06 20:00:00-07:00,TH_ZP26_GEN-APND,49.5568
2025-06-06 21:00:00-07:00,TH_NP15_GEN-APND,44.36605
2025-06-06 21:00:00-07:00,TH_SP15_GEN-APND,45.27778
2025-06-06 21:00:00-07:00,TH_ZP26_GEN-APND,45.29162
2025-06-06 22:00:00-07:00,TH_NP15_GEN-APND,39.14137
2025-06-06 22:00:00-07:00,TH_SP15_GEN-APND,40.86329
2025-06-06 22:00:00-07:00,TH_ZP26_GEN-APND,40.68854
2025-06-06 23:00:00-07:00,TH_NP15_GEN-APND,38.54446
2025-06-06 23:00:00-07:00,TH_SP15_GEN-APND,40.37085
2025-06-06 23:00:00-07:00,TH_ZP26_GEN-APND,40.2409
2025-06-07 00:00:00-07:00,TH_NP15_GEN-APND,35.95521
2025-06-07 00:00:00-07:00,TH_SP15_GEN-APND,35.08723
2025-06-07 00:00:00-07:00,TH_ZP26_GEN-APND,37.2915
2025-06-07 01:00:00-07:00,TH_NP15_GEN-APND,34.79919
2025-06-07 01:00:00-07:00,TH_SP15_GEN-APND,35.16399
2025-06-07 01:00:00-07:00,TH_ZP26_GEN-APND,36.09291
2025-06-07 02:00:00-07:00,TH_NP15_GEN-APND,34.40742
2025-06-07 02:00:00-07:00,TH_SP15_GEN-APND,34.71054
2025-06-07 02:00:00-07:00,TH_ZP26_GEN-APND,35.67531
2025-06-07 03:00:00-07:00,TH_NP15_GEN-APND,34.18596
2025-06-07 03:00:00-07:00,TH_SP15_GEN-APND,35.0521
2025-06-07 03:00:00-07:00,TH_ZP26_GEN-APND,35.35706
2025-06-07 04:00:00-07:00,TH_NP15_GEN-APND,35.41947
2025-06-07 04:00:00-07:00,TH_SP15_GEN-APND,37.05052
2025-06-07 04:00:00-07:00,TH_ZP26_GEN-APND,37.04912
2025-06-07 05:00:00-07:00,TH_NP15_GEN-APND,35.81664
2025-06-07 05:00:00-07:00,TH_SP15_GEN-APND,36.35105
2025-06-07 05:00:00-07:00,TH_ZP26_GEN-APND,37.26031
2025-06-07 06:00:00-07:00,TH_NP15_GEN-APND,32.19149
2025-06-07 06:00:00-07:00,TH_SP15_GEN-APND,31.69283
2025-06-07 06:00:00-07:00,TH_ZP26_GEN-APND,32.16966
2025-06-07 07:00:00-07:00,TH_NP15_GEN-APND,9.70706
2025-06-07 07:00:00-07:00,TH_SP15_GEN-APND,10.11881
2025-06-07 07:00:00-07:00,TH_ZP26_GEN-APND,9.77452
2025-06-07 08:00:00-07:00,TH_NP15_GEN-APND,7.49461
2025-06-07 08:00:00-07:00,TH_SP15_GEN-APND,6.61461
2025-06-07 08:00:00-07:00,TH_ZP26_GEN-APND,4.65764
2025-06-07 09:00:00-07:00,TH_NP15_GEN-APND,8.90861
2025-06-07 09:00:00-07:00,TH_SP15_GEN-APND,4.94354
2025-06-07 09:00:00-07:00,TH_ZP26_GEN-APND,2.44404
2025-06-07 10:00:00-07:00,TH_NP15_GEN-APND,8.6592
2025-06-07 10:00:00-07:00,TH_SP15_GEN-APND,5.51869
2025-06-07 10:00:00-07:00,TH_ZP26_GEN-APND,2.40538
2025-06-07 11:00:00-07:00,TH_NP15_GEN-APND,8.53166
2025-06-07 11:00:00-07:00,TH_SP15_GEN-APND,3.48744
2025-06-07 11:00:00-07:00,TH_ZP26_GEN-APND,-0.30592
2025-06-07 12:00:00-07:00,TH_NP15_GEN-APND,9.7883
2025-06-07 12:00:00-07:00,TH_SP15_GEN-APND,4.59968
2025-06-07 12:00:00-07:00,TH_ZP26_GEN-APND,0.87809
2025-06-07 13:00:00-07:00,TH_NP15_GEN-APND,13.06162
2025-06-07 13:00:00-07:00,TH_SP15_GEN-APND,2.3317
2025-06-07 13:00:00-07:00,TH_ZP26_GEN-APND,-2.46789
2025-06-07 14:00:00-07:00,TH_NP15_GEN-APND,12.96894
2025-06-07 14:00:00-07:00,TH_SP15_GEN-APND,2.4225
2025-06-07 14:00:00-07:00,TH_ZP26_GEN-APND,-2.02168
2025-06-07 15:00:00-07:00,TH_NP15_GEN-APND,17.58154
2025-06-07 15:00:00-07:00,TH_SP15_GEN-APND,3.14992
2025-06-07 15:00:00-07:00,TH_ZP26_GEN-APND,-1.76385
2025-06-07 16:00:00-07:00,TH_NP15_GEN-APND,21.35929
2025-06-07 16:00:00-07:00,TH_SP15_GEN-APND,7.71352
2025-06-07 16:00:00-07:00,TH_ZP26_GEN-APND,3.32581
2025-06-07 17:00:00-07:00,TH_NP15_GEN-APND,28.09321
2025-06-07 17:00:00-07:00,TH_SP15_GEN-APND,22.10829
2025-06-07 17:00:00-07:00,TH_ZP26_GEN-APND,20.12116
2025-06-07 18:00:00-07:00,TH_NP15_GEN-APND,40.15405
2025-06-07 18:00:00-07:00,TH_SP15_GEN-APND,39.55157
2025-06-07 18:00:00-07:00,TH_ZP26_GEN-APND,39.40654
2025-06-07 19:00:00-07:00,TH_NP15_GEN-APND,49.15978
2025-06-07 19:00:00-07:00,TH_SP15_GEN-APND,48.29224
2025-06-07 19:00:00-07:00,TH_ZP26_GEN-APND,47.86004
2025-06-07 20:00:00-07:00,TH_NP15_GEN-APND,50.34339
2025-06-07 20:00:00-07:00,TH_SP15_GEN-APND,49.05436
2025-06-07 20:00:00-07:00,TH_ZP26_GEN-APND,49.23
2025-06-07 21:00:00-07:00,TH_NP15_GEN-APND,45.51414
2025-06-07 21:00:00-07:00,TH_SP15_GEN-APND,45.09859
2025-06-07 21:00:00-07:00,TH_ZP26_GEN-APND,45.03063
2025-06-07 22:00:00-07:00,TH_NP15_GEN-APND,39.39401
2025-06-07 22:00:00-07:00,TH_SP15_GEN-APND,38.35927
2025-06-07 22:00:00-07:00,TH_ZP26_GEN-APND,39.9745
2025-06-07 23:00:00-07:00,TH_NP15_GEN-APND,38.68989
2025-06-07 23:00:00-07:00,TH_SP15_GEN-APND,38.17462
2025-06-07 23:00:00-07:00,TH_ZP26_GEN-APND,39.88307
2025-06-08 00:00:00-07:00,TH_NP15_GEN-APND,39.17455
2025-06-08 00:00:00-07:00,TH_SP15_GEN-APND,40.28596
2025-06-08 00:00:00-07:00,TH_ZP26_GEN-APND,40.54096
2025-06-08 01:00:00-07:00,TH_NP15_GEN-APND,38.69628
2025-06-08 01:00:00-07:00,TH_SP15_GEN-APND,40.05892
2025-06-08 01:00:00-07:00,TH_ZP26_GEN-APND,40.1211
2025-06-08 02:00:00-07:00,TH_NP15_GEN-APND,37.66158
2025-06-08 02:00:00-07:00,TH_SP15_GEN-APND,39.07249
2025-06-08 02:00:00-07:00,TH_ZP26_GEN-APND,39.16509
2025-06-08 03:00:00-07:00,TH_NP15_GEN-APND,36.35024
2025-06-08 03:00:00-07:00,TH_SP15_GEN-APND,38.02031
2025-06-08 03:00:00-07:00,TH_ZP26_GEN-APND,38.19265
2025-06-08 04:00:00-07:00,TH_NP15_GEN-APND,36.03018
2025-06-08 04:00:00-07:00,TH_SP15_GEN-APND,37.80527
2025-06-08 04:00:00-07:00,TH_ZP26_GEN-APND,37.78061
2025-06-08 05:00:00-07:00,TH_NP15_GEN-APND,36.27626
2025-06-08 05:00:00-07:00,TH_SP15_GEN-APND,37.31749
2025-06-08 05:00:00-07:00,TH_ZP26_GEN-APND,37.49683
2025-06-08 06:00:00-07:00,TH_NP15_GEN-APND,27.7312
2025-06-08 06:00:00-07:00,TH_SP15_GEN-APND,26.74071
2025-06-08 06:00:00-07:00,TH_ZP26_GEN-APND,27.42022
2025-06-08 07:00:00-07:00,TH_NP15_GEN-APND,8.31718
2025-06-08 07:00:00-07:00,TH_SP15_GEN-APND,2.46
2025-06-08 07:00:00-07:00,TH_ZP26_GEN-APND,1.59514
2025-06-08 08:00:00-07:00,TH_NP15_GEN-APND,10.39843
2025-06-08 08:00:00-07:00,TH_SP15_GEN-APND,-3.92922
2025-06-08 08:00:00-07:00,TH_ZP26_GEN-APND,-6.68066
2025-06-08 09:00:00-07:00,TH_NP15_GEN-APND,12.59373
2025-06-08 09:00:00-07:00,TH_SP15_GEN-APND,-6.20003
2025-06-08 09:00:00-07:00,TH_ZP26_GEN-APND,-8.93053
2025-06-08 10:00:00-07:00,TH_NP15_GEN-APND,14.62376
2025-06-08 10:00:00-07:00,TH_SP15_GEN-APND,-2.50066
2025-06-08 10:00:00-07:00,TH_ZP26_GEN-APND,-6.22594
2025-06-08 11:00:00-07:00,TH_NP15_GEN-APND,17.75403
2025-06-08 11:00:00-07:00,TH_SP15_GEN-APND,-1.35563
2025-06-08 11:00:00-07:00,TH_ZP26_GEN-APND,-6.2493
2025-06-08 12:00:00-07:00,TH_NP15_GEN-APND,14.30588
2025-06-08 12:00:00-07:00,TH_SP15_GEN-APND,-1.64176
2025-06-08 12:00:00-07:00,TH_ZP26_GEN-APND,-5.50765
2025-06-08 13:00:00-07:00,TH_NP15_GEN-APND,23.00434
2025-06-08 13:00:00-07:00,TH_SP15_GEN-APND,-0.74266
2025-06-08 13:00:00-07:00,TH_ZP26_GEN-APND,-6.50088
2025-06-08 14:00:00-07:00,TH_NP15_GEN-APND,21.12204
2025-06-08 14:00:00-07:00,TH_SP15_GEN-APND,-0.68326
2025-06-08 14:00:00-07:00,TH_ZP26_GEN-APND,-5.9451
2025-06-08 15:00:00-07:00,TH_NP15_GEN-APND,32.05619
2025-06-08 15:00:00-07:00,TH_SP15_GEN-APND,1.87
2025-06-08 15:00:00-07:00,TH_ZP26_GEN-APND,-4.94542
2025-06-08 16:00:00-07:00,TH_NP15_GEN-APND,33.04193
2025-06-08 16:00:00-07:00,TH_SP15_GEN-APND,7.56
2025-06-08 16:00:00-07:00,TH_ZP26_GEN-APND,2.09105
2025-06-08 17:00:00-07:00,TH_NP15_GEN-APND,35.03733
2025-06-08 17:00:00-07:00,TH_SP15_GEN-APND,25.55768
2025-06-08 17:00:00-07:00,TH_ZP26_GEN-APND,24.76697
2025-06-08 18:00:00-07:00,TH_NP15_GEN-APND,45.02355
2025-06-08 18:00:00-07:00,TH_SP15_GEN-APND,41.24135
2025-06-08 18:00:00-07:00,TH_ZP26_GEN-APND,43.64435
2025-06-08 19:00:00-07:00,TH_NP15_GEN-APND,49.07319
2025-06-08 19:00:00-07:00,TH_SP15_GEN-APND,50.19839
2025-06-08 19:00:00-07:00,TH_ZP26_GEN-APND,49.57339
2025-06-08 20:00:00-07:00,TH_NP15_GEN-APND,48.47048
2025-06-08 20:00:00-07:00,TH_SP15_GEN-APND,49.34936
2025-06-08 20:00:00-07:00,TH_ZP26_GEN-APND,48.90481
2025-06-08 21:00:00-07:00,TH_NP15_GEN-APND,44.8382
2025-06-08 21:00:00-07:00,TH_SP15_GEN-APND,45.7929
2025-06-08 21:00:00-07:00,TH_ZP26_GEN-APND,45.83211
2025-06-08 22:00:00-07:00,TH_NP15_GEN-APND,41.92581
2025-06-08 22:00:00-07:00,TH_SP15_GEN-APND,43.67504
2025-06-08 22:00:00-07:00,TH_ZP26_GEN-APND,43.49541
2025-06-08 23:00:00-07:00,TH_NP15_GEN-APND,40.59835
2025-06-08 23:00:00-07:00,TH_SP15_GEN-APND,43.25903
2025-06-08 23:00:00-07:00,TH_ZP26_GEN-APND,42.85034
2025-06-09 00:00:00-07:00,TH_NP15_GEN-APND,38.04283
2025-06-09 00:00:00-07:00,TH_SP15_GEN-APND,39.93354
2025-06-09 00:00:00-07:00,TH_ZP26_GEN-APND,40.0771
2025-06-09 01:00:00-07:00,TH_NP15_GEN-APND,37.17948
2025-06-09 01:00:00-07:00,TH_SP15_GEN-APND,38.81115
2025-06-09 01:00:00-07:00,TH_ZP26_GEN-APND,38.99667
2025-06-09 02:00:00-07:00,TH_NP15_GEN-APND,37.83865
2025-06-09 02:00:00-07:00,TH_SP15_GEN-APND,39.75
2025-06-09 02:00:00-07:00,TH_ZP26_GEN-APND,39.80422
2025-06-09 03:00:00-07:00,TH_NP15_GEN-APND,37.26829
2025-06-09 03:00:00-07:00,TH_SP15_GEN-APND,39.02247
2025-06-09 03:00:00-07:00,TH_ZP26_GEN-APND,39.27864
2025-06-09 04:00:00-07:00,TH_NP15_GEN-APND,37.91114
2025-06-09 04:00:00-07:00,TH_SP15_GEN-APND,40.22103
2025-06-09 04:00:00-07:00,TH_ZP26_GEN-APND,40.25974
2025-06-09 05:00:00-07:00,TH_NP15_GEN-APND,38.09732
2025-06-09 05:00:00-07:00,TH_SP15_GEN-APND,40.21554
2025-06-09 05:00:00-07:00,TH_ZP26_GEN-APND,40.35581
2025-06-09 06:00:00-07:00,TH_NP15_GEN-APND,38.18327
2025-06-09 06:00:00-07:00,TH_SP15_GEN-APND,38.05635
2025-06-09 06:00:00-07:00,TH_ZP26_GEN-APND,38.45901
2025-06-09 07:00:00-07:00,TH_NP15_GEN-APND,26.80419
2025-06-09 07:00:00-07:00,TH_SP15_GEN-APND,24.90222
2025-06-09 07:00:00-07:00,TH_ZP26_GEN-APND,24.82877
2025-06-09 08:00:00-07:00,TH_NP15_GEN-APND,25.38914
2025-06-09 08:00:00-07:00,TH_SP15_GEN-APND,20.33654
2025-06-09 08:00:00-07:00,TH_ZP26_GEN-APND,19.14193
2025-06-09 09:00:00-07:00,TH_NP15_GEN-APND,25.95335
2025-06-09 09:00:00-07:00,TH_SP15_GEN-APND,19.23692
2025-06-09 09:00:00-07:00,TH_ZP26_GEN-APND,17.04168
2025-06-09 10:00:00-07:00,TH_NP15_GEN-APND,25.58311
2025-06-09 10:00:00-07:00,TH_SP15_GEN-APND,19.7096
2025-06-09 10:00:00-07:00,TH_ZP26_GEN-APND,16.83468
2025-06-09 11:00:00-07:00,TH_NP15_GEN-APND,25.69634
2025-06-09 11:00:00-07:00,TH_SP15_GEN-APND,18.81159
2025-06-09 11:00:00-07:00,TH_ZP26_GEN-APND,15.52828
2025-06-09 12:00:00-07:00,TH_NP15_GEN-APND,25.86788
2025-06-09 12:00:00-07:00,TH_SP15_GEN-APND,18.33517
2025-06-09 12:00:00-07:00,TH_ZP26_GEN-APND,14.92256
2025-06-09 13:00:00-07:00,TH_NP15_GEN-APND,29.19432
2025-06-09 13:00:00-07:00,TH_SP15_GEN-APND,19.14163
2025-06-09 13:00:00-07:00,TH_ZP26_GEN-APND,15.35816
2025-06-09 14:00:00-07:00,TH_NP15_GEN-APND,32.38711
2025-06-09 14:00:00-07:00,TH_SP15_GEN-APND,17.64625
2025-06-09 14:00:00-07:00,TH_ZP26_GEN-APND,12.95184
2025-06-09 15:00:00-07:00,TH_NP15_GEN-APND,34.82566
2025-06-09 15:00:00-07:00,TH_SP15_GEN-APND,19.06722
2025-06-09 15:00:00-07:00,TH_ZP26_GEN-APND,14.63295
2025-06-09 16:00:00-07:00,TH_NP15_GEN-APND,36.56
2025-06-09 16:00:00-07:00,TH_SP15_GEN-APND,24.21326
2025-06-09 16:00:00-07:00,TH_ZP26_GEN-APND,20.35721
2025-06-09 17:00:00-07:00,TH_NP15_GEN-APND,40.0563
2025-06-09 17:00:00-07:00,TH_SP15_GEN-APND,34.99715
2025-06-09 17:00:00-07:00,TH_ZP26_GEN-APND,33.30924
2025-06-09 18:00:00-07:00,TH_NP15_GEN-APND,49.13482
2025-06-09 18:00:00-07:00,TH_SP15_GEN-APND,48.58458
2025-06-09 18:00:00-07:00,TH_ZP26_GEN-APND,48.32495
2025-06-09 19:00:00-07:00,TH_NP15_GEN-APND,61.29153
2025-06-09 19:00:00-07:00,TH_SP15_GEN-APND,60.27508
2025-06-09 19:00:00-07:00,TH_ZP26_GEN-APND,59.69556
2025-06-09 20:00:00-07:00,TH_NP15_GEN-APND,61.42902
2025-06-09 20:00:00-07:00,TH_SP15_GEN-APND,60.92636
2025-06-09 20:00:00-07:00,TH_ZP26_GEN-APND,60.48043
2025-06-09 21:00:00-07:00,TH_NP15_GEN-APND,51.58287
2025-06-09 21:00:00-07:00,TH_SP15_GEN-APND,53.37921
2025-06-09 21:00:00-07:00,TH_ZP26_GEN-APND,52.55857
2025-06-09 22:00:00-07:00,TH_NP15_GEN-APND,45.89708
2025-06-09 22:00:00-07:00,TH_SP15_GEN-APND,47.34129
2025-06-09 22:00:00-07:00,TH_ZP26_GEN-APND,47.97913
2025-06-09 23:00:00-07:00,TH_NP15_GEN-APND,40.81404
2025-06-09 23:00:00-07:00,TH_SP15_GEN-APND,42.76169
2025-06-09 23:00:00-07:00,TH_ZP26_GEN-APND,43.39442
2025-06-10 00:00:00-07:00,TH_NP15_GEN-APND,36.00286
2025-06-10 00:00:00-07:00,TH_SP15_GEN-APND,36.94743
2025-06-10 00:00:00-07:00,TH_ZP26_GEN-APND,36.88734
2025-06-10 01:00:00-07:00,TH_NP15_GEN-APND,34.77848
2025-06-10 01:00:00-07:00,TH_SP15_GEN-APND,35.72905
2025-06-10 01:00:00-07:00,TH_ZP26_GEN-APND,35.63779
2025-06-10 02:00:00-07:00,TH_NP15_GEN-APND,33.53627
2025-06-10 02:00:00-07:00,TH_SP15_GEN-APND,33.97737
2025-06-10 02:00:00-07:00,TH_ZP26_GEN-APND,34.03621
2025-06-10 03:00:00-07:00,TH_NP15_GEN-APND,32.90407
2025-06-10 03:00:00-07:00,TH_SP15_GEN-APND,33.79501
2025-06-10 03:00:00-07:00,TH_ZP26_GEN-APND,33.68513
2025-06-10 04:00:00-07:00,TH_NP15_GEN-APND,33.98716
2025-06-10 04:00:00-07:00,TH_SP15_GEN-APND,35.18202
2025-06-10 04:00:00-07:00,TH_ZP26_GEN-APND,35.06459
2025-06-10 05:00:00-07:00,TH_NP15_GEN-APND,38.18611
2025-06-10 05:00:00-07:00,TH_SP15_GEN-APND,39.06364
2025-06-10 05:00:00-07:00,TH_ZP26_GEN-APND,39.07102
2025-06-10 06:00:00-07:00,TH_NP15_GEN-APND,39.74685
2025-06-10 06:00:00-07:00,TH_SP15_GEN-APND,39.33841
2025-06-10 06:00:00-07:00,TH_ZP26_GEN-APND,39.62835
2025-06-10 07:00:00-07:00,TH_NP15_GEN-APND,28.3611
2025-06-10 07:00:00-07:00,TH_SP15_GEN-APND,24.87
2025-06-10 07:00:00-07:00,TH_ZP26_GEN-APND,23.69189
2025-06-10 08:00:00-07:00,TH_NP15_GEN-APND,25.23814
2025-06-10 08:00:00-07:00,TH_SP15_GEN-APND,19.73687
2025-06-10 08:00:00-07:00,TH_ZP26_GEN-APND,17.09335
2025-06-10 09:00:00-07:00,TH_NP15_GEN-APND,27.10232
2025-06-10 09:00:00-07:00,TH_SP15_GEN-APND,18.98798
2025-06-10 09:00:00-07:00,TH_ZP26_GEN-APND,15.60256
2025-06-10 10:00:00-07:00,TH_NP15_GEN-APND,25.27267
2025-06-10 10:00:00-07:00,TH_SP15_GEN-APND,19.90931
2025-06-10 10:00:00-07:00,TH_ZP26_GEN-APND,16.12898
2025-06-10 11:00:00-07:00,TH_NP15_GEN-APND,25.65575
2025-06-10 11:00:00-07:00,TH_SP15_GEN-APND,19.70322
2025-06-10 11:00:00-07:00,TH_ZP26_GEN-APND,15.75307
2025-06-10 12:00:00-07:00,TH_NP15_GEN-APND,25.70266
2025-06-10 12:00:00-07:00,TH_SP15_GEN-APND,18.76369
2025-06-10 12:00:00-07:00,TH_ZP26_GEN-APND,14.5851
2025-06-10 13:00:00-07:00,TH_NP15_GEN-APND,26.58829
2025-06-10 13:00:00-07:00,TH_SP15_GEN-APND,17.94
2025-06-10 13:00:00-07:00,TH_ZP26_GEN-APND,13.56209
2025-06-10 14:00:00-07:00,TH_NP15_GEN-APND,27.41407
2025-06-10 14:00:00-07:00,TH_SP15_GEN-APND,18.1
2025-06-10 14:00:00-07:00,TH_ZP26_GEN-APND,13.35219
2025-06-10 15:00:00-07:00,TH_NP15_GEN-APND,30.82462
2025-06-10 15:00:00-07:00,TH_SP15_GEN-APND,21.92664
2025-06-10 15:00:00-07:00,TH_ZP26_GEN-APND,18.05014
2025-06-10 16:00:00-07:00,TH_NP15_GEN-APND,33.04063
2025-06-10 16:00:00-07:00,TH_SP15_GEN-APND,25.67722
2025-06-10 16:00:00-07:00,TH_ZP26_GEN-APND,22.43749
2025-06-10 17:00:00-07:00,TH_NP15_GEN-APND,38.92784
2025-06-10 17:00:00-07:00,TH_SP15_GEN-APND,37.58245
2025-06-10 17:00:00-07:00,TH_ZP26_GEN-APND,35.9053
2025-06-10 18:00:00-07:00,TH_NP15_GEN-APND,46.59316
2025-06-10 18:00:00-07:00,TH_SP15_GEN-APND,48.19514
2025-06-10 18:00:00-07:00,TH_ZP26_GEN-APND,46.41214
2025-06-10 19:00:00-07:00,TH_NP15_GEN-APND,58.88
2025-06-10 19:00:00-07:00,TH_SP15_GEN-APND,61.92042
2025-06-10 19:00:00-07:00,TH_ZP26_GEN-APND,57.98204
2025-06-10 20:00:00-07:00,TH_NP15_GEN-APND,59.26959
2025-06-10 20:00:00-07:00,TH_SP15_GEN-APND,61.94293
2025-06-10 20:00:00-07:00,TH_ZP26_GEN-APND,58.31719
2025-06-10 21:00:00-07:00,TH_NP15_GEN-APND,49.23382
2025-06-10 21:00:00-07:00,TH_SP15_GEN-APND,51.15055
2025-06-10 21:00:00-07:00,TH_ZP26_GEN-APND,49.70876
2025-06-10 22:00:00-07:00,TH_NP15_GEN-APND,40.45656
2025-06-10 22:00:00-07:00,TH_SP15_GEN-APND,47.19017
2025-06-10 22:00:00-07:00,TH_ZP26_GEN-APND,40.98118
2025-06-10 23:00:00-07:00,TH_NP15_GEN-APND,38.27454
2025-06-10 23:00:00-07:00,TH_SP15_GEN-APND,40.60643
2025-06-10 23:00:00-07:00,TH_ZP26_GEN-APND,39.63191
2025-06-11 00:00:00-07:00,TH_NP15_GEN-APND,34.73564
2025-06-11 00:00:00-07:00,TH_SP15_GEN-APND,35.14139
2025-06-11 00:00:00-07:00,TH_ZP26_GEN-APND,35.28903
2025-06-11 01:00:00-07:00,TH_NP15_GEN-APND,36.06978
2025-06-11 01:00:00-07:00,TH_SP15_GEN-APND,36.71513
2025-06-11 01:00:00-07:00,TH_ZP26_GEN-APND,36.63928
2025-06-11 02:00:00-07:00,TH_NP15_GEN-APND,36.06017
2025-06-11 02:00:00-07:00,TH_SP15_GEN-APND,36.38501
2025-06-11 02:00:00-07:00,TH_ZP26_GEN-APND,36.41316
2025-06-11 03:00:00-07:00,TH_NP15_GEN-APND,35.88723
2025-06-11 03:00:00-07:00,TH_SP15_GEN-APND,36.23576
2025-06-11 03:00:00-07:00,TH_ZP26_GEN-APND,36.28077
2025-06-11 04:00:00-07:00,TH_NP15_GEN-APND,36.85498
2025-06-11 04:00:00-07:00,TH_SP15_GEN-APND,37.22657
2025-06-11 04:00:00-07:00,TH_ZP26_GEN-APND,37.31516
2025-06-11 05:00:00-07:00,TH_NP15_GEN-APND,38.22978
2025-06-11 05:00:00-07:00,TH_SP15_GEN-APND,37.99749
2025-06-11 05:00:00-07:00,TH_ZP26_GEN-APND,38.42596
2025-06-11 06:00:00-07:00,TH_NP15_GEN-APND,36.60077
2025-06-11 06:00:00-07:00,TH_SP15_GEN-APND,36.35892
2025-06-11 06:00:00-07:00,TH_ZP26_GEN-APND,36.90742
2025-06-11 07:00:00-07:00,TH_NP15_GEN-APND,20.54
2025-06-11 07:00:00-07:00,TH_SP15_GEN-APND,17.81911
2025-06-11 07:00:00-07:00,TH_ZP26_GEN-APND,17.05632
2025-06-11 08:00:00-07:00,TH_NP15_GEN-APND,21.04074
2025-06-11 08:00:00-07:00,TH_SP15_GEN-APND,10.00672
2025-06-11 08:00:00-07:00,TH_ZP26_GEN-APND,6.70694
2025-06-11 09:00:00-07:00,TH_NP15_GEN-APND,22.62581
2025-06-11 09:00:00-07:00,TH_SP15_GEN-APND,7.75941
2025-06-11 09:00:00-07:00,TH_ZP26_GEN-APND,3.59055
2025-06-11 10:00:00-07:00,TH_NP15_GEN-APND,18.88341
2025-06-11 10:00:00-07:00,TH_SP15_GEN-APND,10.21608
2025-06-11 10:00:00-07:00,TH_ZP26_GEN-APND,6.26503
2025-06-11 11:00:00-07:00,TH_NP15_GEN-APND,17.24545
2025-06-11 11:00:00-07:00,TH_SP15_GEN-APND,10.59
2025-06-11 11:00:00-07:00,TH_ZP26_GEN-APND,6.16761
2025-06-11 12:00:00-07:00,TH_NP15_GEN-APND,16.80119
2025-06-11 12:00:00-07:00,TH_SP15_GEN-APND,9.88058
2025-06-11 12:00:00-07:00,TH_ZP26_GEN-APND,5.53235
2025-06-11 13:00:00-07:00,TH_NP15_GEN-APND,16.48834
2025-06-11 13:00:00-07:00,TH_SP15_GEN-APND,9.04298
2025-06-11 13:00:00-07:00,TH_ZP26_GEN-APND,4.4836
2025-06-11 14:00:00-07:00,TH_NP15_GEN-APND,17.2473
2025-06-11 14:00:00-07:00,TH_SP15_GEN-APND,8.95
2025-06-11 14:00:00-07:00,TH_ZP26_GEN-APND,4.2699
2025-06-11 15:00:00-07:00,TH_NP15_GEN-APND,20.94908
2025-06-11 15:00:00-07:00,TH_SP15_GEN-APND,10.26271
2025-06-11 15:00:00-07:00,TH_ZP26_GEN-APND,5.59644
2025-06-11 16:00:00-07:00,TH_NP15_GEN-APND,26.39388
2025-06-11 16:00:00-07:00,TH_SP15_GEN-APND,13.64793
2025-06-11 16:00:00-07:00,TH_ZP26_GEN-APND,9.37
2025-06-11 17:00:00-07:00,TH_NP15_GEN-APND,30.74793
2025-06-11 17:00:00-07:00,TH_SP15_GEN-APND,27.55
2025-06-11 17:00:00-07:00,TH_ZP26_GEN-APND,24.33589
2025-06-11 18:00:00-07:00,TH_NP15_GEN-APND,38.91064
2025-06-11 18:00:00-07:00,TH_SP15_GEN-APND,39.43984
2025-06-11 18:00:00-07:00,TH_ZP26_GEN-APND,38.30547
2025-06-11 19:00:00-07:00,TH_NP15_GEN-APND,53.57
2025-06-11 19:00:00-07:00,TH_SP15_GEN-APND,52.55156
2025-06-11 19:00:00-07:00,TH_ZP26_GEN-APND,50.89648
2025-06-11 20:00:00-07:00,TH_NP15_GEN-APND,56.57803
2025-06-11 20:00:00-07:00,TH_SP15_GEN-APND,55.70071
2025-06-11 20:00:00-07:00,TH_ZP26_GEN-APND,54.66109
2025-06-11 21:00:00-07:00,TH_NP15_GEN-APND,47.92808
2025-06-11 21:00:00-07:00,TH_SP15_GEN-APND,48.31377
2025-06-11 21:00:00-07:00,TH_ZP26_GEN-APND,47.40533
2025-06-11 22:00:00-07:00,TH_NP15_GEN-APND,38.21179
2025-06-11 22:00:00-07:00,TH_SP15_GEN-APND,39.2344
2025-06-11 22:00:00-07:00,TH_ZP26_GEN-APND,38.92337
2025-06-11 23:00:00-07:00,TH_NP15_GEN-APND,37.90857
2025-06-11 23:00:00-07:00,TH_SP15_GEN-APND,38.70045
2025-06-11 23:00:00-07:00,TH_ZP26_GEN-APND,38.4553
2025-06-12 00:00:00-07:00,TH_NP15_GEN-APND,36.73791
2025-06-12 00:00:00-07:00,TH_SP15_GEN-APND,36.54935
2025-06-12 00:00:00-07:00,TH_ZP26_GEN-APND,36.88519
2025-06-12 01:00:00-07:00,TH_NP15_GEN-APND,35.18603
2025-06-12 01:00:00-07:00,TH_SP15_GEN-APND,35.34923
2025-06-12 01:00:00-07:00,TH_ZP26_GEN-APND,35.54026
2025-06-12 02:00:00-07:00,TH_NP15_GEN-APND,33.9183
2025-06-12 02:00:00-07:00,TH_SP15_GEN-APND,33.77196
2025-06-12 02:00:00-07:00,TH_ZP26_GEN-APND,34.03924
2025-06-12 03:00:00-07:00,TH_NP15_GEN-APND,32.39462
2025-06-12 03:00:00-07:00,TH_SP15_GEN-APND,32.02746
2025-06-12 03:00:00-07:00,TH_ZP26_GEN-APND,32.31789
2025-06-12 04:00:00-07:00,TH_NP15_GEN-APND,33.66464
2025-06-12 04:00:00-07:00,TH_SP15_GEN-APND,33.54943
2025-06-12 04:00:00-07:00,TH_ZP26_GEN-APND,33.75861
2025-06-12 05:00:00-07:00,TH_NP15_GEN-APND,34.72327
2025-06-12 05:00:00-07:00,TH_SP15_GEN-APND,34.19082
2025-06-12 05:00:00-07:00,TH_ZP26_GEN-APND,34.63518
2025-06-12 06:00:00-07:00,TH_NP15_GEN-APND,31.85884
2025-06-12 06:00:00-07:00,TH_SP15_GEN-APND,29.77808
2025-06-12 06:00:00-07:00,TH_ZP26_GEN-APND,31.07136
2025-06-12 07:00:00-07:00,TH_NP15_GEN-APND,16.58965
2025-06-12 07:00:00-07:00,TH_SP15_GEN-APND,10.79257
2025-06-12 07:00:00-07:00,TH_ZP26_GEN-APND,11.70161
2025-06-12 08:00:00-07:00,TH_NP15_GEN-APND,14.4909
2025-06-12 08:00:00-07:00,TH_SP15_GEN-APND,-0.24457
2025-06-12 08:00:00-07:00,TH_ZP26_GEN-APND,-1.0261
2025-06-12 09:00:00-07:00,TH_NP15_GEN-APND,15.66498
2025-06-12 09:00:00-07:00,TH_SP15_GEN-APND,-0.13932
2025-06-12 09:00:00-07:00,TH_ZP26_GEN-APND,-2.19318
2025-06-12 10:00:00-07:00,TH_NP15_GEN-APND,12.96055
2025-06-12 10:00:00-07:00,TH_SP15_GEN-APND,0.56587
2025-06-12 10:00:00-07:00,TH_ZP26_GEN-APND,-1.50135
2025-06-12 11:00:00-07:00,TH_NP15_GEN-APND,13.66774
2025-06-12 11:00:00-07:00,TH_SP15_GEN-APND,0.28048
2025-06-12 11:00:00-07:00,TH_ZP26_GEN-APND,-2.64562
2025-06-12 12:00:00-07:00,TH_NP15_GEN-APND,11.88838
2025-06-12 12:00:00-07:00,TH_SP15_GEN-APND,0.41571
2025-06-12 12:00:00-07:00,TH_ZP26_GEN-APND,-2.47276
2025-06-12 13:00:00-07:00,TH_NP15_GEN-APND,16.0918
2025-06-12 13:00:00-07:00,TH_SP15_GEN-APND,0.68436
2025-06-12 13:00:00-07:00,TH_ZP26_GEN-APND,-3.19101
2025-06-12 14:00:00-07:00,TH_NP15_GEN-APND,17.01076
2025-06-12 14:00:00-07:00,TH_SP15_GEN-APND,0.21947
2025-06-12 14:00:00-07:00,TH_ZP26_GEN-APND,-3.90576
2025-06-12 15:00:00-07:00,TH_NP15_GEN-APND,16.97371
2025-06-12 15:00:00-07:00,TH_SP15_GEN-APND,2.73447
2025-06-12 15:00:00-07:00,TH_ZP26_GEN-APND,-0.00213
2025-06-12 16:00:00-07:00,TH_NP15_GEN-APND,19.91
2025-06-12 16:00:00-07:00,TH_SP15_GEN-APND,7.74432
2025-06-12 16:00:00-07:00,TH_ZP26_GEN-APND,3.59401
2025-06-12 17:00:00-07:00,TH_NP15_GEN-APND,27.54435
2025-06-12 17:00:00-07:00,TH_SP15_GEN-APND,24.65814
2025-06-12 17:00:00-07:00,TH_ZP26_GEN-APND,24.08221
2025-06-12 18:00:00-07:00,TH_NP15_GEN-APND,37.89812
2025-06-12 18:00:00-07:00,TH_SP15_GEN-APND,37.38944
2025-06-12 18:00:00-07:00,TH_ZP26_GEN-APND,37.14041
2025-06-12 19:00:00-07:00,TH_NP15_GEN-APND,48.8814
2025-06-12 19:00:00-07:00,TH_SP15_GEN-APND,47.00753
2025-06-12 19:00:00-07:00,TH_ZP26_GEN-APND,46.66401
2025-06-12 20:00:00-07:00,TH_NP15_GEN-APND,49.9773
2025-06-12 20:00:00-07:00,TH_SP15_GEN-APND,48.05832
2025-06-12 20:00:00-07:00,TH_ZP26_GEN-APND,47.79515
2025-06-12 21:00:00-07:00,TH_NP15_GEN-APND,44.91365
2025-06-12 21:00:00-07:00,TH_SP15_GEN-APND,43.79511
2025-06-12 21:00:00-07:00,TH_ZP26_GEN-APND,43.70358
2025-06-12 22:00:00-07:00,TH_NP15_GEN-APND,37.92585
2025-06-12 22:00:00-07:00,TH_SP15_GEN-APND,38.33603
2025-06-12 22:00:00-07:00,TH_ZP26_GEN-APND,38.34799
2025-06-12 23:00:00-07:00,TH_NP15_GEN-APND,37.71916
2025-06-12 23:00:00-07:00,TH_SP15_GEN-APND,38.17129
2025-06-12 23:00:00-07:00,TH_ZP26_GEN-APND,38.15941
2025-06-13 00:00:00-07:00,TH_NP15_GEN-APND,34.63606
2025-06-13 00:00:00-07:00,TH_SP15_GEN-APND,34.1319
2025-06-13 00:00:00-07:00,TH_ZP26_GEN-APND,35.32417
2025-06-13 01:00:00-07:00,TH_NP15_GEN-APND,34.46873
2025-06-13 01:00:00-07:00,TH_SP15_GEN-APND,34.70794
2025-06-13 01:00:00-07:00,TH_ZP26_GEN-APND,34.82165
2025-06-13 02:00:00-07:00,TH_NP15_GEN-APND,33.54204
2025-06-13 02:00:00-07:00,TH_SP15_GEN-APND,32.82962
2025-06-13 02:00:00-07:00,TH_ZP26_GEN-APND,33.70664
2025-06-13 03:00:00-07:00,TH_NP15_GEN-APND,33.5579
2025-06-13 03:00:00-07:00,TH_SP15_GEN-APND,32.6392
2025-06-13 03:00:00-07:00,TH_ZP26_GEN-APND,33.672
2025-06-13 04:00:00-07:00,TH_NP15_GEN-APND,34.16431
2025-06-13 04:00:00-07:00,TH_SP15_GEN-APND,33.72528
2025-06-13 04:00:00-07:00,TH_ZP26_GEN-APND,34.38633
2025-06-13 05:00:00-07:00,TH_NP15_GEN-APND,35.67305
2025-06-13 05:00:00-07:00,TH_SP15_GEN-APND,34.35383
2025-06-13 05:00:00-07:00,TH_ZP26_GEN-APND,35.64565
2025-06-13 06:00:00-07:00,TH_NP15_GEN-APND,34.7929
2025-06-13 06:00:00-07:00,TH_SP15_GEN-APND,33.51237
2025-06-13 06:00:00-07:00,TH_ZP26_GEN-APND,33.92942
2025-06-13 07:00:00-07:00,TH_NP15_GEN-APND,17.2
2025-06-13 07:00:00-07:00,TH_SP15_GEN-APND,10.41054
2025-06-13 07:00:00-07:00,TH_ZP26_GEN-APND,8.91311
2025-06-13 08:00:00-07:00,TH_NP15_GEN-APND,18.38933
2025-06-13 08:00:00-07:00,TH_SP15_GEN-APND,2.02
2025-06-13 08:00:00-07:00,TH_ZP26_GEN-APND,-1.94717
2025-06-13 09:00:00-07:00,TH_NP15_GEN-APND,20.46748
2025-06-13 09:00:00-07:00,TH_SP15_GEN-APND,-0.33181
2025-06-13 09:00:00-07:00,TH_ZP26_GEN-APND,-5.17918
2025-06-13 10:00:00-07:00,TH_NP15_GEN-APND,15.05592
2025-06-13 10:00:00-07:00,TH_SP15_GEN-APND,3.21306
2025-06-13 10:00:00-07:00,TH_ZP26_GEN-APND,0.28303
2025-06-13 11:00:00-07:00,TH_NP15_GEN-APND,12.8342
2025-06-13 11:00:00-07:00,TH_SP15_GEN-APND,4.59811
2025-06-13 11:00:00-07:00,TH_ZP26_GEN-APND,1.59277
2025-06-13 12:00:00-07:00,TH_NP15_GEN-APND,12.31836
2025-06-13 12:00:00-07:00,TH_SP15_GEN-APND,4.87834
2025-06-13 12:00:00-07:00,TH_ZP26_GEN-APND,2.17811
2025-06-13 13:00:00-07:00,TH_NP15_GEN-APND,14.30474
2025-06-13 13:00:00-07:00,TH_SP15_GEN-APND,3.43624
2025-06-13 13:00:00-07:00,TH_ZP26_GEN-APND,0.83824
2025-06-13 14:00:00-07:00,TH_NP15_GEN-APND,13.4035
2025-06-13 14:00:00-07:00,TH_SP15_GEN-APND,3.81186
2025-06-13 14:00:00-07:00,TH_ZP26_GEN-APND,0.99444
2025-06-13 15:00:00-07:00,TH_NP15_GEN-APND,15.19459
2025-06-13 15:00:00-07:00,TH_SP15_GEN-APND,3.81129
2025-06-13 15:00:00-07:00,TH_ZP26_GEN-APND,1.07789
2025-06-13 16:00:00-07:00,TH_NP15_GEN-APND,17.11936
2025-06-13 16:00:00-07:00,TH_SP15_GEN-APND,4.13195
2025-06-13 16:00:00-07:00,TH_ZP26_GEN-APND,1.19217
2025-06-13 17:00:00-07:00,TH_NP15_GEN-APND,27.26616
2025-06-13 17:00:00-07:00,TH_SP15_GEN-APND,15.61
2025-06-13 17:00:00-07:00,TH_ZP26_GEN-APND,13.47834
2025-06-13 18:00:00-07:00,TH_NP15_GEN-APND,35.5068
2025-06-13 18:00:00-07:00,TH_SP15_GEN-APND,35.3016
2025-06-13 18:00:00-07:00,TH_ZP26_GEN-APND,35.15128
2025-06-13 19:00:00-07:00,TH_NP15_GEN-APND,41.24426
2025-06-13 19:00:00-07:00,TH_SP15_GEN-APND,40.67284
2025-06-13 19:00:00-07:00,TH_ZP26_GEN-APND,40.43983
2025-06-13 20:00:00-07:00,TH_NP15_GEN-APND,42.47483
2025-06-13 20:00:00-07:00,TH_SP15_GEN-APND,41.54392
2025-06-13 20:00:00-07:00,TH_ZP26_GEN-APND,41.76621
2025-06-13 21:00:00-07:00,TH_NP15_GEN-APND,39.92716
2025-06-13 21:00:00-07:00,TH_SP15_GEN-APND,40.32842
2025-06-13 21:00:00-07:00,TH_ZP26_GEN-APND,40.41869
2025-06-13 22:00:00-07:00,TH_NP15_GEN-APND,38.11439
2025-06-13 22:00:00-07:00,TH_SP15_GEN-APND,38.9986
2025-06-13 22:00:00-07:00,TH_ZP26_GEN-APND,39.22779
2025-06-13 23:00:00-07:00,TH_NP15_GEN-APND,37.70592
2025-06-13 23:00:00-07:00,TH_SP15_GEN-APND,38.86173
2025-06-13 23:00:00-07:00,TH_ZP26_GEN-APND,38.50201
2025-06-14 00:00:00-07:00,TH_NP15_GEN-APND,32.81313
2025-06-14 00:00:00-07:00,TH_SP15_GEN-APND,33.22863
2025-06-14 00:00:00-07:00,TH_ZP26_GEN-APND,33.58751
2025-06-14 01:00:00-07:00,TH_NP15_GEN-APND,32.30651
2025-06-14 01:00:00-07:00,TH_SP15_GEN-APND,32.57277
2025-06-14 01:00:00-07:00,TH_ZP26_GEN-APND,33.0
2025-06-14 02:00:00-07:00,TH_NP15_GEN-APND,30.62233
2025-06-14 02:00:00-07:00,TH_SP15_GEN-APND,30.06968
2025-06-14 02:00:00-07:00,TH_ZP26_GEN-APND,30.73773
2025-06-14 03:00:00-07:00,TH_NP15_GEN-APND,29.86716
2025-06-14 03:00:00-07:00,TH_SP15_GEN-APND,29.40716
2025-06-14 03:00:00-07:00,TH_ZP26_GEN-APND,29.97831
2025-06-14 04:00:00-07:00,TH_NP15_GEN-APND,30.05423
2025-06-14 04:00:00-07:00,TH_SP15_GEN-APND,29.81746
2025-06-14 04:00:00-07:00,TH_ZP26_GEN-APND,30.33
2025-06-14 05:00:00-07:00,TH_NP15_GEN-APND,30.11428
2025-06-14 05:00:00-07:00,TH_SP15_GEN-APND,29.61571
2025-06-14 05:00:00-07:00,TH_ZP26_GEN-APND,30.22025
2025-06-14 06:00:00-07:00,TH_NP15_GEN-APND,23.71292
2025-06-14 06:00:00-07:00,TH_SP15_GEN-APND,22.53531
2025-06-14 06:00:00-07:00,TH_ZP26_GEN-APND,23.08146
2025-06-14 07:00:00-07:00,TH_NP15_GEN-APND,13.65024
2025-06-14 07:00:00-07:00,TH_SP15_GEN-APND,-1.01816
2025-06-14 07:00:00-07:00,TH_ZP26_GEN-APND,-1.60442
2025-06-14 08:00:00-07:00,TH_NP15_GEN-APND,14.7817
2025-06-14 08:00:00-07:00,TH_SP15_GEN-APND,-6.8039
2025-06-14 08:00:00-07:00,TH_ZP26_GEN-APND,-7.30155
2025-06-14 09:00:00-07:00,TH_NP15_GEN-APND,14.21889
2025-06-14 09:00:00-07:00,TH_SP15_GEN-APND,-6.98066
2025-06-14 09:00:00-07:00,TH_ZP26_GEN-APND,-7.79099
2025-06-14 10:00:00-07:00,TH_NP15_GEN-APND,5.97905
2025-06-14 10:00:00-07:00,TH_SP15_GEN-APND,-3.25894
2025-06-14 10:00:00-07:00,TH_ZP26_GEN-APND,-6.55683
2025-06-14 11:00:00-07:00,TH_NP15_GEN-APND,5.10331
2025-06-14 11:00:00-07:00,TH_SP15_GEN-APND,-2.77014
2025-06-14 11:00:00-07:00,TH_ZP26_GEN-APND,-5.9716
2025-06-14 12:00:00-07:00,TH_NP15_GEN-APND,3.93778
2025-06-14 12:00:00-07:00,TH_SP15_GEN-APND,-2.80766
2025-06-14 12:00:00-07:00,TH_ZP26_GEN-APND,-5.79929
2025-06-14 13:00:00-07:00,TH_NP15_GEN-APND,5.71718
2025-06-14 13:00:00-07:00,TH_SP15_GEN-APND,-3.08435
2025-06-14 13:00:00-07:00,TH_ZP26_GEN-APND,-6.23965
2025-06-14 14:00:00-07:00,TH_NP15_GEN-APND,5.07842
2025-06-14 14:00:00-07:00,TH_SP15_GEN-APND,-3.18655
2025-06-14 14:00:00-07:00,TH_ZP26_GEN-APND,-6.23313
2025-06-14 15:00:00-07:00,TH_NP15_GEN-APND,8.57908
2025-06-14 15:00:00-07:00,TH_SP15_GEN-APND,-2.91532
2025-06-14 15:00:00-07:00,TH_ZP26_GEN-APND,-6.37025
2025-06-14 16:00:00-07:00,TH_NP15_GEN-APND,9.3908
2025-06-14 16:00:00-07:00,TH_SP15_GEN-APND,-1.36758
2025-06-14 16:00:00-07:00,TH_ZP26_GEN-APND,-4.10788
2025-06-14 17:00:00-07:00,TH_NP15_GEN-APND,19.16986
2025-06-14 17:00:00-07:00,TH_SP15_GEN-APND,15.61
2025-06-14 17:00:00-07:00,TH_ZP26_GEN-APND,13.7385
2025-06-14 18:00:00-07:00,TH_NP15_GEN-APND,35.09465
2025-06-14 18:00:00-07:00,TH_SP15_GEN-APND,36.13262
2025-06-14 18:00:00-07:00,TH_ZP26_GEN-APND,35.20144
2025-06-14 19:00:00-07:00,TH_NP15_GEN-APND,43.18257
2025-06-14 19:00:00-07:00,TH_SP15_GEN-APND,43.35529
2025-06-14 19:00:00-07:00,TH_ZP26_GEN-APND,42.83619
2025-06-14 20:00:00-07:00,TH_NP15_GEN-APND,47.20732
2025-06-14 20:00:00-07:00,TH_SP15_GEN-APND,46.47279
2025-06-14 20:00:00-07:00,TH_ZP26_GEN-APND,46.40813
2025-06-14 21:00:00-07:00,TH_NP15_GEN-APND,40.3275
2025-06-14 21:00:00-07:00,TH_SP15_GEN-APND,40.32102
2025-06-14 21:00:00-07:00,TH_ZP26_GEN-APND,40.27057
2025-06-14 22:00:00-07:00,TH_NP15_GEN-APND,36.37442
2025-06-14 22:00:00-07:00,TH_SP15_GEN-APND,36.0492
2025-06-14 22:00:00-07:00,TH_ZP26_GEN-APND,36.61175
2025-06-14 23:00:00-07:00,TH_NP15_GEN-APND,35.65557
2025-06-14 23:00:00-07:00,TH_SP15_GEN-APND,35.46145
2025-06-14 23:00:00-07:00,TH_ZP26_GEN-APND,35.98366
2025-06-15 00:00:00-07:00,TH_NP15_GEN-APND,34.31778
2025-06-15 00:00:00-07:00,TH_SP15_GEN-APND,33.3986
2025-06-15 00:00:00-07:00,TH_ZP26_GEN-APND,34.63762
2025-06-15 01:00:00-07:00,TH_NP15_GEN-APND,33.94125
2025-06-15 01:00:00-07:00,TH_SP15_GEN-APND,33.63627
2025-06-15 01:00:00-07:00,TH_ZP26_GEN-APND,34.2746
2025-06-15 02:00:00-07:00,TH_NP15_GEN-APND,30.85741
2025-06-15 02:00:00-07:00,TH_SP15_GEN-APND,30.06493
2025-06-15 02:00:00-07:00,TH_ZP26_GEN-APND,30.87836
2025-06-15 03:00:00-07:00,TH_NP15_GEN-APND,29.46079
2025-06-15 03:00:00-07:00,TH_SP15_GEN-APND,29.16598
2025-06-15 03:00:00-07:00,TH_ZP26_GEN-APND,29.59968
2025-06-15 04:00:00-07:00,TH_NP15_GEN-APND,30.7111
2025-06-15 04:00:00-07:00,TH_SP15_GEN-APND,30.30363
2025-06-15 04:00:00-07:00,TH_ZP26_GEN-APND,30.98694
2025-06-15 05:00:00-07:00,TH_NP15_GEN-APND,30.85326
2025-06-15 05:00:00-07:00,TH_SP15_GEN-APND,29.72918
2025-06-15 05:00:00-07:00,TH_ZP26_GEN-APND,30.69758
2025-06-15 06:00:00-07:00,TH_NP15_GEN-APND,21.59465
2025-06-15 06:00:00-07:00,TH_SP15_GEN-APND,20.74223
2025-06-15 06:00:00-07:00,TH_ZP26_GEN-APND,21.01334
2025-06-15 07:00:00-07:00,TH_NP15_GEN-APND,10.65116
2025-06-15 07:00:00-07:00,TH_SP15_GEN-APND,0.11967
2025-06-15 07:00:00-07:00,TH_ZP26_GEN-APND,-1.34989
2025-06-15 08:00:00-07:00,TH_NP15_GEN-APND,16.04834
2025-06-15 08:00:00-07:00,TH_SP15_GEN-APND,-9.8005
2025-06-15 08:00:00-07:00,TH_ZP26_GEN-APND,-13.63887
2025-06-15 09:00:00-07:00,TH_NP15_GEN-APND,18.0
2025-06-15 09:00:00-07:00,TH_SP15_GEN-APND,-10.62706
2025-06-15 09:00:00-07:00,TH_ZP26_GEN-APND,-12.88
2025-06-15 10:00:00-07:00,TH_NP15_GEN-APND,14.40085
2025-06-15 10:00:00-07:00,TH_SP15_GEN-APND,-3.02903
2025-06-15 10:00:00-07:00,TH_ZP26_GEN-APND,-6.19429
2025-06-15 11:00:00-07:00,TH_NP15_GEN-APND,9.0
2025-06-15 11:00:00-07:00,TH_SP15_GEN-APND,-3.08765
2025-06-15 11:00:00-07:00,TH_ZP26_GEN-APND,-5.07816
2025-06-15 12:00:00-07:00,TH_NP15_GEN-APND,8.40992
2025-06-15 12:00:00-07:00,TH_SP15_GEN-APND,-2.99393
2025-06-15 12:00:00-07:00,TH_ZP26_GEN-APND,-4.7652
2025-06-15 13:00:00-07:00,TH_NP15_GEN-APND,17.21378
2025-06-15 13:00:00-07:00,TH_SP15_GEN-APND,-1.77603
2025-06-15 13:00:00-07:00,TH_ZP26_GEN-APND,-5.49484
2025-06-15 14:00:00-07:00,TH_NP15_GEN-APND,18.0
2025-06-15 14:00:00-07:00,TH_SP15_GEN-APND,-1.73868
2025-06-15 14:00:00-07:00,TH_ZP26_GEN-APND,-5.701
2025-06-15 15:00:00-07:00,TH_NP15_GEN-APND,23.4554
2025-06-15 15:00:00-07:00,TH_SP15_GEN-APND,-0.1572
2025-06-15 15:00:00-07:00,TH_ZP26_GEN-APND,-5.11585
2025-06-15 16:00:00-07:00,TH_NP15_GEN-APND,24.98904
2025-06-15 16:00:00-07:00,TH_SP15_GEN-APND,8.99
2025-06-15 16:00:00-07:00,TH_ZP26_GEN-APND,6.3847
2025-06-15 17:00:00-07:00,TH_NP15_GEN-APND,32.54889
2025-06-15 17:00:00-07:00,TH_SP15_GEN-APND,25.69572
2025-06-15 17:00:00-07:00,TH_ZP26_GEN-APND,24.84
2025-06-15 18:00:00-07:00,TH_NP15_GEN-APND,39.14299
2025-06-15 18:00:00-07:00,TH_SP15_GEN-APND,37.48615
2025-06-15 18:00:00-07:00,TH_ZP26_GEN-APND,38.07588
2025-06-15 19:00:00-07:00,TH_NP15_GEN-APND,48.66461
2025-06-15 19:00:00-07:00,TH_SP15_GEN-APND,47.41317
2025-06-15 19:00:00-07:00,TH_ZP26_GEN-APND,47.21558
2025-06-15 20:00:00-07:00,TH_NP15_GEN-APND,50.61378
2025-06-15 20:00:00-07:00,TH_SP15_GEN-APND,49.21104
2025-06-15 20:00:00-07:00,TH_ZP26_GEN-APND,49.70863
2025-06-15 21:00:00-07:00,TH_NP15_GEN-APND,45.42586
2025-06-15 21:00:00-07:00,TH_SP15_GEN-APND,44.91356
2025-06-15 21:00:00-07:00,TH_ZP26_GEN-APND,45.55968
2025-06-15 22:00:00-07:00,TH_NP15_GEN-APND,38.00896
2025-06-15 22:00:00-07:00,TH_SP15_GEN-APND,37.72949
2025-06-15 22:00:00-07:00,TH_ZP26_GEN-APND,38.35101
2025-06-15 23:00:00-07:00,TH_NP15_GEN-APND,36.6248
2025-06-15 23:00:00-07:00,TH_SP15_GEN-APND,36.66933
2025-06-15 23:00:00-07:00,TH_ZP26_GEN-APND,37.19886
2025-06-16 00:00:00-07:00,TH_NP15_GEN-APND,34.24344
2025-06-16 00:00:00-07:00,TH_SP15_GEN-APND,35.24594
2025-06-16 00:00:00-07:00,TH_ZP26_GEN-APND,35.01173
2025-06-16 01:00:00-07:00,TH_NP15_GEN-APND,32.89617
2025-06-16 01:00:00-07:00,TH_SP15_GEN-APND,32.78725
2025-06-16 01:00:00-07:00,TH_ZP26_GEN-APND,33.4646
2025-06-16 02:00:00-07:00,TH_NP15_GEN-APND,31.58335
2025-06-16 02:00:00-07:00,TH_SP15_GEN-APND,31.92873
2025-06-16 02:00:00-07:00,TH_ZP26_GEN-APND,31.9741
2025-06-16 03:00:00-07:00,TH_NP15_GEN-APND,30.39841
2025-06-16 03:00:00-07:00,TH_SP15_GEN-APND,30.65291
2025-06-16 03:00:00-07:00,TH_ZP26_GEN-APND,30.69242
2025-06-16 04:00:00-07:00,TH_NP15_GEN-APND,31.44909
2025-06-16 04:00:00-07:00,TH_SP15_GEN-APND,31.69966
2025-06-16 04:00:00-07:00,TH_ZP26_GEN-APND,31.78618
2025-06-16 05:00:00-07:00,TH_NP15_GEN-APND,33.24203
2025-06-16 05:00:00-07:00,TH_SP15_GEN-APND,33.19168
2025-06-16 05:00:00-07:00,TH_ZP26_GEN-APND,33.26057
2025-06-16 06:00:00-07:00,TH_NP15_GEN-APND,30.801
2025-06-16 06:00:00-07:00,TH_SP15_GEN-APND,30.31254
2025-06-16 06:00:00-07:00,TH_ZP26_GEN-APND,30.5059
2025-06-16 07:00:00-07:00,TH_NP15_GEN-APND,25.97801
2025-06-16 07:00:00-07:00,TH_SP15_GEN-APND,9.95591
2025-06-16 07:00:00-07:00,TH_ZP26_GEN-APND,14.49068
2025-06-16 08:00:00-07:00,TH_NP15_GEN-APND,26.03738
2025-06-16 08:00:00-07:00,TH_SP15_GEN-APND,1.7465
2025-06-16 08:00:00-07:00,TH_ZP26_GEN-APND,-3.66587
2025-06-16 09:00:00-07:00,TH_NP15_GEN-APND,24.0903
2025-06-16 09:00:00-07:00,TH_SP15_GEN-APND,2.69945
2025-06-16 09:00:00-07:00,TH_ZP26_GEN-APND,-2.85504
2025-06-16 10:00:00-07:00,TH_NP15_GEN-APND,16.74137
2025-06-16 10:00:00-07:00,TH_SP15_GEN-APND,7.91607
2025-06-16 10:00:00-07:00,TH_ZP26_GEN-APND,4.62816
2025-06-16 11:00:00-07:00,TH_NP15_GEN-APND,15.89221
2025-06-16 11:00:00-07:00,TH_SP15_GEN-APND,8.85034
2025-06-16 11:00:00-07:00,TH_ZP26_GEN-APND,5.54443
2025-06-16 12:00:00-07:00,TH_NP15_GEN-APND,16.64153
2025-06-16 12:00:00-07:00,TH_SP15_GEN-APND,8.16695
2025-06-16 12:00:00-07:00,TH_ZP26_GEN-APND,4.68416
2025-06-16 13:00:00-07:00,TH_NP15_GEN-APND,17.96477
2025-06-16 13:00:00-07:00,TH_SP15_GEN-APND,8.08985
2025-06-16 13:00:00-07:00,TH_ZP26_GEN-APND,4.46101
2025-06-16 14:00:00-07:00,TH_NP15_GEN-APND,18.60654
2025-06-16 14:00:00-07:00,TH_SP15_GEN-APND,8.25611
2025-06-16 14:00:00-07:00,TH_ZP26_GEN-APND,4.45143
2025-06-16 15:00:00-07:00,TH_NP15_GEN-APND,23.46063
2025-06-16 15:00:00-07:00,TH_SP15_GEN-APND,13.86183
2025-06-16 15:00:00-07:00,TH_ZP26_GEN-APND,10.41924
2025-06-16 16:00:00-07:00,TH_NP15_GEN-APND,23.33023
2025-06-16 16:00:00-07:00,TH_SP15_GEN-APND,18.58112
2025-06-16 16:00:00-07:00,TH_ZP26_GEN-APND,16.59501
2025-06-16 17:00:00-07:00,TH_NP15_GEN-APND,32.15435
2025-06-16 17:00:00-07:00,TH_SP15_GEN-APND,29.55916
2025-06-16 17:00:00-07:00,TH_ZP26_GEN-APND,27.38482
2025-06-16 18:00:00-07:00,TH_NP15_GEN-APND,38.40122
2025-06-16 18:00:00-07:00,TH_SP15_GEN-APND,40.24782
2025-06-16 18:00:00-07:00,TH_ZP26_GEN-APND,38.8188
2025-06-16 19:00:00-07:00,TH_NP15_GEN-APND,49.14302
2025-06-16 19:00:00-07:00,TH_SP15_GEN-APND,50.35763
2025-06-16 19:00:00-07:00,TH_ZP26_GEN-APND,49.34453
2025-06-16 20:00:00-07:00,TH_NP15_GEN-APND,55.20415
2025-06-16 20:00:00-07:00,TH_SP15_GEN-APND,54.24675
2025-06-16 20:00:00-07:00,TH_ZP26_GEN-APND,53.39
2025-06-16 21:00:00-07:00,TH_NP15_GEN-APND,47.13778
2025-06-16 21:00:00-07:00,TH_SP15_GEN-APND,48.1179
2025-06-16 21:00:00-07:00,TH_ZP26_GEN-APND,47.23737
2025-06-16 22:00:00-07:00,TH_NP15_GEN-APND,39.59948
2025-06-16 22:00:00-07:00,TH_SP15_GEN-APND,40.37926
2025-06-16 22:00:00-07:00,TH_ZP26_GEN-APND,40.81099
2025-06-16 23:00:00-07:00,TH_NP15_GEN-APND,38.97845
2025-06-16 23:00:00-07:00,TH_SP15_GEN-APND,39.86691
2025-06-16 23:00:00-07:00,TH_ZP26_GEN-APND,40.2374
2025-06-17 00:00:00-07:00,TH_NP15_GEN-APND,36.04806
2025-06-17 00:00:00-07:00,TH_SP15_GEN-APND,36.57436
2025-06-17 00:00:00-07:00,TH_ZP26_GEN-APND,36.85646
2025-06-17 01:00:00-07:00,TH_NP15_GEN-APND,34.8992
2025-06-17 01:00:00-07:00,TH_SP15_GEN-APND,35.15872
2025-06-17 01:00:00-07:00,TH_ZP26_GEN-APND,35.2819
2025-06-17 02:00:00-07:00,TH_NP15_GEN-APND,30.45035
2025-06-17 02:00:00-07:00,TH_SP15_GEN-APND,30.40425
2025-06-17 02:00:00-07:00,TH_ZP26_GEN-APND,30.75614
2025-06-17 03:00:00-07:00,TH_NP15_GEN-APND,29.18184
2025-06-17 03:00:00-07:00,TH_SP15_GEN-APND,28.96074
2025-06-17 03:00:00-07:00,TH_ZP26_GEN-APND,29.16491
2025-06-17 04:00:00-07:00,TH_NP15_GEN-APND,30.90459
2025-06-17 04:00:00-07:00,TH_SP15_GEN-APND,30.68497
2025-06-17 04:00:00-07:00,TH_ZP26_GEN-APND,31.05042
2025-06-17 05:00:00-07:00,TH_NP15_GEN-APND,33.76189
2025-06-17 05:00:00-07:00,TH_SP15_GEN-APND,33.27
2025-06-17 05:00:00-07:00,TH_ZP26_GEN-APND,34.13987
2025-06-17 06:00:00-07:00,TH_NP15_GEN-APND,31.42761
2025-06-17 06:00:00-07:00,TH_SP15_GEN-APND,30.94
2025-06-17 06:00:00-07:00,TH_ZP26_GEN-APND,31.39063
2025-06-17 07:00:00-07:00,TH_NP15_GEN-APND,23.78016
2025-06-17 07:00:00-07:00,TH_SP15_GEN-APND,13.00414
2025-06-17 07:00:00-07:00,TH_ZP26_GEN-APND,10.94947
2025-06-17 08:00:00-07:00,TH_NP15_GEN-APND,26.10283
2025-06-17 08:00:00-07:00,TH_SP15_GEN-APND,7.29767
2025-06-17 08:00:00-07:00,TH_ZP26_GEN-APND,3.49557
2025-06-17 09:00:00-07:00,TH_NP15_GEN-APND,25.18096
2025-06-17 09:00:00-07:00,TH_SP15_GEN-APND,8.32604
2025-06-17 09:00:00-07:00,TH_ZP26_GEN-APND,4.49595
2025-06-17 10:00:00-07:00,TH_NP15_GEN-APND,17.62
2025-06-17 10:00:00-07:00,TH_SP15_GEN-APND,14.20478
2025-06-17 10:00:00-07:00,TH_ZP26_GEN-APND,12.09444
2025-06-17 11:00:00-07:00,TH_NP15_GEN-APND,18.6219
2025-06-17 11:00:00-07:00,TH_SP15_GEN-APND,14.32448
2025-06-17 11:00:00-07:00,TH_ZP26_GEN-APND,12.0
2025-06-17 12:00:00-07:00,TH_NP15_GEN-APND,18.47132
2025-06-17 12:00:00-07:00,TH_SP15_GEN-APND,14.16355
2025-06-17 12:00:00-07:00,TH_ZP26_GEN-APND,11.98374
2025-06-17 13:00:00-07:00,TH_NP15_GEN-APND,19.88343
2025-06-17 13:00:00-07:00,TH_SP15_GEN-APND,14.02107
2025-06-17 13:00:00-07:00,TH_ZP26_GEN-APND,12.0
2025-06-17 14:00:00-07:00,TH_NP15_GEN-APND,22.13229
2025-06-17 14:00:00-07:00,TH_SP15_GEN-APND,13.03873
2025-06-17 14:00:00-07:00,TH_ZP26_GEN-APND,10.52855
2025-06-17 15:00:00-07:00,TH_NP15_GEN-APND,25.49532
2025-06-17 15:00:00-07:00,TH_SP15_GEN-APND,16.62183
2025-06-17 15:00:00-07:00,TH_ZP26_GEN-APND,14.34946
2025-06-17 16:00:00-07:00,TH_NP15_GEN-APND,28.9294
2025-06-17 16:00:00-07:00,TH_SP15_GEN-APND,20.13874
2025-06-17 16:00:00-07:00,TH_ZP26_GEN-APND,19.3156
2025-06-17 17:00:00-07:00,TH_NP15_GEN-APND,34.54746
2025-06-17 17:00:00-07:00,TH_SP15_GEN-APND,27.83101
2025-06-17 17:00:00-07:00,TH_ZP26_GEN-APND,29.99155
2025-06-17 18:00:00-07:00,TH_NP15_GEN-APND,41.94081
2025-06-17 18:00:00-07:00,TH_SP15_GEN-APND,40.62788
2025-06-17 18:00:00-07:00,TH_ZP26_GEN-APND,40.27166
2025-06-17 19:00:00-07:00,TH_NP15_GEN-APND,57.30378
2025-06-17 19:00:00-07:00,TH_SP15_GEN-APND,54.24968
2025-06-17 19:00:00-07:00,TH_ZP26_GEN-APND,53.79103
2025-06-17 20:00:00-07:00,TH_NP15_GEN-APND,58.98689
2025-06-17 20:00:00-07:00,TH_SP15_GEN-APND,55.74383
2025-06-17 20:00:00-07:00,TH_ZP26_GEN-APND,55.73527
2025-06-17 21:00:00-07:00,TH_NP15_GEN-APND,47.802
2025-06-17 21:00:00-07:00,TH_SP15_GEN-APND,46.18
2025-06-17 21:00:00-07:00,TH_ZP26_GEN-APND,46.27526
2025-06-17 22:00:00-07:00,TH_NP15_GEN-APND,40.20371
2025-06-17 22:00:00-07:00,TH_SP15_GEN-APND,40.0
2025-06-17 22:00:00-07:00,TH_ZP26_GEN-APND,40.20766
2025-06-17 23:00:00-07:00,TH_NP15_GEN-APND,38.36108
2025-06-17 23:00:00-07:00,TH_SP15_GEN-APND,38.43569
2025-06-17 23:00:00-07:00,TH_ZP26_GEN-APND,38.78436
2025-06-18 00:00:00-07:00,TH_NP15_GEN-APND,38.96149
2025-06-18 00:00:00-07:00,TH_SP15_GEN-APND,40.62776
2025-06-18 00:00:00-07:00,TH_ZP26_GEN-APND,39.94528
2025-06-18 01:00:00-07:00,TH_NP15_GEN-APND,37.54451
2025-06-18 01:00:00-07:00,TH_SP15_GEN-APND,38.19345
2025-06-18 01:00:00-07:00,TH_ZP26_GEN-APND,37.99105
2025-06-18 02:00:00-07:00,TH_NP15_GEN-APND,34.72784
2025-06-18 02:00:00-07:00,TH_SP15_GEN-APND,34.88328
2025-06-18 02:00:00-07:00,TH_ZP26_GEN-APND,34.72803
2025-06-18 03:00:00-07:00,TH_NP15_GEN-APND,34.17143
2025-06-18 03:00:00-07:00,TH_SP15_GEN-APND,34.71888
2025-06-18 03:00:00-07:00,TH_ZP26_GEN-APND,34.52461
2025-06-18 04:00:00-07:00,TH_NP15_GEN-APND,34.12537
2025-06-18 04:00:00-07:00,TH_SP15_GEN-APND,36.03383
2025-06-18 04:00:00-07:00,TH_ZP26_GEN-APND,36.08011
2025-06-18 05:00:00-07:00,TH_NP15_GEN-APND,37.10364
2025-06-18 05:00:00-07:00,TH_SP15_GEN-APND,39.3406
2025-06-18 05:00:00-07:00,TH_ZP26_GEN-APND,39.27324
2025-06-18 06:00:00-07:00,TH_NP15_GEN-APND,32.48533
2025-06-18 06:00:00-07:00,TH_SP15_GEN-APND,32.77575
2025-06-18 06:00:00-07:00,TH_ZP26_GEN-APND,33.11141
2025-06-18 07:00:00-07:00,TH_NP15_GEN-APND,23.09555
2025-06-18 07:00:00-07:00,TH_SP15_GEN-APND,19.73734
2025-06-18 07:00:00-07:00,TH_ZP26_GEN-APND,21.10708
2025-06-18 08:00:00-07:00,TH_NP15_GEN-APND,24.10883
2025-06-18 08:00:00-07:00,TH_SP15_GEN-APND,14.3768
2025-06-18 08:00:00-07:00,TH_ZP26_GEN-APND,13.89158
2025-06-18 09:00:00-07:00,TH_NP15_GEN-APND,25.19904
2025-06-18 09:00:00-07:00,TH_SP15_GEN-APND,16.81462
2025-06-18 09:00:00-07:00,TH_ZP26_GEN-APND,14.46306
2025-06-18 10:00:00-07:00,TH_NP15_GEN-APND,22.43623
2025-06-18 10:00:00-07:00,TH_SP15_GEN-APND,19.35859
2025-06-18 10:00:00-07:00,TH_ZP26_GEN-APND,18.31119
2025-06-18 11:00:00-07:00,TH_NP15_GEN-APND,23.26817
2025-06-18 11:00:00-07:00,TH_SP15_GEN-APND,19.81298
2025-06-18 11:00:00-07:00,TH_ZP26_GEN-APND,18.39656
2025-06-18 12:00:00-07:00,TH_NP15_GEN-APND,23.19803
2025-06-18 12:00:00-07:00,TH_SP15_GEN-APND,19.84734
2025-06-18 12:00:00-07:00,TH_ZP26_GEN-APND,18.1119
2025-06-18 13:00:00-07:00,TH_NP15_GEN-APND,25.0
2025-06-18 13:00:00-07:00,TH_SP15_GEN-APND,19.25533
2025-06-18 13:00:00-07:00,TH_ZP26_GEN-APND,17.4209
2025-06-18 14:00:00-07:00,TH_NP15_GEN-APND,28.92041
2025-06-18 14:00:00-07:00,TH_SP15_GEN-APND,20.09308
2025-06-18 14:00:00-07:00,TH_ZP26_GEN-APND,17.92063
2025-06-18 15:00:00-07:00,TH_NP15_GEN-APND,33.11062
2025-06-18 15:00:00-07:00,TH_SP15_GEN-APND,23.26
2025-06-18 15:00:00-07:00,TH_ZP26_GEN-APND,21.41275
2025-06-18 16:00:00-07:00,TH_NP15_GEN-APND,37.28778
2025-06-18 16:00:00-07:00,TH_SP15_GEN-APND,29.21512
2025-06-18 16:00:00-07:00,TH_ZP26_GEN-APND,29.95335
2025-06-18 17:00:00-07:00,TH_NP15_GEN-APND,43.52852
2025-06-18 17:00:00-07:00,TH_SP15_GEN-APND,38.20266
2025-06-18 17:00:00-07:00,TH_ZP26_GEN-APND,37.8508
2025-06-18 18:00:00-07:00,TH_NP15_GEN-APND,47.5564
2025-06-18 18:00:00-07:00,TH_SP15_GEN-APND,46.5893
2025-06-18 18:00:00-07:00,TH_ZP26_GEN-APND,45.97125
2025-06-18 19:00:00-07:00,TH_NP15_GEN-APND,62.41729
2025-06-18 19:00:00-07:00,TH_SP15_GEN-APND,61.19195
2025-06-18 19:00:00-07:00,TH_ZP26_GEN-APND,59.83061
2025-06-18 20:00:00-07:00,TH_NP15_GEN-APND,60.36797
2025-06-18 20:00:00-07:00,TH_SP15_GEN-APND,58.20189
2025-06-18 20:00:00-07:00,TH_ZP26_GEN-APND,57.73243
2025-06-18 21:00:00-07:00,TH_NP15_GEN-APND,50.0281
2025-06-18 21:00:00-07:00,TH_SP15_GEN-APND,50.41579
2025-06-18 21:00:00-07:00,TH_ZP26_GEN-APND,49.62416
2025-06-18 22:00:00-07:00,TH_NP15_GEN-APND,40.16704
2025-06-18 22:00:00-07:00,TH_SP15_GEN-APND,45.07056
2025-06-18 22:00:00-07:00,TH_ZP26_GEN-APND,41.15319
2025-06-18 23:00:00-07:00,TH_NP15_GEN-APND,37.52765
2025-06-18 23:00:00-07:00,TH_SP15_GEN-APND,41.95384
2025-06-18 23:00:00-07:00,TH_ZP26_GEN-APND,38.48764
2025-06-19 00:00:00-07:00,TH_NP15_GEN-APND,37.67906
2025-06-19 00:00:00-07:00,TH_SP15_GEN-APND,46.14165
2025-06-19 00:00:00-07:00,TH_ZP26_GEN-APND,37.3679
2025-06-19 01:00:00-07:00,TH_NP15_GEN-APND,37.94654
2025-06-19 01:00:00-07:00,TH_SP15_GEN-APND,43.78639
2025-06-19 01:00:00-07:00,TH_ZP26_GEN-APND,37.88862
2025-06-19 02:00:00-07:00,TH_NP15_GEN-APND,36.14006
2025-06-19 02:00:00-07:00,TH_SP15_GEN-APND,36.90906
2025-06-19 02:00:00-07:00,TH_ZP26_GEN-APND,36.51672
2025-06-19 03:00:00-07:00,TH_NP15_GEN-APND,34.75123
2025-06-19 03:00:00-07:00,TH_SP15_GEN-APND,35.01764
2025-06-19 03:00:00-07:00,TH_ZP26_GEN-APND,34.88889
2025-06-19 04:00:00-07:00,TH_NP15_GEN-APND,35.09818
2025-06-19 04:00:00-07:00,TH_SP15_GEN-APND,36.58653
2025-06-19 04:00:00-07:00,TH_ZP26_GEN-APND,36.3225
2025-06-19 05:00:00-07:00,TH_NP15_GEN-APND,37.48165
2025-06-19 05:00:00-07:00,TH_SP15_GEN-APND,39.09988
2025-06-19 05:00:00-07:00,TH_ZP26_GEN-APND,38.86772
2025-06-19 06:00:00-07:00,TH_NP15_GEN-APND,34.01289
2025-06-19 06:00:00-07:00,TH_SP15_GEN-APND,34.632
2025-06-19 06:00:00-07:00,TH_ZP26_GEN-APND,34.82432
2025-06-19 07:00:00-07:00,TH_NP15_GEN-APND,22.803
2025-06-19 07:00:00-07:00,TH_SP15_GEN-APND,20.30383
2025-06-19 07:00:00-07:00,TH_ZP26_GEN-APND,19.58474
2025-06-19 08:00:00-07:00,TH_NP15_GEN-APND,24.84002
2025-06-19 08:00:00-07:00,TH_SP15_GEN-APND,16.58248
2025-06-19 08:00:00-07:00,TH_ZP26_GEN-APND,13.8067
2025-06-19 09:00:00-07:00,TH_NP15_GEN-APND,24.72318
2025-06-19 09:00:00-07:00,TH_SP15_GEN-APND,16.88409
2025-06-19 09:00:00-07:00,TH_ZP26_GEN-APND,13.98917
2025-06-19 10:00:00-07:00,TH_NP15_GEN-APND,21.0561
2025-06-19 10:00:00-07:00,TH_SP15_GEN-APND,18.9934
2025-06-19 10:00:00-07:00,TH_ZP26_GEN-APND,16.50027
2025-06-19 11:00:00-07:00,TH_NP15_GEN-APND,21.25938
2025-06-19 11:00:00-07:00,TH_SP15_GEN-APND,17.48621
2025-06-19 11:00:00-07:00,TH_ZP26_GEN-APND,14.13528
2025-06-19 12:00:00-07:00,TH_NP15_GEN-APND,21.30279
2025-06-19 12:00:00-07:00,TH_SP15_GEN-APND,18.21615
2025-06-19 12:00:00-07:00,TH_ZP26_GEN-APND,14.85695
2025-06-19 13:00:00-07:00,TH_NP15_GEN-APND,22.9318
2025-06-19 13:00:00-07:00,TH_SP15_GEN-APND,19.51147
2025-06-19 13:00:00-07:00,TH_ZP26_GEN-APND,16.5114
2025-06-19 14:00:00-07:00,TH_NP15_GEN-APND,25.65027
2025-06-19 14:00:00-07:00,TH_SP15_GEN-APND,17.48644
2025-06-19 14:00:00-07:00,TH_ZP26_GEN-APND,13.91529
2025-06-19 15:00:00-07:00,TH_NP15_GEN-APND,25.55944
2025-06-19 15:00:00-07:00,TH_SP15_GEN-APND,20.03041
2025-06-19 15:00:00-07:00,TH_ZP26_GEN-APND,16.96916
2025-06-19 16:00:00-07:00,TH_NP15_GEN-APND,29.30013
2025-06-19 16:00:00-07:00,TH_SP15_GEN-APND,24.01772
2025-06-19 16:00:00-07:00,TH_ZP26_GEN-APND,21.54639
2025-06-19 17:00:00-07:00,TH_NP15_GEN-APND,33.27878
2025-06-19 17:00:00-07:00,TH_SP15_GEN-APND,31.71448
2025-06-19 17:00:00-07:00,TH_ZP26_GEN-APND,31.48224
2025-06-19 18:00:00-07:00,TH_NP15_GEN-APND,40.40097
2025-06-19 18:00:00-07:00,TH_SP15_GEN-APND,41.33142
2025-06-19 18:00:00-07:00,TH_ZP26_GEN-APND,41.21169
2025-06-19 19:00:00-07:00,TH_NP15_GEN-APND,54.59919
2025-06-19 19:00:00-07:00,TH_SP15_GEN-APND,56.5098
2025-06-19 19:00:00-07:00,TH_ZP26_GEN-APND,53.6084
2025-06-19 20:00:00-07:00,TH_NP15_GEN-APND,51.86915
2025-06-19 20:00:00-07:00,TH_SP15_GEN-APND,55.41
2025-06-19 20:00:00-07:00,TH_ZP26_GEN-APND,51.17993
2025-06-19 21:00:00-07:00,TH_NP15_GEN-APND,44.88519
2025-06-19 21:00:00-07:00,TH_SP15_GEN-APND,46.7301
2025-06-19 21:00:00-07:00,TH_ZP26_GEN-APND,45.06014
2025-06-19 22:00:00-07:00,TH_NP15_GEN-APND,38.46403
2025-06-19 22:00:00-07:00,TH_SP15_GEN-APND,39.40616
2025-06-19 22:00:00-07:00,TH_ZP26_GEN-APND,39.21332
2025-06-19 23:00:00-07:00,TH_NP15_GEN-APND,37.39474
2025-06-19 23:00:00-07:00,TH_SP15_GEN-APND,38.38512
2025-06-19 23:00:00-07:00,TH_ZP26_GEN-APND,38.20951
2025-06-20 00:00:00-07:00,TH_NP15_GEN-APND,33.50244
2025-06-20 00:00:00-07:00,TH_SP15_GEN-APND,33.30223
2025-06-20 00:00:00-07:00,TH_ZP26_GEN-APND,33.39085
2025-06-20 01:00:00-07:00,TH_NP15_GEN-APND,33.30612
2025-06-20 01:00:00-07:00,TH_SP15_GEN-APND,32.68624
2025-06-20 01:00:00-07:00,TH_ZP26_GEN-APND,32.98685
2025-06-20 02:00:00-07:00,TH_NP15_GEN-APND,33.87194
2025-06-20 02:00:00-07:00,TH_SP15_GEN-APND,33.37382
2025-06-20 02:00:00-07:00,TH_ZP26_GEN-APND,33.55952
2025-06-20 03:00:00-07:00,TH_NP15_GEN-APND,33.03549
2025-06-20 03:00:00-07:00,TH_SP15_GEN-APND,32.46536
2025-06-20 03:00:00-07:00,TH_ZP26_GEN-APND,32.71253
2025-06-20 04:00:00-07:00,TH_NP15_GEN-APND,33.43543
2025-06-20 04:00:00-07:00,TH_SP15_GEN-APND,33.65449
2025-06-20 04:00:00-07:00,TH_ZP26_GEN-APND,33.89006
2025-06-20 05:00:00-07:00,TH_NP15_GEN-APND,34.1888
2025-06-20 05:00:00-07:00,TH_SP15_GEN-APND,33.85659
2025-06-20 05:00:00-07:00,TH_ZP26_GEN-APND,34.22343
2025-06-20 06:00:00-07:00,TH_NP15_GEN-APND,33.10191
2025-06-20 06:00:00-07:00,TH_SP15_GEN-APND,32.41188
2025-06-20 06:00:00-07:00,TH_ZP26_GEN-APND,32.75633
2025-06-20 07:00:00-07:00,TH_NP15_GEN-APND,19.16565
2025-06-20 07:00:00-07:00,TH_SP15_GEN-APND,3.05979
2025-06-20 07:00:00-07:00,TH_ZP26_GEN-APND,-0.22177
2025-06-20 08:00:00-07:00,TH_NP15_GEN-APND,24.89495
2025-06-20 08:00:00-07:00,TH_SP15_GEN-APND,-2.81968
2025-06-20 08:00:00-07:00,TH_ZP26_GEN-APND,-6.36362
2025-06-20 09:00:00-07:00,TH_NP15_GEN-APND,20.63741
2025-06-20 09:00:00-07:00,TH_SP15_GEN-APND,-2.94855
2025-06-20 09:00:00-07:00,TH_ZP26_GEN-APND,-7.46504
2025-06-20 10:00:00-07:00,TH_NP15_GEN-APND,10.34421
2025-06-20 10:00:00-07:00,TH_SP15_GEN-APND,-0.63101
2025-06-20 10:00:00-07:00,TH_ZP26_GEN-APND,-4.00555
2025-06-20 11:00:00-07:00,TH_NP15_GEN-APND,8.7651
2025-06-20 11:00:00-07:00,TH_SP15_GEN-APND,-2.99584
2025-06-20 11:00:00-07:00,TH_ZP26_GEN-APND,-6.50883
2025-06-20 12:00:00-07:00,TH_NP15_GEN-APND,8.18596
2025-06-20 12:00:00-07:00,TH_SP15_GEN-APND,-1.06634
2025-06-20 12:00:00-07:00,TH_ZP26_GEN-APND,-4.4343
2025-06-20 13:00:00-07:00,TH_NP15_GEN-APND,10.30734
2025-06-20 13:00:00-07:00,TH_SP15_GEN-APND,-0.4701
2025-06-20 13:00:00-07:00,TH_ZP26_GEN-APND,-3.98278
2025-06-20 14:00:00-07:00,TH_NP15_GEN-APND,11.87127
2025-06-20 14:00:00-07:00,TH_SP15_GEN-APND,-0.74336
2025-06-20 14:00:00-07:00,TH_ZP26_GEN-APND,-4.54136
2025-06-20 15:00:00-07:00,TH_NP15_GEN-APND,13.71955
2025-06-20 15:00:00-07:00,TH_SP15_GEN-APND,-0.17026
2025-06-20 15:00:00-07:00,TH_ZP26_GEN-APND,-4.13982
2025-06-20 16:00:00-07:00,TH_NP15_GEN-APND,15.6733
2025-06-20 16:00:00-07:00,TH_SP15_GEN-APND,3.88902
2025-06-20 16:00:00-07:00,TH_ZP26_GEN-APND,1.07337
2025-06-20 17:00:00-07:00,TH_NP15_GEN-APND,18.67636
2025-06-20 17:00:00-07:00,TH_SP15_GEN-APND,13.45996
2025-06-20 17:00:00-07:00,TH_ZP26_GEN-APND,11.88585
2025-06-20 18:00:00-07:00,TH_NP15_GEN-APND,31.86989
2025-06-20 18:00:00-07:00,TH_SP15_GEN-APND,34.28098
2025-06-20 18:00:00-07:00,TH_ZP26_GEN-APND,31.00407
2025-06-20 19:00:00-07:00,TH_NP15_GEN-APND,39.77201
2025-06-20 19:00:00-07:00,TH_SP15_GEN-APND,40.08238
2025-06-20 19:00:00-07:00,TH_ZP26_GEN-APND,39.43649
2025-06-20 20:00:00-07:00,TH_NP15_GEN-APND,44.47641
2025-06-20 20:00:00-07:00,TH_SP15_GEN-APND,44.41958
2025-06-20 20:00:00-07:00,TH_ZP26_GEN-APND,43.99511
2025-06-20 21:00:00-07:00,TH_NP15_GEN-APND,40.33893
2025-06-20 21:00:00-07:00,TH_SP15_GEN-APND,40.19882
2025-06-20 21:00:00-07:00,TH_ZP26_GEN-APND,40.09
2025-06-20 22:00:00-07:00,TH_NP15_GEN-APND,38.2825
2025-06-20 22:00:00-07:00,TH_SP15_GEN-APND,38.14475
2025-06-20 22:00:00-07:00,TH_ZP26_GEN-APND,38.29113
2025-06-20 23:00:00-07:00,TH_NP15_GEN-APND,38.45121
2025-06-20 23:00:00-07:00,TH_SP15_GEN-APND,38.33264
2025-06-20 23:00:00-07:00,TH_ZP26_GEN-APND,38.44135
2025-06-21 00:00:00-07:00,TH_NP15_GEN-APND,35.72954
2025-06-21 00:00:00-07:00,TH_SP15_GEN-APND,34.87814
2025-06-21 00:00:00-07:00,TH_ZP26_GEN-APND,35.56857
2025-06-21 01:00:00-07:00,TH_NP15_GEN-APND,35.58799
2025-06-21 01:00:00-07:00,TH_SP15_GEN-APND,34.56382
2025-06-21 01:00:00-07:00,TH_ZP26_GEN-APND,35.40611
2025-06-21 02:00:00-07:00,TH_NP15_GEN-APND,33.3269
2025-06-21 02:00:00-07:00,TH_SP15_GEN-APND,31.82137
2025-06-21 02:00:00-07:00,TH_ZP26_GEN-APND,33.00877
2025-06-21 03:00:00-07:00,TH_NP15_GEN-APND,34.07747
2025-06-21 03:00:00-07:00,TH_SP15_GEN-APND,33.81202
2025-06-21 03:00:00-07:00,TH_ZP26_GEN-APND,34.36848
2025-06-21 04:00:00-07:00,TH_NP15_GEN-APND,33.65709
2025-06-21 04:00:00-07:00,TH_SP15_GEN-APND,33.97737
2025-06-21 04:00:00-07:00,TH_ZP26_GEN-APND,33.91613
2025-06-21 05:00:00-07:00,TH_NP15_GEN-APND,31.95951
2025-06-21 05:00:00-07:00,TH_SP15_GEN-APND,31.80567
2025-06-21 05:00:00-07:00,TH_ZP26_GEN-APND,31.89804
2025-06-21 06:00:00-07:00,TH_NP15_GEN-APND,22.16316
2025-06-21 06:00:00-07:00,TH_SP15_GEN-APND,20.84
2025-06-21 06:00:00-07:00,TH_ZP26_GEN-APND,21.15415
2025-06-21 07:00:00-07:00,TH_NP15_GEN-APND,8.76238
2025-06-21 07:00:00-07:00,TH_SP15_GEN-APND,-10.64956
2025-06-21 07:00:00-07:00,TH_ZP26_GEN-APND,-5.98312
2025-06-21 08:00:00-07:00,TH_NP15_GEN-APND,5.50681
2025-06-21 08:00:00-07:00,TH_SP15_GEN-APND,-18.52756
2025-06-21 08:00:00-07:00,TH_ZP26_GEN-APND,-17.10971
2025-06-21 09:00:00-07:00,TH_NP15_GEN-APND,1.03165
2025-06-21 09:00:00-07:00,TH_SP15_GEN-APND,-18.49286
2025-06-21 09:00:00-07:00,TH_ZP26_GEN-APND,-18.19874
2025-06-21 10:00:00-07:00,TH_NP15_GEN-APND,-7.08022
2025-06-21 10:00:00-07:00,TH_SP15_GEN-APND,-14.73739
2025-06-21 10:00:00-07:00,TH_ZP26_GEN-APND,-17.76818
2025-06-21 11:00:00-07:00,TH_NP15_GEN-APND,-7.52192
2025-06-21 11:00:00-07:00,TH_SP15_GEN-APND,-14.04061
2025-06-21 11:00:00-07:00,TH_ZP26_GEN-APND,-16.82997
2025-06-21 12:00:00-07:00,TH_NP15_GEN-APND,-8.19819
2025-06-21 12:00:00-07:00,TH_SP15_GEN-APND,-13.17319
2025-06-21 12:00:00-07:00,TH_ZP26_GEN-APND,-15.59927
2025-06-21 13:00:00-07:00,TH_NP15_GEN-APND,-8.43722
2025-06-21 13:00:00-07:00,TH_SP15_GEN-APND,-12.81148
2025-06-21 13:00:00-07:00,TH_ZP26_GEN-APND,-15.02367
2025-06-21 14:00:00-07:00,TH_NP15_GEN-APND,-8.13071
2025-06-21 14:00:00-07:00,TH_SP15_GEN-APND,-12.10814
2025-06-21 14:00:00-07:00,TH_ZP26_GEN-APND,-14.2639
2025-06-21 15:00:00-07:00,TH_NP15_GEN-APND,-4.63649
2025-06-21 15:00:00-07:00,TH_SP15_GEN-APND,-13.22578
2025-06-21 15:00:00-07:00,TH_ZP26_GEN-APND,-16.76407
2025-06-21 16:00:00-07:00,TH_NP15_GEN-APND,-2.63718
2025-06-21 16:00:00-07:00,TH_SP15_GEN-APND,-10.34072
2025-06-21 16:00:00-07:00,TH_ZP26_GEN-APND,-13.09694
2025-06-21 17:00:00-07:00,TH_NP15_GEN-APND,0.51809
2025-06-21 17:00:00-07:00,TH_SP15_GEN-APND,-2.7872
2025-06-21 17:00:00-07:00,TH_ZP26_GEN-APND,-3.7941
2025-06-21 18:00:00-07:00,TH_NP15_GEN-APND,22.41584
2025-06-21 18:00:00-07:00,TH_SP15_GEN-APND,22.01991
2025-06-21 18:00:00-07:00,TH_ZP26_GEN-APND,21.75973
2025-06-21 19:00:00-07:00,TH_NP15_GEN-APND,38.33586
2025-06-21 19:00:00-07:00,TH_SP15_GEN-APND,37.9806
2025-06-21 19:00:00-07:00,TH_ZP26_GEN-APND,37.84201
2025-06-21 20:00:00-07:00,TH_NP15_GEN-APND,40.40182
2025-06-21 20:00:00-07:00,TH_SP15_GEN-APND,39.79434
2025-06-21 20:00:00-07:00,TH_ZP26_GEN-APND,39.90668
2025-06-21 21:00:00-07:00,TH_NP15_GEN-APND,40.10895
2025-06-21 21:00:00-07:00,TH_SP15_GEN-APND,38.94176
2025-06-21 21:00:00-07:00,TH_ZP26_GEN-APND,39.44906
2025-06-21 22:00:00-07:00,TH_NP15_GEN-APND,37.1859
2025-06-21 22:00:00-07:00,TH_SP15_GEN-APND,35.96291
2025-06-21 22:00:00-07:00,TH_ZP26_GEN-APND,37.40594
2025-06-21 23:00:00-07:00,TH_NP15_GEN-APND,36.6554
2025-06-21 23:00:00-07:00,TH_SP15_GEN-APND,36.33096
2025-06-21 23:00:00-07:00,TH_ZP26_GEN-APND,37.1221
2025-06-22 00:00:00-07:00,TH_NP15_GEN-APND,40.68499
2025-06-22 00:00:00-07:00,TH_SP15_GEN-APND,41.16233
2025-06-22 00:00:00-07:00,TH_ZP26_GEN-APND,41.16236
2025-06-22 01:00:00-07:00,TH_NP15_GEN-APND,38.95704
2025-06-22 01:00:00-07:00,TH_SP15_GEN-APND,39.3473
2025-06-22 01:00:00-07:00,TH_ZP26_GEN-APND,39.3826
2025-06-22 02:00:00-07:00,TH_NP15_GEN-APND,37.27096
2025-06-22 02:00:00-07:00,TH_SP15_GEN-APND,37.82777
2025-06-22 02:00:00-07:00,TH_ZP26_GEN-APND,37.763
2025-06-22 03:00:00-07:00,TH_NP15_GEN-APND,36.31609
2025-06-22 03:00:00-07:00,TH_SP15_GEN-APND,36.86899
2025-06-22 03:00:00-07:00,TH_ZP26_GEN-APND,36.65105
2025-06-22 04:00:00-07:00,TH_NP15_GEN-APND,37.73247
2025-06-22 04:00:00-07:00,TH_SP15_GEN-APND,38.49013
2025-06-22 04:00:00-07:00,TH_ZP26_GEN-APND,38.11561
2025-06-22 05:00:00-07:00,TH_NP15_GEN-APND,36.20299
2025-06-22 05:00:00-07:00,TH_SP15_GEN-APND,36.18565
2025-06-22 05:00:00-07:00,TH_ZP26_GEN-APND,36.11397
2025-06-22 06:00:00-07:00,TH_NP15_GEN-APND,21.57468
2025-06-22 06:00:00-07:00,TH_SP15_GEN-APND,20.36053
2025-06-22 06:00:00-07:00,TH_ZP26_GEN-APND,20.55989
2025-06-22 07:00:00-07:00,TH_NP15_GEN-APND,7.98457
2025-06-22 07:00:00-07:00,TH_SP15_GEN-APND,-6.10551
2025-06-22 07:00:00-07:00,TH_ZP26_GEN-APND,-4.83282
2025-06-22 08:00:00-07:00,TH_NP15_GEN-APND,7.95988
2025-06-22 08:00:00-07:00,TH_SP15_GEN-APND,-15.88825
2025-06-22 08:00:00-07:00,TH_ZP26_GEN-APND,-15.11924
2025-06-22 09:00:00-07:00,TH_NP15_GEN-APND,7.08168
2025-06-22 09:00:00-07:00,TH_SP15_GEN-APND,-16.07795
2025-06-22 09:00:00-07:00,TH_ZP26_GEN-APND,-15.4602
2025-06-22 10:00:00-07:00,TH_NP15_GEN-APND,0.06299
2025-06-22 10:00:00-07:00,TH_SP15_GEN-APND,-12.4899
2025-06-22 10:00:00-07:00,TH_ZP26_GEN-APND,-14.5881
2025-06-22 11:00:00-07:00,TH_NP15_GEN-APND,0.66854
2025-06-22 11:00:00-07:00,TH_SP15_GEN-APND,-12.11908
2025-06-22 11:00:00-07:00,TH_ZP26_GEN-APND,-14.66368
2025-06-22 12:00:00-07:00,TH_NP15_GEN-APND,1.0
2025-06-22 12:00:00-07:00,TH_SP15_GEN-APND,-13.08668
2025-06-22 12:00:00-07:00,TH_ZP26_GEN-APND,-15.92142
2025-06-22 13:00:00-07:00,TH_NP15_GEN-APND,5.04341
2025-06-22 13:00:00-07:00,TH_SP15_GEN-APND,-12.81
2025-06-22 13:00:00-07:00,TH_ZP26_GEN-APND,-16.56168
2025-06-22 14:00:00-07:00,TH_NP15_GEN-APND,11.26549
2025-06-22 14:00:00-07:00,TH_SP15_GEN-APND,-11.9354
2025-06-22 14:00:00-07:00,TH_ZP26_GEN-APND,-16.98753
2025-06-22 15:00:00-07:00,TH_NP15_GEN-APND,21.27683
2025-06-22 15:00:00-07:00,TH_SP15_GEN-APND,-10.53455
2025-06-22 15:00:00-07:00,TH_ZP26_GEN-APND,-17.60993
2025-06-22 16:00:00-07:00,TH_NP15_GEN-APND,20.07454
2025-06-22 16:00:00-07:00,TH_SP15_GEN-APND,-10.75756
2025-06-22 16:00:00-07:00,TH_ZP26_GEN-APND,-8.4534
2025-06-22 17:00:00-07:00,TH_NP15_GEN-APND,24.30608
2025-06-22 17:00:00-07:00,TH_SP15_GEN-APND,4.0819
2025-06-22 17:00:00-07:00,TH_ZP26_GEN-APND,1.74569
2025-06-22 18:00:00-07:00,TH_NP15_GEN-APND,35.35152
2025-06-22 18:00:00-07:00,TH_SP15_GEN-APND,32.68289
2025-06-22 18:00:00-07:00,TH_ZP26_GEN-APND,33.18813
2025-06-22 19:00:00-07:00,TH_NP15_GEN-APND,44.00996
2025-06-22 19:00:00-07:00,TH_SP15_GEN-APND,41.91784
2025-06-22 19:00:00-07:00,TH_ZP26_GEN-APND,42.13886
2025-06-22 20:00:00-07:00,TH_NP15_GEN-APND,48.66442
2025-06-22 20:00:00-07:00,TH_SP15_GEN-APND,46.09144
2025-06-22 20:00:00-07:00,TH_ZP26_GEN-APND,46.97985
2025-06-22 21:00:00-07:00,TH_NP15_GEN-APND,46.18356
2025-06-22 21:00:00-07:00,TH_SP15_GEN-APND,44.56711
2025-06-22 21:00:00-07:00,TH_ZP26_GEN-APND,45.21387
2025-06-22 22:00:00-07:00,TH_NP15_GEN-APND,39.86304
2025-06-22 22:00:00-07:00,TH_SP15_GEN-APND,38.80322
2025-06-22 22:00:00-07:00,TH_ZP26_GEN-APND,39.53152
2025-06-22 23:00:00-07:00,TH_NP15_GEN-APND,38.95309
2025-06-22 23:00:00-07:00,TH_SP15_GEN-APND,38.39516
2025-06-22 23:00:00-07:00,TH_ZP26_GEN-APND,38.96587
2025-06-23 00:00:00-07:00,TH_NP15_GEN-APND,39.18545
2025-06-23 00:00:00-07:00,TH_SP15_GEN-APND,39.58569
2025-06-23 00:00:00-07:00,TH_ZP26_GEN-APND,39.48961
2025-06-23 01:00:00-07:00,TH_NP15_GEN-APND,39.84939
2025-06-23 01:00:00-07:00,TH_SP15_GEN-APND,39.94535
2025-06-23 01:00:00-07:00,TH_ZP26_GEN-APND,39.86677
2025-06-23 02:00:00-07:00,TH_NP15_GEN-APND,39.5586
2025-06-23 02:00:00-07:00,TH_SP15_GEN-APND,40.17546
2025-06-23 02:00:00-07:00,TH_ZP26_GEN-APND,39.71897
2025-06-23 03:00:00-07:00,TH_NP15_GEN-APND,39.22901
2025-06-23 03:00:00-07:00,TH_SP15_GEN-APND,40.20066
2025-06-23 03:00:00-07:00,TH_ZP26_GEN-APND,39.62672
2025-06-23 04:00:00-07:00,TH_NP15_GEN-APND,40.85238
2025-06-23 04:00:00-07:00,TH_SP15_GEN-APND,41.86579
2025-06-23 04:00:00-07:00,TH_ZP26_GEN-APND,41.24259
2025-06-23 05:00:00-07:00,TH_NP15_GEN-APND,43.56088
2025-06-23 05:00:00-07:00,TH_SP15_GEN-APND,43.9751
2025-06-23 05:00:00-07:00,TH_ZP26_GEN-APND,43.66342
2025-06-23 06:00:00-07:00,TH_NP15_GEN-APND,38.49254
2025-06-23 06:00:00-07:00,TH_SP15_GEN-APND,37.21153
2025-06-23 06:00:00-07:00,TH_ZP26_GEN-APND,37.57364
2025-06-23 07:00:00-07:00,TH_NP15_GEN-APND,23.16108
2025-06-23 07:00:00-07:00,TH_SP15_GEN-APND,17.20148
2025-06-23 07:00:00-07:00,TH_ZP26_GEN-APND,18.22885
2025-06-23 08:00:00-07:00,TH_NP15_GEN-APND,27.73688
2025-06-23 08:00:00-07:00,TH_SP15_GEN-APND,6.19435
2025-06-23 08:00:00-07:00,TH_ZP26_GEN-APND,1.3598
2025-06-23 09:00:00-07:00,TH_NP15_GEN-APND,28.69567
2025-06-23 09:00:00-07:00,TH_SP15_GEN-APND,3.6743
2025-06-23 09:00:00-07:00,TH_ZP26_GEN-APND,-0.24242
2025-06-23 10:00:00-07:00,TH_NP15_GEN-APND,24.12157
2025-06-23 10:00:00-07:00,TH_SP15_GEN-APND,6.74574
2025-06-23 10:00:00-07:00,TH_ZP26_GEN-APND,1.64957
2025-06-23 11:00:00-07:00,TH_NP15_GEN-APND,23.83996
2025-06-23 11:00:00-07:00,TH_SP15_GEN-APND,6.68882
2025-06-23 11:00:00-07:00,TH_ZP26_GEN-APND,1.28619
2025-06-23 12:00:00-07:00,TH_NP15_GEN-APND,23.01262
2025-06-23 12:00:00-07:00,TH_SP15_GEN-APND,6.98616
2025-06-23 12:00:00-07:00,TH_ZP26_GEN-APND,1.84526
2025-06-23 13:00:00-07:00,TH_NP15_GEN-APND,29.60828
2025-06-23 13:00:00-07:00,TH_SP15_GEN-APND,2.67
2025-06-23 13:00:00-07:00,TH_ZP26_GEN-APND,-3.38979
2025-06-23 14:00:00-07:00,TH_NP15_GEN-APND,31.09113
2025-06-23 14:00:00-07:00,TH_SP15_GEN-APND,2.48942
2025-06-23 14:00:00-07:00,TH_ZP26_GEN-APND,-3.43746
2025-06-23 15:00:00-07:00,TH_NP15_GEN-APND,34.73253
2025-06-23 15:00:00-07:00,TH_SP15_GEN-APND,3.9116
2025-06-23 15:00:00-07:00,TH_ZP26_GEN-APND,-3.12932
2025-06-23 16:00:00-07:00,TH_NP15_GEN-APND,35.93508
2025-06-23 16:00:00-07:00,TH_SP15_GEN-APND,7.17967
2025-06-23 16:00:00-07:00,TH_ZP26_GEN-APND,0.55237
2025-06-23 17:00:00-07:00,TH_NP15_GEN-APND,35.01285
2025-06-23 17:00:00-07:00,TH_SP15_GEN-APND,11.40124
2025-06-23 17:00:00-07:00,TH_ZP26_GEN-APND,7.11256
2025-06-23 18:00:00-07:00,TH_NP15_GEN-APND,39.66072
2025-06-23 18:00:00-07:00,TH_SP15_GEN-APND,36.15596
2025-06-23 18:00:00-07:00,TH_ZP26_GEN-APND,36.94583
2025-06-23 19:00:00-07:00,TH_NP15_GEN-APND,48.76456
2025-06-23 19:00:00-07:00,TH_SP15_GEN-APND,45.28855
2025-06-23 19:00:00-07:00,TH_ZP26_GEN-APND,45.55139
2025-06-23 20:00:00-07:00,TH_NP15_GEN-APND,53.06931
2025-06-23 20:00:00-07:00,TH_SP15_GEN-APND,48.72751
2025-06-23 20:00:00-07:00,TH_ZP26_GEN-APND,48.86076
2025-06-23 21:00:00-07:00,TH_NP15_GEN-APND,48.64044
2025-06-23 21:00:00-07:00,TH_SP15_GEN-APND,46.21634
2025-06-23 21:00:00-07:00,TH_ZP26_GEN-APND,46.35533
2025-06-23 22:00:00-07:00,TH_NP15_GEN-APND,43.14311
2025-06-23 22:00:00-07:00,TH_SP15_GEN-APND,41.19049
2025-06-23 22:00:00-07:00,TH_ZP26_GEN-APND,42.07365
2025-06-23 23:00:00-07:00,TH_NP15_GEN-APND,41.50938
2025-06-23 23:00:00-07:00,TH_SP15_GEN-APND,41.32357
2025-06-23 23:00:00-07:00,TH_ZP26_GEN-APND,41.52828
2025-06-24 00:00:00-07:00,TH_NP15_GEN-APND,40.5757
2025-06-24 00:00:00-07:00,TH_SP15_GEN-APND,40.99898
2025-06-24 00:00:00-07:00,TH_ZP26_GEN-APND,40.81665
2025-06-24 01:00:00-07:00,TH_NP15_GEN-APND,41.0
2025-06-24 01:00:00-07:00,TH_SP15_GEN-APND,41.54742
2025-06-24 01:00:00-07:00,TH_ZP26_GEN-APND,41.47985
2025-06-24 02:00:00-07:00,TH_NP15_GEN-APND,38.62373
2025-06-24 02:00:00-07:00,TH_SP15_GEN-APND,39.2684
2025-06-24 02:00:00-07:00,TH_ZP26_GEN-APND,38.9824
2025-06-24 03:00:00-07:00,TH_NP15_GEN-APND,37.3087
2025-06-24 03:00:00-07:00,TH_SP15_GEN-APND,37.40751
2025-06-24 03:00:00-07:00,TH_ZP26_GEN-APND,37.46553
2025-06-24 04:00:00-07:00,TH_NP15_GEN-APND,38.03758
2025-06-24 04:00:00-07:00,TH_SP15_GEN-APND,38.35798
2025-06-24 04:00:00-07:00,TH_ZP26_GEN-APND,38.28448
2025-06-24 05:00:00-07:00,TH_NP15_GEN-APND,41.63443
2025-06-24 05:00:00-07:00,TH_SP15_GEN-APND,41.42421
2025-06-24 05:00:00-07:00,TH_ZP26_GEN-APND,41.71078
2025-06-24 06:00:00-07:00,TH_NP15_GEN-APND,36.27918
2025-06-24 06:00:00-07:00,TH_SP15_GEN-APND,34.95279
2025-06-24 06:00:00-07:00,TH_ZP26_GEN-APND,35.50583
2025-06-24 07:00:00-07:00,TH_NP15_GEN-APND,27.03247
2025-06-24 07:00:00-07:00,TH_SP15_GEN-APND,16.02
2025-06-24 07:00:00-07:00,TH_ZP26_GEN-APND,20.29584
2025-06-24 08:00:00-07:00,TH_NP15_GEN-APND,29.2923
2025-06-24 08:00:00-07:00,TH_SP15_GEN-APND,7.52933
2025-06-24 08:00:00-07:00,TH_ZP26_GEN-APND,4.81609
2025-06-24 09:00:00-07:00,TH_NP15_GEN-APND,27.53969
2025-06-24 09:00:00-07:00,TH_SP15_GEN-APND,5.5848
2025-06-24 09:00:00-07:00,TH_ZP26_GEN-APND,1.52979
2025-06-24 10:00:00-07:00,TH_NP15_GEN-APND,22.82311
2025-06-24 10:00:00-07:00,TH_SP15_GEN-APND,10.2024
2025-06-24 10:00:00-07:00,TH_ZP26_GEN-APND,6.76109
2025-06-24 11:00:00-07:00,TH_NP15_GEN-APND,21.3461
2025-06-24 11:00:00-07:00,TH_SP15_GEN-APND,10.39227
2025-06-24 11:00:00-07:00,TH_ZP26_GEN-APND,6.70923
2025-06-24 12:00:00-07:00,TH_NP15_GEN-APND,21.16344
2025-06-24 12:00:00-07:00,TH_SP15_GEN-APND,10.9019
2025-06-24 12:00:00-07:00,TH_ZP26_GEN-APND,7.31516
2025-06-24 13:00:00-07:00,TH_NP15_GEN-APND,21.46089
2025-06-24 13:00:00-07:00,TH_SP15_GEN-APND,10.89903
2025-06-24 13:00:00-07:00,TH_ZP26_GEN-APND,7.22314
2025-06-24 14:00:00-07:00,TH_NP15_GEN-APND,22.58253
2025-06-24 14:00:00-07:00,TH_SP15_GEN-APND,9.62153
2025-06-24 14:00:00-07:00,TH_ZP26_GEN-APND,5.57816
2025-06-24 15:00:00-07:00,TH_NP15_GEN-APND,27.35331
2025-06-24 15:00:00-07:00,TH_SP15_GEN-APND,8.37
2025-06-24 15:00:00-07:00,TH_ZP26_GEN-APND,3.59045
2025-06-24 16:00:00-07:00,TH_NP15_GEN-APND,27.1334
2025-06-24 16:00:00-07:00,TH_SP15_GEN-APND,9.81991
2025-06-24 16:00:00-07:00,TH_ZP26_GEN-APND,6.04788
2025-06-24 17:00:00-07:00,TH_NP15_GEN-APND,29.31855
2025-06-24 17:00:00-07:00,TH_SP15_GEN-APND,13.41234
2025-06-24 17:00:00-07:00,TH_ZP26_GEN-APND,10.64583
2025-06-24 18:00:00-07:00,TH_NP15_GEN-APND,37.3576
2025-06-24 18:00:00-07:00,TH_SP15_GEN-APND,36.60165
2025-06-24 18:00:00-07:00,TH_ZP26_GEN-APND,36.48331
2025-06-24 19:00:00-07:00,TH_NP15_GEN-APND,46.19411
2025-06-24 19:00:00-07:00,TH_SP15_GEN-APND,44.14667
2025-06-24 19:00:00-07:00,TH_ZP26_GEN-APND,44.33664
2025-06-24 20:00:00-07:00,TH_NP15_GEN-APND,49.12189
2025-06-24 20:00:00-07:00,TH_SP15_GEN-APND,46.05355
2025-06-24 20:00:00-07:00,TH_ZP26_GEN-APND,46.49346
2025-06-24 21:00:00-07:00,TH_NP15_GEN-APND,45.84632
2025-06-24 21:00:00-07:00,TH_SP15_GEN-APND,43.92541
2025-06-24 21:00:00-07:00,TH_ZP26_GEN-APND,44.20218
2025-06-24 22:00:00-07:00,TH_NP15_GEN-APND,39.13933
2025-06-24 22:00:00-07:00,TH_SP15_GEN-APND,39.12724
2025-06-24 22:00:00-07:00,TH_ZP26_GEN-APND,39.4713
2025-06-24 23:00:00-07:00,TH_NP15_GEN-APND,39.01978
2025-06-24 23:00:00-07:00,TH_SP15_GEN-APND,38.93745
2025-06-24 23:00:00-07:00,TH_ZP26_GEN-APND,39.28624
2025-06-25 00:00:00-07:00,TH_NP15_GEN-APND,39.72482
2025-06-25 00:00:00-07:00,TH_SP15_GEN-APND,39.82051
2025-06-25 00:00:00-07:00,TH_ZP26_GEN-APND,40.0
2025-06-25 01:00:00-07:00,TH_NP15_GEN-APND,39.21007
2025-06-25 01:00:00-07:00,TH_SP15_GEN-APND,38.96846
2025-06-25 01:00:00-07:00,TH_ZP26_GEN-APND,39.22973
2025-06-25 02:00:00-07:00,TH_NP15_GEN-APND,36.1391
2025-06-25 02:00:00-07:00,TH_SP15_GEN-APND,36.1126
2025-06-25 02:00:00-07:00,TH_ZP26_GEN-APND,36.19616
2025-06-25 03:00:00-07:00,TH_NP15_GEN-APND,34.54577
2025-06-25 03:00:00-07:00,TH_SP15_GEN-APND,34.64413
2025-06-25 03:00:00-07:00,TH_ZP26_GEN-APND,34.65844
2025-06-25 04:00:00-07:00,TH_NP15_GEN-APND,36.08863
2025-06-25 04:00:00-07:00,TH_SP15_GEN-APND,36.1101
2025-06-25 04:00:00-07:00,TH_ZP26_GEN-APND,36.18354
2025-06-25 05:00:00-07:00,TH_NP15_GEN-APND,40.06775
2025-06-25 05:00:00-07:00,TH_SP15_GEN-APND,39.63436
2025-06-25 05:00:00-07:00,TH_ZP26_GEN-APND,39.9758
2025-06-25 06:00:00-07:00,TH_NP15_GEN-APND,38.24766
2025-06-25 06:00:00-07:00,TH_SP15_GEN-APND,36.53835
2025-06-25 06:00:00-07:00,TH_ZP26_GEN-APND,36.98996
2025-06-25 07:00:00-07:00,TH_NP15_GEN-APND,26.04068
2025-06-25 07:00:00-07:00,TH_SP15_GEN-APND,20.20838
2025-06-25 07:00:00-07:00,TH_ZP26_GEN-APND,20.31862
2025-06-25 08:00:00-07:00,TH_NP15_GEN-APND,24.18796
2025-06-25 08:00:00-07:00,TH_SP15_GEN-APND,14.92031
2025-06-25 08:00:00-07:00,TH_ZP26_GEN-APND,12.91831
2025-06-25 09:00:00-07:00,TH_NP15_GEN-APND,26.26096
2025-06-25 09:00:00-07:00,TH_SP15_GEN-APND,14.61435
2025-06-25 09:00:00-07:00,TH_ZP26_GEN-APND,11.41848
2025-06-25 10:00:00-07:00,TH_NP15_GEN-APND,21.111
2025-06-25 10:00:00-07:00,TH_SP15_GEN-APND,18.13382
2025-06-25 10:00:00-07:00,TH_ZP26_GEN-APND,15.14993
2025-06-25 11:00:00-07:00,TH_NP15_GEN-APND,20.55247
2025-06-25 11:00:00-07:00,TH_SP15_GEN-APND,17.69995
2025-06-25 11:00:00-07:00,TH_ZP26_GEN-APND,14.45728
2025-06-25 12:00:00-07:00,TH_NP15_GEN-APND,20.0994
2025-06-25 12:00:00-07:00,TH_SP15_GEN-APND,17.58617
2025-06-25 12:00:00-07:00,TH_ZP26_GEN-APND,14.27401
2025-06-25 13:00:00-07:00,TH_NP15_GEN-APND,21.3808
2025-06-25 13:00:00-07:00,TH_SP15_GEN-APND,18.43487
2025-06-25 13:00:00-07:00,TH_ZP26_GEN-APND,15.16979
2025-06-25 14:00:00-07:00,TH_NP15_GEN-APND,22.20426
2025-06-25 14:00:00-07:00,TH_SP15_GEN-APND,16.27735
2025-06-25 14:00:00-07:00,TH_ZP26_GEN-APND,12.5655
2025-06-25 15:00:00-07:00,TH_NP15_GEN-APND,25.44039
2025-06-25 15:00:00-07:00,TH_SP15_GEN-APND,16.4892
2025-06-25 15:00:00-07:00,TH_ZP26_GEN-APND,12.73292
2025-06-25 16:00:00-07:00,TH_NP15_GEN-APND,28.80712
2025-06-25 16:00:00-07:00,TH_SP15_GEN-APND,21.05885
2025-06-25 16:00:00-07:00,TH_ZP26_GEN-APND,18.47523
2025-06-25 17:00:00-07:00,TH_NP15_GEN-APND,32.02759
2025-06-25 17:00:00-07:00,TH_SP15_GEN-APND,26.19615
2025-06-25 17:00:00-07:00,TH_ZP26_GEN-APND,25.43328
2025-06-25 18:00:00-07:00,TH_NP15_GEN-APND,41.3457
2025-06-25 18:00:00-07:00,TH_SP15_GEN-APND,40.2111
2025-06-25 18:00:00-07:00,TH_ZP26_GEN-APND,39.72471
2025-06-25 19:00:00-07:00,TH_NP15_GEN-APND,54.28222
2025-06-25 19:00:00-07:00,TH_SP15_GEN-APND,51.67321
2025-06-25 19:00:00-07:00,TH_ZP26_GEN-APND,50.81806
2025-06-25 20:00:00-07:00,TH_NP15_GEN-APND,56.06279
2025-06-25 20:00:00-07:00,TH_SP15_GEN-APND,53.10317
2025-06-25 20:00:00-07:00,TH_ZP26_GEN-APND,53.13576
2025-06-25 21:00:00-07:00,TH_NP15_GEN-APND,48.14006
2025-06-25 21:00:00-07:00,TH_SP15_GEN-APND,46.67846
2025-06-25 21:00:00-07:00,TH_ZP26_GEN-APND,47.76532
2025-06-25 22:00:00-07:00,TH_NP15_GEN-APND,40.95927
2025-06-25 22:00:00-07:00,TH_SP15_GEN-APND,42.04276
2025-06-25 22:00:00-07:00,TH_ZP26_GEN-APND,41.35076
2025-06-25 23:00:00-07:00,TH_NP15_GEN-APND,38.81334
2025-06-25 23:00:00-07:00,TH_SP15_GEN-APND,41.23166
2025-06-25 23:00:00-07:00,TH_ZP26_GEN-APND,40.12113
2025-06-26 00:00:00-07:00,TH_NP15_GEN-APND,39.23091
2025-06-26 00:00:00-07:00,TH_SP15_GEN-APND,39.83448
2025-06-26 00:00:00-07:00,TH_ZP26_GEN-APND,39.67348
2025-06-26 01:00:00-07:00,TH_NP15_GEN-APND,37.14074
2025-06-26 01:00:00-07:00,TH_SP15_GEN-APND,37.14578
2025-06-26 01:00:00-07:00,TH_ZP26_GEN-APND,37.32633
2025-06-26 02:00:00-07:00,TH_NP15_GEN-APND,35.44966
2025-06-26 02:00:00-07:00,TH_SP15_GEN-APND,35.48276
2025-06-26 02:00:00-07:00,TH_ZP26_GEN-APND,35.53175
2025-06-26 03:00:00-07:00,TH_NP15_GEN-APND,34.53326
2025-06-26 03:00:00-07:00,TH_SP15_GEN-APND,34.54674
2025-06-26 03:00:00-07:00,TH_ZP26_GEN-APND,34.64424
2025-06-26 04:00:00-07:00,TH_NP15_GEN-APND,36.85858
2025-06-26 04:00:00-07:00,TH_SP15_GEN-APND,36.98285
2025-06-26 04:00:00-07:00,TH_ZP26_GEN-APND,36.98526
2025-06-26 05:00:00-07:00,TH_NP15_GEN-APND,41.15828
2025-06-26 05:00:00-07:00,TH_SP15_GEN-APND,40.32386
2025-06-26 05:00:00-07:00,TH_ZP26_GEN-APND,40.61218
2025-06-26 06:00:00-07:00,TH_NP15_GEN-APND,36.20895
2025-06-26 06:00:00-07:00,TH_SP15_GEN-APND,33.80215
2025-06-26 06:00:00-07:00,TH_ZP26_GEN-APND,34.5545
2025-06-26 07:00:00-07:00,TH_NP15_GEN-APND,26.49712
2025-06-26 07:00:00-07:00,TH_SP15_GEN-APND,21.94015
2025-06-26 07:00:00-07:00,TH_ZP26_GEN-APND,21.9275
2025-06-26 08:00:00-07:00,TH_NP15_GEN-APND,28.5093
2025-06-26 08:00:00-07:00,TH_SP15_GEN-APND,16.9882
2025-06-26 08:00:00-07:00,TH_ZP26_GEN-APND,15.07838
2025-06-26 09:00:00-07:00,TH_NP15_GEN-APND,28.69965
2025-06-26 09:00:00-07:00,TH_SP15_GEN-APND,15.64
2025-06-26 09:00:00-07:00,TH_ZP26_GEN-APND,12.91321
2025-06-26 10:00:00-07:00,TH_NP15_GEN-APND,24.0455
2025-06-26 10:00:00-07:00,TH_SP15_GEN-APND,20.09549
2025-06-26 10:00:00-07:00,TH_ZP26_GEN-APND,17.9101
2025-06-26 11:00:00-07:00,TH_NP15_GEN-APND,23.95107
2025-06-26 11:00:00-07:00,TH_SP15_GEN-APND,20.23733
2025-06-26 11:00:00-07:00,TH_ZP26_GEN-APND,16.87
2025-06-26 12:00:00-07:00,TH_NP15_GEN-APND,23.81957
2025-06-26 12:00:00-07:00,TH_SP15_GEN-APND,20.53352
2025-06-26 12:00:00-07:00,TH_ZP26_GEN-APND,16.87158
2025-06-26 13:00:00-07:00,TH_NP15_GEN-APND,24.6072
2025-06-26 13:00:00-07:00,TH_SP15_GEN-APND,19.9389
2025-06-26 13:00:00-07:00,TH_ZP26_GEN-APND,16.9263
2025-06-26 14:00:00-07:00,TH_NP15_GEN-APND,27.5
2025-06-26 14:00:00-07:00,TH_SP15_GEN-APND,17.64649
2025-06-26 14:00:00-07:00,TH_ZP26_GEN-APND,13.28503
2025-06-26 15:00:00-07:00,TH_NP15_GEN-APND,28.05553
2025-06-26 15:00:00-07:00,TH_SP15_GEN-APND,17.75869
2025-06-26 15:00:00-07:00,TH_ZP26_GEN-APND,14.6548
2025-06-26 16:00:00-07:00,TH_NP15_GEN-APND,29.16768
2025-06-26 16:00:00-07:00,TH_SP15_GEN-APND,19.86585
2025-06-26 16:00:00-07:00,TH_ZP26_GEN-APND,17.64617
2025-06-26 17:00:00-07:00,TH_NP15_GEN-APND,36.84342
2025-06-26 17:00:00-07:00,TH_SP15_GEN-APND,29.53014
2025-06-26 17:00:00-07:00,TH_ZP26_GEN-APND,29.0733
2025-06-26 18:00:00-07:00,TH_NP15_GEN-APND,42.08935
2025-06-26 18:00:00-07:00,TH_SP15_GEN-APND,40.69549
2025-06-26 18:00:00-07:00,TH_ZP26_GEN-APND,40.30426
2025-06-26 19:00:00-07:00,TH_NP15_GEN-APND,53.83232
2025-06-26 19:00:00-07:00,TH_SP15_GEN-APND,49.56944
2025-06-26 19:00:00-07:00,TH_ZP26_GEN-APND,50.09522
2025-06-26 20:00:00-07:00,TH_NP15_GEN-APND,53.85705
2025-06-26 20:00:00-07:00,TH_SP15_GEN-APND,49.74771
2025-06-26 20:00:00-07:00,TH_ZP26_GEN-APND,50.37117
2025-06-26 21:00:00-07:00,TH_NP15_GEN-APND,48.58242
2025-06-26 21:00:00-07:00,TH_SP15_GEN-APND,46.03582
2025-06-26 21:00:00-07:00,TH_ZP26_GEN-APND,46.5181
2025-06-26 22:00:00-07:00,TH_NP15_GEN-APND,43.6903
2025-06-26 22:00:00-07:00,TH_SP15_GEN-APND,43.12863
2025-06-26 22:00:00-07:00,TH_ZP26_GEN-APND,43.64856
2025-06-26 23:00:00-07:00,TH_NP15_GEN-APND,41.7381
2025-06-26 23:00:00-07:00,TH_SP15_GEN-APND,42.64674
2025-06-26 23:00:00-07:00,TH_ZP26_GEN-APND,42.60175
2025-06-27 00:00:00-07:00,TH_NP15_GEN-APND,42.69991
2025-06-27 00:00:00-07:00,TH_SP15_GEN-APND,43.24035
2025-06-27 00:00:00-07:00,TH_ZP26_GEN-APND,43.14624
2025-06-27 01:00:00-07:00,TH_NP15_GEN-APND,41.91
2025-06-27 01:00:00-07:00,TH_SP15_GEN-APND,42.21436
2025-06-27 01:00:00-07:00,TH_ZP26_GEN-APND,42.19242
2025-06-27 02:00:00-07:00,TH_NP15_GEN-APND,41.37528
2025-06-27 02:00:00-07:00,TH_SP15_GEN-APND,41.73503
2025-06-27 02:00:00-07:00,TH_ZP26_GEN-APND,41.6203
2025-06-27 03:00:00-07:00,TH_NP15_GEN-APND,40.22026
2025-06-27 03:00:00-07:00,TH_SP15_GEN-APND,40.4239
2025-06-27 03:00:00-07:00,TH_ZP26_GEN-APND,40.36
2025-06-27 04:00:00-07:00,TH_NP15_GEN-APND,41.34103
2025-06-27 04:00:00-07:00,TH_SP15_GEN-APND,41.74967
2025-06-27 04:00:00-07:00,TH_ZP26_GEN-APND,41.60827
2025-06-27 05:00:00-07:00,TH_NP15_GEN-APND,44.47115
2025-06-27 05:00:00-07:00,TH_SP15_GEN-APND,44.81922
2025-06-27 05:00:00-07:00,TH_ZP26_GEN-APND,44.57525
2025-06-27 06:00:00-07:00,TH_NP15_GEN-APND,38.60639
2025-06-27 06:00:00-07:00,TH_SP15_GEN-APND,37.4751
2025-06-27 06:00:00-07:00,TH_ZP26_GEN-APND,37.63502
2025-06-27 07:00:00-07:00,TH_NP15_GEN-APND,29.63012
2025-06-27 07:00:00-07:00,TH_SP15_GEN-APND,24.94164
2025-06-27 07:00:00-07:00,TH_ZP26_GEN-APND,24.26133
2025-06-27 08:00:00-07:00,TH_NP15_GEN-APND,26.54904
2025-06-27 08:00:00-07:00,TH_SP15_GEN-APND,18.4981
2025-06-27 08:00:00-07:00,TH_ZP26_GEN-APND,17.0647
2025-06-27 09:00:00-07:00,TH_NP15_GEN-APND,27.30011
2025-06-27 09:00:00-07:00,TH_SP15_GEN-APND,17.74803
2025-06-27 09:00:00-07:00,TH_ZP26_GEN-APND,15.22067
2025-06-27 10:00:00-07:00,TH_NP15_GEN-APND,24.81085
2025-06-27 10:00:00-07:00,TH_SP15_GEN-APND,20.78292
2025-06-27 10:00:00-07:00,TH_ZP26_GEN-APND,18.70303
2025-06-27 11:00:00-07:00,TH_NP15_GEN-APND,23.86996
2025-06-27 11:00:00-07:00,TH_SP15_GEN-APND,20.48837
2025-06-27 11:00:00-07:00,TH_ZP26_GEN-APND,17.95654
2025-06-27 12:00:00-07:00,TH_NP15_GEN-APND,24.72376
2025-06-27 12:00:00-07:00,TH_SP15_GEN-APND,19.9458
2025-06-27 12:00:00-07:00,TH_ZP26_GEN-APND,17.24925
2025-06-27 13:00:00-07:00,TH_NP15_GEN-APND,25.80641
2025-06-27 13:00:00-07:00,TH_SP15_GEN-APND,17.50252
2025-06-27 13:00:00-07:00,TH_ZP26_GEN-APND,14.25667
2025-06-27 14:00:00-07:00,TH_NP15_GEN-APND,26.70393
2025-06-27 14:00:00-07:00,TH_SP15_GEN-APND,16.55068
2025-06-27 14:00:00-07:00,TH_ZP26_GEN-APND,12.67636
2025-06-27 15:00:00-07:00,TH_NP15_GEN-APND,30.40791
2025-06-27 15:00:00-07:00,TH_SP15_GEN-APND,20.73186
2025-06-27 15:00:00-07:00,TH_ZP26_GEN-APND,17.19607
2025-06-27 16:00:00-07:00,TH_NP15_GEN-APND,32.69192
2025-06-27 16:00:00-07:00,TH_SP15_GEN-APND,22.50162
2025-06-27 16:00:00-07:00,TH_ZP26_GEN-APND,21.35481
2025-06-27 17:00:00-07:00,TH_NP15_GEN-APND,38.26687
2025-06-27 17:00:00-07:00,TH_SP15_GEN-APND,30.1698
2025-06-27 17:00:00-07:00,TH_ZP26_GEN-APND,30.18772
2025-06-27 18:00:00-07:00,TH_NP15_GEN-APND,45.32455
2025-06-27 18:00:00-07:00,TH_SP15_GEN-APND,43.88111
2025-06-27 18:00:00-07:00,TH_ZP26_GEN-APND,43.32019
2025-06-27 19:00:00-07:00,TH_NP15_GEN-APND,59.64865
2025-06-27 19:00:00-07:00,TH_SP15_GEN-APND,56.35224
2025-06-27 19:00:00-07:00,TH_ZP26_GEN-APND,56.16016
2025-06-27 20:00:00-07:00,TH_NP15_GEN-APND,57.92283
2025-06-27 20:00:00-07:00,TH_SP15_GEN-APND,54.71153
2025-06-27 20:00:00-07:00,TH_ZP26_GEN-APND,54.70102
2025-06-27 21:00:00-07:00,TH_NP15_GEN-APND,50.70265
2025-06-27 21:00:00-07:00,TH_SP15_GEN-APND,48.67869
2025-06-27 21:00:00-07:00,TH_ZP26_GEN-APND,49.20183
2025-06-27 22:00:00-07:00,TH_NP15_GEN-APND,43.94433
2025-06-27 22:00:00-07:00,TH_SP15_GEN-APND,44.37729
2025-06-27 22:00:00-07:00,TH_ZP26_GEN-APND,44.15117
2025-06-27 23:00:00-07:00,TH_NP15_GEN-APND,43.22253
2025-06-27 23:00:00-07:00,TH_SP15_GEN-APND,44.05534
2025-06-27 23:00:00-07:00,TH_ZP26_GEN-APND,43.85363
2025-06-28 00:00:00-07:00,TH_NP15_GEN-APND,44.29221
2025-06-28 00:00:00-07:00,TH_SP15_GEN-APND,44.85418
2025-06-28 00:00:00-07:00,TH_ZP26_GEN-APND,44.76324
2025-06-28 01:00:00-07:00,TH_NP15_GEN-APND,42.16941
2025-06-28 01:00:00-07:00,TH_SP15_GEN-APND,42.17526
2025-06-28 01:00:00-07:00,TH_ZP26_GEN-APND,42.33487
2025-06-28 02:00:00-07:00,TH_NP15_GEN-APND,39.43267
2025-06-28 02:00:00-07:00,TH_SP15_GEN-APND,39.65861
2025-06-28 02:00:00-07:00,TH_ZP26_GEN-APND,39.62633
2025-06-28 03:00:00-07:00,TH_NP15_GEN-APND,40.54976
2025-06-28 03:00:00-07:00,TH_SP15_GEN-APND,40.64497
2025-06-28 03:00:00-07:00,TH_ZP26_GEN-APND,40.74049
2025-06-28 04:00:00-07:00,TH_NP15_GEN-APND,40.36644
2025-06-28 04:00:00-07:00,TH_SP15_GEN-APND,40.56423
2025-06-28 04:00:00-07:00,TH_ZP26_GEN-APND,40.53853
2025-06-28 05:00:00-07:00,TH_NP15_GEN-APND,38.80474
2025-06-28 05:00:00-07:00,TH_SP15_GEN-APND,39.19723
2025-06-28 05:00:00-07:00,TH_ZP26_GEN-APND,38.87632
2025-06-28 06:00:00-07:00,TH_NP15_GEN-APND,35.25599
2025-06-28 06:00:00-07:00,TH_SP15_GEN-APND,34.56884
2025-06-28 06:00:00-07:00,TH_ZP26_GEN-APND,34.89023
2025-06-28 07:00:00-07:00,TH_NP15_GEN-APND,19.97531
2025-06-28 07:00:00-07:00,TH_SP15_GEN-APND,15.42613
2025-06-28 07:00:00-07:00,TH_ZP26_GEN-APND,15.06597
2025-06-28 08:00:00-07:00,TH_NP15_GEN-APND,22.40918
2025-06-28 08:00:00-07:00,TH_SP15_GEN-APND,9.6392
2025-06-28 08:00:00-07:00,TH_ZP26_GEN-APND,7.89272
2025-06-28 09:00:00-07:00,TH_NP15_GEN-APND,23.36
2025-06-28 09:00:00-07:00,TH_SP15_GEN-APND,9.37396
2025-06-28 09:00:00-07:00,TH_ZP26_GEN-APND,6.07202
2025-06-28 10:00:00-07:00,TH_NP15_GEN-APND,19.42253
2025-06-28 10:00:00-07:00,TH_SP15_GEN-APND,12.88243
2025-06-28 10:00:00-07:00,TH_ZP26_GEN-APND,10.83895
2025-06-28 11:00:00-07:00,TH_NP15_GEN-APND,20.54739
2025-06-28 11:00:00-07:00,TH_SP15_GEN-APND,12.67243
2025-06-28 11:00:00-07:00,TH_ZP26_GEN-APND,9.07986
2025-06-28 12:00:00-07:00,TH_NP15_GEN-APND,22.14194
2025-06-28 12:00:00-07:00,TH_SP15_GEN-APND,10.7
2025-06-28 12:00:00-07:00,TH_ZP26_GEN-APND,6.4251
2025-06-28 13:00:00-07:00,TH_NP15_GEN-APND,26.53612
2025-06-28 13:00:00-07:00,TH_SP15_GEN-APND,7.7927
2025-06-28 13:00:00-07:00,TH_ZP26_GEN-APND,2.53692
2025-06-28 14:00:00-07:00,TH_NP15_GEN-APND,27.08209
2025-06-28 14:00:00-07:00,TH_SP15_GEN-APND,7.25073
2025-06-28 14:00:00-07:00,TH_ZP26_GEN-APND,1.77886
2025-06-28 15:00:00-07:00,TH_NP15_GEN-APND,32.25863
2025-06-28 15:00:00-07:00,TH_SP15_GEN-APND,11.0
2025-06-28 15:00:00-07:00,TH_ZP26_GEN-APND,5.20443
2025-06-28 16:00:00-07:00,TH_NP15_GEN-APND,32.64568
2025-06-28 16:00:00-07:00,TH_SP15_GEN-APND,18.39727
2025-06-28 16:00:00-07:00,TH_ZP26_GEN-APND,15.24209
2025-06-28 17:00:00-07:00,TH_NP15_GEN-APND,38.97615
2025-06-28 17:00:00-07:00,TH_SP15_GEN-APND,29.78198
2025-06-28 17:00:00-07:00,TH_ZP26_GEN-APND,28.79555
2025-06-28 18:00:00-07:00,TH_NP15_GEN-APND,47.04862
2025-06-28 18:00:00-07:00,TH_SP15_GEN-APND,45.07069
2025-06-28 18:00:00-07:00,TH_ZP26_GEN-APND,44.63503
2025-06-28 19:00:00-07:00,TH_NP15_GEN-APND,58.43449
2025-06-28 19:00:00-07:00,TH_SP15_GEN-APND,54.90896
2025-06-28 19:00:00-07:00,TH_ZP26_GEN-APND,55.01607
2025-06-28 20:00:00-07:00,TH_NP15_GEN-APND,58.26517
2025-06-28 20:00:00-07:00,TH_SP15_GEN-APND,55.20239
2025-06-28 20:00:00-07:00,TH_ZP26_GEN-APND,55.31273
2025-06-28 21:00:00-07:00,TH_NP15_GEN-APND,49.4928
2025-06-28 21:00:00-07:00,TH_SP15_GEN-APND,48.33343
2025-06-28 21:00:00-07:00,TH_ZP26_GEN-APND,48.51249
2025-06-28 22:00:00-07:00,TH_NP15_GEN-APND,45.12799
2025-06-28 22:00:00-07:00,TH_SP15_GEN-APND,45.86508
2025-06-28 22:00:00-07:00,TH_ZP26_GEN-APND,45.68893
2025-06-28 23:00:00-07:00,TH_NP15_GEN-APND,43.92352
2025-06-28 23:00:00-07:00,TH_SP15_GEN-APND,45.25024
2025-06-28 23:00:00-07:00,TH_ZP26_GEN-APND,44.763
2025-06-29 00:00:00-07:00,TH_NP15_GEN-APND,53.34965
2025-06-29 00:00:00-07:00,TH_SP15_GEN-APND,54.85464
2025-06-29 00:00:00-07:00,TH_ZP26_GEN-APND,55.10098
2025-06-29 01:00:00-07:00,TH_NP15_GEN-APND,47.79438
2025-06-29 01:00:00-07:00,TH_SP15_GEN-APND,49.36429
2025-06-29 01:00:00-07:00,TH_ZP26_GEN-APND,49.18872
2025-06-29 02:00:00-07:00,TH_NP15_GEN-APND,44.7807
2025-06-29 02:00:00-07:00,TH_SP15_GEN-APND,46.46164
2025-06-29 02:00:00-07:00,TH_ZP26_GEN-APND,45.98103
2025-06-29 03:00:00-07:00,TH_NP15_GEN-APND,43.08157
2025-06-29 03:00:00-07:00,TH_SP15_GEN-APND,44.83999
2025-06-29 03:00:00-07:00,TH_ZP26_GEN-APND,44.18275
2025-06-29 04:00:00-07:00,TH_NP15_GEN-APND,42.16
2025-06-29 04:00:00-07:00,TH_SP15_GEN-APND,43.69709
2025-06-29 04:00:00-07:00,TH_ZP26_GEN-APND,42.8985
2025-06-29 05:00:00-07:00,TH_NP15_GEN-APND,43.0
2025-06-29 05:00:00-07:00,TH_SP15_GEN-APND,43.86968
2025-06-29 05:00:00-07:00,TH_ZP26_GEN-APND,43.3873
2025-06-29 06:00:00-07:00,TH_NP15_GEN-APND,34.98689
2025-06-29 06:00:00-07:00,TH_SP15_GEN-APND,34.60268
2025-06-29 06:00:00-07:00,TH_ZP26_GEN-APND,34.53879
2025-06-29 07:00:00-07:00,TH_NP15_GEN-APND,23.95884
2025-06-29 07:00:00-07:00,TH_SP15_GEN-APND,20.09795
2025-06-29 07:00:00-07:00,TH_ZP26_GEN-APND,19.84659
2025-06-29 08:00:00-07:00,TH_NP15_GEN-APND,23.79518
2025-06-29 08:00:00-07:00,TH_SP15_GEN-APND,13.72532
2025-06-29 08:00:00-07:00,TH_ZP26_GEN-APND,13.21304
2025-06-29 09:00:00-07:00,TH_NP15_GEN-APND,27.70044
2025-06-29 09:00:00-07:00,TH_SP15_GEN-APND,13.78619
2025-06-29 09:00:00-07:00,TH_ZP26_GEN-APND,12.40208
2025-06-29 10:00:00-07:00,TH_NP15_GEN-APND,26.21618
2025-06-29 10:00:00-07:00,TH_SP15_GEN-APND,16.02
2025-06-29 10:00:00-07:00,TH_ZP26_GEN-APND,14.82765
2025-06-29 11:00:00-07:00,TH_NP15_GEN-APND,27.3901
2025-06-29 11:00:00-07:00,TH_SP15_GEN-APND,16.51078
2025-06-29 11:00:00-07:00,TH_ZP26_GEN-APND,15.11158
2025-06-29 12:00:00-07:00,TH_NP15_GEN-APND,26.4808
2025-06-29 12:00:00-07:00,TH_SP15_GEN-APND,14.84218
2025-06-29 12:00:00-07:00,TH_ZP26_GEN-APND,14.13575
2025-06-29 13:00:00-07:00,TH_NP15_GEN-APND,31.1362
2025-06-29 13:00:00-07:00,TH_SP15_GEN-APND,13.89919
2025-06-29 13:00:00-07:00,TH_ZP26_GEN-APND,11.67307
2025-06-29 14:00:00-07:00,TH_NP15_GEN-APND,31.96794
2025-06-29 14:00:00-07:00,TH_SP15_GEN-APND,11.07108
2025-06-29 14:00:00-07:00,TH_ZP26_GEN-APND,9.38503
2025-06-29 15:00:00-07:00,TH_NP15_GEN-APND,32.50901
2025-06-29 15:00:00-07:00,TH_SP15_GEN-APND,18.88701
2025-06-29 15:00:00-07:00,TH_ZP26_GEN-APND,17.06479
2025-06-29 16:00:00-07:00,TH_NP15_GEN-APND,37.63
2025-06-29 16:00:00-07:00,TH_SP15_GEN-APND,25.49543
2025-06-29 16:00:00-07:00,TH_ZP26_GEN-APND,24.29354
2025-06-29 17:00:00-07:00,TH_NP15_GEN-APND,44.20414
2025-06-29 17:00:00-07:00,TH_SP15_GEN-APND,36.21146
2025-06-29 17:00:00-07:00,TH_ZP26_GEN-APND,35.71324
2025-06-29 18:00:00-07:00,TH_NP15_GEN-APND,55.88745
2025-06-29 18:00:00-07:00,TH_SP15_GEN-APND,51.128
2025-06-29 18:00:00-07:00,TH_ZP26_GEN-APND,51.93762
2025-06-29 19:00:00-07:00,TH_NP15_GEN-APND,65.67734
2025-06-29 19:00:00-07:00,TH_SP15_GEN-APND,59.01619
2025-06-29 19:00:00-07:00,TH_ZP26_GEN-APND,59.579
2025-06-29 20:00:00-07:00,TH_NP15_GEN-APND,63.45105
2025-06-29 20:00:00-07:00,TH_SP15_GEN-APND,58.61137
2025-06-29 20:00:00-07:00,TH_ZP26_GEN-APND,59.28665
2025-06-29 21:00:00-07:00,TH_NP15_GEN-APND,57.19648
2025-06-29 21:00:00-07:00,TH_SP15_GEN-APND,54.98203
2025-06-29 21:00:00-07:00,TH_ZP26_GEN-APND,54.94855
2025-06-29 22:00:00-07:00,TH_NP15_GEN-APND,51.64974
2025-06-29 22:00:00-07:00,TH_SP15_GEN-APND,51.79951
2025-06-29 22:00:00-07:00,TH_ZP26_GEN-APND,51.96335
2025-06-29 23:00:00-07:00,TH_NP15_GEN-APND,44.72887
2025-06-29 23:00:00-07:00,TH_SP15_GEN-APND,51.51749
2025-06-29 23:00:00-07:00,TH_ZP26_GEN-APND,45.20565
2025-06-30 00:00:00-07:00,TH_NP15_GEN-APND,45.1803
2025-06-30 00:00:00-07:00,TH_SP15_GEN-APND,46.43857
2025-06-30 00:00:00-07:00,TH_ZP26_GEN-APND,45.70787
2025-06-30 01:00:00-07:00,TH_NP15_GEN-APND,44.45878
2025-06-30 01:00:00-07:00,TH_SP15_GEN-APND,45.25883
2025-06-30 01:00:00-07:00,TH_ZP26_GEN-APND,44.91572
2025-06-30 02:00:00-07:00,TH_NP15_GEN-APND,43.34708
2025-06-30 02:00:00-07:00,TH_SP15_GEN-APND,44.4814
2025-06-30 02:00:00-07:00,TH_ZP26_GEN-APND,43.89549
2025-06-30 03:00:00-07:00,TH_NP15_GEN-APND,40.22967
2025-06-30 03:00:00-07:00,TH_SP15_GEN-APND,41.78984
2025-06-30 03:00:00-07:00,TH_ZP26_GEN-APND,40.8718
2025-06-30 04:00:00-07:00,TH_NP15_GEN-APND,39.1849
2025-06-30 04:00:00-07:00,TH_SP15_GEN-APND,45.13819
2025-06-30 04:00:00-07:00,TH_ZP26_GEN-APND,39.20687
2025-06-30 05:00:00-07:00,TH_NP15_GEN-APND,41.99606
2025-06-30 05:00:00-07:00,TH_SP15_GEN-APND,43.40859
2025-06-30 05:00:00-07:00,TH_ZP26_GEN-APND,42.55679
2025-06-30 06:00:00-07:00,TH_NP15_GEN-APND,41.0665
2025-06-30 06:00:00-07:00,TH_SP15_GEN-APND,41.20014
2025-06-30 06:00:00-07:00,TH_ZP26_GEN-APND,40.90926
2025-06-30 07:00:00-07:00,TH_NP15_GEN-APND,31.20076
2025-06-30 07:00:00-07:00,TH_SP15_GEN-APND,30.07315
2025-06-30 07:00:00-07:00,TH_ZP26_GEN-APND,30.28795
2025-06-30 08:00:00-07:00,TH_NP15_GEN-APND,30.19421
2025-06-30 08:00:00-07:00,TH_SP15_GEN-APND,26.66303
2025-06-30 08:00:00-07:00,TH_ZP26_GEN-APND,25.66536
2025-06-30 09:00:00-07:00,TH_NP15_GEN-APND,22.83364
2025-06-30 09:00:00-07:00,TH_SP15_GEN-APND,17.23202
2025-06-30 09:00:00-07:00,TH_ZP26_GEN-APND,14.44274
2025-06-30 10:00:00-07:00,TH_NP15_GEN-APND,32.61
2025-06-30 10:00:00-07:00,TH_SP15_GEN-APND,30.07583
2025-06-30 10:00:00-07:00,TH_ZP26_GEN-APND,27.31591
2025-06-30 11:00:00-07:00,TH_NP15_GEN-APND,33.12565
2025-06-30 11:00:00-07:00,TH_SP15_GEN-APND,30.7186
2025-06-30 11:00:00-07:00,TH_ZP26_GEN-APND,26.91239
2025-06-30 12:00:00-07:00,TH_NP15_GEN-APND,32.7927
2025-06-30 12:00:00-07:00,TH_SP15_GEN-APND,31.96518
2025-06-30 12:00:00-07:00,TH_ZP26_GEN-APND,26.75299
2025-06-30 13:00:00-07:00,TH_NP15_GEN-APND,33.05538
2025-06-30 13:00:00-07:00,TH_SP15_GEN-APND,31.58641
2025-06-30 13:00:00-07:00,TH_ZP26_GEN-APND,26.44043
2025-06-30 14:00:00-07:00,TH_NP15_GEN-APND,34.57883
2025-06-30 14:00:00-07:00,TH_SP15_GEN-APND,32.63234
2025-06-30 14:00:00-07:00,TH_ZP26_GEN-APND,27.49918
2025-06-30 15:00:00-07:00,TH_NP15_GEN-APND,37.0754
2025-06-30 15:00:00-07:00,TH_SP15_GEN-APND,35.91884
2025-06-30 15:00:00-07:00,TH_ZP26_GEN-APND,29.787
2025-06-30 16:00:00-07:00,TH_NP15_GEN-APND,43.16556
2025-06-30 16:00:00-07:00,TH_SP15_GEN-APND,40.67137
2025-06-30 16:00:00-07:00,TH_ZP26_GEN-APND,35.93967
2025-06-30 17:00:00-07:00,TH_NP15_GEN-APND,50.10767
2025-06-30 17:00:00-07:00,TH_SP15_GEN-APND,44.86064
2025-06-30 17:00:00-07:00,TH_ZP26_GEN-APND,43.90677
2025-06-30 18:00:00-07:00,TH_NP15_GEN-APND,63.36329
2025-06-30 18:00:00-07:00,TH_SP15_GEN-APND,56.4145
2025-06-30 18:00:00-07:00,TH_ZP26_GEN-APND,55.9498
2025-06-30 19:00:00-07:00,TH_NP15_GEN-APND,72.22412
2025-06-30 19:00:00-07:00,TH_SP15_GEN-APND,67.36633
2025-06-30 19:00:00-07:00,TH_ZP26_GEN-APND,66.39285
2025-06-30 20:00:00-07:00,TH_NP15_GEN-APND,71.76675
2025-06-30 20:00:00-07:00,TH_SP15_GEN-APND,68.12323
2025-06-30 20:00:00-07:00,TH_ZP26_GEN-APND,67.07294
2025-06-30 21:00:00-07:00,TH_NP15_GEN-APND,62.7926
2025-06-30 21:00:00-07:00,TH_SP15_GEN-APND,60.44562
2025-06-30 21:00:00-07:00,TH_ZP26_GEN-APND,59.9028
2025-06-30 22:00:00-07:00,TH_NP15_GEN-APND,55.62769
2025-06-30 22:00:00-07:00,TH_SP15_GEN-APND,55.0811
2025-06-30 22:00:00-07:00,TH_ZP26_GEN-APND,55.19232
2025-06-30 23:00:00-07:00,TH_NP15_GEN-APND,49.7446
2025-06-30 23:00:00-07:00,TH_SP15_GEN-APND,51.20155
2025-06-30 23:00:00-07:00,TH_ZP26_GEN-APND,50.78751
2025-07-01 00:00:00-07:00,TH_NP15_GEN-APND,46.49253
2025-07-01 00:00:00-07:00,TH_SP15_GEN-APND,48.0
2025-07-01 00:00:00-07:00,TH_ZP26_GEN-APND,47.1906
2025-07-01 01:00:00-07:00,TH_NP15_GEN-APND,46.12857
2025-07-01 01:00:00-07:00,TH_SP15_GEN-APND,47.16337
2025-07-01 01:00:00-07:00,TH_ZP26_GEN-APND,46.72974
2025-07-01 02:00:00-07:00,TH_NP15_GEN-APND,44.68519
2025-07-01 02:00:00-07:00,TH_SP15_GEN-APND,46.4017
2025-07-01 02:00:00-07:00,TH_ZP26_GEN-APND,45.56393
2025-07-01 03:00:00-07:00,TH_NP15_GEN-APND,41.49239
2025-07-01 03:00:00-07:00,TH_SP15_GEN-APND,46.24651
2025-07-01 03:00:00-07:00,TH_ZP26_GEN-APND,41.77145
2025-07-01 04:00:00-07:00,TH_NP15_GEN-APND,44.24591
2025-07-01 04:00:00-07:00,TH_SP15_GEN-APND,45.94131
2025-07-01 04:00:00-07:00,TH_ZP26_GEN-APND,45.234
2025-07-01 05:00:00-07:00,TH_NP15_GEN-APND,46.28079
2025-07-01 05:00:00-07:00,TH_SP15_GEN-APND,47.75956
2025-07-01 05:00:00-07:00,TH_ZP26_GEN-APND,46.96929
2025-07-01 06:00:00-07:00,TH_NP15_GEN-APND,47.48478
2025-07-01 06:00:00-07:00,TH_SP15_GEN-APND,48.20493
2025-07-01 06:00:00-07:00,TH_ZP26_GEN-APND,47.50844
2025-07-01 07:00:00-07:00,TH_NP15_GEN-APND,34.85871
2025-07-01 07:00:00-07:00,TH_SP15_GEN-APND,33.9655
2025-07-01 07:00:00-07:00,TH_ZP26_GEN-APND,33.55178
2025-07-01 08:00:00-07:00,TH_NP15_GEN-APND,34.71849
2025-07-01 08:00:00-07:00,TH_SP15_GEN-APND,28.24524
2025-07-01 08:00:00-07:00,TH_ZP26_GEN-APND,26.27714
2025-07-01 09:00:00-07:00,TH_NP15_GEN-APND,35.004
2025-07-01 09:00:00-07:00,TH_SP15_GEN-APND,26.74816
2025-07-01 09:00:00-07:00,TH_ZP26_GEN-APND,23.39218
2025-07-01 10:00:00-07:00,TH_NP15_GEN-APND,32.48
2025-07-01 10:00:00-07:00,TH_SP15_GEN-APND,29.86891
2025-07-01 10:00:00-07:00,TH_ZP26_GEN-APND,26.34846
2025-07-01 11:00:00-07:00,TH_NP15_GEN-APND,31.69183
2025-07-01 11:00:00-07:00,TH_SP15_GEN-APND,30.63089
2025-07-01 11:00:00-07:00,TH_ZP26_GEN-APND,26.67273
2025-07-01 12:00:00-07:00,TH_NP15_GEN-APND,32.37442
2025-07-01 12:00:00-07:00,TH_SP15_GEN-APND,30.98486
2025-07-01 12:00:00-07:00,TH_ZP26_GEN-APND,26.95131
2025-07-01 13:00:00-07:00,TH_NP15_GEN-APND,33.94031
2025-07-01 13:00:00-07:00,TH_SP15_GEN-APND,30.66532
2025-07-01 13:00:00-07:00,TH_ZP26_GEN-APND,26.97922
2025-07-01 14:00:00-07:00,TH_NP15_GEN-APND,34.86438
2025-07-01 14:00:00-07:00,TH_SP15_GEN-APND,31.10209
2025-07-01 14:00:00-07:00,TH_ZP26_GEN-APND,27.10528
2025-07-01 15:00:00-07:00,TH_NP15_GEN-APND,34.67897
2025-07-01 15:00:00-07:00,TH_SP15_GEN-APND,34.14787
2025-07-01 15:00:00-07:00,TH_ZP26_GEN-APND,31.07607
2025-07-01 16:00:00-07:00,TH_NP15_GEN-APND,39.74261
2025-07-01 16:00:00-07:00,TH_SP15_GEN-APND,39.58908
2025-07-01 16:00:00-07:00,TH_ZP26_GEN-APND,36.64193
2025-07-01 17:00:00-07:00,TH_NP15_GEN-APND,48.26798
2025-07-01 17:00:00-07:00,TH_SP15_GEN-APND,44.07441
2025-07-01 17:00:00-07:00,TH_ZP26_GEN-APND,43.16275
2025-07-01 18:00:00-07:00,TH_NP15_GEN-APND,54.42
2025-07-01 18:00:00-07:00,TH_SP15_GEN-APND,52.61397
2025-07-01 18:00:00-07:00,TH_ZP26_GEN-APND,52.10332
2025-07-01 19:00:00-07:00,TH_NP15_GEN-APND,70.67709
2025-07-01 19:00:00-07:00,TH_SP15_GEN-APND,63.51072
2025-07-01 19:00:00-07:00,TH_ZP26_GEN-APND,63.56244
2025-07-01 20:00:00-07:00,TH_NP15_GEN-APND,69.90754
2025-07-01 20:00:00-07:00,TH_SP15_GEN-APND,63.8812
2025-07-01 20:00:00-07:00,TH_ZP26_GEN-APND,63.979
2025-07-01 21:00:00-07:00,TH_NP15_GEN-APND,57.14045
2025-07-01 21:00:00-07:00,TH_SP15_GEN-APND,55.99927
2025-07-01 21:00:00-07:00,TH_ZP26_GEN-APND,54.75461
2025-07-01 22:00:00-07:00,TH_NP15_GEN-APND,48.82044
2025-07-01 22:00:00-07:00,TH_SP15_GEN-APND,51.28528
2025-07-01 22:00:00-07:00,TH_ZP26_GEN-APND,48.04759
2025-07-01 23:00:00-07:00,TH_NP15_GEN-APND,43.82628
2025-07-01 23:00:00-07:00,TH_SP15_GEN-APND,51.48063
2025-07-01 23:00:00-07:00,TH_ZP26_GEN-APND,43.77758
2025-07-02 00:00:00-07:00,TH_NP15_GEN-APND,40.3057
2025-07-02 00:00:00-07:00,TH_SP15_GEN-APND,46.01818
2025-07-02 00:00:00-07:00,TH_ZP26_GEN-APND,40.84641
2025-07-02 01:00:00-07:00,TH_NP15_GEN-APND,40.32641
2025-07-02 01:00:00-07:00,TH_SP15_GEN-APND,46.36678
2025-07-02 01:00:00-07:00,TH_ZP26_GEN-APND,40.66789
2025-07-02 02:00:00-07:00,TH_NP15_GEN-APND,37.87021
2025-07-02 02:00:00-07:00,TH_SP15_GEN-APND,45.76453
2025-07-02 02:00:00-07:00,TH_ZP26_GEN-APND,37.79526
2025-07-02 03:00:00-07:00,TH_NP15_GEN-APND,36.55971
2025-07-02 03:00:00-07:00,TH_SP15_GEN-APND,42.46225
2025-07-02 03:00:00-07:00,TH_ZP26_GEN-APND,36.52468
2025-07-02 04:00:00-07:00,TH_NP15_GEN-APND,35.78681
2025-07-02 04:00:00-07:00,TH_SP15_GEN-APND,41.50602
2025-07-02 04:00:00-07:00,TH_ZP26_GEN-APND,36.06559
2025-07-02 05:00:00-07:00,TH_NP15_GEN-APND,42.82006
2025-07-02 05:00:00-07:00,TH_SP15_GEN-APND,44.13153
2025-07-02 05:00:00-07:00,TH_ZP26_GEN-APND,42.99788
2025-07-02 06:00:00-07:00,TH_NP15_GEN-APND,40.69806
2025-07-02 06:00:00-07:00,TH_SP15_GEN-APND,43.75125
2025-07-02 06:00:00-07:00,TH_ZP26_GEN-APND,40.60936
2025-07-02 07:00:00-07:00,TH_NP15_GEN-APND,31.6286
2025-07-02 07:00:00-07:00,TH_SP15_GEN-APND,31.5067
2025-07-02 07:00:00-07:00,TH_ZP26_GEN-APND,30.67971
2025-07-02 08:00:00-07:00,TH_NP15_GEN-APND,32.38532
2025-07-02 08:00:00-07:00,TH_SP15_GEN-APND,25.73731
2025-07-02 08:00:00-07:00,TH_ZP26_GEN-APND,22.53247
2025-07-02 09:00:00-07:00,TH_NP15_GEN-APND,31.91834
2025-07-02 09:00:00-07:00,TH_SP15_GEN-APND,24.00798
2025-07-02 09:00:00-07:00,TH_ZP26_GEN-APND,20.15191
2025-07-02 10:00:00-07:00,TH_NP15_GEN-APND,28.35325
2025-07-02 10:00:00-07:00,TH_SP15_GEN-APND,27.12692
2025-07-02 10:00:00-07:00,TH_ZP26_GEN-APND,23.45429
2025-07-02 11:00:00-07:00,TH_NP15_GEN-APND,28.20108
2025-07-02 11:00:00-07:00,TH_SP15_GEN-APND,27.08021
2025-07-02 11:00:00-07:00,TH_ZP26_GEN-APND,23.47304
2025-07-02 12:00:00-07:00,TH_NP15_GEN-APND,27.72451
2025-07-02 12:00:00-07:00,TH_SP15_GEN-APND,27.34896
2025-07-02 12:00:00-07:00,TH_ZP26_GEN-APND,23.68334
2025-07-02 13:00:00-07:00,TH_NP15_GEN-APND,28.59552
2025-07-02 13:00:00-07:00,TH_SP15_GEN-APND,27.24455
2025-07-02 13:00:00-07:00,TH_ZP26_GEN-APND,23.6842
2025-07-02 14:00:00-07:00,TH_NP15_GEN-APND,30.08204
2025-07-02 14:00:00-07:00,TH_SP15_GEN-APND,27.12998
2025-07-02 14:00:00-07:00,TH_ZP26_GEN-APND,23.751
2025-07-02 15:00:00-07:00,TH_NP15_GEN-APND,33.00356
2025-07-02 15:00:00-07:00,TH_SP15_GEN-APND,28.55885
2025-07-02 15:00:00-07:00,TH_ZP26_GEN-APND,24.87332
2025-07-02 16:00:00-07:00,TH_NP15_GEN-APND,34.95021
2025-07-02 16:00:00-07:00,TH_SP15_GEN-APND,31.49054
2025-07-02 16:00:00-07:00,TH_ZP26_GEN-APND,30.06139
2025-07-02 17:00:00-07:00,TH_NP15_GEN-APND,43.41066
2025-07-02 17:00:00-07:00,TH_SP15_GEN-APND,38.68802
2025-07-02 17:00:00-07:00,TH_ZP26_GEN-APND,37.8817
2025-07-02 18:00:00-07:00,TH_NP15_GEN-APND,49.0828
2025-07-02 18:00:00-07:00,TH_SP15_GEN-APND,45.39687
2025-07-02 18:00:00-07:00,TH_ZP26_GEN-APND,44.24347
2025-07-02 19:00:00-07:00,TH_NP15_GEN-APND,61.62137
2025-07-02 19:00:00-07:00,TH_SP15_GEN-APND,54.57056
2025-07-02 19:00:00-07:00,TH_ZP26_GEN-APND,54.19466
2025-07-02 20:00:00-07:00,TH_NP15_GEN-APND,60.81595
2025-07-02 20:00:00-07:00,TH_SP15_GEN-APND,55.24198
2025-07-02 20:00:00-07:00,TH_ZP26_GEN-APND,54.91509
2025-07-02 21:00:00-07:00,TH_NP15_GEN-APND,50.77994
2025-07-02 21:00:00-07:00,TH_SP15_GEN-APND,48.92774
2025-07-02 21:00:00-07:00,TH_ZP26_GEN-APND,48.40967
2025-07-02 22:00:00-07:00,TH_NP15_GEN-APND,44.82254
2025-07-02 22:00:00-07:00,TH_SP15_GEN-APND,44.32223
2025-07-02 22:00:00-07:00,TH_ZP26_GEN-APND,44.80565
2025-07-02 23:00:00-07:00,TH_NP15_GEN-APND,43.8943
2025-07-02 23:00:00-07:00,TH_SP15_GEN-APND,44.99061
2025-07-02 23:00:00-07:00,TH_ZP26_GEN-APND,44.58201
2025-07-03 00:00:00-07:00,TH_NP15_GEN-APND,39.78
2025-07-03 00:00:00-07:00,TH_SP15_GEN-APND,41.33397
2025-07-03 00:00:00-07:00,TH_ZP26_GEN-APND,40.71607
2025-07-03 01:00:00-07:00,TH_NP15_GEN-APND,37.53563
2025-07-03 01:00:00-07:00,TH_SP15_GEN-APND,38.71495
2025-07-03 01:00:00-07:00,TH_ZP26_GEN-APND,37.9045
2025-07-03 02:00:00-07:00,TH_NP15_GEN-APND,36.82403
2025-07-03 02:00:00-07:00,TH_SP15_GEN-APND,37.94549
2025-07-03 02:00:00-07:00,TH_ZP26_GEN-APND,37.32834
2025-07-03 03:00:00-07:00,TH_NP15_GEN-APND,36.66843
2025-07-03 03:00:00-07:00,TH_SP15_GEN-APND,38.26934
2025-07-03 03:00:00-07:00,TH_ZP26_GEN-APND,37.30207
2025-07-03 04:00:00-07:00,TH_NP15_GEN-APND,37.69618
2025-07-03 04:00:00-07:00,TH_SP15_GEN-APND,39.16325
2025-07-03 04:00:00-07:00,TH_ZP26_GEN-APND,38.49
2025-07-03 05:00:00-07:00,TH_NP15_GEN-APND,39.46041
2025-07-03 05:00:00-07:00,TH_SP15_GEN-APND,41.17491
2025-07-03 05:00:00-07:00,TH_ZP26_GEN-APND,40.06716
2025-07-03 06:00:00-07:00,TH_NP15_GEN-APND,38.81754
2025-07-03 06:00:00-07:00,TH_SP15_GEN-APND,39.48014
2025-07-03 06:00:00-07:00,TH_ZP26_GEN-APND,38.85513
2025-07-03 07:00:00-07:00,TH_NP15_GEN-APND,29.40148
2025-07-03 07:00:00-07:00,TH_SP15_GEN-APND,28.92658
2025-07-03 07:00:00-07:00,TH_ZP26_GEN-APND,28.45596
2025-07-03 08:00:00-07:00,TH_NP15_GEN-APND,29.49423
2025-07-03 08:00:00-07:00,TH_SP15_GEN-APND,22.43304
2025-07-03 08:00:00-07:00,TH_ZP26_GEN-APND,21.39888
2025-07-03 09:00:00-07:00,TH_NP15_GEN-APND,30.12822
2025-07-03 09:00:00-07:00,TH_SP15_GEN-APND,21.9855
2025-07-03 09:00:00-07:00,TH_ZP26_GEN-APND,20.62148
2025-07-03 10:00:00-07:00,TH_NP15_GEN-APND,27.01654
2025-07-03 10:00:00-07:00,TH_SP15_GEN-APND,23.71681
2025-07-03 10:00:00-07:00,TH_ZP26_GEN-APND,22.52701
2025-07-03 11:00:00-07:00,TH_NP15_GEN-APND,26.1966
2025-07-03 11:00:00-07:00,TH_SP15_GEN-APND,23.41433
2025-07-03 11:00:00-07:00,TH_ZP26_GEN-APND,20.94076
2025-07-03 12:00:00-07:00,TH_NP15_GEN-APND,26.83224
2025-07-03 12:00:00-07:00,TH_SP15_GEN-APND,24.2443
2025-07-03 12:00:00-07:00,TH_ZP26_GEN-APND,22.51916
2025-07-03 13:00:00-07:00,TH_NP15_GEN-APND,27.58892
2025-07-03 13:00:00-07:00,TH_SP15_GEN-APND,24.15937
2025-07-03 13:00:00-07:00,TH_ZP26_GEN-APND,22.55071
2025-07-03 14:00:00-07:00,TH_NP15_GEN-APND,30.02323
2025-07-03 14:00:00-07:00,TH_SP15_GEN-APND,24.98478
2025-07-03 14:00:00-07:00,TH_ZP26_GEN-APND,23.98164
2025-07-03 15:00:00-07:00,TH_NP15_GEN-APND,33.6182
2025-07-03 15:00:00-07:00,TH_SP15_GEN-APND,26.78635
2025-07-03 15:00:00-07:00,TH_ZP26_GEN-APND,25.27214
2025-07-03 16:00:00-07:00,TH_NP15_GEN-APND,32.36184
2025-07-03 16:00:00-07:00,TH_SP15_GEN-APND,27.43519
2025-07-03 16:00:00-07:00,TH_ZP26_GEN-APND,27.48774
2025-07-03 17:00:00-07:00,TH_NP15_GEN-APND,38.60479
2025-07-03 17:00:00-07:00,TH_SP15_GEN-APND,36.24381
2025-07-03 17:00:00-07:00,TH_ZP26_GEN-APND,36.45801
2025-07-03 18:00:00-07:00,TH_NP15_GEN-APND,45.17337
2025-07-03 18:00:00-07:00,TH_SP15_GEN-APND,43.85448
2025-07-03 18:00:00-07:00,TH_ZP26_GEN-APND,42.86911
2025-07-03 19:00:00-07:00,TH_NP15_GEN-APND,51.93346
2025-07-03 19:00:00-07:00,TH_SP15_GEN-APND,50.04139
2025-07-03 19:00:00-07:00,TH_ZP26_GEN-APND,48.99636
2025-07-03 20:00:00-07:00,TH_NP15_GEN-APND,51.62518
2025-07-03 20:00:00-07:00,TH_SP15_GEN-APND,49.9889
2025-07-03 20:00:00-07:00,TH_ZP26_GEN-APND,49.20699
2025-07-03 21:00:00-07:00,TH_NP15_GEN-APND,46.62203
2025-07-03 21:00:00-07:00,TH_SP15_GEN-APND,45.42698
2025-07-03 21:00:00-07:00,TH_ZP26_GEN-APND,44.92088
2025-07-03 22:00:00-07:00,TH_NP15_GEN-APND,42.01337
2025-07-03 22:00:00-07:00,TH_SP15_GEN-APND,42.29356
2025-07-03 22:00:00-07:00,TH_ZP26_GEN-APND,41.93289
2025-07-03 23:00:00-07:00,TH_NP15_GEN-APND,39.39455
2025-07-03 23:00:00-07:00,TH_SP15_GEN-APND,40.65707
2025-07-03 23:00:00-07:00,TH_ZP26_GEN-APND,39.89949
2025-07-04 00:00:00-07:00,TH_NP15_GEN-APND,40.37763
2025-07-04 00:00:00-07:00,TH_SP15_GEN-APND,41.69329
2025-07-04 00:00:00-07:00,TH_ZP26_GEN-APND,40.68709
2025-07-04 01:00:00-07:00,TH_NP15_GEN-APND,38.56271
2025-07-04 01:00:00-07:00,TH_SP15_GEN-APND,39.85688
2025-07-04 01:00:00-07:00,TH_ZP26_GEN-APND,38.95079
2025-07-04 02:00:00-07:00,TH_NP15_GEN-APND,39.36083
2025-07-04 02:00:00-07:00,TH_SP15_GEN-APND,40.64291
2025-07-04 02:00:00-07:00,TH_ZP26_GEN-APND,39.69788
2025-07-04 03:00:00-07:00,TH_NP15_GEN-APND,36.05052
2025-07-04 03:00:00-07:00,TH_SP15_GEN-APND,37.23924
2025-07-04 03:00:00-07:00,TH_ZP26_GEN-APND,36.40987
2025-07-04 04:00:00-07:00,TH_NP15_GEN-APND,33.99151
2025-07-04 04:00:00-07:00,TH_SP15_GEN-APND,38.34262
2025-07-04 04:00:00-07:00,TH_ZP26_GEN-APND,37.39926
2025-07-04 05:00:00-07:00,TH_NP15_GEN-APND,37.0
2025-07-04 05:00:00-07:00,TH_SP15_GEN-APND,39.15033
2025-07-04 05:00:00-07:00,TH_ZP26_GEN-APND,38.2326
2025-07-04 06:00:00-07:00,TH_NP15_GEN-APND,31.56213
2025-07-04 06:00:00-07:00,TH_SP15_GEN-APND,31.61101
2025-07-04 06:00:00-07:00,TH_ZP26_GEN-APND,31.21463
2025-07-04 07:00:00-07:00,TH_NP15_GEN-APND,17.78595
2025-07-04 07:00:00-07:00,TH_SP15_GEN-APND,13.58471
2025-07-04 07:00:00-07:00,TH_ZP26_GEN-APND,13.08107
2025-07-04 08:00:00-07:00,TH_NP15_GEN-APND,22.41172
2025-07-04 08:00:00-07:00,TH_SP15_GEN-APND,4.40341
2025-07-04 08:00:00-07:00,TH_ZP26_GEN-APND,1.67988
2025-07-04 09:00:00-07:00,TH_NP15_GEN-APND,23.51893
2025-07-04 09:00:00-07:00,TH_SP15_GEN-APND,2.85126
2025-07-04 09:00:00-07:00,TH_ZP26_GEN-APND,-0.21301
2025-07-04 10:00:00-07:00,TH_NP15_GEN-APND,13.90114
2025-07-04 10:00:00-07:00,TH_SP15_GEN-APND,8.17835
2025-07-04 10:00:00-07:00,TH_ZP26_GEN-APND,6.82507
2025-07-04 11:00:00-07:00,TH_NP15_GEN-APND,13.5
2025-07-04 11:00:00-07:00,TH_SP15_GEN-APND,8.2962
2025-07-04 11:00:00-07:00,TH_ZP26_GEN-APND,6.97543
2025-07-04 12:00:00-07:00,TH_NP15_GEN-APND,13.18506
2025-07-04 12:00:00-07:00,TH_SP15_GEN-APND,8.63705
2025-07-04 12:00:00-07:00,TH_ZP26_GEN-APND,7.54536
2025-07-04 13:00:00-07:00,TH_NP15_GEN-APND,14.33268
2025-07-04 13:00:00-07:00,TH_SP15_GEN-APND,8.01556
2025-07-04 13:00:00-07:00,TH_ZP26_GEN-APND,6.69761
2025-07-04 14:00:00-07:00,TH_NP15_GEN-APND,16.97391
2025-07-04 14:00:00-07:00,TH_SP15_GEN-APND,7.18454
2025-07-04 14:00:00-07:00,TH_ZP26_GEN-APND,6.15825
2025-07-04 15:00:00-07:00,TH_NP15_GEN-APND,20.45448
2025-07-04 15:00:00-07:00,TH_SP15_GEN-APND,7.5494
2025-07-04 15:00:00-07:00,TH_ZP26_GEN-APND,5.23215
2025-07-04 16:00:00-07:00,TH_NP15_GEN-APND,22.68886
2025-07-04 16:00:00-07:00,TH_SP15_GEN-APND,10.17396
2025-07-04 16:00:00-07:00,TH_ZP26_GEN-APND,7.97521
2025-07-04 17:00:00-07:00,TH_NP15_GEN-APND,29.69205
2025-07-04 17:00:00-07:00,TH_SP15_GEN-APND,25.95989
2025-07-04 17:00:00-07:00,TH_ZP26_GEN-APND,25.27915
2025-07-04 18:00:00-07:00,TH_NP15_GEN-APND,39.98004
2025-07-04 18:00:00-07:00,TH_SP15_GEN-APND,39.37301
2025-07-04 18:00:00-07:00,TH_ZP26_GEN-APND,38.24345
2025-07-04 19:00:00-07:00,TH_NP15_GEN-APND,44.44747
2025-07-04 19:00:00-07:00,TH_SP15_GEN-APND,43.69935
2025-07-04 19:00:00-07:00,TH_ZP26_GEN-APND,42.57054
2025-07-04 20:00:00-07:00,TH_NP15_GEN-APND,46.22132
2025-07-04 20:00:00-07:00,TH_SP15_GEN-APND,45.67315
2025-07-04 20:00:00-07:00,TH_ZP26_GEN-APND,44.68088
2025-07-04 21:00:00-07:00,TH_NP15_GEN-APND,42.83499
2025-07-04 21:00:00-07:00,TH_SP15_GEN-APND,44.37254
2025-07-04 21:00:00-07:00,TH_ZP26_GEN-APND,42.97077
2025-07-04 22:00:00-07:00,TH_NP15_GEN-APND,40.67239
2025-07-04 22:00:00-07:00,TH_SP15_GEN-APND,41.98601
2025-07-04 22:00:00-07:00,TH_ZP26_GEN-APND,40.95393
2025-07-04 23:00:00-07:00,TH_NP15_GEN-APND,39.55381
2025-07-04 23:00:00-07:00,TH_SP15_GEN-APND,41.38138
2025-07-04 23:00:00-07:00,TH_ZP26_GEN-APND,40.43854
2025-07-05 00:00:00-07:00,TH_NP15_GEN-APND,41.37378
2025-07-05 00:00:00-07:00,TH_SP15_GEN-APND,43.23894
2025-07-05 00:00:00-07:00,TH_ZP26_GEN-APND,42.66475
2025-07-05 01:00:00-07:00,TH_NP15_GEN-APND,38.59338
2025-07-05 01:00:00-07:00,TH_SP15_GEN-APND,40.86687
2025-07-05 01:00:00-07:00,TH_ZP26_GEN-APND,39.51144
2025-07-05 02:00:00-07:00,TH_NP15_GEN-APND,35.95444
2025-07-05 02:00:00-07:00,TH_SP15_GEN-APND,37.658
2025-07-05 02:00:00-07:00,TH_ZP26_GEN-APND,36.82633
2025-07-05 03:00:00-07:00,TH_NP15_GEN-APND,34.48262
2025-07-05 03:00:00-07:00,TH_SP15_GEN-APND,36.28633
2025-07-05 03:00:00-07:00,TH_ZP26_GEN-APND,35.1804
2025-07-05 04:00:00-07:00,TH_NP15_GEN-APND,34.4882
2025-07-05 04:00:00-07:00,TH_SP15_GEN-APND,36.01673
2025-07-05 04:00:00-07:00,TH_ZP26_GEN-APND,34.99693
2025-07-05 05:00:00-07:00,TH_NP15_GEN-APND,35.75239
2025-07-05 05:00:00-07:00,TH_SP15_GEN-APND,37.04819
2025-07-05 05:00:00-07:00,TH_ZP26_GEN-APND,36.22319
2025-07-05 06:00:00-07:00,TH_NP15_GEN-APND,34.77137
2025-07-05 06:00:00-07:00,TH_SP15_GEN-APND,34.54531
2025-07-05 06:00:00-07:00,TH_ZP26_GEN-APND,34.27609
2025-07-05 07:00:00-07:00,TH_NP15_GEN-APND,18.42159
2025-07-05 07:00:00-07:00,TH_SP15_GEN-APND,17.56148
2025-07-05 07:00:00-07:00,TH_ZP26_GEN-APND,17.48761
2025-07-05 08:00:00-07:00,TH_NP15_GEN-APND,15.74432
2025-07-05 08:00:00-07:00,TH_SP15_GEN-APND,9.57728
2025-07-05 08:00:00-07:00,TH_ZP26_GEN-APND,8.3878
2025-07-05 09:00:00-07:00,TH_NP15_GEN-APND,15.89098
2025-07-05 09:00:00-07:00,TH_SP15_GEN-APND,8.45328
2025-07-05 09:00:00-07:00,TH_ZP26_GEN-APND,6.62971
2025-07-05 10:00:00-07:00,TH_NP15_GEN-APND,10.10079
2025-07-05 10:00:00-07:00,TH_SP15_GEN-APND,10.46632
2025-07-05 10:00:00-07:00,TH_ZP26_GEN-APND,9.22378
2025-07-05 11:00:00-07:00,TH_NP15_GEN-APND,10.56043
2025-07-05 11:00:00-07:00,TH_SP15_GEN-APND,11.19713
2025-07-05 11:00:00-07:00,TH_ZP26_GEN-APND,9.82607
2025-07-05 12:00:00-07:00,TH_NP15_GEN-APND,11.00704
2025-07-05 12:00:00-07:00,TH_SP15_GEN-APND,11.63303
2025-07-05 12:00:00-07:00,TH_ZP26_GEN-APND,10.26529
2025-07-05 13:00:00-07:00,TH_NP15_GEN-APND,12.34156
2025-07-05 13:00:00-07:00,TH_SP15_GEN-APND,11.03744
2025-07-05 13:00:00-07:00,TH_ZP26_GEN-APND,9.07318
2025-07-05 14:00:00-07:00,TH_NP15_GEN-APND,13.51252
2025-07-05 14:00:00-07:00,TH_SP15_GEN-APND,10.79132
2025-07-05 14:00:00-07:00,TH_ZP26_GEN-APND,8.84245
2025-07-05 15:00:00-07:00,TH_NP15_GEN-APND,21.05522
2025-07-05 15:00:00-07:00,TH_SP15_GEN-APND,16.23393
2025-07-05 15:00:00-07:00,TH_ZP26_GEN-APND,13.64375
2025-07-05 16:00:00-07:00,TH_NP15_GEN-APND,24.51563
2025-07-05 16:00:00-07:00,TH_SP15_GEN-APND,19.97523
2025-07-05 16:00:00-07:00,TH_ZP26_GEN-APND,18.31304
2025-07-05 17:00:00-07:00,TH_NP15_GEN-APND,31.93104
2025-07-05 17:00:00-07:00,TH_SP15_GEN-APND,32.8239
2025-07-05 17:00:00-07:00,TH_ZP26_GEN-APND,31.34018
2025-07-05 18:00:00-07:00,TH_NP15_GEN-APND,39.11416
2025-07-05 18:00:00-07:00,TH_SP15_GEN-APND,44.86756
2025-07-05 18:00:00-07:00,TH_ZP26_GEN-APND,38.75418
2025-07-05 19:00:00-07:00,TH_NP15_GEN-APND,46.94428
2025-07-05 19:00:00-07:00,TH_SP15_GEN-APND,48.74606
2025-07-05 19:00:00-07:00,TH_ZP26_GEN-APND,47.38883
2025-07-05 20:00:00-07:00,TH_NP15_GEN-APND,48.12713
2025-07-05 20:00:00-07:00,TH_SP15_GEN-APND,50.18506
2025-07-05 20:00:00-07:00,TH_ZP26_GEN-APND,49.01877
2025-07-05 21:00:00-07:00,TH_NP15_GEN-APND,46.12237
2025-07-05 21:00:00-07:00,TH_SP15_GEN-APND,48.84261
2025-07-05 21:00:00-07:00,TH_ZP26_GEN-APND,47.95961
2025-07-05 22:00:00-07:00,TH_NP15_GEN-APND,45.3647
2025-07-05 22:00:00-07:00,TH_SP15_GEN-APND,46.25719
2025-07-05 22:00:00-07:00,TH_ZP26_GEN-APND,45.49112
2025-07-05 23:00:00-07:00,TH_NP15_GEN-APND,42.51792
2025-07-05 23:00:00-07:00,TH_SP15_GEN-APND,45.59958
2025-07-05 23:00:00-07:00,TH_ZP26_GEN-APND,44.8496
2025-07-06 00:00:00-07:00,TH_NP15_GEN-APND,42.97348
2025-07-06 00:00:00-07:00,TH_SP15_GEN-APND,43.42902
2025-07-06 00:00:00-07:00,TH_ZP26_GEN-APND,43.33492
2025-07-06 01:00:00-07:00,TH_NP15_GEN-APND,41.75183
2025-07-06 01:00:00-07:00,TH_SP15_GEN-APND,42.39846
2025-07-06 01:00:00-07:00,TH_ZP26_GEN-APND,42.27255
2025-07-06 02:00:00-07:00,TH_NP15_GEN-APND,39.43751
2025-07-06 02:00:00-07:00,TH_SP15_GEN-APND,42.1208
2025-07-06 02:00:00-07:00,TH_ZP26_GEN-APND,41.52391
2025-07-06 03:00:00-07:00,TH_NP15_GEN-APND,38.50908
2025-07-06 03:00:00-07:00,TH_SP15_GEN-APND,40.79642
2025-07-06 03:00:00-07:00,TH_ZP26_GEN-APND,40.34
2025-07-06 04:00:00-07:00,TH_NP15_GEN-APND,36.40329
2025-07-06 04:00:00-07:00,TH_SP15_GEN-APND,37.9805
2025-07-06 04:00:00-07:00,TH_ZP26_GEN-APND,37.72147
2025-07-06 05:00:00-07:00,TH_NP15_GEN-APND,36.17439
2025-07-06 05:00:00-07:00,TH_SP15_GEN-APND,38.12634
2025-07-06 05:00:00-07:00,TH_ZP26_GEN-APND,37.59943
2025-07-06 06:00:00-07:00,TH_NP15_GEN-APND,33.80261
2025-07-06 06:00:00-07:00,TH_SP15_GEN-APND,34.16787
2025-07-06 06:00:00-07:00,TH_ZP26_GEN-APND,33.79864
2025-07-06 07:00:00-07:00,TH_NP15_GEN-APND,18.70081
2025-07-06 07:00:00-07:00,TH_SP15_GEN-APND,16.35762
2025-07-06 07:00:00-07:00,TH_ZP26_GEN-APND,16.22773
2025-07-06 08:00:00-07:00,TH_NP15_GEN-APND,21.69661
2025-07-06 08:00:00-07:00,TH_SP15_GEN-APND,11.21845
2025-07-06 08:00:00-07:00,TH_ZP26_GEN-APND,10.7
2025-07-06 09:00:00-07:00,TH_NP15_GEN-APND,22.82747
2025-07-06 09:00:00-07:00,TH_SP15_GEN-APND,10.0
2025-07-06 09:00:00-07:00,TH_ZP26_GEN-APND,9.09939
2025-07-06 10:00:00-07:00,TH_NP15_GEN-APND,15.9572
2025-07-06 10:00:00-07:00,TH_SP15_GEN-APND,12.7556
2025-07-06 10:00:00-07:00,TH_ZP26_GEN-APND,12.50614
2025-07-06 11:00:00-07:00,TH_NP15_GEN-APND,16.6286
2025-07-06 11:00:00-07:00,TH_SP15_GEN-APND,13.86617
2025-07-06 11:00:00-07:00,TH_ZP26_GEN-APND,13.17162
2025-07-06 12:00:00-07:00,TH_NP15_GEN-APND,16.74725
2025-07-06 12:00:00-07:00,TH_SP15_GEN-APND,14.16964
2025-07-06 12:00:00-07:00,TH_ZP26_GEN-APND,13.42743
2025-07-06 13:00:00-07:00,TH_NP15_GEN-APND,19.51864
2025-07-06 13:00:00-07:00,TH_SP15_GEN-APND,13.24217
2025-07-06 13:00:00-07:00,TH_ZP26_GEN-APND,12.11156
2025-07-06 14:00:00-07:00,TH_NP15_GEN-APND,24.25736
2025-07-06 14:00:00-07:00,TH_SP15_GEN-APND,14.98598
2025-07-06 14:00:00-07:00,TH_ZP26_GEN-APND,13.4976
2025-07-06 15:00:00-07:00,TH_NP15_GEN-APND,31.42188
2025-07-06 15:00:00-07:00,TH_SP15_GEN-APND,22.12769
2025-07-06 15:00:00-07:00,TH_ZP26_GEN-APND,20.33352
2025-07-06 16:00:00-07:00,TH_NP15_GEN-APND,31.14263
2025-07-06 16:00:00-07:00,TH_SP15_GEN-APND,26.14757
2025-07-06 16:00:00-07:00,TH_ZP26_GEN-APND,25.03193
2025-07-06 17:00:00-07:00,TH_NP15_GEN-APND,38.26694
2025-07-06 17:00:00-07:00,TH_SP15_GEN-APND,35.72658
2025-07-06 17:00:00-07:00,TH_ZP26_GEN-APND,35.43873
2025-07-06 18:00:00-07:00,TH_NP15_GEN-APND,48.60574
2025-07-06 18:00:00-07:00,TH_SP15_GEN-APND,47.50683
2025-07-06 18:00:00-07:00,TH_ZP26_GEN-APND,46.83693
2025-07-06 19:00:00-07:00,TH_NP15_GEN-APND,55.30461
2025-07-06 19:00:00-07:00,TH_SP15_GEN-APND,57.51766
2025-07-06 19:00:00-07:00,TH_ZP26_GEN-APND,56.19996
2025-07-06 20:00:00-07:00,TH_NP15_GEN-APND,53.85242
2025-07-06 20:00:00-07:00,TH_SP15_GEN-APND,56.99474
2025-07-06 20:00:00-07:00,TH_ZP26_GEN-APND,56.34902
2025-07-06 21:00:00-07:00,TH_NP15_GEN-APND,48.96591
2025-07-06 21:00:00-07:00,TH_SP15_GEN-APND,53.00671
2025-07-06 21:00:00-07:00,TH_ZP26_GEN-APND,51.98506
2025-07-06 22:00:00-07:00,TH_NP15_GEN-APND,45.12261
2025-07-06 22:00:00-07:00,TH_SP15_GEN-APND,48.43977
2025-07-06 22:00:00-07:00,TH_ZP26_GEN-APND,47.90786
2025-07-06 23:00:00-07:00,TH_NP15_GEN-APND,43.69617
2025-07-06 23:00:00-07:00,TH_SP15_GEN-APND,48.01473
2025-07-06 23:00:00-07:00,TH_ZP26_GEN-APND,47.28479
2025-07-07 00:00:00-07:00,TH_NP15_GEN-APND,43.9874
2025-07-07 00:00:00-07:00,TH_SP15_GEN-APND,46.93269
2025-07-07 00:00:00-07:00,TH_ZP26_GEN-APND,46.31275
2025-07-07 01:00:00-07:00,TH_NP15_GEN-APND,38.77866
2025-07-07 01:00:00-07:00,TH_SP15_GEN-APND,40.59038
2025-07-07 01:00:00-07:00,TH_ZP26_GEN-APND,39.84577
2025-07-07 02:00:00-07:00,TH_NP15_GEN-APND,39.08582
2025-07-07 02:00:00-07:00,TH_SP15_GEN-APND,40.48151
2025-07-07 02:00:00-07:00,TH_ZP26_GEN-APND,39.74717
2025-07-07 03:00:00-07:00,TH_NP15_GEN-APND,38.53361
2025-07-07 03:00:00-07:00,TH_SP15_GEN-APND,40.03729
2025-07-07 03:00:00-07:00,TH_ZP26_GEN-APND,39.55708
2025-07-07 04:00:00-07:00,TH_NP15_GEN-APND,39.01055
2025-07-07 04:00:00-07:00,TH_SP15_GEN-APND,40.68516
2025-07-07 04:00:00-07:00,TH_ZP26_GEN-APND,39.90733
2025-07-07 05:00:00-07:00,TH_NP15_GEN-APND,44.73902
2025-07-07 05:00:00-07:00,TH_SP15_GEN-APND,46.95045
2025-07-07 05:00:00-07:00,TH_ZP26_GEN-APND,46.10856
2025-07-07 06:00:00-07:00,TH_NP15_GEN-APND,47.056
2025-07-07 06:00:00-07:00,TH_SP15_GEN-APND,48.29663
2025-07-07 06:00:00-07:00,TH_ZP26_GEN-APND,47.76039
2025-07-07 07:00:00-07:00,TH_NP15_GEN-APND,36.92469
2025-07-07 07:00:00-07:00,TH_SP15_GEN-APND,36.39896
2025-07-07 07:00:00-07:00,TH_ZP26_GEN-APND,36.39137
2025-07-07 08:00:00-07:00,TH_NP15_GEN-APND,36.32417
2025-07-07 08:00:00-07:00,TH_SP15_GEN-APND,33.93673
2025-07-07 08:00:00-07:00,TH_ZP26_GEN-APND,33.55
2025-07-07 09:00:00-07:00,TH_NP15_GEN-APND,39.17338
2025-07-07 09:00:00-07:00,TH_SP15_GEN-APND,32.15574
2025-07-07 09:00:00-07:00,TH_ZP26_GEN-APND,30.63672
2025-07-07 10:00:00-07:00,TH_NP15_GEN-APND,33.98716
2025-07-07 10:00:00-07:00,TH_SP15_GEN-APND,34.13369
2025-07-07 10:00:00-07:00,TH_ZP26_GEN-APND,32.50936
2025-07-07 11:00:00-07:00,TH_NP15_GEN-APND,35.2709
2025-07-07 11:00:00-07:00,TH_SP15_GEN-APND,35.23923
2025-07-07 11:00:00-07:00,TH_ZP26_GEN-APND,33.45742
2025-07-07 12:00:00-07:00,TH_NP15_GEN-APND,35.44072
2025-07-07 12:00:00-07:00,TH_SP15_GEN-APND,35.63045
2025-07-07 12:00:00-07:00,TH_ZP26_GEN-APND,33.75431
2025-07-07 13:00:00-07:00,TH_NP15_GEN-APND,37.03731
2025-07-07 13:00:00-07:00,TH_SP15_GEN-APND,34.57388
2025-07-07 13:00:00-07:00,TH_ZP26_GEN-APND,32.89047
2025-07-07 14:00:00-07:00,TH_NP15_GEN-APND,40.27896
2025-07-07 14:00:00-07:00,TH_SP15_GEN-APND,35.77182
2025-07-07 14:00:00-07:00,TH_ZP26_GEN-APND,33.42601
2025-07-07 15:00:00-07:00,TH_NP15_GEN-APND,38.66
2025-07-07 15:00:00-07:00,TH_SP15_GEN-APND,38.53461
2025-07-07 15:00:00-07:00,TH_ZP26_GEN-APND,36.50434
2025-07-07 16:00:00-07:00,TH_NP15_GEN-APND,42.00995
2025-07-07 16:00:00-07:00,TH_SP15_GEN-APND,42.19549
2025-07-07 16:00:00-07:00,TH_ZP26_GEN-APND,41.20504
2025-07-07 17:00:00-07:00,TH_NP15_GEN-APND,45.06896
2025-07-07 17:00:00-07:00,TH_SP15_GEN-APND,46.18851
2025-07-07 17:00:00-07:00,TH_ZP26_GEN-APND,44.4217
2025-07-07 18:00:00-07:00,TH_NP15_GEN-APND,56.21219
2025-07-07 18:00:00-07:00,TH_SP15_GEN-APND,58.69832
2025-07-07 18:00:00-07:00,TH_ZP26_GEN-APND,55.13571
2025-07-07 19:00:00-07:00,TH_NP15_GEN-APND,67.33377
2025-07-07 19:00:00-07:00,TH_SP15_GEN-APND,69.78929
2025-07-07 19:00:00-07:00,TH_ZP26_GEN-APND,64.76105
2025-07-07 20:00:00-07:00,TH_NP15_GEN-APND,66.13255
2025-07-07 20:00:00-07:00,TH_SP15_GEN-APND,66.61973
2025-07-07 20:00:00-07:00,TH_ZP26_GEN-APND,65.07314
2025-07-07 21:00:00-07:00,TH_NP15_GEN-APND,57.30791
2025-07-07 21:00:00-07:00,TH_SP15_GEN-APND,61.4613
2025-07-07 21:00:00-07:00,TH_ZP26_GEN-APND,58.91193
2025-07-07 22:00:00-07:00,TH_NP15_GEN-APND,48.54775
2025-07-07 22:00:00-07:00,TH_SP15_GEN-APND,57.48948
2025-07-07 22:00:00-07:00,TH_ZP26_GEN-APND,50.61589
2025-07-07 23:00:00-07:00,TH_NP15_GEN-APND,43.29058
2025-07-07 23:00:00-07:00,TH_SP15_GEN-APND,53.88504
2025-07-07 23:00:00-07:00,TH_ZP26_GEN-APND,44.39935
2025-07-08 00:00:00-07:00,TH_NP15_GEN-APND,45.10355
2025-07-08 00:00:00-07:00,TH_SP15_GEN-APND,52.55578
2025-07-08 00:00:00-07:00,TH_ZP26_GEN-APND,45.41548
2025-07-08 01:00:00-07:00,TH_NP15_GEN-APND,43.54706
2025-07-08 01:00:00-07:00,TH_SP15_GEN-APND,47.32676
2025-07-08 01:00:00-07:00,TH_ZP26_GEN-APND,44.03697
2025-07-08 02:00:00-07:00,TH_NP15_GEN-APND,40.48227
2025-07-08 02:00:00-07:00,TH_SP15_GEN-APND,51.63559
2025-07-08 02:00:00-07:00,TH_ZP26_GEN-APND,40.73683
2025-07-08 03:00:00-07:00,TH_NP15_GEN-APND,40.32153
2025-07-08 03:00:00-07:00,TH_SP15_GEN-APND,51.45124
2025-07-08 03:00:00-07:00,TH_ZP26_GEN-APND,40.15118
2025-07-08 04:00:00-07:00,TH_NP15_GEN-APND,39.00827
2025-07-08 04:00:00-07:00,TH_SP15_GEN-APND,51.06609
2025-07-08 04:00:00-07:00,TH_ZP26_GEN-APND,38.93985
2025-07-08 05:00:00-07:00,TH_NP15_GEN-APND,40.75696
2025-07-08 05:00:00-07:00,TH_SP15_GEN-APND,51.54382
2025-07-08 05:00:00-07:00,TH_ZP26_GEN-APND,39.93864
2025-07-08 06:00:00-07:00,TH_NP15_GEN-APND,43.05
2025-07-08 06:00:00-07:00,TH_SP15_GEN-APND,51.87197
2025-07-08 06:00:00-07:00,TH_ZP26_GEN-APND,41.99999
2025-07-08 07:00:00-07:00,TH_NP15_GEN-APND,34.66588
2025-07-08 07:00:00-07:00,TH_SP15_GEN-APND,35.15903
2025-07-08 07:00:00-07:00,TH_ZP26_GEN-APND,33.90666
2025-07-08 08:00:00-07:00,TH_NP15_GEN-APND,34.49057
2025-07-08 08:00:00-07:00,TH_SP15_GEN-APND,30.6028
2025-07-08 08:00:00-07:00,TH_ZP26_GEN-APND,29.15325
2025-07-08 09:00:00-07:00,TH_NP15_GEN-APND,36.39956
2025-07-08 09:00:00-07:00,TH_SP15_GEN-APND,29.57367
2025-07-08 09:00:00-07:00,TH_ZP26_GEN-APND,26.8849
2025-07-08 10:00:00-07:00,TH_NP15_GEN-APND,32.32438
2025-07-08 10:00:00-07:00,TH_SP15_GEN-APND,32.55499
2025-07-08 10:00:00-07:00,TH_ZP26_GEN-APND,28.88775
2025-07-08 11:00:00-07:00,TH_NP15_GEN-APND,34.63385
2025-07-08 11:00:00-07:00,TH_SP15_GEN-APND,32.80404
2025-07-08 11:00:00-07:00,TH_ZP26_GEN-APND,28.77047
2025-07-08 12:00:00-07:00,TH_NP15_GEN-APND,34.24922
2025-07-08 12:00:00-07:00,TH_SP15_GEN-APND,33.63387
2025-07-08 12:00:00-07:00,TH_ZP26_GEN-APND,28.88612
2025-07-08 13:00:00-07:00,TH_NP15_GEN-APND,36.65
2025-07-08 13:00:00-07:00,TH_SP15_GEN-APND,35.09493
2025-07-08 13:00:00-07:00,TH_ZP26_GEN-APND,29.92084
2025-07-08 14:00:00-07:00,TH_NP15_GEN-APND,41.63634
2025-07-08 14:00:00-07:00,TH_SP15_GEN-APND,37.16284
2025-07-08 14:00:00-07:00,TH_ZP26_GEN-APND,30.52232
2025-07-08 15:00:00-07:00,TH_NP15_GEN-APND,41.91432
2025-07-08 15:00:00-07:00,TH_SP15_GEN-APND,40.46185
2025-07-08 15:00:00-07:00,TH_ZP26_GEN-APND,34.52237
2025-07-08 16:00:00-07:00,TH_NP15_GEN-APND,42.73315
2025-07-08 16:00:00-07:00,TH_SP15_GEN-APND,44.9788
2025-07-08 16:00:00-07:00,TH_ZP26_GEN-APND,37.51857
2025-07-08 17:00:00-07:00,TH_NP15_GEN-APND,42.68123
2025-07-08 17:00:00-07:00,TH_SP15_GEN-APND,59.60251
2025-07-08 17:00:00-07:00,TH_ZP26_GEN-APND,37.71
2025-07-08 18:00:00-07:00,TH_NP15_GEN-APND,49.85
2025-07-08 18:00:00-07:00,TH_SP15_GEN-APND,68.20339
2025-07-08 18:00:00-07:00,TH_ZP26_GEN-APND,44.59051
2025-07-08 19:00:00-07:00,TH_NP15_GEN-APND,63.08332
2025-07-08 19:00:00-07:00,TH_SP15_GEN-APND,78.96835
2025-07-08 19:00:00-07:00,TH_ZP26_GEN-APND,59.16
2025-07-08 20:00:00-07:00,TH_NP15_GEN-APND,63.70029
2025-07-08 20:00:00-07:00,TH_SP15_GEN-APND,73.75231
2025-07-08 20:00:00-07:00,TH_ZP26_GEN-APND,60.99913
2025-07-08 21:00:00-07:00,TH_NP15_GEN-APND,56.99955
2025-07-08 21:00:00-07:00,TH_SP15_GEN-APND,69.40975
2025-07-08 21:00:00-07:00,TH_ZP26_GEN-APND,55.11135
2025-07-08 22:00:00-07:00,TH_NP15_GEN-APND,45.85947
2025-07-08 22:00:00-07:00,TH_SP15_GEN-APND,60.8696
2025-07-08 22:00:00-07:00,TH_ZP26_GEN-APND,45.0763
2025-07-08 23:00:00-07:00,TH_NP15_GEN-APND,45.85622
2025-07-08 23:00:00-07:00,TH_SP15_GEN-APND,55.41538
2025-07-08 23:00:00-07:00,TH_ZP26_GEN-APND,45.24503
2025-07-09 00:00:00-07:00,TH_NP15_GEN-APND,39.98481
2025-07-09 00:00:00-07:00,TH_SP15_GEN-APND,49.29917
2025-07-09 00:00:00-07:00,TH_ZP26_GEN-APND,39.64211
2025-07-09 01:00:00-07:00,TH_NP15_GEN-APND,44.45846
2025-07-09 01:00:00-07:00,TH_SP15_GEN-APND,47.26153
2025-07-09 01:00:00-07:00,TH_ZP26_GEN-APND,45.1542
2025-07-09 02:00:00-07:00,TH_NP15_GEN-APND,40.76678
2025-07-09 02:00:00-07:00,TH_SP15_GEN-APND,47.68321
2025-07-09 02:00:00-07:00,TH_ZP26_GEN-APND,41.32266
2025-07-09 03:00:00-07:00,TH_NP15_GEN-APND,40.0668
2025-07-09 03:00:00-07:00,TH_SP15_GEN-APND,47.48258
2025-07-09 03:00:00-07:00,TH_ZP26_GEN-APND,40.21446
2025-07-09 04:00:00-07:00,TH_NP15_GEN-APND,38.94563
2025-07-09 04:00:00-07:00,TH_SP15_GEN-APND,47.23428
2025-07-09 04:00:00-07:00,TH_ZP26_GEN-APND,39.01521
2025-07-09 05:00:00-07:00,TH_NP15_GEN-APND,41.20463
2025-07-09 05:00:00-07:00,TH_SP15_GEN-APND,47.57538
2025-07-09 05:00:00-07:00,TH_ZP26_GEN-APND,41.5133
2025-07-09 06:00:00-07:00,TH_NP15_GEN-APND,38.63835
2025-07-09 06:00:00-07:00,TH_SP15_GEN-APND,47.21441
2025-07-09 06:00:00-07:00,TH_ZP26_GEN-APND,38.34599
2025-07-09 07:00:00-07:00,TH_NP15_GEN-APND,36.03834
2025-07-09 07:00:00-07:00,TH_SP15_GEN-APND,36.47196
2025-07-09 07:00:00-07:00,TH_ZP26_GEN-APND,35.61408
2025-07-09 08:00:00-07:00,TH_NP15_GEN-APND,33.92757
2025-07-09 08:00:00-07:00,TH_SP15_GEN-APND,36.46174
2025-07-09 08:00:00-07:00,TH_ZP26_GEN-APND,33.31279
2025-07-09 09:00:00-07:00,TH_NP15_GEN-APND,33.92999
2025-07-09 09:00:00-07:00,TH_SP15_GEN-APND,35.99291
2025-07-09 09:00:00-07:00,TH_ZP26_GEN-APND,31.68654
2025-07-09 10:00:00-07:00,TH_NP15_GEN-APND,29.98348
2025-07-09 10:00:00-07:00,TH_SP15_GEN-APND,36.75892
2025-07-09 10:00:00-07:00,TH_ZP26_GEN-APND,28.19948
2025-07-09 11:00:00-07:00,TH_NP15_GEN-APND,29.83059
2025-07-09 11:00:00-07:00,TH_SP15_GEN-APND,37.67153
2025-07-09 11:00:00-07:00,TH_ZP26_GEN-APND,27.85875
2025-07-09 12:00:00-07:00,TH_NP15_GEN-APND,28.14
2025-07-09 12:00:00-07:00,TH_SP15_GEN-APND,37.47541
2025-07-09 12:00:00-07:00,TH_ZP26_GEN-APND,25.46424
2025-07-09 13:00:00-07:00,TH_NP15_GEN-APND,28.7368
2025-07-09 13:00:00-07:00,TH_SP15_GEN-APND,37.90526
2025-07-09 13:00:00-07:00,TH_ZP26_GEN-APND,25.08692
2025-07-09 14:00:00-07:00,TH_NP15_GEN-APND,32.73291
2025-07-09 14:00:00-07:00,TH_SP15_GEN-APND,38.027
2025-07-09 14:00:00-07:00,TH_ZP26_GEN-APND,27.06525
2025-07-09 15:00:00-07:00,TH_NP15_GEN-APND,37.59075
2025-07-09 15:00:00-07:00,TH_SP15_GEN-APND,42.03197
2025-07-09 15:00:00-07:00,TH_ZP26_GEN-APND,31.92425
2025-07-09 16:00:00-07:00,TH_NP15_GEN-APND,37.30807
2025-07-09 16:00:00-07:00,TH_SP15_GEN-APND,40.18245
2025-07-09 16:00:00-07:00,TH_ZP26_GEN-APND,35.78177
2025-07-09 17:00:00-07:00,TH_NP15_GEN-APND,38.96
2025-07-09 17:00:00-07:00,TH_SP15_GEN-APND,54.62312
2025-07-09 17:00:00-07:00,TH_ZP26_GEN-APND,36.13543
2025-07-09 18:00:00-07:00,TH_NP15_GEN-APND,47.04849
2025-07-09 18:00:00-07:00,TH_SP15_GEN-APND,65.85
2025-07-09 18:00:00-07:00,TH_ZP26_GEN-APND,43.18182
2025-07-09 19:00:00-07:00,TH_NP15_GEN-APND,62.35556
2025-07-09 19:00:00-07:00,TH_SP15_GEN-APND,72.84989
2025-07-09 19:00:00-07:00,TH_ZP26_GEN-APND,57.23262
2025-07-09 20:00:00-07:00,TH_NP15_GEN-APND,66.86115
2025-07-09 20:00:00-07:00,TH_SP15_GEN-APND,68.50425
2025-07-09 20:00:00-07:00,TH_ZP26_GEN-APND,63.25
2025-07-09 21:00:00-07:00,TH_NP15_GEN-APND,56.0283
2025-07-09 21:00:00-07:00,TH_SP15_GEN-APND,61.3526
2025-07-09 21:00:00-07:00,TH_ZP26_GEN-APND,53.09464
2025-07-09 22:00:00-07:00,TH_NP15_GEN-APND,42.0
2025-07-09 22:00:00-07:00,TH_SP15_GEN-APND,53.3004
2025-07-09 22:00:00-07:00,TH_ZP26_GEN-APND,47.17008
2025-07-09 23:00:00-07:00,TH_NP15_GEN-APND,43.38329
2025-07-09 23:00:00-07:00,TH_SP15_GEN-APND,50.10774
2025-07-09 23:00:00-07:00,TH_ZP26_GEN-APND,43.25237
2025-07-10 00:00:00-07:00,TH_NP15_GEN-APND,39.87652
2025-07-10 00:00:00-07:00,TH_SP15_GEN-APND,45.59035
2025-07-10 00:00:00-07:00,TH_ZP26_GEN-APND,41.99077
2025-07-10 01:00:00-07:00,TH_NP15_GEN-APND,37.01303
2025-07-10 01:00:00-07:00,TH_SP15_GEN-APND,41.47475
2025-07-10 01:00:00-07:00,TH_ZP26_GEN-APND,40.20948
2025-07-10 02:00:00-07:00,TH_NP15_GEN-APND,39.95937
2025-07-10 02:00:00-07:00,TH_SP15_GEN-APND,43.08383
2025-07-10 02:00:00-07:00,TH_ZP26_GEN-APND,42.13915
2025-07-10 03:00:00-07:00,TH_NP15_GEN-APND,37.9956
2025-07-10 03:00:00-07:00,TH_SP15_GEN-APND,41.1198
2025-07-10 03:00:00-07:00,TH_ZP26_GEN-APND,40.04002
2025-07-10 04:00:00-07:00,TH_NP15_GEN-APND,37.78244
2025-07-10 04:00:00-07:00,TH_SP15_GEN-APND,40.34352
2025-07-10 04:00:00-07:00,TH_ZP26_GEN-APND,39.18681
2025-07-10 05:00:00-07:00,TH_NP15_GEN-APND,39.77324
2025-07-10 05:00:00-07:00,TH_SP15_GEN-APND,42.13751
2025-07-10 05:00:00-07:00,TH_ZP26_GEN-APND,41.02493
2025-07-10 06:00:00-07:00,TH_NP15_GEN-APND,38.68047
2025-07-10 06:00:00-07:00,TH_SP15_GEN-APND,39.8145
2025-07-10 06:00:00-07:00,TH_ZP26_GEN-APND,39.18188
2025-07-10 07:00:00-07:00,TH_NP15_GEN-APND,31.22037
2025-07-10 07:00:00-07:00,TH_SP15_GEN-APND,31.42193
2025-07-10 07:00:00-07:00,TH_ZP26_GEN-APND,30.83617
2025-07-10 08:00:00-07:00,TH_NP15_GEN-APND,28.05805
2025-07-10 08:00:00-07:00,TH_SP15_GEN-APND,26.4103
2025-07-10 08:00:00-07:00,TH_ZP26_GEN-APND,25.08565
2025-07-10 09:00:00-07:00,TH_NP15_GEN-APND,31.55646
2025-07-10 09:00:00-07:00,TH_SP15_GEN-APND,27.46325
2025-07-10 09:00:00-07:00,TH_ZP26_GEN-APND,25.12791
2025-07-10 10:00:00-07:00,TH_NP15_GEN-APND,29.3857
2025-07-10 10:00:00-07:00,TH_SP15_GEN-APND,30.31875
2025-07-10 10:00:00-07:00,TH_ZP26_GEN-APND,28.12238
2025-07-10 11:00:00-07:00,TH_NP15_GEN-APND,30.61399
2025-07-10 11:00:00-07:00,TH_SP15_GEN-APND,30.23569
2025-07-10 11:00:00-07:00,TH_ZP26_GEN-APND,26.5865
2025-07-10 12:00:00-07:00,TH_NP15_GEN-APND,31.57303
2025-07-10 12:00:00-07:00,TH_SP15_GEN-APND,29.53659
2025-07-10 12:00:00-07:00,TH_ZP26_GEN-APND,25.35901
2025-07-10 13:00:00-07:00,TH_NP15_GEN-APND,33.22416
2025-07-10 13:00:00-07:00,TH_SP15_GEN-APND,29.44862
2025-07-10 13:00:00-07:00,TH_ZP26_GEN-APND,24.64354
2025-07-10 14:00:00-07:00,TH_NP15_GEN-APND,40.03
2025-07-10 14:00:00-07:00,TH_SP15_GEN-APND,31.26058
2025-07-10 14:00:00-07:00,TH_ZP26_GEN-APND,25.39794
2025-07-10 15:00:00-07:00,TH_NP15_GEN-APND,40.11874
2025-07-10 15:00:00-07:00,TH_SP15_GEN-APND,40.06968
2025-07-10 15:00:00-07:00,TH_ZP26_GEN-APND,30.61742
2025-07-10 16:00:00-07:00,TH_NP15_GEN-APND,38.63546
2025-07-10 16:00:00-07:00,TH_SP15_GEN-APND,36.51097
2025-07-10 16:00:00-07:00,TH_ZP26_GEN-APND,33.69885
2025-07-10 17:00:00-07:00,TH_NP15_GEN-APND,49.30021
2025-07-10 17:00:00-07:00,TH_SP15_GEN-APND,46.02908
2025-07-10 17:00:00-07:00,TH_ZP26_GEN-APND,42.84715
2025-07-10 18:00:00-07:00,TH_NP15_GEN-APND,54.33703
2025-07-10 18:00:00-07:00,TH_SP15_GEN-APND,56.96109
2025-07-10 18:00:00-07:00,TH_ZP26_GEN-APND,49.44535
2025-07-10 19:00:00-07:00,TH_NP15_GEN-APND,74.30229
2025-07-10 19:00:00-07:00,TH_SP15_GEN-APND,72.50051
2025-07-10 19:00:00-07:00,TH_ZP26_GEN-APND,69.30766
2025-07-10 20:00:00-07:00,TH_NP15_GEN-APND,67.01264
2025-07-10 20:00:00-07:00,TH_SP15_GEN-APND,66.64902
2025-07-10 20:00:00-07:00,TH_ZP26_GEN-APND,65.65301
2025-07-10 21:00:00-07:00,TH_NP15_GEN-APND,56.28534
2025-07-10 21:00:00-07:00,TH_SP15_GEN-APND,57.12088
2025-07-10 21:00:00-07:00,TH_ZP26_GEN-APND,55.19699
2025-07-10 22:00:00-07:00,TH_NP15_GEN-APND,45.60909
2025-07-10 22:00:00-07:00,TH_SP15_GEN-APND,52.4211
2025-07-10 22:00:00-07:00,TH_ZP26_GEN-APND,45.86668
2025-07-10 23:00:00-07:00,TH_NP15_GEN-APND,44.64917
2025-07-10 23:00:00-07:00,TH_SP15_GEN-APND,51.19494
2025-07-10 23:00:00-07:00,TH_ZP26_GEN-APND,44.92
2025-07-11 00:00:00-07:00,TH_NP15_GEN-APND,43.72623
2025-07-11 00:00:00-07:00,TH_SP15_GEN-APND,46.11278
2025-07-11 00:00:00-07:00,TH_ZP26_GEN-APND,45.18229
2025-07-11 01:00:00-07:00,TH_NP15_GEN-APND,43.56376
2025-07-11 01:00:00-07:00,TH_SP15_GEN-APND,44.89437
2025-07-11 01:00:00-07:00,TH_ZP26_GEN-APND,45.06214
2025-07-11 02:00:00-07:00,TH_NP15_GEN-APND,40.00406
2025-07-11 02:00:00-07:00,TH_SP15_GEN-APND,44.02226
2025-07-11 02:00:00-07:00,TH_ZP26_GEN-APND,42.62765
2025-07-11 03:00:00-07:00,TH_NP15_GEN-APND,40.7978
2025-07-11 03:00:00-07:00,TH_SP15_GEN-APND,44.56609
2025-07-11 03:00:00-07:00,TH_ZP26_GEN-APND,43.39265
2025-07-11 04:00:00-07:00,TH_NP15_GEN-APND,41.43908
2025-07-11 04:00:00-07:00,TH_SP15_GEN-APND,44.93357
2025-07-11 04:00:00-07:00,TH_ZP26_GEN-APND,43.71515
2025-07-11 05:00:00-07:00,TH_NP15_GEN-APND,43.58789
2025-07-11 05:00:00-07:00,TH_SP15_GEN-APND,46.70946
2025-07-11 05:00:00-07:00,TH_ZP26_GEN-APND,45.5572
2025-07-11 06:00:00-07:00,TH_NP15_GEN-APND,41.40323
2025-07-11 06:00:00-07:00,TH_SP15_GEN-APND,43.45264
2025-07-11 06:00:00-07:00,TH_ZP26_GEN-APND,42.72589
2025-07-11 07:00:00-07:00,TH_NP15_GEN-APND,30.94674
2025-07-11 07:00:00-07:00,TH_SP15_GEN-APND,30.37324
2025-07-11 07:00:00-07:00,TH_ZP26_GEN-APND,30.22967
2025-07-11 08:00:00-07:00,TH_NP15_GEN-APND,30.96231
2025-07-11 08:00:00-07:00,TH_SP15_GEN-APND,28.43971
2025-07-11 08:00:00-07:00,TH_ZP26_GEN-APND,27.66
2025-07-11 09:00:00-07:00,TH_NP15_GEN-APND,34.13326
2025-07-11 09:00:00-07:00,TH_SP15_GEN-APND,26.15955
2025-07-11 09:00:00-07:00,TH_ZP26_GEN-APND,23.9
2025-07-11 10:00:00-07:00,TH_NP15_GEN-APND,31.18089
2025-07-11 10:00:00-07:00,TH_SP15_GEN-APND,28.13751
2025-07-11 10:00:00-07:00,TH_ZP26_GEN-APND,25.97306
2025-07-11 11:00:00-07:00,TH_NP15_GEN-APND,32.31311
2025-07-11 11:00:00-07:00,TH_SP15_GEN-APND,28.45874
2025-07-11 11:00:00-07:00,TH_ZP26_GEN-APND,26.00281
2025-07-11 12:00:00-07:00,TH_NP15_GEN-APND,32.87772
2025-07-11 12:00:00-07:00,TH_SP15_GEN-APND,27.73115
2025-07-11 12:00:00-07:00,TH_ZP26_GEN-APND,25.11952
2025-07-11 13:00:00-07:00,TH_NP15_GEN-APND,34.38371
2025-07-11 13:00:00-07:00,TH_SP15_GEN-APND,26.87761
2025-07-11 13:00:00-07:00,TH_ZP26_GEN-APND,24.15549
2025-07-11 14:00:00-07:00,TH_NP15_GEN-APND,36.61644
2025-07-11 14:00:00-07:00,TH_SP15_GEN-APND,25.83475
2025-07-11 14:00:00-07:00,TH_ZP26_GEN-APND,20.29573
2025-07-11 15:00:00-07:00,TH_NP15_GEN-APND,41.51
2025-07-11 15:00:00-07:00,TH_SP15_GEN-APND,33.87262
2025-07-11 15:00:00-07:00,TH_ZP26_GEN-APND,30.0016
2025-07-11 16:00:00-07:00,TH_NP15_GEN-APND,39.08219
2025-07-11 16:00:00-07:00,TH_SP15_GEN-APND,38.49014
2025-07-11 16:00:00-07:00,TH_ZP26_GEN-APND,37.11351
2025-07-11 17:00:00-07:00,TH_NP15_GEN-APND,43.07566
2025-07-11 17:00:00-07:00,TH_SP15_GEN-APND,42.05
2025-07-11 17:00:00-07:00,TH_ZP26_GEN-APND,41.06057
2025-07-11 18:00:00-07:00,TH_NP15_GEN-APND,51.77321
2025-07-11 18:00:00-07:00,TH_SP15_GEN-APND,50.09147
2025-07-11 18:00:00-07:00,TH_ZP26_GEN-APND,47.68172
2025-07-11 19:00:00-07:00,TH_NP15_GEN-APND,67.00944
2025-07-11 19:00:00-07:00,TH_SP15_GEN-APND,67.71655
2025-07-11 19:00:00-07:00,TH_ZP26_GEN-APND,64.77027
2025-07-11 20:00:00-07:00,TH_NP15_GEN-APND,62.86098
2025-07-11 20:00:00-07:00,TH_SP15_GEN-APND,63.38931
2025-07-11 20:00:00-07:00,TH_ZP26_GEN-APND,61.66082
2025-07-11 21:00:00-07:00,TH_NP15_GEN-APND,53.12259
2025-07-11 21:00:00-07:00,TH_SP15_GEN-APND,53.9176
2025-07-11 21:00:00-07:00,TH_ZP26_GEN-APND,52.92525
2025-07-11 22:00:00-07:00,TH_NP15_GEN-APND,46.5706
2025-07-11 22:00:00-07:00,TH_SP15_GEN-APND,47.96979
2025-07-11 22:00:00-07:00,TH_ZP26_GEN-APND,47.081
2025-07-11 23:00:00-07:00,TH_NP15_GEN-APND,44.9546
2025-07-11 23:00:00-07:00,TH_SP15_GEN-APND,47.13285
2025-07-11 23:00:00-07:00,TH_ZP26_GEN-APND,45.98672
2025-07-12 00:00:00-07:00,TH_NP15_GEN-APND,43.46553
2025-07-12 00:00:00-07:00,TH_SP15_GEN-APND,44.23728
2025-07-12 00:00:00-07:00,TH_ZP26_GEN-APND,44.23784
2025-07-12 01:00:00-07:00,TH_NP15_GEN-APND,41.09144
2025-07-12 01:00:00-07:00,TH_SP15_GEN-APND,42.70305
2025-07-12 01:00:00-07:00,TH_ZP26_GEN-APND,42.00777
2025-07-12 02:00:00-07:00,TH_NP15_GEN-APND,40.71416
2025-07-12 02:00:00-07:00,TH_SP15_GEN-APND,42.04918
2025-07-12 02:00:00-07:00,TH_ZP26_GEN-APND,41.44966
2025-07-12 03:00:00-07:00,TH_NP15_GEN-APND,40.2679
2025-07-12 03:00:00-07:00,TH_SP15_GEN-APND,41.74045
2025-07-12 03:00:00-07:00,TH_ZP26_GEN-APND,40.98876
2025-07-12 04:00:00-07:00,TH_NP15_GEN-APND,38.50373
2025-07-12 04:00:00-07:00,TH_SP15_GEN-APND,41.7799
2025-07-12 04:00:00-07:00,TH_ZP26_GEN-APND,40.9654
2025-07-12 05:00:00-07:00,TH_NP15_GEN-APND,39.25904
2025-07-12 05:00:00-07:00,TH_SP15_GEN-APND,42.48136
2025-07-12 05:00:00-07:00,TH_ZP26_GEN-APND,41.80177
2025-07-12 06:00:00-07:00,TH_NP15_GEN-APND,37.2001
2025-07-12 06:00:00-07:00,TH_SP15_GEN-APND,37.4268
2025-07-12 06:00:00-07:00,TH_ZP26_GEN-APND,37.49265
2025-07-12 07:00:00-07:00,TH_NP15_GEN-APND,23.07496
2025-07-12 07:00:00-07:00,TH_SP15_GEN-APND,21.86879
2025-07-12 07:00:00-07:00,TH_ZP26_GEN-APND,22.03012
2025-07-12 08:00:00-07:00,TH_NP15_GEN-APND,25.84119
2025-07-12 08:00:00-07:00,TH_SP15_GEN-APND,19.39023
2025-07-12 08:00:00-07:00,TH_ZP26_GEN-APND,17.98995
2025-07-12 09:00:00-07:00,TH_NP15_GEN-APND,27.2652
2025-07-12 09:00:00-07:00,TH_SP15_GEN-APND,18.26908
2025-07-12 09:00:00-07:00,TH_ZP26_GEN-APND,16.31137
2025-07-12 10:00:00-07:00,TH_NP15_GEN-APND,24.07554
2025-07-12 10:00:00-07:00,TH_SP15_GEN-APND,20.0
2025-07-12 10:00:00-07:00,TH_ZP26_GEN-APND,17.68466
2025-07-12 11:00:00-07:00,TH_NP15_GEN-APND,25.23491
2025-07-12 11:00:00-07:00,TH_SP15_GEN-APND,20.06864
2025-07-12 11:00:00-07:00,TH_ZP26_GEN-APND,17.12306
2025-07-12 12:00:00-07:00,TH_NP15_GEN-APND,26.62337
2025-07-12 12:00:00-07:00,TH_SP15_GEN-APND,19.22434
2025-07-12 12:00:00-07:00,TH_ZP26_GEN-APND,16.4507
2025-07-12 13:00:00-07:00,TH_NP15_GEN-APND,30.0
2025-07-12 13:00:00-07:00,TH_SP15_GEN-APND,16.58318
2025-07-12 13:00:00-07:00,TH_ZP26_GEN-APND,12.17271
2025-07-12 14:00:00-07:00,TH_NP15_GEN-APND,30.72644
2025-07-12 14:00:00-07:00,TH_SP15_GEN-APND,17.42422
2025-07-12 14:00:00-07:00,TH_ZP26_GEN-APND,13.07508
2025-07-12 15:00:00-07:00,TH_NP15_GEN-APND,35.3793
2025-07-12 15:00:00-07:00,TH_SP15_GEN-APND,22.3707
2025-07-12 15:00:00-07:00,TH_ZP26_GEN-APND,16.94973
2025-07-12 16:00:00-07:00,TH_NP15_GEN-APND,38.94
2025-07-12 16:00:00-07:00,TH_SP15_GEN-APND,27.78856
2025-07-12 16:00:00-07:00,TH_ZP26_GEN-APND,24.2319
2025-07-12 17:00:00-07:00,TH_NP15_GEN-APND,43.74394
2025-07-12 17:00:00-07:00,TH_SP15_GEN-APND,32.59264
2025-07-12 17:00:00-07:00,TH_ZP26_GEN-APND,29.95477
2025-07-12 18:00:00-07:00,TH_NP15_GEN-APND,48.47121
2025-07-12 18:00:00-07:00,TH_SP15_GEN-APND,45.03111
2025-07-12 18:00:00-07:00,TH_ZP26_GEN-APND,44.57781
2025-07-12 19:00:00-07:00,TH_NP15_GEN-APND,56.86411
2025-07-12 19:00:00-07:00,TH_SP15_GEN-APND,52.26627
2025-07-12 19:00:00-07:00,TH_ZP26_GEN-APND,51.42629
2025-07-12 20:00:00-07:00,TH_NP15_GEN-APND,55.0
2025-07-12 20:00:00-07:00,TH_SP15_GEN-APND,51.44161
2025-07-12 20:00:00-07:00,TH_ZP26_GEN-APND,50.57001
2025-07-12 21:00:00-07:00,TH_NP15_GEN-APND,48.98294
2025-07-12 21:00:00-07:00,TH_SP15_GEN-APND,47.38876
2025-07-12 21:00:00-07:00,TH_ZP26_GEN-APND,46.58025
2025-07-12 22:00:00-07:00,TH_NP15_GEN-APND,44.77191
2025-07-12 22:00:00-07:00,TH_SP15_GEN-APND,45.69438
2025-07-12 22:00:00-07:00,TH_ZP26_GEN-APND,45.28953
2025-07-12 23:00:00-07:00,TH_NP15_GEN-APND,42.71311
2025-07-12 23:00:00-07:00,TH_SP15_GEN-APND,44.95809
2025-07-12 23:00:00-07:00,TH_ZP26_GEN-APND,44.10192
2025-07-13 00:00:00-07:00,TH_NP15_GEN-APND,44.26978
2025-07-13 00:00:00-07:00,TH_SP15_GEN-APND,45.42083
2025-07-13 00:00:00-07:00,TH_ZP26_GEN-APND,44.60658
2025-07-13 01:00:00-07:00,TH_NP15_GEN-APND,43.36666
2025-07-13 01:00:00-07:00,TH_SP15_GEN-APND,45.66553
2025-07-13 01:00:00-07:00,TH_ZP26_GEN-APND,44.23397
2025-07-13 02:00:00-07:00,TH_NP15_GEN-APND,41.23986
2025-07-13 02:00:00-07:00,TH_SP15_GEN-APND,43.01865
2025-07-13 02:00:00-07:00,TH_ZP26_GEN-APND,41.84503
2025-07-13 03:00:00-07:00,TH_NP15_GEN-APND,40.16282
2025-07-13 03:00:00-07:00,TH_SP15_GEN-APND,41.61428
2025-07-13 03:00:00-07:00,TH_ZP26_GEN-APND,40.72443
2025-07-13 04:00:00-07:00,TH_NP15_GEN-APND,39.63755
2025-07-13 04:00:00-07:00,TH_SP15_GEN-APND,40.99822
2025-07-13 04:00:00-07:00,TH_ZP26_GEN-APND,40.16271
2025-07-13 05:00:00-07:00,TH_NP15_GEN-APND,38.06576
2025-07-13 05:00:00-07:00,TH_SP15_GEN-APND,39.14428
2025-07-13 05:00:00-07:00,TH_ZP26_GEN-APND,38.5232
2025-07-13 06:00:00-07:00,TH_NP15_GEN-APND,35.54945
2025-07-13 06:00:00-07:00,TH_SP15_GEN-APND,35.82363
2025-07-13 06:00:00-07:00,TH_ZP26_GEN-APND,35.4399
2025-07-13 07:00:00-07:00,TH_NP15_GEN-APND,24.86858
2025-07-13 07:00:00-07:00,TH_SP15_GEN-APND,23.73983
2025-07-13 07:00:00-07:00,TH_ZP26_GEN-APND,23.60368
2025-07-13 08:00:00-07:00,TH_NP15_GEN-APND,27.48106
2025-07-13 08:00:00-07:00,TH_SP15_GEN-APND,19.14058
2025-07-13 08:00:00-07:00,TH_ZP26_GEN-APND,17.28179
2025-07-13 09:00:00-07:00,TH_NP15_GEN-APND,30.88
2025-07-13 09:00:00-07:00,TH_SP15_GEN-APND,18.7801
2025-07-13 09:00:00-07:00,TH_ZP26_GEN-APND,16.4983
2025-07-13 10:00:00-07:00,TH_NP15_GEN-APND,28.12492
2025-07-13 10:00:00-07:00,TH_SP15_GEN-APND,20.0
2025-07-13 10:00:00-07:00,TH_ZP26_GEN-APND,17.54426
2025-07-13 11:00:00-07:00,TH_NP15_GEN-APND,31.10862
2025-07-13 11:00:00-07:00,TH_SP15_GEN-APND,20.0
2025-07-13 11:00:00-07:00,TH_ZP26_GEN-APND,16.92082
2025-07-13 12:00:00-07:00,TH_NP15_GEN-APND,31.20228
2025-07-13 12:00:00-07:00,TH_SP15_GEN-APND,20.12032
2025-07-13 12:00:00-07:00,TH_ZP26_GEN-APND,17.38
2025-07-13 13:00:00-07:00,TH_NP15_GEN-APND,34.10138
2025-07-13 13:00:00-07:00,TH_SP15_GEN-APND,18.71128
2025-07-13 13:00:00-07:00,TH_ZP26_GEN-APND,15.2046
2025-07-13 14:00:00-07:00,TH_NP15_GEN-APND,38.17244
2025-07-13 14:00:00-07:00,TH_SP15_GEN-APND,20.0
2025-07-13 14:00:00-07:00,TH_ZP26_GEN-APND,16.23719
2025-07-13 15:00:00-07:00,TH_NP15_GEN-APND,41.00567
2025-07-13 15:00:00-07:00,TH_SP15_GEN-APND,26.05358
2025-07-13 15:00:00-07:00,TH_ZP26_GEN-APND,21.70545
2025-07-13 16:00:00-07:00,TH_NP15_GEN-APND,42.49562
2025-07-13 16:00:00-07:00,TH_SP15_GEN-APND,32.17296
2025-07-13 16:00:00-07:00,TH_ZP26_GEN-APND,29.05776
2025-07-13 17:00:00-07:00,TH_NP15_GEN-APND,46.07707
2025-07-13 17:00:00-07:00,TH_SP15_GEN-APND,38.96757
2025-07-13 17:00:00-07:00,TH_ZP26_GEN-APND,36.39414
2025-07-13 18:00:00-07:00,TH_NP15_GEN-APND,56.44786
2025-07-13 18:00:00-07:00,TH_SP15_GEN-APND,46.91161
2025-07-13 18:00:00-07:00,TH_ZP26_GEN-APND,45.0285
2025-07-13 19:00:00-07:00,TH_NP15_GEN-APND,68.27758
2025-07-13 19:00:00-07:00,TH_SP15_GEN-APND,59.47794
2025-07-13 19:00:00-07:00,TH_ZP26_GEN-APND,57.3927
2025-07-13 20:00:00-07:00,TH_NP15_GEN-APND,64.41749
2025-07-13 20:00:00-07:00,TH_SP15_GEN-APND,57.53452
2025-07-13 20:00:00-07:00,TH_ZP26_GEN-APND,56.14491
2025-07-13 21:00:00-07:00,TH_NP15_GEN-APND,56.46792
2025-07-13 21:00:00-07:00,TH_SP15_GEN-APND,52.85839
2025-07-13 21:00:00-07:00,TH_ZP26_GEN-APND,51.87521
2025-07-13 22:00:00-07:00,TH_NP15_GEN-APND,46.26178
2025-07-13 22:00:00-07:00,TH_SP15_GEN-APND,45.15953
2025-07-13 22:00:00-07:00,TH_ZP26_GEN-APND,44.12145
2025-07-13 23:00:00-07:00,TH_NP15_GEN-APND,42.57052
2025-07-13 23:00:00-07:00,TH_SP15_GEN-APND,44.1871
2025-07-13 23:00:00-07:00,TH_ZP26_GEN-APND,43.68421
2025-07-14 00:00:00-07:00,TH_NP15_GEN-APND,42.74901
2025-07-14 00:00:00-07:00,TH_SP15_GEN-APND,46.78875
2025-07-14 00:00:00-07:00,TH_ZP26_GEN-APND,45.83447
2025-07-14 01:00:00-07:00,TH_NP15_GEN-APND,41.19022
2025-07-14 01:00:00-07:00,TH_SP15_GEN-APND,45.18567
2025-07-14 01:00:00-07:00,TH_ZP26_GEN-APND,44.16646
2025-07-14 02:00:00-07:00,TH_NP15_GEN-APND,40.17751
2025-07-14 02:00:00-07:00,TH_SP15_GEN-APND,43.96788
2025-07-14 02:00:00-07:00,TH_ZP26_GEN-APND,42.71622
2025-07-14 03:00:00-07:00,TH_NP15_GEN-APND,39.69867
2025-07-14 03:00:00-07:00,TH_SP15_GEN-APND,43.86854
2025-07-14 03:00:00-07:00,TH_ZP26_GEN-APND,42.59669
2025-07-14 04:00:00-07:00,TH_NP15_GEN-APND,38.88028
2025-07-14 04:00:00-07:00,TH_SP15_GEN-APND,42.65402
2025-07-14 04:00:00-07:00,TH_ZP26_GEN-APND,41.34908
2025-07-14 05:00:00-07:00,TH_NP15_GEN-APND,42.63445
2025-07-14 05:00:00-07:00,TH_SP15_GEN-APND,49.15106
2025-07-14 05:00:00-07:00,TH_ZP26_GEN-APND,47.68041
2025-07-14 06:00:00-07:00,TH_NP15_GEN-APND,45.68274
2025-07-14 06:00:00-07:00,TH_SP15_GEN-APND,49.08414
2025-07-14 06:00:00-07:00,TH_ZP26_GEN-APND,48.01612
2025-07-14 07:00:00-07:00,TH_NP15_GEN-APND,33.23538
2025-07-14 07:00:00-07:00,TH_SP15_GEN-APND,32.49362
2025-07-14 07:00:00-07:00,TH_ZP26_GEN-APND,32.19582
2025-07-14 08:00:00-07:00,TH_NP15_GEN-APND,33.13687
2025-07-14 08:00:00-07:00,TH_SP15_GEN-APND,30.39049
2025-07-14 08:00:00-07:00,TH_ZP26_GEN-APND,28.90292
2025-07-14 09:00:00-07:00,TH_NP15_GEN-APND,35.70761
2025-07-14 09:00:00-07:00,TH_SP15_GEN-APND,27.51154
2025-07-14 09:00:00-07:00,TH_ZP26_GEN-APND,24.80969
2025-07-14 10:00:00-07:00,TH_NP15_GEN-APND,32.62647
2025-07-14 10:00:00-07:00,TH_SP15_GEN-APND,29.4751
2025-07-14 10:00:00-07:00,TH_ZP26_GEN-APND,26.53213
2025-07-14 11:00:00-07:00,TH_NP15_GEN-APND,32.29776
2025-07-14 11:00:00-07:00,TH_SP15_GEN-APND,29.59502
2025-07-14 11:00:00-07:00,TH_ZP26_GEN-APND,26.62607
2025-07-14 12:00:00-07:00,TH_NP15_GEN-APND,34.85566
2025-07-14 12:00:00-07:00,TH_SP15_GEN-APND,29.6658
2025-07-14 12:00:00-07:00,TH_ZP26_GEN-APND,26.6764
2025-07-14 13:00:00-07:00,TH_NP15_GEN-APND,36.57005
2025-07-14 13:00:00-07:00,TH_SP15_GEN-APND,29.68206
2025-07-14 13:00:00-07:00,TH_ZP26_GEN-APND,26.08368
2025-07-14 14:00:00-07:00,TH_NP15_GEN-APND,38.73423
2025-07-14 14:00:00-07:00,TH_SP15_GEN-APND,31.29145
2025-07-14 14:00:00-07:00,TH_ZP26_GEN-APND,28.05949
2025-07-14 15:00:00-07:00,TH_NP15_GEN-APND,40.91505
2025-07-14 15:00:00-07:00,TH_SP15_GEN-APND,35.27541
2025-07-14 15:00:00-07:00,TH_ZP26_GEN-APND,33.27699
2025-07-14 16:00:00-07:00,TH_NP15_GEN-APND,45.89131
2025-07-14 16:00:00-07:00,TH_SP15_GEN-APND,37.59146
2025-07-14 16:00:00-07:00,TH_ZP26_GEN-APND,34.35965
2025-07-14 17:00:00-07:00,TH_NP15_GEN-APND,50.97626
2025-07-14 17:00:00-07:00,TH_SP15_GEN-APND,42.10143
2025-07-14 17:00:00-07:00,TH_ZP26_GEN-APND,38.96713
2025-07-14 18:00:00-07:00,TH_NP15_GEN-APND,59.54233
2025-07-14 18:00:00-07:00,TH_SP15_GEN-APND,51.99339
2025-07-14 18:00:00-07:00,TH_ZP26_GEN-APND,49.02499
2025-07-14 19:00:00-07:00,TH_NP15_GEN-APND,70.66
2025-07-14 19:00:00-07:00,TH_SP15_GEN-APND,62.43234
2025-07-14 19:00:00-07:00,TH_ZP26_GEN-APND,59.78362
2025-07-14 20:00:00-07:00,TH_NP15_GEN-APND,63.5055
2025-07-14 20:00:00-07:00,TH_SP15_GEN-APND,60.12448
2025-07-14 20:00:00-07:00,TH_ZP26_GEN-APND,58.30567
2025-07-14 21:00:00-07:00,TH_NP15_GEN-APND,56.02366
2025-07-14 21:00:00-07:00,TH_SP15_GEN-APND,55.47964
2025-07-14 21:00:00-07:00,TH_ZP26_GEN-APND,53.68203
2025-07-14 22:00:00-07:00,TH_NP15_GEN-APND,49.73128
2025-07-14 22:00:00-07:00,TH_SP15_GEN-APND,49.97121
2025-07-14 22:00:00-07:00,TH_ZP26_GEN-APND,49.33692
2025-07-14 23:00:00-07:00,TH_NP15_GEN-APND,44.53908
2025-07-14 23:00:00-07:00,TH_SP15_GEN-APND,47.66277
2025-07-14 23:00:00-07:00,TH_ZP26_GEN-APND,46.8851
2025-07-15 00:00:00-07:00,TH_NP15_GEN-APND,46.14387
2025-07-15 00:00:00-07:00,TH_SP15_GEN-APND,47.4963
2025-07-15 00:00:00-07:00,TH_ZP26_GEN-APND,47.23028
2025-07-15 01:00:00-07:00,TH_NP15_GEN-APND,43.8937
2025-07-15 01:00:00-07:00,TH_SP15_GEN-APND,45.79121
2025-07-15 01:00:00-07:00,TH_ZP26_GEN-APND,45.24676
2025-07-15 02:00:00-07:00,TH_NP15_GEN-APND,43.05388
2025-07-15 02:00:00-07:00,TH_SP15_GEN-APND,44.73232
2025-07-15 02:00:00-07:00,TH_ZP26_GEN-APND,44.17416
2025-07-15 03:00:00-07:00,TH_NP15_GEN-APND,43.21639
2025-07-15 03:00:00-07:00,TH_SP15_GEN-APND,44.62319
2025-07-15 03:00:00-07:00,TH_ZP26_GEN-APND,44.41311
2025-07-15 04:00:00-07:00,TH_NP15_GEN-APND,42.33626
2025-07-15 04:00:00-07:00,TH_SP15_GEN-APND,43.26499
2025-07-15 04:00:00-07:00,TH_ZP26_GEN-APND,42.94821
2025-07-15 05:00:00-07:00,TH_NP15_GEN-APND,47.73869
2025-07-15 05:00:00-07:00,TH_SP15_GEN-APND,50.24277
2025-07-15 05:00:00-07:00,TH_ZP26_GEN-APND,49.56687
2025-07-15 06:00:00-07:00,TH_NP15_GEN-APND,46.39019
2025-07-15 06:00:00-07:00,TH_SP15_GEN-APND,46.79842
2025-07-15 06:00:00-07:00,TH_ZP26_GEN-APND,46.43796
2025-07-15 07:00:00-07:00,TH_NP15_GEN-APND,35.50709
2025-07-15 07:00:00-07:00,TH_SP15_GEN-APND,34.6276
2025-07-15 07:00:00-07:00,TH_ZP26_GEN-APND,34.44218
2025-07-15 08:00:00-07:00,TH_NP15_GEN-APND,33.37479
2025-07-15 08:00:00-07:00,TH_SP15_GEN-APND,30.12108
2025-07-15 08:00:00-07:00,TH_ZP26_GEN-APND,28.83057
2025-07-15 09:00:00-07:00,TH_NP15_GEN-APND,34.92236
2025-07-15 09:00:00-07:00,TH_SP15_GEN-APND,28.39596
2025-07-15 09:00:00-07:00,TH_ZP26_GEN-APND,25.70114
2025-07-15 10:00:00-07:00,TH_NP15_GEN-APND,32.59732
2025-07-15 10:00:00-07:00,TH_SP15_GEN-APND,29.10101
2025-07-15 10:00:00-07:00,TH_ZP26_GEN-APND,26.05969
2025-07-15 11:00:00-07:00,TH_NP15_GEN-APND,32.72333
2025-07-15 11:00:00-07:00,TH_SP15_GEN-APND,29.07623
2025-07-15 11:00:00-07:00,TH_ZP26_GEN-APND,25.71772
2025-07-15 12:00:00-07:00,TH_NP15_GEN-APND,33.16111
2025-07-15 12:00:00-07:00,TH_SP15_GEN-APND,28.24104
2025-07-15 12:00:00-07:00,TH_ZP26_GEN-APND,25.67794
2025-07-15 13:00:00-07:00,TH_NP15_GEN-APND,32.76562
2025-07-15 13:00:00-07:00,TH_SP15_GEN-APND,28.60152
2025-07-15 13:00:00-07:00,TH_ZP26_GEN-APND,25.26296
2025-07-15 14:00:00-07:00,TH_NP15_GEN-APND,34.84353
2025-07-15 14:00:00-07:00,TH_SP15_GEN-APND,28.3564
2025-07-15 14:00:00-07:00,TH_ZP26_GEN-APND,24.03589
2025-07-15 15:00:00-07:00,TH_NP15_GEN-APND,37.39865
2025-07-15 15:00:00-07:00,TH_SP15_GEN-APND,30.02413
2025-07-15 15:00:00-07:00,TH_ZP26_GEN-APND,26.36634
2025-07-15 16:00:00-07:00,TH_NP15_GEN-APND,36.34801
2025-07-15 16:00:00-07:00,TH_SP15_GEN-APND,32.10973
2025-07-15 16:00:00-07:00,TH_ZP26_GEN-APND,30.17635
2025-07-15 17:00:00-07:00,TH_NP15_GEN-APND,43.3285
2025-07-15 17:00:00-07:00,TH_SP15_GEN-APND,43.00485
2025-07-15 17:00:00-07:00,TH_ZP26_GEN-APND,41.45137
2025-07-15 18:00:00-07:00,TH_NP15_GEN-APND,50.66991
2025-07-15 18:00:00-07:00,TH_SP15_GEN-APND,48.74256
2025-07-15 18:00:00-07:00,TH_ZP26_GEN-APND,46.72416
2025-07-15 19:00:00-07:00,TH_NP15_GEN-APND,61.64519
2025-07-15 19:00:00-07:00,TH_SP15_GEN-APND,58.15158
2025-07-15 19:00:00-07:00,TH_ZP26_GEN-APND,56.45849
2025-07-15 20:00:00-07:00,TH_NP15_GEN-APND,57.24894
2025-07-15 20:00:00-07:00,TH_SP15_GEN-APND,54.15601
2025-07-15 20:00:00-07:00,TH_ZP26_GEN-APND,52.81036
2025-07-15 21:00:00-07:00,TH_NP15_GEN-APND,53.36
2025-07-15 21:00:00-07:00,TH_SP15_GEN-APND,51.96652
2025-07-15 21:00:00-07:00,TH_ZP26_GEN-APND,51.00199
2025-07-15 22:00:00-07:00,TH_NP15_GEN-APND,48.07337
2025-07-15 22:00:00-07:00,TH_SP15_GEN-APND,49.58694
2025-07-15 22:00:00-07:00,TH_ZP26_GEN-APND,48.83441
2025-07-15 23:00:00-07:00,TH_NP15_GEN-APND,45.85408
2025-07-15 23:00:00-07:00,TH_SP15_GEN-APND,49.09154
2025-07-15 23:00:00-07:00,TH_ZP26_GEN-APND,48.04623
2025-07-16 00:00:00-07:00,TH_NP15_GEN-APND,42.05955
2025-07-16 00:00:00-07:00,TH_SP15_GEN-APND,47.95307
2025-07-16 00:00:00-07:00,TH_ZP26_GEN-APND,47.09824
2025-07-16 01:00:00-07:00,TH_NP15_GEN-APND,41.60626
2025-07-16 01:00:00-07:00,TH_SP15_GEN-APND,47.42589
2025-07-16 01:00:00-07:00,TH_ZP26_GEN-APND,46.5571
2025-07-16 02:00:00-07:00,TH_NP15_GEN-APND,39.79072
2025-07-16 02:00:00-07:00,TH_SP15_GEN-APND,44.95062
2025-07-16 02:00:00-07:00,TH_ZP26_GEN-APND,44.07185
2025-07-16 03:00:00-07:00,TH_NP15_GEN-APND,40.224
2025-07-16 03:00:00-07:00,TH_SP15_GEN-APND,45.20638
2025-07-16 03:00:00-07:00,TH_ZP26_GEN-APND,44.34655
2025-07-16 04:00:00-07:00,TH_NP15_GEN-APND,40.12397
2025-07-16 04:00:00-07:00,TH_SP15_GEN-APND,45.28332
2025-07-16 04:00:00-07:00,TH_ZP26_GEN-APND,44.34136
2025-07-16 05:00:00-07:00,TH_NP15_GEN-APND,43.84933
2025-07-16 05:00:00-07:00,TH_SP15_GEN-APND,48.45766
2025-07-16 05:00:00-07:00,TH_ZP26_GEN-APND,47.32394
2025-07-16 06:00:00-07:00,TH_NP15_GEN-APND,44.35
2025-07-16 06:00:00-07:00,TH_SP15_GEN-APND,47.29529
2025-07-16 06:00:00-07:00,TH_ZP26_GEN-APND,46.48753
2025-07-16 07:00:00-07:00,TH_NP15_GEN-APND,36.086
2025-07-16 07:00:00-07:00,TH_SP15_GEN-APND,35.13518
2025-07-16 07:00:00-07:00,TH_ZP26_GEN-APND,35.35119
2025-07-16 08:00:00-07:00,TH_NP15_GEN-APND,34.15304
2025-07-16 08:00:00-07:00,TH_SP15_GEN-APND,30.8641
2025-07-16 08:00:00-07:00,TH_ZP26_GEN-APND,29.7114
2025-07-16 09:00:00-07:00,TH_NP15_GEN-APND,35.51633
2025-07-16 09:00:00-07:00,TH_SP15_GEN-APND,29.73211
2025-07-16 09:00:00-07:00,TH_ZP26_GEN-APND,27.61609
2025-07-16 10:00:00-07:00,TH_NP15_GEN-APND,31.98035
2025-07-16 10:00:00-07:00,TH_SP15_GEN-APND,31.87121
2025-07-16 10:00:00-07:00,TH_ZP26_GEN-APND,29.92203
2025-07-16 11:00:00-07:00,TH_NP15_GEN-APND,32.46482
2025-07-16 11:00:00-07:00,TH_SP15_GEN-APND,31.1455
2025-07-16 11:00:00-07:00,TH_ZP26_GEN-APND,27.5993
2025-07-16 12:00:00-07:00,TH_NP15_GEN-APND,32.90733
2025-07-16 12:00:00-07:00,TH_SP15_GEN-APND,31.38468
2025-07-16 12:00:00-07:00,TH_ZP26_GEN-APND,28.0967
2025-07-16 13:00:00-07:00,TH_NP15_GEN-APND,33.73819
2025-07-16 13:00:00-07:00,TH_SP15_GEN-APND,31.17122
2025-07-16 13:00:00-07:00,TH_ZP26_GEN-APND,27.07485
2025-07-16 14:00:00-07:00,TH_NP15_GEN-APND,35.99814
2025-07-16 14:00:00-07:00,TH_SP15_GEN-APND,28.90228
2025-07-16 14:00:00-07:00,TH_ZP26_GEN-APND,23.96137
2025-07-16 15:00:00-07:00,TH_NP15_GEN-APND,37.67322
2025-07-16 15:00:00-07:00,TH_SP15_GEN-APND,28.26442
2025-07-16 15:00:00-07:00,TH_ZP26_GEN-APND,24.34032
2025-07-16 16:00:00-07:00,TH_NP15_GEN-APND,38.84002
2025-07-16 16:00:00-07:00,TH_SP15_GEN-APND,32.33311
2025-07-16 16:00:00-07:00,TH_ZP26_GEN-APND,29.61104
2025-07-16 17:00:00-07:00,TH_NP15_GEN-APND,41.97
2025-07-16 17:00:00-07:00,TH_SP15_GEN-APND,42.90974
2025-07-16 17:00:00-07:00,TH_ZP26_GEN-APND,42.82939
2025-07-16 18:00:00-07:00,TH_NP15_GEN-APND,47.61651
2025-07-16 18:00:00-07:00,TH_SP15_GEN-APND,48.40396
2025-07-16 18:00:00-07:00,TH_ZP26_GEN-APND,46.65656
2025-07-16 19:00:00-07:00,TH_NP15_GEN-APND,56.57877
2025-07-16 19:00:00-07:00,TH_SP15_GEN-APND,54.14745
2025-07-16 19:00:00-07:00,TH_ZP26_GEN-APND,53.47026
2025-07-16 20:00:00-07:00,TH_NP15_GEN-APND,56.02868
2025-07-16 20:00:00-07:00,TH_SP15_GEN-APND,54.00517
2025-07-16 20:00:00-07:00,TH_ZP26_GEN-APND,53.38276
2025-07-16 21:00:00-07:00,TH_NP15_GEN-APND,53.97495
2025-07-16 21:00:00-07:00,TH_SP15_GEN-APND,53.58579
2025-07-16 21:00:00-07:00,TH_ZP26_GEN-APND,53.46296
2025-07-16 22:00:00-07:00,TH_NP15_GEN-APND,45.39855
2025-07-16 22:00:00-07:00,TH_SP15_GEN-APND,48.54851
2025-07-16 22:00:00-07:00,TH_ZP26_GEN-APND,48.30193
2025-07-16 23:00:00-07:00,TH_NP15_GEN-APND,43.36212
2025-07-16 23:00:00-07:00,TH_SP15_GEN-APND,47.67839
2025-07-16 23:00:00-07:00,TH_ZP26_GEN-APND,46.96272
2025-07-17 00:00:00-07:00,TH_NP15_GEN-APND,39.8953
2025-07-17 00:00:00-07:00,TH_SP15_GEN-APND,44.44878
2025-07-17 00:00:00-07:00,TH_ZP26_GEN-APND,43.4467
2025-07-17 01:00:00-07:00,TH_NP15_GEN-APND,39.94332
2025-07-17 01:00:00-07:00,TH_SP15_GEN-APND,45.33589
2025-07-17 01:00:00-07:00,TH_ZP26_GEN-APND,44.15194
2025-07-17 02:00:00-07:00,TH_NP15_GEN-APND,37.98053
2025-07-17 02:00:00-07:00,TH_SP15_GEN-APND,42.51487
2025-07-17 02:00:00-07:00,TH_ZP26_GEN-APND,41.86913
2025-07-17 03:00:00-07:00,TH_NP15_GEN-APND,37.00764
2025-07-17 03:00:00-07:00,TH_SP15_GEN-APND,41.22542
2025-07-17 03:00:00-07:00,TH_ZP26_GEN-APND,40.61948
2025-07-17 04:00:00-07:00,TH_NP15_GEN-APND,41.38079
2025-07-17 04:00:00-07:00,TH_SP15_GEN-APND,45.96902
2025-07-17 04:00:00-07:00,TH_ZP26_GEN-APND,45.11643
2025-07-17 05:00:00-07:00,TH_NP15_GEN-APND,43.5403
2025-07-17 05:00:00-07:00,TH_SP15_GEN-APND,47.2401
2025-07-17 05:00:00-07:00,TH_ZP26_GEN-APND,46.6294
2025-07-17 06:00:00-07:00,TH_NP15_GEN-APND,43.23589
2025-07-17 06:00:00-07:00,TH_SP15_GEN-APND,45.92014
2025-07-17 06:00:00-07:00,TH_ZP26_GEN-APND,45.28935
2025-07-17 07:00:00-07:00,TH_NP15_GEN-APND,34.65289
2025-07-17 07:00:00-07:00,TH_SP15_GEN-APND,35.04603
2025-07-17 07:00:00-07:00,TH_ZP26_GEN-APND,34.6103
2025-07-17 08:00:00-07:00,TH_NP15_GEN-APND,33.66562
2025-07-17 08:00:00-07:00,TH_SP15_GEN-APND,33.59525
2025-07-17 08:00:00-07:00,TH_ZP26_GEN-APND,32.33184
2025-07-17 09:00:00-07:00,TH_NP15_GEN-APND,33.45043
2025-07-17 09:00:00-07:00,TH_SP15_GEN-APND,32.70271
2025-07-17 09:00:00-07:00,TH_ZP26_GEN-APND,30.28161
2025-07-17 10:00:00-07:00,TH_NP15_GEN-APND,32.48859
2025-07-17 10:00:00-07:00,TH_SP15_GEN-APND,32.29847
2025-07-17 10:00:00-07:00,TH_ZP26_GEN-APND,30.36185
2025-07-17 11:00:00-07:00,TH_NP15_GEN-APND,32.4175
2025-07-17 11:00:00-07:00,TH_SP15_GEN-APND,32.54419
2025-07-17 11:00:00-07:00,TH_ZP26_GEN-APND,29.29284
2025-07-17 12:00:00-07:00,TH_NP15_GEN-APND,32.02198
2025-07-17 12:00:00-07:00,TH_SP15_GEN-APND,32.22666
2025-07-17 12:00:00-07:00,TH_ZP26_GEN-APND,28.99356
2025-07-17 13:00:00-07:00,TH_NP15_GEN-APND,34.39731
2025-07-17 13:00:00-07:00,TH_SP15_GEN-APND,30.17621
2025-07-17 13:00:00-07:00,TH_ZP26_GEN-APND,26.20869
2025-07-17 14:00:00-07:00,TH_NP15_GEN-APND,36.76
2025-07-17 14:00:00-07:00,TH_SP15_GEN-APND,29.83924
2025-07-17 14:00:00-07:00,TH_ZP26_GEN-APND,26.32171
2025-07-17 15:00:00-07:00,TH_NP15_GEN-APND,36.76877
2025-07-17 15:00:00-07:00,TH_SP15_GEN-APND,30.70363
2025-07-17 15:00:00-07:00,TH_ZP26_GEN-APND,27.31129
2025-07-17 16:00:00-07:00,TH_NP15_GEN-APND,34.21923
2025-07-17 16:00:00-07:00,TH_SP15_GEN-APND,33.44676
2025-07-17 16:00:00-07:00,TH_ZP26_GEN-APND,31.97685
2025-07-17 17:00:00-07:00,TH_NP15_GEN-APND,37.08478
2025-07-17 17:00:00-07:00,TH_SP15_GEN-APND,40.89757
2025-07-17 17:00:00-07:00,TH_ZP26_GEN-APND,37.58732
2025-07-17 18:00:00-07:00,TH_NP15_GEN-APND,45.85363
2025-07-17 18:00:00-07:00,TH_SP15_GEN-APND,47.50843
2025-07-17 18:00:00-07:00,TH_ZP26_GEN-APND,46.38372
2025-07-17 19:00:00-07:00,TH_NP15_GEN-APND,52.37401
2025-07-17 19:00:00-07:00,TH_SP15_GEN-APND,52.213
2025-07-17 19:00:00-07:00,TH_ZP26_GEN-APND,52.11
2025-07-17 20:00:00-07:00,TH_NP15_GEN-APND,51.30116
2025-07-17 20:00:00-07:00,TH_SP15_GEN-APND,51.91488
2025-07-17 20:00:00-07:00,TH_ZP26_GEN-APND,51.69792
2025-07-17 21:00:00-07:00,TH_NP15_GEN-APND,47.79261
2025-07-17 21:00:00-07:00,TH_SP15_GEN-APND,49.88598
2025-07-17 21:00:00-07:00,TH_ZP26_GEN-APND,49.55964
2025-07-17 22:00:00-07:00,TH_NP15_GEN-APND,43.59572
2025-07-17 22:00:00-07:00,TH_SP15_GEN-APND,48.53834
2025-07-17 22:00:00-07:00,TH_ZP26_GEN-APND,48.36129
2025-07-17 23:00:00-07:00,TH_NP15_GEN-APND,41.58973
2025-07-17 23:00:00-07:00,TH_SP15_GEN-APND,47.61152
2025-07-17 23:00:00-07:00,TH_ZP26_GEN-APND,47.06191
2025-07-18 00:00:00-07:00,TH_NP15_GEN-APND,43.09156
2025-07-18 00:00:00-07:00,TH_SP15_GEN-APND,47.2713
2025-07-18 00:00:00-07:00,TH_ZP26_GEN-APND,46.51083
2025-07-18 01:00:00-07:00,TH_NP15_GEN-APND,41.9193
2025-07-18 01:00:00-07:00,TH_SP15_GEN-APND,45.48807
2025-07-18 01:00:00-07:00,TH_ZP26_GEN-APND,44.63115
2025-07-18 02:00:00-07:00,TH_NP15_GEN-APND,41.67633
2025-07-18 02:00:00-07:00,TH_SP15_GEN-APND,45.22919
2025-07-18 02:00:00-07:00,TH_ZP26_GEN-APND,44.56399
2025-07-18 03:00:00-07:00,TH_NP15_GEN-APND,40.96496
2025-07-18 03:00:00-07:00,TH_SP15_GEN-APND,43.85376
2025-07-18 03:00:00-07:00,TH_ZP26_GEN-APND,43.29141
2025-07-18 04:00:00-07:00,TH_NP15_GEN-APND,42.23918
2025-07-18 04:00:00-07:00,TH_SP15_GEN-APND,45.17552
2025-07-18 04:00:00-07:00,TH_ZP26_GEN-APND,44.60905
2025-07-18 05:00:00-07:00,TH_NP15_GEN-APND,42.5663
2025-07-18 05:00:00-07:00,TH_SP15_GEN-APND,45.27365
2025-07-18 05:00:00-07:00,TH_ZP26_GEN-APND,44.38556
2025-07-18 06:00:00-07:00,TH_NP15_GEN-APND,42.85966
2025-07-18 06:00:00-07:00,TH_SP15_GEN-APND,44.46436
2025-07-18 06:00:00-07:00,TH_ZP26_GEN-APND,43.955
2025-07-18 07:00:00-07:00,TH_NP15_GEN-APND,34.36042
2025-07-18 07:00:00-07:00,TH_SP15_GEN-APND,33.52887
2025-07-18 07:00:00-07:00,TH_ZP26_GEN-APND,33.42984
2025-07-18 08:00:00-07:00,TH_NP15_GEN-APND,34.2115
2025-07-18 08:00:00-07:00,TH_SP15_GEN-APND,31.18137
2025-07-18 08:00:00-07:00,TH_ZP26_GEN-APND,29.76444
2025-07-18 09:00:00-07:00,TH_NP15_GEN-APND,37.47484
2025-07-18 09:00:00-07:00,TH_SP15_GEN-APND,28.57555
2025-07-18 09:00:00-07:00,TH_ZP26_GEN-APND,25.81012
2025-07-18 10:00:00-07:00,TH_NP15_GEN-APND,33.11
2025-07-18 10:00:00-07:00,TH_SP15_GEN-APND,31.85168
2025-07-18 10:00:00-07:00,TH_ZP26_GEN-APND,29.41111
2025-07-18 11:00:00-07:00,TH_NP15_GEN-APND,33.643
2025-07-18 11:00:00-07:00,TH_SP15_GEN-APND,31.27592
2025-07-18 11:00:00-07:00,TH_ZP26_GEN-APND,28.37227
2025-07-18 12:00:00-07:00,TH_NP15_GEN-APND,33.17148
2025-07-18 12:00:00-07:00,TH_SP15_GEN-APND,31.43076
2025-07-18 12:00:00-07:00,TH_ZP26_GEN-APND,27.89265
2025-07-18 13:00:00-07:00,TH_NP15_GEN-APND,34.30227
2025-07-18 13:00:00-07:00,TH_SP15_GEN-APND,31.25024
2025-07-18 13:00:00-07:00,TH_ZP26_GEN-APND,26.8616
2025-07-18 14:00:00-07:00,TH_NP15_GEN-APND,36.18806
2025-07-18 14:00:00-07:00,TH_SP15_GEN-APND,30.67848
2025-07-18 14:00:00-07:00,TH_ZP26_GEN-APND,27.4078
2025-07-18 15:00:00-07:00,TH_NP15_GEN-APND,34.54758
2025-07-18 15:00:00-07:00,TH_SP15_GEN-APND,31.40626
2025-07-18 15:00:00-07:00,TH_ZP26_GEN-APND,28.23176
2025-07-18 16:00:00-07:00,TH_NP15_GEN-APND,33.70896
2025-07-18 16:00:00-07:00,TH_SP15_GEN-APND,32.26537
2025-07-18 16:00:00-07:00,TH_ZP26_GEN-APND,29.39652
2025-07-18 17:00:00-07:00,TH_NP15_GEN-APND,37.4145
2025-07-18 17:00:00-07:00,TH_SP15_GEN-APND,37.94076
2025-07-18 17:00:00-07:00,TH_ZP26_GEN-APND,36.11302
2025-07-18 18:00:00-07:00,TH_NP15_GEN-APND,45.3476
2025-07-18 18:00:00-07:00,TH_SP15_GEN-APND,46.7648
2025-07-18 18:00:00-07:00,TH_ZP26_GEN-APND,45.62717
2025-07-18 19:00:00-07:00,TH_NP15_GEN-APND,43.0
2025-07-18 19:00:00-07:00,TH_SP15_GEN-APND,49.0609
2025-07-18 19:00:00-07:00,TH_ZP26_GEN-APND,48.60997
2025-07-18 20:00:00-07:00,TH_NP15_GEN-APND,48.84269
2025-07-18 20:00:00-07:00,TH_SP15_GEN-APND,48.11277
2025-07-18 20:00:00-07:00,TH_ZP26_GEN-APND,48.00766
2025-07-18 21:00:00-07:00,TH_NP15_GEN-APND,46.73658
2025-07-18 21:00:00-07:00,TH_SP15_GEN-APND,47.81403
2025-07-18 21:00:00-07:00,TH_ZP26_GEN-APND,47.29354
2025-07-18 22:00:00-07:00,TH_NP15_GEN-APND,44.04502
2025-07-18 22:00:00-07:00,TH_SP15_GEN-APND,46.70806
2025-07-18 22:00:00-07:00,TH_ZP26_GEN-APND,46.84889
2025-07-18 23:00:00-07:00,TH_NP15_GEN-APND,43.76059
2025-07-18 23:00:00-07:00,TH_SP15_GEN-APND,47.1777
2025-07-18 23:00:00-07:00,TH_ZP26_GEN-APND,46.93969
2025-07-19 00:00:00-07:00,TH_NP15_GEN-APND,43.68828
2025-07-19 00:00:00-07:00,TH_SP15_GEN-APND,44.55986
2025-07-19 00:00:00-07:00,TH_ZP26_GEN-APND,44.30651
2025-07-19 01:00:00-07:00,TH_NP15_GEN-APND,40.69168
2025-07-19 01:00:00-07:00,TH_SP15_GEN-APND,42.62464
2025-07-19 01:00:00-07:00,TH_ZP26_GEN-APND,42.09457
2025-07-19 02:00:00-07:00,TH_NP15_GEN-APND,40.12339
2025-07-19 02:00:00-07:00,TH_SP15_GEN-APND,40.7427
2025-07-19 02:00:00-07:00,TH_ZP26_GEN-APND,40.47239
2025-07-19 03:00:00-07:00,TH_NP15_GEN-APND,37.94318
2025-07-19 03:00:00-07:00,TH_SP15_GEN-APND,39.12755
2025-07-19 03:00:00-07:00,TH_ZP26_GEN-APND,38.80146
2025-07-19 04:00:00-07:00,TH_NP15_GEN-APND,39.69269
2025-07-19 04:00:00-07:00,TH_SP15_GEN-APND,40.6823
2025-07-19 04:00:00-07:00,TH_ZP26_GEN-APND,40.49716
2025-07-19 05:00:00-07:00,TH_NP15_GEN-APND,43.22087
2025-07-19 05:00:00-07:00,TH_SP15_GEN-APND,43.11007
2025-07-19 05:00:00-07:00,TH_ZP26_GEN-APND,43.10119
2025-07-19 06:00:00-07:00,TH_NP15_GEN-APND,39.69445
2025-07-19 06:00:00-07:00,TH_SP15_GEN-APND,39.61406
2025-07-19 06:00:00-07:00,TH_ZP26_GEN-APND,39.47157
2025-07-19 07:00:00-07:00,TH_NP15_GEN-APND,24.28615
2025-07-19 07:00:00-07:00,TH_SP15_GEN-APND,23.55386
2025-07-19 07:00:00-07:00,TH_ZP26_GEN-APND,23.50698
2025-07-19 08:00:00-07:00,TH_NP15_GEN-APND,24.12876
2025-07-19 08:00:00-07:00,TH_SP15_GEN-APND,19.43362
2025-07-19 08:00:00-07:00,TH_ZP26_GEN-APND,18.17353
2025-07-19 09:00:00-07:00,TH_NP15_GEN-APND,25.67982
2025-07-19 09:00:00-07:00,TH_SP15_GEN-APND,17.9245
2025-07-19 09:00:00-07:00,TH_ZP26_GEN-APND,14.87161
2025-07-19 10:00:00-07:00,TH_NP15_GEN-APND,22.18147
2025-07-19 10:00:00-07:00,TH_SP15_GEN-APND,20.34068
2025-07-19 10:00:00-07:00,TH_ZP26_GEN-APND,17.70152
2025-07-19 11:00:00-07:00,TH_NP15_GEN-APND,22.98506
2025-07-19 11:00:00-07:00,TH_SP15_GEN-APND,19.78072
2025-07-19 11:00:00-07:00,TH_ZP26_GEN-APND,16.94882
2025-07-19 12:00:00-07:00,TH_NP15_GEN-APND,22.55589
2025-07-19 12:00:00-07:00,TH_SP15_GEN-APND,19.27048
2025-07-19 12:00:00-07:00,TH_ZP26_GEN-APND,16.43599
2025-07-19 13:00:00-07:00,TH_NP15_GEN-APND,23.88682
2025-07-19 13:00:00-07:00,TH_SP15_GEN-APND,18.94
2025-07-19 13:00:00-07:00,TH_ZP26_GEN-APND,16.08099
2025-07-19 14:00:00-07:00,TH_NP15_GEN-APND,29.84633
2025-07-19 14:00:00-07:00,TH_SP15_GEN-APND,16.8
2025-07-19 14:00:00-07:00,TH_ZP26_GEN-APND,12.71698
2025-07-19 15:00:00-07:00,TH_NP15_GEN-APND,34.43415
2025-07-19 15:00:00-07:00,TH_SP15_GEN-APND,26.06572
2025-07-19 15:00:00-07:00,TH_ZP26_GEN-APND,22.0
2025-07-19 16:00:00-07:00,TH_NP15_GEN-APND,33.81772
2025-07-19 16:00:00-07:00,TH_SP15_GEN-APND,29.41806
2025-07-19 16:00:00-07:00,TH_ZP26_GEN-APND,27.50101
2025-07-19 17:00:00-07:00,TH_NP15_GEN-APND,35.18702
2025-07-19 17:00:00-07:00,TH_SP15_GEN-APND,35.14681
2025-07-19 17:00:00-07:00,TH_ZP26_GEN-APND,33.86052
2025-07-19 18:00:00-07:00,TH_NP15_GEN-APND,43.30376
2025-07-19 18:00:00-07:00,TH_SP15_GEN-APND,44.1867
2025-07-19 18:00:00-07:00,TH_ZP26_GEN-APND,43.37772
2025-07-19 19:00:00-07:00,TH_NP15_GEN-APND,47.53613
2025-07-19 19:00:00-07:00,TH_SP15_GEN-APND,46.76924
2025-07-19 19:00:00-07:00,TH_ZP26_GEN-APND,46.54461
2025-07-19 20:00:00-07:00,TH_NP15_GEN-APND,48.50607
2025-07-19 20:00:00-07:00,TH_SP15_GEN-APND,46.96945
2025-07-19 20:00:00-07:00,TH_ZP26_GEN-APND,47.03329
2025-07-19 21:00:00-07:00,TH_NP15_GEN-APND,46.68719
2025-07-19 21:00:00-07:00,TH_SP15_GEN-APND,46.18074
2025-07-19 21:00:00-07:00,TH_ZP26_GEN-APND,46.27065
2025-07-19 22:00:00-07:00,TH_NP15_GEN-APND,44.39017
2025-07-19 22:00:00-07:00,TH_SP15_GEN-APND,45.08461
2025-07-19 22:00:00-07:00,TH_ZP26_GEN-APND,44.86159
2025-07-19 23:00:00-07:00,TH_NP15_GEN-APND,42.81372
2025-07-19 23:00:00-07:00,TH_SP15_GEN-APND,44.61437
2025-07-19 23:00:00-07:00,TH_ZP26_GEN-APND,44.10752
2025-07-20 00:00:00-07:00,TH_NP15_GEN-APND,43.36271
2025-07-20 00:00:00-07:00,TH_SP15_GEN-APND,43.26948
2025-07-20 00:00:00-07:00,TH_ZP26_GEN-APND,43.23741
2025-07-20 01:00:00-07:00,TH_NP15_GEN-APND,41.94632
2025-07-20 01:00:00-07:00,TH_SP15_GEN-APND,43.01785
2025-07-20 01:00:00-07:00,TH_ZP26_GEN-APND,42.92642
2025-07-20 02:00:00-07:00,TH_NP15_GEN-APND,41.52272
2025-07-20 02:00:00-07:00,TH_SP15_GEN-APND,41.89387
2025-07-20 02:00:00-07:00,TH_ZP26_GEN-APND,41.94406
2025-07-20 03:00:00-07:00,TH_NP15_GEN-APND,39.714
2025-07-20 03:00:00-07:00,TH_SP15_GEN-APND,40.44637
2025-07-20 03:00:00-07:00,TH_ZP26_GEN-APND,40.32219
2025-07-20 04:00:00-07:00,TH_NP15_GEN-APND,39.95321
2025-07-20 04:00:00-07:00,TH_SP15_GEN-APND,40.18018
2025-07-20 04:00:00-07:00,TH_ZP26_GEN-APND,39.78625
2025-07-20 05:00:00-07:00,TH_NP15_GEN-APND,40.7045
2025-07-20 05:00:00-07:00,TH_SP15_GEN-APND,40.67508
2025-07-20 05:00:00-07:00,TH_ZP26_GEN-APND,40.30497
2025-07-20 06:00:00-07:00,TH_NP15_GEN-APND,37.42786
2025-07-20 06:00:00-07:00,TH_SP15_GEN-APND,37.01599
2025-07-20 06:00:00-07:00,TH_ZP26_GEN-APND,36.9844
2025-07-20 07:00:00-07:00,TH_NP15_GEN-APND,23.58285
2025-07-20 07:00:00-07:00,TH_SP15_GEN-APND,22.45486
2025-07-20 07:00:00-07:00,TH_ZP26_GEN-APND,22.30689
2025-07-20 08:00:00-07:00,TH_NP15_GEN-APND,25.37787
2025-07-20 08:00:00-07:00,TH_SP15_GEN-APND,17.265
2025-07-20 08:00:00-07:00,TH_ZP26_GEN-APND,15.77855
2025-07-20 09:00:00-07:00,TH_NP15_GEN-APND,27.20253
2025-07-20 09:00:00-07:00,TH_SP15_GEN-APND,15.88749
2025-07-20 09:00:00-07:00,TH_ZP26_GEN-APND,13.94944
2025-07-20 10:00:00-07:00,TH_NP15_GEN-APND,22.30719
2025-07-20 10:00:00-07:00,TH_SP15_GEN-APND,17.63925
2025-07-20 10:00:00-07:00,TH_ZP26_GEN-APND,16.44886
2025-07-20 11:00:00-07:00,TH_NP15_GEN-APND,24.64679
2025-07-20 11:00:00-07:00,TH_SP15_GEN-APND,17.77313
2025-07-20 11:00:00-07:00,TH_ZP26_GEN-APND,16.17152
2025-07-20 12:00:00-07:00,TH_NP15_GEN-APND,23.7816
2025-07-20 12:00:00-07:00,TH_SP15_GEN-APND,18.08185
2025-07-20 12:00:00-07:00,TH_ZP26_GEN-APND,16.57941
2025-07-20 13:00:00-07:00,TH_NP15_GEN-APND,24.5623
2025-07-20 13:00:00-07:00,TH_SP15_GEN-APND,17.93153
2025-07-20 13:00:00-07:00,TH_ZP26_GEN-APND,16.90302
2025-07-20 14:00:00-07:00,TH_NP15_GEN-APND,35.81099
2025-07-20 14:00:00-07:00,TH_SP15_GEN-APND,17.0007
2025-07-20 14:00:00-07:00,TH_ZP26_GEN-APND,14.11552
2025-07-20 15:00:00-07:00,TH_NP15_GEN-APND,34.85198
2025-07-20 15:00:00-07:00,TH_SP15_GEN-APND,22.97887
2025-07-20 15:00:00-07:00,TH_ZP26_GEN-APND,20.75589
2025-07-20 16:00:00-07:00,TH_NP15_GEN-APND,34.56799
2025-07-20 16:00:00-07:00,TH_SP15_GEN-APND,29.34966
2025-07-20 16:00:00-07:00,TH_ZP26_GEN-APND,28.18537
2025-07-20 17:00:00-07:00,TH_NP15_GEN-APND,36.45607
2025-07-20 17:00:00-07:00,TH_SP15_GEN-APND,34.57696
2025-07-20 17:00:00-07:00,TH_ZP26_GEN-APND,33.75171
2025-07-20 18:00:00-07:00,TH_NP15_GEN-APND,43.80817
2025-07-20 18:00:00-07:00,TH_SP15_GEN-APND,43.45063
2025-07-20 18:00:00-07:00,TH_ZP26_GEN-APND,42.76009
2025-07-20 19:00:00-07:00,TH_NP15_GEN-APND,46.3893
2025-07-20 19:00:00-07:00,TH_SP15_GEN-APND,45.75479
2025-07-20 19:00:00-07:00,TH_ZP26_GEN-APND,45.26432
2025-07-20 20:00:00-07:00,TH_NP15_GEN-APND,47.24921
2025-07-20 20:00:00-07:00,TH_SP15_GEN-APND,45.46821
2025-07-20 20:00:00-07:00,TH_ZP26_GEN-APND,45.7335
2025-07-20 21:00:00-07:00,TH_NP15_GEN-APND,45.7196
2025-07-20 21:00:00-07:00,TH_SP15_GEN-APND,45.21922
2025-07-20 21:00:00-07:00,TH_ZP26_GEN-APND,45.14842
2025-07-20 22:00:00-07:00,TH_NP15_GEN-APND,43.51179
2025-07-20 22:00:00-07:00,TH_SP15_GEN-APND,43.69919
2025-07-20 22:00:00-07:00,TH_ZP26_GEN-APND,43.51706
2025-07-20 23:00:00-07:00,TH_NP15_GEN-APND,42.34455
2025-07-20 23:00:00-07:00,TH_SP15_GEN-APND,43.67477
2025-07-20 23:00:00-07:00,TH_ZP26_GEN-APND,43.42311
2025-07-21 00:00:00-07:00,TH_NP15_GEN-APND,41.35341
2025-07-21 00:00:00-07:00,TH_SP15_GEN-APND,44.06255
2025-07-21 00:00:00-07:00,TH_ZP26_GEN-APND,43.26757
2025-07-21 01:00:00-07:00,TH_NP15_GEN-APND,39.48043
2025-07-21 01:00:00-07:00,TH_SP15_GEN-APND,41.96231
2025-07-21 01:00:00-07:00,TH_ZP26_GEN-APND,41.46638
2025-07-21 02:00:00-07:00,TH_NP15_GEN-APND,42.47384
2025-07-21 02:00:00-07:00,TH_SP15_GEN-APND,43.85753
2025-07-21 02:00:00-07:00,TH_ZP26_GEN-APND,43.73623
2025-07-21 03:00:00-07:00,TH_NP15_GEN-APND,42.55264
2025-07-21 03:00:00-07:00,TH_SP15_GEN-APND,44.88665
2025-07-21 03:00:00-07:00,TH_ZP26_GEN-APND,44.67
2025-07-21 04:00:00-07:00,TH_NP15_GEN-APND,43.59
2025-07-21 04:00:00-07:00,TH_SP15_GEN-APND,46.00676
2025-07-21 04:00:00-07:00,TH_ZP26_GEN-APND,45.73125
2025-07-21 05:00:00-07:00,TH_NP15_GEN-APND,45.98623
2025-07-21 05:00:00-07:00,TH_SP15_GEN-APND,46.36303
2025-07-21 05:00:00-07:00,TH_ZP26_GEN-APND,45.96885
2025-07-21 06:00:00-07:00,TH_NP15_GEN-APND,45.62425
2025-07-21 06:00:00-07:00,TH_SP15_GEN-APND,45.15227
2025-07-21 06:00:00-07:00,TH_ZP26_GEN-APND,45.11962
2025-07-21 07:00:00-07:00,TH_NP15_GEN-APND,31.52577
2025-07-21 07:00:00-07:00,TH_SP15_GEN-APND,31.25455
2025-07-21 07:00:00-07:00,TH_ZP26_GEN-APND,31.14258
2025-07-21 08:00:00-07:00,TH_NP15_GEN-APND,33.35118
2025-07-21 08:00:00-07:00,TH_SP15_GEN-APND,28.10181
2025-07-21 08:00:00-07:00,TH_ZP26_GEN-APND,26.65525
2025-07-21 09:00:00-07:00,TH_NP15_GEN-APND,33.53028
2025-07-21 09:00:00-07:00,TH_SP15_GEN-APND,26.49304
2025-07-21 09:00:00-07:00,TH_ZP26_GEN-APND,23.9778
2025-07-21 10:00:00-07:00,TH_NP15_GEN-APND,29.8794
2025-07-21 10:00:00-07:00,TH_SP15_GEN-APND,28.47988
2025-07-21 10:00:00-07:00,TH_ZP26_GEN-APND,25.16171
2025-07-21 11:00:00-07:00,TH_NP15_GEN-APND,31.96365
2025-07-21 11:00:00-07:00,TH_SP15_GEN-APND,27.84029
2025-07-21 11:00:00-07:00,TH_ZP26_GEN-APND,25.29923
2025-07-21 12:00:00-07:00,TH_NP15_GEN-APND,31.12741
2025-07-21 12:00:00-07:00,TH_SP15_GEN-APND,28.31416
2025-07-21 12:00:00-07:00,TH_ZP26_GEN-APND,26.02393
2025-07-21 13:00:00-07:00,TH_NP15_GEN-APND,31.56376
2025-07-21 13:00:00-07:00,TH_SP15_GEN-APND,28.09611
2025-07-21 13:00:00-07:00,TH_ZP26_GEN-APND,26.10444
2025-07-21 14:00:00-07:00,TH_NP15_GEN-APND,33.37157
2025-07-21 14:00:00-07:00,TH_SP15_GEN-APND,27.73417
2025-07-21 14:00:00-07:00,TH_ZP26_GEN-APND,26.24179
2025-07-21 15:00:00-07:00,TH_NP15_GEN-APND,36.76754
2025-07-21 15:00:00-07:00,TH_SP15_GEN-APND,30.20976
2025-07-21 15:00:00-07:00,TH_ZP26_GEN-APND,27.89301
2025-07-21 16:00:00-07:00,TH_NP15_GEN-APND,30.95317
2025-07-21 16:00:00-07:00,TH_SP15_GEN-APND,29.39224
2025-07-21 16:00:00-07:00,TH_ZP26_GEN-APND,27.86421
2025-07-21 17:00:00-07:00,TH_NP15_GEN-APND,36.46808
2025-07-21 17:00:00-07:00,TH_SP15_GEN-APND,36.04725
2025-07-21 17:00:00-07:00,TH_ZP26_GEN-APND,35.29674
2025-07-21 18:00:00-07:00,TH_NP15_GEN-APND,44.07319
2025-07-21 18:00:00-07:00,TH_SP15_GEN-APND,43.53863
2025-07-21 18:00:00-07:00,TH_ZP26_GEN-APND,43.11457
2025-07-21 19:00:00-07:00,TH_NP15_GEN-APND,50.37402
2025-07-21 19:00:00-07:00,TH_SP15_GEN-APND,48.17053
2025-07-21 19:00:00-07:00,TH_ZP26_GEN-APND,48.31148
2025-07-21 20:00:00-07:00,TH_NP15_GEN-APND,49.57939
2025-07-21 20:00:00-07:00,TH_SP15_GEN-APND,49.42353
2025-07-21 20:00:00-07:00,TH_ZP26_GEN-APND,49.55622
2025-07-21 21:00:00-07:00,TH_NP15_GEN-APND,48.23219
2025-07-21 21:00:00-07:00,TH_SP15_GEN-APND,48.16006
2025-07-21 21:00:00-07:00,TH_ZP26_GEN-APND,48.24951
2025-07-21 22:00:00-07:00,TH_NP15_GEN-APND,42.75669
2025-07-21 22:00:00-07:00,TH_SP15_GEN-APND,44.49747
2025-07-21 22:00:00-07:00,TH_ZP26_GEN-APND,44.95417
2025-07-21 23:00:00-07:00,TH_NP15_GEN-APND,40.947
2025-07-21 23:00:00-07:00,TH_SP15_GEN-APND,44.36912
2025-07-21 23:00:00-07:00,TH_ZP26_GEN-APND,44.57173
2025-07-22 00:00:00-07:00,TH_NP15_GEN-APND,40.99001
2025-07-22 00:00:00-07:00,TH_SP15_GEN-APND,42.21145
2025-07-22 00:00:00-07:00,TH_ZP26_GEN-APND,42.3895
2025-07-22 01:00:00-07:00,TH_NP15_GEN-APND,41.04784
2025-07-22 01:00:00-07:00,TH_SP15_GEN-APND,42.29088
2025-07-22 01:00:00-07:00,TH_ZP26_GEN-APND,42.35278
2025-07-22 02:00:00-07:00,TH_NP15_GEN-APND,40.3127
2025-07-22 02:00:00-07:00,TH_SP15_GEN-APND,40.89534
2025-07-22 02:00:00-07:00,TH_ZP26_GEN-APND,41.1265
2025-07-22 03:00:00-07:00,TH_NP15_GEN-APND,39.6329
2025-07-22 03:00:00-07:00,TH_SP15_GEN-APND,40.33585
2025-07-22 03:00:00-07:00,TH_ZP26_GEN-APND,40.61794
2025-07-22 04:00:00-07:00,TH_NP15_GEN-APND,41.67401
2025-07-22 04:00:00-07:00,TH_SP15_GEN-APND,42.0275
2025-07-22 04:00:00-07:00,TH_ZP26_GEN-APND,42.28034
2025-07-22 05:00:00-07:00,TH_NP15_GEN-APND,41.60726
2025-07-22 05:00:00-07:00,TH_SP15_GEN-APND,42.66481
2025-07-22 05:00:00-07:00,TH_ZP26_GEN-APND,42.59526
2025-07-22 06:00:00-07:00,TH_NP15_GEN-APND,41.2
2025-07-22 06:00:00-07:00,TH_SP15_GEN-APND,41.71169
2025-07-22 06:00:00-07:00,TH_ZP26_GEN-APND,41.96118
2025-07-22 07:00:00-07:00,TH_NP15_GEN-APND,30.86049
2025-07-22 07:00:00-07:00,TH_SP15_GEN-APND,27.34449
2025-07-22 07:00:00-07:00,TH_ZP26_GEN-APND,28.01351
2025-07-22 08:00:00-07:00,TH_NP15_GEN-APND,30.60624
2025-07-22 08:00:00-07:00,TH_SP15_GEN-APND,19.70836
2025-07-22 08:00:00-07:00,TH_ZP26_GEN-APND,17.97342
2025-07-22 09:00:00-07:00,TH_NP15_GEN-APND,30.96227
2025-07-22 09:00:00-07:00,TH_SP15_GEN-APND,18.62546
2025-07-22 09:00:00-07:00,TH_ZP26_GEN-APND,15.42133
2025-07-22 10:00:00-07:00,TH_NP15_GEN-APND,26.42543
2025-07-22 10:00:00-07:00,TH_SP15_GEN-APND,22.24797
2025-07-22 10:00:00-07:00,TH_ZP26_GEN-APND,19.48528
2025-07-22 11:00:00-07:00,TH_NP15_GEN-APND,27.94677
2025-07-22 11:00:00-07:00,TH_SP15_GEN-APND,20.21588
2025-07-22 11:00:00-07:00,TH_ZP26_GEN-APND,17.26211
2025-07-22 12:00:00-07:00,TH_NP15_GEN-APND,25.408
2025-07-22 12:00:00-07:00,TH_SP15_GEN-APND,20.0
2025-07-22 12:00:00-07:00,TH_ZP26_GEN-APND,17.36906
2025-07-22 13:00:00-07:00,TH_NP15_GEN-APND,27.50501
2025-07-22 13:00:00-07:00,TH_SP15_GEN-APND,21.52718
2025-07-22 13:00:00-07:00,TH_ZP26_GEN-APND,18.7711
2025-07-22 14:00:00-07:00,TH_NP15_GEN-APND,29.04349
2025-07-22 14:00:00-07:00,TH_SP15_GEN-APND,22.01566
2025-07-22 14:00:00-07:00,TH_ZP26_GEN-APND,18.90193
2025-07-22 15:00:00-07:00,TH_NP15_GEN-APND,30.57577
2025-07-22 15:00:00-07:00,TH_SP15_GEN-APND,20.0
2025-07-22 15:00:00-07:00,TH_ZP26_GEN-APND,16.37283
2025-07-22 16:00:00-07:00,TH_NP15_GEN-APND,27.21757
2025-07-22 16:00:00-07:00,TH_SP15_GEN-APND,22.46622
2025-07-22 16:00:00-07:00,TH_ZP26_GEN-APND,21.46024
2025-07-22 17:00:00-07:00,TH_NP15_GEN-APND,28.65676
2025-07-22 17:00:00-07:00,TH_SP15_GEN-APND,28.08826
2025-07-22 17:00:00-07:00,TH_ZP26_GEN-APND,27.32543
2025-07-22 18:00:00-07:00,TH_NP15_GEN-APND,40.61204
2025-07-22 18:00:00-07:00,TH_SP15_GEN-APND,41.342
2025-07-22 18:00:00-07:00,TH_ZP26_GEN-APND,40.80782
2025-07-22 19:00:00-07:00,TH_NP15_GEN-APND,45.70457
2025-07-22 19:00:00-07:00,TH_SP15_GEN-APND,44.79429
2025-07-22 19:00:00-07:00,TH_ZP26_GEN-APND,44.93128
2025-07-22 20:00:00-07:00,TH_NP15_GEN-APND,45.2502
2025-07-22 20:00:00-07:00,TH_SP15_GEN-APND,45.29951
2025-07-22 20:00:00-07:00,TH_ZP26_GEN-APND,45.27365
2025-07-22 21:00:00-07:00,TH_NP15_GEN-APND,43.80859
2025-07-22 21:00:00-07:00,TH_SP15_GEN-APND,44.08532
2025-07-22 21:00:00-07:00,TH_ZP26_GEN-APND,43.88213
2025-07-22 22:00:00-07:00,TH_NP15_GEN-APND,42.40523
2025-07-22 22:00:00-07:00,TH_SP15_GEN-APND,42.97505
2025-07-22 22:00:00-07:00,TH_ZP26_GEN-APND,43.55386
2025-07-22 23:00:00-07:00,TH_NP15_GEN-APND,41.24364
2025-07-22 23:00:00-07:00,TH_SP15_GEN-APND,43.15068
2025-07-22 23:00:00-07:00,TH_ZP26_GEN-APND,43.56898
2025-07-23 00:00:00-07:00,TH_NP15_GEN-APND,41.51822
2025-07-23 00:00:00-07:00,TH_SP15_GEN-APND,43.24927
2025-07-23 00:00:00-07:00,TH_ZP26_GEN-APND,43.24332
2025-07-23 01:00:00-07:00,TH_NP15_GEN-APND,40.15945
2025-07-23 01:00:00-07:00,TH_SP15_GEN-APND,41.7392
2025-07-23 01:00:00-07:00,TH_ZP26_GEN-APND,41.7535
2025-07-23 02:00:00-07:00,TH_NP15_GEN-APND,37.25421
2025-07-23 02:00:00-07:00,TH_SP15_GEN-APND,38.38783
2025-07-23 02:00:00-07:00,TH_ZP26_GEN-APND,38.44
2025-07-23 03:00:00-07:00,TH_NP15_GEN-APND,37.47817
2025-07-23 03:00:00-07:00,TH_SP15_GEN-APND,38.89
2025-07-23 03:00:00-07:00,TH_ZP26_GEN-APND,38.88349
2025-07-23 04:00:00-07:00,TH_NP15_GEN-APND,40.40461
2025-07-23 04:00:00-07:00,TH_SP15_GEN-APND,41.53049
2025-07-23 04:00:00-07:00,TH_ZP26_GEN-APND,41.73578
2025-07-23 05:00:00-07:00,TH_NP15_GEN-APND,41.69066
2025-07-23 05:00:00-07:00,TH_SP15_GEN-APND,43.03904
2025-07-23 05:00:00-07:00,TH_ZP26_GEN-APND,43.30068
2025-07-23 06:00:00-07:00,TH_NP15_GEN-APND,41.30006
2025-07-23 06:00:00-07:00,TH_SP15_GEN-APND,40.81043
2025-07-23 06:00:00-07:00,TH_ZP26_GEN-APND,41.22485
2025-07-23 07:00:00-07:00,TH_NP15_GEN-APND,29.68348
2025-07-23 07:00:00-07:00,TH_SP15_GEN-APND,25.65314
2025-07-23 07:00:00-07:00,TH_ZP26_GEN-APND,25.56157
2025-07-23 08:00:00-07:00,TH_NP15_GEN-APND,33.88908
2025-07-23 08:00:00-07:00,TH_SP15_GEN-APND,18.72199
2025-07-23 08:00:00-07:00,TH_ZP26_GEN-APND,15.80164
2025-07-23 09:00:00-07:00,TH_NP15_GEN-APND,33.90351
2025-07-23 09:00:00-07:00,TH_SP15_GEN-APND,16.79809
2025-07-23 09:00:00-07:00,TH_ZP26_GEN-APND,13.88739
2025-07-23 10:00:00-07:00,TH_NP15_GEN-APND,29.66727
2025-07-23 10:00:00-07:00,TH_SP15_GEN-APND,21.69195
2025-07-23 10:00:00-07:00,TH_ZP26_GEN-APND,18.92388
2025-07-23 11:00:00-07:00,TH_NP15_GEN-APND,29.76192
2025-07-23 11:00:00-07:00,TH_SP15_GEN-APND,21.39081
2025-07-23 11:00:00-07:00,TH_ZP26_GEN-APND,18.66997
2025-07-23 12:00:00-07:00,TH_NP15_GEN-APND,27.18697
2025-07-23 12:00:00-07:00,TH_SP15_GEN-APND,21.72089
2025-07-23 12:00:00-07:00,TH_ZP26_GEN-APND,19.71683
2025-07-23 13:00:00-07:00,TH_NP15_GEN-APND,29.90364
2025-07-23 13:00:00-07:00,TH_SP15_GEN-APND,21.81347
2025-07-23 13:00:00-07:00,TH_ZP26_GEN-APND,18.2797
2025-07-23 14:00:00-07:00,TH_NP15_GEN-APND,32.37725
2025-07-23 14:00:00-07:00,TH_SP15_GEN-APND,21.46855
2025-07-23 14:00:00-07:00,TH_ZP26_GEN-APND,17.44025
2025-07-23 15:00:00-07:00,TH_NP15_GEN-APND,30.83358
2025-07-23 15:00:00-07:00,TH_SP15_GEN-APND,22.5759
2025-07-23 15:00:00-07:00,TH_ZP26_GEN-APND,19.27221
2025-07-23 16:00:00-07:00,TH_NP15_GEN-APND,27.65703
2025-07-23 16:00:00-07:00,TH_SP15_GEN-APND,23.24107
2025-07-23 16:00:00-07:00,TH_ZP26_GEN-APND,22.31469
2025-07-23 17:00:00-07:00,TH_NP15_GEN-APND,31.1073
2025-07-23 17:00:00-07:00,TH_SP15_GEN-APND,28.54482
2025-07-23 17:00:00-07:00,TH_ZP26_GEN-APND,27.7974
2025-07-23 18:00:00-07:00,TH_NP15_GEN-APND,41.72359
2025-07-23 18:00:00-07:00,TH_SP15_GEN-APND,41.59573
2025-07-23 18:00:00-07:00,TH_ZP26_GEN-APND,41.19229
2025-07-23 19:00:00-07:00,TH_NP15_GEN-APND,45.29516
2025-07-23 19:00:00-07:00,TH_SP15_GEN-APND,43.63773
2025-07-23 19:00:00-07:00,TH_ZP26_GEN-APND,43.84498
2025-07-23 20:00:00-07:00,TH_NP15_GEN-APND,44.85553
2025-07-23 20:00:00-07:00,TH_SP15_GEN-APND,43.48
2025-07-23 20:00:00-07:00,TH_ZP26_GEN-APND,43.90065
2025-07-23 21:00:00-07:00,TH_NP15_GEN-APND,43.38511
2025-07-23 21:00:00-07:00,TH_SP15_GEN-APND,43.28996
2025-07-23 21:00:00-07:00,TH_ZP26_GEN-APND,43.37525
2025-07-23 22:00:00-07:00,TH_NP15_GEN-APND,40.70331
2025-07-23 22:00:00-07:00,TH_SP15_GEN-APND,42.36885
2025-07-23 22:00:00-07:00,TH_ZP26_GEN-APND,42.45645
2025-07-23 23:00:00-07:00,TH_NP15_GEN-APND,40.28521
2025-07-23 23:00:00-07:00,TH_SP15_GEN-APND,42.50478
2025-07-23 23:00:00-07:00,TH_ZP26_GEN-APND,42.60118
2025-07-24 00:00:00-07:00,TH_NP15_GEN-APND,42.56448
2025-07-24 00:00:00-07:00,TH_SP15_GEN-APND,42.86216
2025-07-24 00:00:00-07:00,TH_ZP26_GEN-APND,43.14477
2025-07-24 01:00:00-07:00,TH_NP15_GEN-APND,41.14371
2025-07-24 01:00:00-07:00,TH_SP15_GEN-APND,42.63732
2025-07-24 01:00:00-07:00,TH_ZP26_GEN-APND,42.63831
2025-07-24 02:00:00-07:00,TH_NP15_GEN-APND,39.53525
2025-07-24 02:00:00-07:00,TH_SP15_GEN-APND,41.34
2025-07-24 02:00:00-07:00,TH_ZP26_GEN-APND,41.53858
2025-07-24 03:00:00-07:00,TH_NP15_GEN-APND,39.07898
2025-07-24 03:00:00-07:00,TH_SP15_GEN-APND,39.80161
2025-07-24 03:00:00-07:00,TH_ZP26_GEN-APND,39.92469
2025-07-24 04:00:00-07:00,TH_NP15_GEN-APND,39.96576
2025-07-24 04:00:00-07:00,TH_SP15_GEN-APND,40.32518
2025-07-24 04:00:00-07:00,TH_ZP26_GEN-APND,40.20998
2025-07-24 05:00:00-07:00,TH_NP15_GEN-APND,40.80831
2025-07-24 05:00:00-07:00,TH_SP15_GEN-APND,41.37727
2025-07-24 05:00:00-07:00,TH_ZP26_GEN-APND,41.00217
2025-07-24 06:00:00-07:00,TH_NP15_GEN-APND,40.2383
2025-07-24 06:00:00-07:00,TH_SP15_GEN-APND,39.65874
2025-07-24 06:00:00-07:00,TH_ZP26_GEN-APND,39.83374
2025-07-24 07:00:00-07:00,TH_NP15_GEN-APND,30.20672
2025-07-24 07:00:00-07:00,TH_SP15_GEN-APND,24.30275
2025-07-24 07:00:00-07:00,TH_ZP26_GEN-APND,25.18526
2025-07-24 08:00:00-07:00,TH_NP15_GEN-APND,31.65577
2025-07-24 08:00:00-07:00,TH_SP15_GEN-APND,16.64889
2025-07-24 08:00:00-07:00,TH_ZP26_GEN-APND,16.20104
2025-07-24 09:00:00-07:00,TH_NP15_GEN-APND,31.04843
2025-07-24 09:00:00-07:00,TH_SP15_GEN-APND,14.37968
2025-07-24 09:00:00-07:00,TH_ZP26_GEN-APND,13.27455
2025-07-24 10:00:00-07:00,TH_NP15_GEN-APND,26.93517
2025-07-24 10:00:00-07:00,TH_SP15_GEN-APND,16.02
2025-07-24 10:00:00-07:00,TH_ZP26_GEN-APND,14.54682
2025-07-24 11:00:00-07:00,TH_NP15_GEN-APND,29.81002
2025-07-24 11:00:00-07:00,TH_SP15_GEN-APND,14.82794
2025-07-24 11:00:00-07:00,TH_ZP26_GEN-APND,12.12593
2025-07-24 12:00:00-07:00,TH_NP15_GEN-APND,29.59339
2025-07-24 12:00:00-07:00,TH_SP15_GEN-APND,14.71764
2025-07-24 12:00:00-07:00,TH_ZP26_GEN-APND,12.23367
2025-07-24 13:00:00-07:00,TH_NP15_GEN-APND,31.05309
2025-07-24 13:00:00-07:00,TH_SP15_GEN-APND,14.41472
2025-07-24 13:00:00-07:00,TH_ZP26_GEN-APND,11.33836
2025-07-24 14:00:00-07:00,TH_NP15_GEN-APND,30.26223
2025-07-24 14:00:00-07:00,TH_SP15_GEN-APND,14.12679
2025-07-24 14:00:00-07:00,TH_ZP26_GEN-APND,11.6096
2025-07-24 15:00:00-07:00,TH_NP15_GEN-APND,30.0
2025-07-24 15:00:00-07:00,TH_SP15_GEN-APND,16.02
2025-07-24 15:00:00-07:00,TH_ZP26_GEN-APND,14.41639
2025-07-24 16:00:00-07:00,TH_NP15_GEN-APND,29.21572
2025-07-24 16:00:00-07:00,TH_SP15_GEN-APND,17.69475
2025-07-24 16:00:00-07:00,TH_ZP26_GEN-APND,16.9747
2025-07-24 17:00:00-07:00,TH_NP15_GEN-APND,30.6324
2025-07-24 17:00:00-07:00,TH_SP15_GEN-APND,23.21527
2025-07-24 17:00:00-07:00,TH_ZP26_GEN-APND,23.86411
2025-07-24 18:00:00-07:00,TH_NP15_GEN-APND,39.43202
2025-07-24 18:00:00-07:00,TH_SP15_GEN-APND,38.48379
2025-07-24 18:00:00-07:00,TH_ZP26_GEN-APND,39.46591
2025-07-24 19:00:00-07:00,TH_NP15_GEN-APND,43.80704
2025-07-24 19:00:00-07:00,TH_SP15_GEN-APND,41.88398
2025-07-24 19:00:00-07:00,TH_ZP26_GEN-APND,43.03454
2025-07-24 20:00:00-07:00,TH_NP15_GEN-APND,43.25
2025-07-24 20:00:00-07:00,TH_SP15_GEN-APND,42.62284
2025-07-24 20:00:00-07:00,TH_ZP26_GEN-APND,43.38865
2025-07-24 21:00:00-07:00,TH_NP15_GEN-APND,42.51
2025-07-24 21:00:00-07:00,TH_SP15_GEN-APND,42.20485
2025-07-24 21:00:00-07:00,TH_ZP26_GEN-APND,42.45375
2025-07-24 22:00:00-07:00,TH_NP15_GEN-APND,40.17562
2025-07-24 22:00:00-07:00,TH_SP15_GEN-APND,40.06455
2025-07-24 22:00:00-07:00,TH_ZP26_GEN-APND,40.70633
2025-07-24 23:00:00-07:00,TH_NP15_GEN-APND,39.03927
2025-07-24 23:00:00-07:00,TH_SP15_GEN-APND,39.66206
2025-07-24 23:00:00-07:00,TH_ZP26_GEN-APND,40.01421
2025-07-25 00:00:00-07:00,TH_NP15_GEN-APND,37.98402
2025-07-25 00:00:00-07:00,TH_SP15_GEN-APND,39.1838
2025-07-25 00:00:00-07:00,TH_ZP26_GEN-APND,39.37087
2025-07-25 01:00:00-07:00,TH_NP15_GEN-APND,36.41319
2025-07-25 01:00:00-07:00,TH_SP15_GEN-APND,37.24493
2025-07-25 01:00:00-07:00,TH_ZP26_GEN-APND,37.49873
2025-07-25 02:00:00-07:00,TH_NP15_GEN-APND,35.86552
2025-07-25 02:00:00-07:00,TH_SP15_GEN-APND,36.80847
2025-07-25 02:00:00-07:00,TH_ZP26_GEN-APND,36.8867
2025-07-25 03:00:00-07:00,TH_NP15_GEN-APND,35.13495
2025-07-25 03:00:00-07:00,TH_SP15_GEN-APND,36.00262
2025-07-25 03:00:00-07:00,TH_ZP26_GEN-APND,36.06477
2025-07-25 04:00:00-07:00,TH_NP15_GEN-APND,36.00178
2025-07-25 04:00:00-07:00,TH_SP15_GEN-APND,37.11789
2025-07-25 04:00:00-07:00,TH_ZP26_GEN-APND,37.15742
2025-07-25 05:00:00-07:00,TH_NP15_GEN-APND,36.82097
2025-07-25 05:00:00-07:00,TH_SP15_GEN-APND,37.69287
2025-07-25 05:00:00-07:00,TH_ZP26_GEN-APND,37.55416
2025-07-25 06:00:00-07:00,TH_NP15_GEN-APND,37.62275
2025-07-25 06:00:00-07:00,TH_SP15_GEN-APND,36.18346
2025-07-25 06:00:00-07:00,TH_ZP26_GEN-APND,38.03633
2025-07-25 07:00:00-07:00,TH_NP15_GEN-APND,27.0386
2025-07-25 07:00:00-07:00,TH_SP15_GEN-APND,19.07729
2025-07-25 07:00:00-07:00,TH_ZP26_GEN-APND,22.09098
2025-07-25 08:00:00-07:00,TH_NP15_GEN-APND,27.88716
2025-07-25 08:00:00-07:00,TH_SP15_GEN-APND,12.6079
2025-07-25 08:00:00-07:00,TH_ZP26_GEN-APND,14.1067
2025-07-25 09:00:00-07:00,TH_NP15_GEN-APND,30.22052
2025-07-25 09:00:00-07:00,TH_SP15_GEN-APND,9.69478
2025-07-25 09:00:00-07:00,TH_ZP26_GEN-APND,9.47423
2025-07-25 10:00:00-07:00,TH_NP15_GEN-APND,24.72084
2025-07-25 10:00:00-07:00,TH_SP15_GEN-APND,11.73824
2025-07-25 10:00:00-07:00,TH_ZP26_GEN-APND,11.06387
2025-07-25 11:00:00-07:00,TH_NP15_GEN-APND,27.93773
2025-07-25 11:00:00-07:00,TH_SP15_GEN-APND,11.26278
2025-07-25 11:00:00-07:00,TH_ZP26_GEN-APND,10.08
2025-07-25 12:00:00-07:00,TH_NP15_GEN-APND,26.07029
2025-07-25 12:00:00-07:00,TH_SP15_GEN-APND,12.44163
2025-07-25 12:00:00-07:00,TH_ZP26_GEN-APND,11.39268
2025-07-25 13:00:00-07:00,TH_NP15_GEN-APND,26.37125
2025-07-25 13:00:00-07:00,TH_SP15_GEN-APND,12.50387
2025-07-25 13:00:00-07:00,TH_ZP26_GEN-APND,11.65197
2025-07-25 14:00:00-07:00,TH_NP15_GEN-APND,29.19122
2025-07-25 14:00:00-07:00,TH_SP15_GEN-APND,11.66679
2025-07-25 14:00:00-07:00,TH_ZP26_GEN-APND,10.2
2025-07-25 15:00:00-07:00,TH_NP15_GEN-APND,29.86664
2025-07-25 15:00:00-07:00,TH_SP15_GEN-APND,11.65726
2025-07-25 15:00:00-07:00,TH_ZP26_GEN-APND,10.30471
2025-07-25 16:00:00-07:00,TH_NP15_GEN-APND,24.271
2025-07-25 16:00:00-07:00,TH_SP15_GEN-APND,12.90468
2025-07-25 16:00:00-07:00,TH_ZP26_GEN-APND,12.1512
2025-07-25 17:00:00-07:00,TH_NP15_GEN-APND,25.80488
2025-07-25 17:00:00-07:00,TH_SP15_GEN-APND,19.43536
2025-07-25 17:00:00-07:00,TH_ZP26_GEN-APND,19.56804
2025-07-25 18:00:00-07:00,TH_NP15_GEN-APND,36.81479
2025-07-25 18:00:00-07:00,TH_SP15_GEN-APND,36.62955
2025-07-25 18:00:00-07:00,TH_ZP26_GEN-APND,36.64674
2025-07-25 19:00:00-07:00,TH_NP15_GEN-APND,42.28922
2025-07-25 19:00:00-07:00,TH_SP15_GEN-APND,41.06942
2025-07-25 19:00:00-07:00,TH_ZP26_GEN-APND,41.2073
2025-07-25 20:00:00-07:00,TH_NP15_GEN-APND,40.83441
2025-07-25 20:00:00-07:00,TH_SP15_GEN-APND,40.31255
2025-07-25 20:00:00-07:00,TH_ZP26_GEN-APND,40.08929
2025-07-25 21:00:00-07:00,TH_NP15_GEN-APND,39.169
2025-07-25 21:00:00-07:00,TH_SP15_GEN-APND,39.05123
2025-07-25 21:00:00-07:00,TH_ZP26_GEN-APND,38.91555
2025-07-25 22:00:00-07:00,TH_NP15_GEN-APND,37.97222
2025-07-25 22:00:00-07:00,TH_SP15_GEN-APND,38.33677
2025-07-25 22:00:00-07:00,TH_ZP26_GEN-APND,38.62289
2025-07-25 23:00:00-07:00,TH_NP15_GEN-APND,37.31104
2025-07-25 23:00:00-07:00,TH_SP15_GEN-APND,38.35875
2025-07-25 23:00:00-07:00,TH_ZP26_GEN-APND,38.5032
2025-07-26 00:00:00-07:00,TH_NP15_GEN-APND,37.26216
2025-07-26 00:00:00-07:00,TH_SP15_GEN-APND,37.9536
2025-07-26 00:00:00-07:00,TH_ZP26_GEN-APND,38.13038
2025-07-26 01:00:00-07:00,TH_NP15_GEN-APND,35.40115
2025-07-26 01:00:00-07:00,TH_SP15_GEN-APND,36.89584
2025-07-26 01:00:00-07:00,TH_ZP26_GEN-APND,36.57936
2025-07-26 02:00:00-07:00,TH_NP15_GEN-APND,35.96507
2025-07-26 02:00:00-07:00,TH_SP15_GEN-APND,35.37593
2025-07-26 02:00:00-07:00,TH_ZP26_GEN-APND,35.66473
2025-07-26 03:00:00-07:00,TH_NP15_GEN-APND,33.60546
2025-07-26 03:00:00-07:00,TH_SP15_GEN-APND,35.2167
2025-07-26 03:00:00-07:00,TH_ZP26_GEN-APND,35.10679
2025-07-26 04:00:00-07:00,TH_NP15_GEN-APND,35.23322
2025-07-26 04:00:00-07:00,TH_SP15_GEN-APND,35.27293
2025-07-26 04:00:00-07:00,TH_ZP26_GEN-APND,34.94075
2025-07-26 05:00:00-07:00,TH_NP15_GEN-APND,35.67858
2025-07-26 05:00:00-07:00,TH_SP15_GEN-APND,35.54606
2025-07-26 05:00:00-07:00,TH_ZP26_GEN-APND,35.29417
2025-07-26 06:00:00-07:00,TH_NP15_GEN-APND,34.19511
2025-07-26 06:00:00-07:00,TH_SP15_GEN-APND,33.34743
2025-07-26 06:00:00-07:00,TH_ZP26_GEN-APND,33.586
2025-07-26 07:00:00-07:00,TH_NP15_GEN-APND,12.86869
2025-07-26 07:00:00-07:00,TH_SP15_GEN-APND,10.21325
2025-07-26 07:00:00-07:00,TH_ZP26_GEN-APND,10.47437
2025-07-26 08:00:00-07:00,TH_NP15_GEN-APND,11.53812
2025-07-26 08:00:00-07:00,TH_SP15_GEN-APND,-1.1394
2025-07-26 08:00:00-07:00,TH_ZP26_GEN-APND,-3.22682
2025-07-26 09:00:00-07:00,TH_NP15_GEN-APND,14.79515
2025-07-26 09:00:00-07:00,TH_SP15_GEN-APND,-4.06335
2025-07-26 09:00:00-07:00,TH_ZP26_GEN-APND,-7.321
2025-07-26 10:00:00-07:00,TH_NP15_GEN-APND,6.77365
2025-07-26 10:00:00-07:00,TH_SP15_GEN-APND,-0.39097
2025-07-26 10:00:00-07:00,TH_ZP26_GEN-APND,-2.5166
2025-07-26 11:00:00-07:00,TH_NP15_GEN-APND,7.97154
2025-07-26 11:00:00-07:00,TH_SP15_GEN-APND,-0.66989
2025-07-26 11:00:00-07:00,TH_ZP26_GEN-APND,-3.38198
2025-07-26 12:00:00-07:00,TH_NP15_GEN-APND,6.39753
2025-07-26 12:00:00-07:00,TH_SP15_GEN-APND,0.57099
2025-07-26 12:00:00-07:00,TH_ZP26_GEN-APND,-1.85547
2025-07-26 13:00:00-07:00,TH_NP15_GEN-APND,8.73395
2025-07-26 13:00:00-07:00,TH_SP15_GEN-APND,-0.90892
2025-07-26 13:00:00-07:00,TH_ZP26_GEN-APND,-4.05855
2025-07-26 14:00:00-07:00,TH_NP15_GEN-APND,12.0
2025-07-26 14:00:00-07:00,TH_SP15_GEN-APND,-1.31958
2025-07-26 14:00:00-07:00,TH_ZP26_GEN-APND,-5.43743
2025-07-26 15:00:00-07:00,TH_NP15_GEN-APND,13.68195
2025-07-26 15:00:00-07:00,TH_SP15_GEN-APND,-1.85149
2025-07-26 15:00:00-07:00,TH_ZP26_GEN-APND,-6.07088
2025-07-26 16:00:00-07:00,TH_NP15_GEN-APND,12.89877
2025-07-26 16:00:00-07:00,TH_SP15_GEN-APND,0.14499
2025-07-26 16:00:00-07:00,TH_ZP26_GEN-APND,-2.36353
2025-07-26 17:00:00-07:00,TH_NP15_GEN-APND,15.48337
2025-07-26 17:00:00-07:00,TH_SP15_GEN-APND,10.28974
2025-07-26 17:00:00-07:00,TH_ZP26_GEN-APND,10.26706
2025-07-26 18:00:00-07:00,TH_NP15_GEN-APND,35.02897
2025-07-26 18:00:00-07:00,TH_SP15_GEN-APND,35.73827
2025-07-26 18:00:00-07:00,TH_ZP26_GEN-APND,35.16235
2025-07-26 19:00:00-07:00,TH_NP15_GEN-APND,39.67009
2025-07-26 19:00:00-07:00,TH_SP15_GEN-APND,39.09339
2025-07-26 19:00:00-07:00,TH_ZP26_GEN-APND,39.16196
2025-07-26 20:00:00-07:00,TH_NP15_GEN-APND,39.69775
2025-07-26 20:00:00-07:00,TH_SP15_GEN-APND,39.54595
2025-07-26 20:00:00-07:00,TH_ZP26_GEN-APND,39.52076
2025-07-26 21:00:00-07:00,TH_NP15_GEN-APND,37.74408
2025-07-26 21:00:00-07:00,TH_SP15_GEN-APND,37.82841
2025-07-26 21:00:00-07:00,TH_ZP26_GEN-APND,37.87565
2025-07-26 22:00:00-07:00,TH_NP15_GEN-APND,36.48698
2025-07-26 22:00:00-07:00,TH_SP15_GEN-APND,35.72747
2025-07-26 22:00:00-07:00,TH_ZP26_GEN-APND,36.54031
2025-07-26 23:00:00-07:00,TH_NP15_GEN-APND,35.33247
2025-07-26 23:00:00-07:00,TH_SP15_GEN-APND,36.8623
2025-07-26 23:00:00-07:00,TH_ZP26_GEN-APND,36.6478
2025-07-27 00:00:00-07:00,TH_NP15_GEN-APND,36.88343
2025-07-27 00:00:00-07:00,TH_SP15_GEN-APND,36.70085
2025-07-27 00:00:00-07:00,TH_ZP26_GEN-APND,36.57367
2025-07-27 01:00:00-07:00,TH_NP15_GEN-APND,36.33808
2025-07-27 01:00:00-07:00,TH_SP15_GEN-APND,36.0
2025-07-27 01:00:00-07:00,TH_ZP26_GEN-APND,36.02958
2025-07-27 02:00:00-07:00,TH_NP15_GEN-APND,35.48259
2025-07-27 02:00:00-07:00,TH_SP15_GEN-APND,34.98156
2025-07-27 02:00:00-07:00,TH_ZP26_GEN-APND,35.14237
2025-07-27 03:00:00-07:00,TH_NP15_GEN-APND,34.50515
2025-07-27 03:00:00-07:00,TH_SP15_GEN-APND,33.98352
2025-07-27 03:00:00-07:00,TH_ZP26_GEN-APND,34.15192
2025-07-27 04:00:00-07:00,TH_NP15_GEN-APND,35.20524
2025-07-27 04:00:00-07:00,TH_SP15_GEN-APND,34.88922
2025-07-27 04:00:00-07:00,TH_ZP26_GEN-APND,34.86377
2025-07-27 05:00:00-07:00,TH_NP15_GEN-APND,34.27672
2025-07-27 05:00:00-07:00,TH_SP15_GEN-APND,33.68807
2025-07-27 05:00:00-07:00,TH_ZP26_GEN-APND,33.74158
2025-07-27 06:00:00-07:00,TH_NP15_GEN-APND,30.87464
2025-07-27 06:00:00-07:00,TH_SP15_GEN-APND,30.3131
2025-07-27 06:00:00-07:00,TH_ZP26_GEN-APND,30.44449
2025-07-27 07:00:00-07:00,TH_NP15_GEN-APND,12.65341
2025-07-27 07:00:00-07:00,TH_SP15_GEN-APND,8.98322
2025-07-27 07:00:00-07:00,TH_ZP26_GEN-APND,9.00796
2025-07-27 08:00:00-07:00,TH_NP15_GEN-APND,18.91091
2025-07-27 08:00:00-07:00,TH_SP15_GEN-APND,-2.80639
2025-07-27 08:00:00-07:00,TH_ZP26_GEN-APND,-5.26791
2025-07-27 09:00:00-07:00,TH_NP15_GEN-APND,21.97848
2025-07-27 09:00:00-07:00,TH_SP15_GEN-APND,-5.24944
2025-07-27 09:00:00-07:00,TH_ZP26_GEN-APND,-8.58845
2025-07-27 10:00:00-07:00,TH_NP15_GEN-APND,10.6789
2025-07-27 10:00:00-07:00,TH_SP15_GEN-APND,0.54616
2025-07-27 10:00:00-07:00,TH_ZP26_GEN-APND,-0.97326
2025-07-27 11:00:00-07:00,TH_NP15_GEN-APND,10.98634
2025-07-27 11:00:00-07:00,TH_SP15_GEN-APND,0.86463
2025-07-27 11:00:00-07:00,TH_ZP26_GEN-APND,-0.72314
2025-07-27 12:00:00-07:00,TH_NP15_GEN-APND,10.46552
2025-07-27 12:00:00-07:00,TH_SP15_GEN-APND,1.21181
2025-07-27 12:00:00-07:00,TH_ZP26_GEN-APND,-0.697
2025-07-27 13:00:00-07:00,TH_NP15_GEN-APND,13.61959
2025-07-27 13:00:00-07:00,TH_SP15_GEN-APND,0.57937
2025-07-27 13:00:00-07:00,TH_ZP26_GEN-APND,-1.91497
2025-07-27 14:00:00-07:00,TH_NP15_GEN-APND,16.14437
2025-07-27 14:00:00-07:00,TH_SP15_GEN-APND,0.19772
2025-07-27 14:00:00-07:00,TH_ZP26_GEN-APND,-2.01693
2025-07-27 15:00:00-07:00,TH_NP15_GEN-APND,22.31931
2025-07-27 15:00:00-07:00,TH_SP15_GEN-APND,2.48456
2025-07-27 15:00:00-07:00,TH_ZP26_GEN-APND,-1.18734
2025-07-27 16:00:00-07:00,TH_NP15_GEN-APND,23.19818
2025-07-27 16:00:00-07:00,TH_SP15_GEN-APND,7.04239
2025-07-27 16:00:00-07:00,TH_ZP26_GEN-APND,5.34747
2025-07-27 17:00:00-07:00,TH_NP15_GEN-APND,30.65353
2025-07-27 17:00:00-07:00,TH_SP15_GEN-APND,21.98391
2025-07-27 17:00:00-07:00,TH_ZP26_GEN-APND,21.92161
2025-07-27 18:00:00-07:00,TH_NP15_GEN-APND,39.13116
2025-07-27 18:00:00-07:00,TH_SP15_GEN-APND,38.12146
2025-07-27 18:00:00-07:00,TH_ZP26_GEN-APND,38.0245
2025-07-27 19:00:00-07:00,TH_NP15_GEN-APND,42.94412
2025-07-27 19:00:00-07:00,TH_SP15_GEN-APND,40.90067
2025-07-27 19:00:00-07:00,TH_ZP26_GEN-APND,41.30783
2025-07-27 20:00:00-07:00,TH_NP15_GEN-APND,42.39056
2025-07-27 20:00:00-07:00,TH_SP15_GEN-APND,41.35746
2025-07-27 20:00:00-07:00,TH_ZP26_GEN-APND,41.30283
2025-07-27 21:00:00-07:00,TH_NP15_GEN-APND,39.44066
2025-07-27 21:00:00-07:00,TH_SP15_GEN-APND,39.86357
2025-07-27 21:00:00-07:00,TH_ZP26_GEN-APND,39.93429
2025-07-27 22:00:00-07:00,TH_NP15_GEN-APND,38.18901
2025-07-27 22:00:00-07:00,TH_SP15_GEN-APND,38.03368
2025-07-27 22:00:00-07:00,TH_ZP26_GEN-APND,38.56397
2025-07-27 23:00:00-07:00,TH_NP15_GEN-APND,37.56753
2025-07-27 23:00:00-07:00,TH_SP15_GEN-APND,38.21159
2025-07-27 23:00:00-07:00,TH_ZP26_GEN-APND,38.33688
2025-07-28 00:00:00-07:00,TH_NP15_GEN-APND,38.48375
2025-07-28 00:00:00-07:00,TH_SP15_GEN-APND,39.40251
2025-07-28 00:00:00-07:00,TH_ZP26_GEN-APND,39.46867
2025-07-28 01:00:00-07:00,TH_NP15_GEN-APND,37.10906
2025-07-28 01:00:00-07:00,TH_SP15_GEN-APND,37.97833
2025-07-28 01:00:00-07:00,TH_ZP26_GEN-APND,38.15097
2025-07-28 02:00:00-07:00,TH_NP15_GEN-APND,36.24471
2025-07-28 02:00:00-07:00,TH_SP15_GEN-APND,37.40993
2025-07-28 02:00:00-07:00,TH_ZP26_GEN-APND,37.39318
2025-07-28 03:00:00-07:00,TH_NP15_GEN-APND,37.33212
2025-07-28 03:00:00-07:00,TH_SP15_GEN-APND,37.42149
2025-07-28 03:00:00-07:00,TH_ZP26_GEN-APND,37.45256
2025-07-28 04:00:00-07:00,TH_NP15_GEN-APND,37.54778
2025-07-28 04:00:00-07:00,TH_SP15_GEN-APND,37.69983
2025-07-28 04:00:00-07:00,TH_ZP26_GEN-APND,37.6131
2025-07-28 05:00:00-07:00,TH_NP15_GEN-APND,38.65402
2025-07-28 05:00:00-07:00,TH_SP15_GEN-APND,39.34595
2025-07-28 05:00:00-07:00,TH_ZP26_GEN-APND,38.87649
2025-07-28 06:00:00-07:00,TH_NP15_GEN-APND,45.77791
2025-07-28 06:00:00-07:00,TH_SP15_GEN-APND,46.71107
2025-07-28 06:00:00-07:00,TH_ZP26_GEN-APND,46.16664
2025-07-28 07:00:00-07:00,TH_NP15_GEN-APND,31.53732
2025-07-28 07:00:00-07:00,TH_SP15_GEN-APND,30.35714
2025-07-28 07:00:00-07:00,TH_ZP26_GEN-APND,30.41155
2025-07-28 08:00:00-07:00,TH_NP15_GEN-APND,32.26453
2025-07-28 08:00:00-07:00,TH_SP15_GEN-APND,22.58928
2025-07-28 08:00:00-07:00,TH_ZP26_GEN-APND,21.51721
2025-07-28 09:00:00-07:00,TH_NP15_GEN-APND,33.49891
2025-07-28 09:00:00-07:00,TH_SP15_GEN-APND,21.09176
2025-07-28 09:00:00-07:00,TH_ZP26_GEN-APND,19.4422
2025-07-28 10:00:00-07:00,TH_NP15_GEN-APND,29.02882
2025-07-28 10:00:00-07:00,TH_SP15_GEN-APND,23.57301
2025-07-28 10:00:00-07:00,TH_ZP26_GEN-APND,21.43896
2025-07-28 11:00:00-07:00,TH_NP15_GEN-APND,28.55
2025-07-28 11:00:00-07:00,TH_SP15_GEN-APND,23.32118
2025-07-28 11:00:00-07:00,TH_ZP26_GEN-APND,21.59648
2025-07-28 12:00:00-07:00,TH_NP15_GEN-APND,28.99973
2025-07-28 12:00:00-07:00,TH_SP15_GEN-APND,23.77962
2025-07-28 12:00:00-07:00,TH_ZP26_GEN-APND,20.60706
2025-07-28 13:00:00-07:00,TH_NP15_GEN-APND,29.96212
2025-07-28 13:00:00-07:00,TH_SP15_GEN-APND,23.51251
2025-07-28 13:00:00-07:00,TH_ZP26_GEN-APND,20.03
2025-07-28 14:00:00-07:00,TH_NP15_GEN-APND,34.23888
2025-07-28 14:00:00-07:00,TH_SP15_GEN-APND,24.80861
2025-07-28 14:00:00-07:00,TH_ZP26_GEN-APND,21.25593
2025-07-28 15:00:00-07:00,TH_NP15_GEN-APND,37.46724
2025-07-28 15:00:00-07:00,TH_SP15_GEN-APND,27.42795
2025-07-28 15:00:00-07:00,TH_ZP26_GEN-APND,23.75622
2025-07-28 16:00:00-07:00,TH_NP15_GEN-APND,36.44553
2025-07-28 16:00:00-07:00,TH_SP15_GEN-APND,28.76946
2025-07-28 16:00:00-07:00,TH_ZP26_GEN-APND,26.51757
2025-07-28 17:00:00-07:00,TH_NP15_GEN-APND,38.34283
2025-07-28 17:00:00-07:00,TH_SP15_GEN-APND,35.72523
2025-07-28 17:00:00-07:00,TH_ZP26_GEN-APND,35.36542
2025-07-28 18:00:00-07:00,TH_NP15_GEN-APND,44.18005
2025-07-28 18:00:00-07:00,TH_SP15_GEN-APND,43.02559
2025-07-28 18:00:00-07:00,TH_ZP26_GEN-APND,43.10397
2025-07-28 19:00:00-07:00,TH_NP15_GEN-APND,55.49259
2025-07-28 19:00:00-07:00,TH_SP15_GEN-APND,52.65075
2025-07-28 19:00:00-07:00,TH_ZP26_GEN-APND,52.38682
2025-07-28 20:00:00-07:00,TH_NP15_GEN-APND,52.46449
2025-07-28 20:00:00-07:00,TH_SP15_GEN-APND,50.68547
2025-07-28 20:00:00-07:00,TH_ZP26_GEN-APND,50.43656
2025-07-28 21:00:00-07:00,TH_NP15_GEN-APND,48.5
2025-07-28 21:00:00-07:00,TH_SP15_GEN-APND,47.78449
2025-07-28 21:00:00-07:00,TH_ZP26_GEN-APND,47.84164
2025-07-28 22:00:00-07:00,TH_NP15_GEN-APND,42.75111
2025-07-28 22:00:00-07:00,TH_SP15_GEN-APND,42.25737
2025-07-28 22:00:00-07:00,TH_ZP26_GEN-APND,43.04497
2025-07-28 23:00:00-07:00,TH_NP15_GEN-APND,39.9472
2025-07-28 23:00:00-07:00,TH_SP15_GEN-APND,40.90788
2025-07-28 23:00:00-07:00,TH_ZP26_GEN-APND,41.45081
2025-07-29 00:00:00-07:00,TH_NP15_GEN-APND,41.07542
2025-07-29 00:00:00-07:00,TH_SP15_GEN-APND,42.6366
2025-07-29 00:00:00-07:00,TH_ZP26_GEN-APND,42.20115
2025-07-29 01:00:00-07:00,TH_NP15_GEN-APND,39.29905
2025-07-29 01:00:00-07:00,TH_SP15_GEN-APND,40.50924
2025-07-29 01:00:00-07:00,TH_ZP26_GEN-APND,40.19325
2025-07-29 02:00:00-07:00,TH_NP15_GEN-APND,37.03376
2025-07-29 02:00:00-07:00,TH_SP15_GEN-APND,38.03801
2025-07-29 02:00:00-07:00,TH_ZP26_GEN-APND,37.62812
2025-07-29 03:00:00-07:00,TH_NP15_GEN-APND,36.91511
2025-07-29 03:00:00-07:00,TH_SP15_GEN-APND,37.82301
2025-07-29 03:00:00-07:00,TH_ZP26_GEN-APND,37.44476
2025-07-29 04:00:00-07:00,TH_NP15_GEN-APND,37.70856
2025-07-29 04:00:00-07:00,TH_SP15_GEN-APND,39.81235
2025-07-29 04:00:00-07:00,TH_ZP26_GEN-APND,39.28752
2025-07-29 05:00:00-07:00,TH_NP15_GEN-APND,37.05301
2025-07-29 05:00:00-07:00,TH_SP15_GEN-APND,40.09315
2025-07-29 05:00:00-07:00,TH_ZP26_GEN-APND,39.35801
2025-07-29 06:00:00-07:00,TH_NP15_GEN-APND,42.24235
2025-07-29 06:00:00-07:00,TH_SP15_GEN-APND,43.99543
2025-07-29 06:00:00-07:00,TH_ZP26_GEN-APND,43.60761
2025-07-29 07:00:00-07:00,TH_NP15_GEN-APND,30.90383
2025-07-29 07:00:00-07:00,TH_SP15_GEN-APND,27.9194
2025-07-29 07:00:00-07:00,TH_ZP26_GEN-APND,28.26314
2025-07-29 08:00:00-07:00,TH_NP15_GEN-APND,30.29
2025-07-29 08:00:00-07:00,TH_SP15_GEN-APND,22.18621
2025-07-29 08:00:00-07:00,TH_ZP26_GEN-APND,20.09921
2025-07-29 09:00:00-07:00,TH_NP15_GEN-APND,31.85499
2025-07-29 09:00:00-07:00,TH_SP15_GEN-APND,21.05545
2025-07-29 09:00:00-07:00,TH_ZP26_GEN-APND,18.25116
2025-07-29 10:00:00-07:00,TH_NP15_GEN-APND,29.50403
2025-07-29 10:00:00-07:00,TH_SP15_GEN-APND,23.36241
2025-07-29 10:00:00-07:00,TH_ZP26_GEN-APND,20.14158
2025-07-29 11:00:00-07:00,TH_NP15_GEN-APND,30.78608
2025-07-29 11:00:00-07:00,TH_SP15_GEN-APND,23.87596
2025-07-29 11:00:00-07:00,TH_ZP26_GEN-APND,20.71792
2025-07-29 12:00:00-07:00,TH_NP15_GEN-APND,31.44485
2025-07-29 12:00:00-07:00,TH_SP15_GEN-APND,23.44062
2025-07-29 12:00:00-07:00,TH_ZP26_GEN-APND,20.38012
2025-07-29 13:00:00-07:00,TH_NP15_GEN-APND,33.24311
2025-07-29 13:00:00-07:00,TH_SP15_GEN-APND,23.79065
2025-07-29 13:00:00-07:00,TH_ZP26_GEN-APND,20.38561
2025-07-29 14:00:00-07:00,TH_NP15_GEN-APND,34.84848
2025-07-29 14:00:00-07:00,TH_SP15_GEN-APND,25.21839
2025-07-29 14:00:00-07:00,TH_ZP26_GEN-APND,21.14702
2025-07-29 15:00:00-07:00,TH_NP15_GEN-APND,37.8652
2025-07-29 15:00:00-07:00,TH_SP15_GEN-APND,26.53551
2025-07-29 15:00:00-07:00,TH_ZP26_GEN-APND,21.67915
2025-07-29 16:00:00-07:00,TH_NP15_GEN-APND,33.74524
2025-07-29 16:00:00-07:00,TH_SP15_GEN-APND,26.71296
2025-07-29 16:00:00-07:00,TH_ZP26_GEN-APND,22.69668
2025-07-29 17:00:00-07:00,TH_NP15_GEN-APND,38.25325
2025-07-29 17:00:00-07:00,TH_SP15_GEN-APND,33.79596
2025-07-29 17:00:00-07:00,TH_ZP26_GEN-APND,32.91
2025-07-29 18:00:00-07:00,TH_NP15_GEN-APND,45.09
2025-07-29 18:00:00-07:00,TH_SP15_GEN-APND,43.05427
2025-07-29 18:00:00-07:00,TH_ZP26_GEN-APND,42.9537
2025-07-29 19:00:00-07:00,TH_NP15_GEN-APND,56.63979
2025-07-29 19:00:00-07:00,TH_SP15_GEN-APND,54.75279
2025-07-29 19:00:00-07:00,TH_ZP26_GEN-APND,54.27486
2025-07-29 20:00:00-07:00,TH_NP15_GEN-APND,54.48648
2025-07-29 20:00:00-07:00,TH_SP15_GEN-APND,52.54
2025-07-29 20:00:00-07:00,TH_ZP26_GEN-APND,52.23242
2025-07-29 21:00:00-07:00,TH_NP15_GEN-APND,45.09465
2025-07-29 21:00:00-07:00,TH_SP15_GEN-APND,45.11972
2025-07-29 21:00:00-07:00,TH_ZP26_GEN-APND,44.37189
2025-07-29 22:00:00-07:00,TH_NP15_GEN-APND,40.50952
2025-07-29 22:00:00-07:00,TH_SP15_GEN-APND,41.46317
2025-07-29 22:00:00-07:00,TH_ZP26_GEN-APND,41.15374
2025-07-29 23:00:00-07:00,TH_NP15_GEN-APND,40.08448
2025-07-29 23:00:00-07:00,TH_SP15_GEN-APND,41.48308
2025-07-29 23:00:00-07:00,TH_ZP26_GEN-APND,41.01584
2025-07-30 00:00:00-07:00,TH_NP15_GEN-APND,42.99193
2025-07-30 00:00:00-07:00,TH_SP15_GEN-APND,42.48613
2025-07-30 00:00:00-07:00,TH_ZP26_GEN-APND,42.64854
2025-07-30 01:00:00-07:00,TH_NP15_GEN-APND,40.39478
2025-07-30 01:00:00-07:00,TH_SP15_GEN-APND,40.5604
2025-07-30 01:00:00-07:00,TH_ZP26_GEN-APND,40.27895
2025-07-30 02:00:00-07:00,TH_NP15_GEN-APND,38.70301
2025-07-30 02:00:00-07:00,TH_SP15_GEN-APND,38.77538
2025-07-30 02:00:00-07:00,TH_ZP26_GEN-APND,38.53897
2025-07-30 03:00:00-07:00,TH_NP15_GEN-APND,38.43807
2025-07-30 03:00:00-07:00,TH_SP15_GEN-APND,38.54657
2025-07-30 03:00:00-07:00,TH_ZP26_GEN-APND,38.34525
2025-07-30 04:00:00-07:00,TH_NP15_GEN-APND,39.31244
2025-07-30 04:00:00-07:00,TH_SP15_GEN-APND,39.57805
2025-07-30 04:00:00-07:00,TH_ZP26_GEN-APND,39.3699
2025-07-30 05:00:00-07:00,TH_NP15_GEN-APND,40.14987
2025-07-30 05:00:00-07:00,TH_SP15_GEN-APND,40.43142
2025-07-30 05:00:00-07:00,TH_ZP26_GEN-APND,40.17281
2025-07-30 06:00:00-07:00,TH_NP15_GEN-APND,42.60715
2025-07-30 06:00:00-07:00,TH_SP15_GEN-APND,41.96107
2025-07-30 06:00:00-07:00,TH_ZP26_GEN-APND,42.1079
2025-07-30 07:00:00-07:00,TH_NP15_GEN-APND,32.4633
2025-07-30 07:00:00-07:00,TH_SP15_GEN-APND,26.88825
2025-07-30 07:00:00-07:00,TH_ZP26_GEN-APND,26.97395
2025-07-30 08:00:00-07:00,TH_NP15_GEN-APND,31.95196
2025-07-30 08:00:00-07:00,TH_SP15_GEN-APND,20.67668
2025-07-30 08:00:00-07:00,TH_ZP26_GEN-APND,18.39375
2025-07-30 09:00:00-07:00,TH_NP15_GEN-APND,33.06223
2025-07-30 09:00:00-07:00,TH_SP15_GEN-APND,18.79283
2025-07-30 09:00:00-07:00,TH_ZP26_GEN-APND,15.63149
2025-07-30 10:00:00-07:00,TH_NP15_GEN-APND,29.31104
2025-07-30 10:00:00-07:00,TH_SP15_GEN-APND,20.98323
2025-07-30 10:00:00-07:00,TH_ZP26_GEN-APND,17.2287
2025-07-30 11:00:00-07:00,TH_NP15_GEN-APND,30.50361
2025-07-30 11:00:00-07:00,TH_SP15_GEN-APND,20.19673
2025-07-30 11:00:00-07:00,TH_ZP26_GEN-APND,17.50979
2025-07-30 12:00:00-07:00,TH_NP15_GEN-APND,30.3561
2025-07-30 12:00:00-07:00,TH_SP15_GEN-APND,21.4655
2025-07-30 12:00:00-07:00,TH_ZP26_GEN-APND,17.70619
2025-07-30 13:00:00-07:00,TH_NP15_GEN-APND,31.42748
2025-07-30 13:00:00-07:00,TH_SP15_GEN-APND,21.112
2025-07-30 13:00:00-07:00,TH_ZP26_GEN-APND,17.31772
2025-07-30 14:00:00-07:00,TH_NP15_GEN-APND,33.99506
2025-07-30 14:00:00-07:00,TH_SP15_GEN-APND,20.30703
2025-07-30 14:00:00-07:00,TH_ZP26_GEN-APND,14.96239
2025-07-30 15:00:00-07:00,TH_NP15_GEN-APND,35.29
2025-07-30 15:00:00-07:00,TH_SP15_GEN-APND,21.29679
2025-07-30 15:00:00-07:00,TH_ZP26_GEN-APND,15.29116
2025-07-30 16:00:00-07:00,TH_NP15_GEN-APND,36.46023
2025-07-30 16:00:00-07:00,TH_SP15_GEN-APND,26.40882
2025-07-30 16:00:00-07:00,TH_ZP26_GEN-APND,21.10952
2025-07-30 17:00:00-07:00,TH_NP15_GEN-APND,39.13097
2025-07-30 17:00:00-07:00,TH_SP15_GEN-APND,32.16385
2025-07-30 17:00:00-07:00,TH_ZP26_GEN-APND,30.21057
2025-07-30 18:00:00-07:00,TH_NP15_GEN-APND,45.27175
2025-07-30 18:00:00-07:00,TH_SP15_GEN-APND,43.93382
2025-07-30 18:00:00-07:00,TH_ZP26_GEN-APND,43.53469
2025-07-30 19:00:00-07:00,TH_NP15_GEN-APND,54.59818
2025-07-30 19:00:00-07:00,TH_SP15_GEN-APND,50.43895
2025-07-30 19:00:00-07:00,TH_ZP26_GEN-APND,49.94552
2025-07-30 20:00:00-07:00,TH_NP15_GEN-APND,52.76485
2025-07-30 20:00:00-07:00,TH_SP15_GEN-APND,50.24498
2025-07-30 20:00:00-07:00,TH_ZP26_GEN-APND,49.71024
2025-07-30 21:00:00-07:00,TH_NP15_GEN-APND,46.222
2025-07-30 21:00:00-07:00,TH_SP15_GEN-APND,45.53482
2025-07-30 21:00:00-07:00,TH_ZP26_GEN-APND,45.12025
2025-07-30 22:00:00-07:00,TH_NP15_GEN-APND,44.56183
2025-07-30 22:00:00-07:00,TH_SP15_GEN-APND,43.69846
2025-07-30 22:00:00-07:00,TH_ZP26_GEN-APND,44.07482
2025-07-30 23:00:00-07:00,TH_NP15_GEN-APND,42.68513
2025-07-30 23:00:00-07:00,TH_SP15_GEN-APND,43.10725
2025-07-30 23:00:00-07:00,TH_ZP26_GEN-APND,42.85592
2025-07-31 00:00:00-07:00,TH_NP15_GEN-APND,39.9661
2025-07-31 00:00:00-07:00,TH_SP15_GEN-APND,40.38384
2025-07-31 00:00:00-07:00,TH_ZP26_GEN-APND,40.09649
2025-07-31 01:00:00-07:00,TH_NP15_GEN-APND,38.89499
2025-07-31 01:00:00-07:00,TH_SP15_GEN-APND,39.84128
2025-07-31 01:00:00-07:00,TH_ZP26_GEN-APND,39.23812
2025-07-31 02:00:00-07:00,TH_NP15_GEN-APND,37.50914
2025-07-31 02:00:00-07:00,TH_SP15_GEN-APND,38.12601
2025-07-31 02:00:00-07:00,TH_ZP26_GEN-APND,37.54092
2025-07-31 03:00:00-07:00,TH_NP15_GEN-APND,37.08776
2025-07-31 03:00:00-07:00,TH_SP15_GEN-APND,37.7367
2025-07-31 03:00:00-07:00,TH_ZP26_GEN-APND,37.10591
2025-07-31 04:00:00-07:00,TH_NP15_GEN-APND,37.99727
2025-07-31 04:00:00-07:00,TH_SP15_GEN-APND,39.1053
2025-07-31 04:00:00-07:00,TH_ZP26_GEN-APND,38.38918
2025-07-31 05:00:00-07:00,TH_NP15_GEN-APND,38.93236
2025-07-31 05:00:00-07:00,TH_SP15_GEN-APND,39.87334
2025-07-31 05:00:00-07:00,TH_ZP26_GEN-APND,39.16911
2025-07-31 06:00:00-07:00,TH_NP15_GEN-APND,39.22959
2025-07-31 06:00:00-07:00,TH_SP15_GEN-APND,39.04094
2025-07-31 06:00:00-07:00,TH_ZP26_GEN-APND,38.8345
2025-07-31 07:00:00-07:00,TH_NP15_GEN-APND,30.51829
2025-07-31 07:00:00-07:00,TH_SP15_GEN-APND,21.62
2025-07-31 07:00:00-07:00,TH_ZP26_GEN-APND,21.78387
2025-07-31 08:00:00-07:00,TH_NP15_GEN-APND,34.05074
2025-07-31 08:00:00-07:00,TH_SP15_GEN-APND,15.28874
2025-07-31 08:00:00-07:00,TH_ZP26_GEN-APND,11.99053
2025-07-31 09:00:00-07:00,TH_NP15_GEN-APND,35.47716
2025-07-31 09:00:00-07:00,TH_SP15_GEN-APND,15.51523
2025-07-31 09:00:00-07:00,TH_ZP26_GEN-APND,11.54861
2025-07-31 10:00:00-07:00,TH_NP15_GEN-APND,28.09889
2025-07-31 10:00:00-07:00,TH_SP15_GEN-APND,14.79121
2025-07-31 10:00:00-07:00,TH_ZP26_GEN-APND,10.84504
2025-07-31 11:00:00-07:00,TH_NP15_GEN-APND,29.01199
2025-07-31 11:00:00-07:00,TH_SP15_GEN-APND,15.29404
2025-07-31 11:00:00-07:00,TH_ZP26_GEN-APND,11.19507
2025-07-31 12:00:00-07:00,TH_NP15_GEN-APND,28.7234
2025-07-31 12:00:00-07:00,TH_SP15_GEN-APND,15.07273
2025-07-31 12:00:00-07:00,TH_ZP26_GEN-APND,10.84105
2025-07-31 13:00:00-07:00,TH_NP15_GEN-APND,30.57755
2025-07-31 13:00:00-07:00,TH_SP15_GEN-APND,14.70281
2025-07-31 13:00:00-07:00,TH_ZP26_GEN-APND,9.56953
2025-07-31 14:00:00-07:00,TH_NP15_GEN-APND,34.62272
2025-07-31 14:00:00-07:00,TH_SP15_GEN-APND,16.19048
2025-07-31 14:00:00-07:00,TH_ZP26_GEN-APND,10.82501
2025-07-31 15:00:00-07:00,TH_NP15_GEN-APND,31.33645
2025-07-31 15:00:00-07:00,TH_SP15_GEN-APND,19.39389
2025-07-31 15:00:00-07:00,TH_ZP26_GEN-APND,14.05414
2025-07-31 16:00:00-07:00,TH_NP15_GEN-APND,31.55278
2025-07-31 16:00:00-07:00,TH_SP15_GEN-APND,21.20196
2025-07-31 16:00:00-07:00,TH_ZP26_GEN-APND,18.23717
2025-07-31 17:00:00-07:00,TH_NP15_GEN-APND,34.19726
2025-07-31 17:00:00-07:00,TH_SP15_GEN-APND,28.82285
2025-07-31 17:00:00-07:00,TH_ZP26_GEN-APND,27.92634
2025-07-31 18:00:00-07:00,TH_NP15_GEN-APND,42.78465
2025-07-31 18:00:00-07:00,TH_SP15_GEN-APND,41.67969
2025-07-31 18:00:00-07:00,TH_ZP26_GEN-APND,40.99169
2025-07-31 19:00:00-07:00,TH_NP15_GEN-APND,50.38916
2025-07-31 19:00:00-07:00,TH_SP15_GEN-APND,45.96945
2025-07-31 19:00:00-07:00,TH_ZP26_GEN-APND,45.41109
2025-07-31 20:00:00-07:00,TH_NP15_GEN-APND,47.12311
2025-07-31 20:00:00-07:00,TH_SP15_GEN-APND,44.61735
2025-07-31 20:00:00-07:00,TH_ZP26_GEN-APND,44.25314
2025-07-31 21:00:00-07:00,TH_NP15_GEN-APND,44.19089
2025-07-31 21:00:00-07:00,TH_SP15_GEN-APND,42.567
2025-07-31 21:00:00-07:00,TH_ZP26_GEN-APND,42.25495
2025-07-31 22:00:00-07:00,TH_NP15_GEN-APND,41.07981
2025-07-31 22:00:00-07:00,TH_SP15_GEN-APND,41.14021
2025-07-31 22:00:00-07:00,TH_ZP26_GEN-APND,41.05312
2025-07-31 23:00:00-07:00,TH_NP15_GEN-APND,39.8317
2025-07-31 23:00:00-07:00,TH_SP15_GEN-APND,40.54041
2025-07-31 23:00:00-07:00,TH_ZP26_GEN-APND,39.77949
2025-08-01 00:00:00-07:00,TH_NP15_GEN-APND,40.47642
2025-08-01 00:00:00-07:00,TH_SP15_GEN-APND,42.58143
2025-08-01 00:00:00-07:00,TH_ZP26_GEN-APND,41.30837
2025-08-01 01:00:00-07:00,TH_NP15_GEN-APND,39.04482
2025-08-01 01:00:00-07:00,TH_SP15_GEN-APND,40.95663
2025-08-01 01:00:00-07:00,TH_ZP26_GEN-APND,38.90873
2025-08-01 02:00:00-07:00,TH_NP15_GEN-APND,37.89634
2025-08-01 02:00:00-07:00,TH_SP15_GEN-APND,38.76622
2025-08-01 02:00:00-07:00,TH_ZP26_GEN-APND,38.23517
2025-08-01 03:00:00-07:00,TH_NP15_GEN-APND,37.39184
2025-08-01 03:00:00-07:00,TH_SP15_GEN-APND,38.62013
2025-08-01 03:00:00-07:00,TH_ZP26_GEN-APND,37.98094
2025-08-01 04:00:00-07:00,TH_NP15_GEN-APND,37.80165
2025-08-01 04:00:00-07:00,TH_SP15_GEN-APND,40.37559
2025-08-01 04:00:00-07:00,TH_ZP26_GEN-APND,39.34193
2025-08-01 05:00:00-07:00,TH_NP15_GEN-APND,38.12105
2025-08-01 05:00:00-07:00,TH_SP15_GEN-APND,40.94891
2025-08-01 05:00:00-07:00,TH_ZP26_GEN-APND,39.99295
2025-08-01 06:00:00-07:00,TH_NP15_GEN-APND,41.29225
2025-08-01 06:00:00-07:00,TH_SP15_GEN-APND,43.37981
2025-08-01 06:00:00-07:00,TH_ZP26_GEN-APND,43.01924
2025-08-01 07:00:00-07:00,TH_NP15_GEN-APND,29.87632
2025-08-01 07:00:00-07:00,TH_SP15_GEN-APND,25.88579
2025-08-01 07:00:00-07:00,TH_ZP26_GEN-APND,27.00885
2025-08-01 08:00:00-07:00,TH_NP15_GEN-APND,29.55398
2025-08-01 08:00:00-07:00,TH_SP15_GEN-APND,18.40381
2025-08-01 08:00:00-07:00,TH_ZP26_GEN-APND,17.15819
2025-08-01 09:00:00-07:00,TH_NP15_GEN-APND,29.7833
2025-08-01 09:00:00-07:00,TH_SP15_GEN-APND,17.49966
2025-08-01 09:00:00-07:00,TH_ZP26_GEN-APND,15.79561
2025-08-01 10:00:00-07:00,TH_NP15_GEN-APND,26.84303
2025-08-01 10:00:00-07:00,TH_SP15_GEN-APND,19.15402
2025-08-01 10:00:00-07:00,TH_ZP26_GEN-APND,16.86955
2025-08-01 11:00:00-07:00,TH_NP15_GEN-APND,27.39985
2025-08-01 11:00:00-07:00,TH_SP15_GEN-APND,19.79777
2025-08-01 11:00:00-07:00,TH_ZP26_GEN-APND,17.5322
2025-08-01 12:00:00-07:00,TH_NP15_GEN-APND,27.41547
2025-08-01 12:00:00-07:00,TH_SP15_GEN-APND,19.69011
2025-08-01 12:00:00-07:00,TH_ZP26_GEN-APND,17.27305
2025-08-01 13:00:00-07:00,TH_NP15_GEN-APND,28.87124
2025-08-01 13:00:00-07:00,TH_SP15_GEN-APND,19.25867
2025-08-01 13:00:00-07:00,TH_ZP26_GEN-APND,17.16788
2025-08-01 14:00:00-07:00,TH_NP15_GEN-APND,30.32682
2025-08-01 14:00:00-07:00,TH_SP15_GEN-APND,19.46864
2025-08-01 14:00:00-07:00,TH_ZP26_GEN-APND,17.34249
2025-08-01 15:00:00-07:00,TH_NP15_GEN-APND,31.8847
2025-08-01 15:00:00-07:00,TH_SP15_GEN-APND,20.29439
2025-08-01 15:00:00-07:00,TH_ZP26_GEN-APND,18.92242
2025-08-01 16:00:00-07:00,TH_NP15_GEN-APND,31.88298
2025-08-01 16:00:00-07:00,TH_SP15_GEN-APND,21.04751
2025-08-01 16:00:00-07:00,TH_ZP26_GEN-APND,20.18257
2025-08-01 17:00:00-07:00,TH_NP15_GEN-APND,34.6413
2025-08-01 17:00:00-07:00,TH_SP15_GEN-APND,30.40962
2025-08-01 17:00:00-07:00,TH_ZP26_GEN-APND,30.88923
2025-08-01 18:00:00-07:00,TH_NP15_GEN-APND,41.30273
2025-08-01 18:00:00-07:00,TH_SP15_GEN-APND,41.96271
2025-08-01 18:00:00-07:00,TH_ZP26_GEN-APND,40.1065
2025-08-01 19:00:00-07:00,TH_NP15_GEN-APND,46.15284
2025-08-01 19:00:00-07:00,TH_SP15_GEN-APND,45.2263
2025-08-01 19:00:00-07:00,TH_ZP26_GEN-APND,44.2706
2025-08-01 20:00:00-07:00,TH_NP15_GEN-APND,46.36129
2025-08-01 20:00:00-07:00,TH_SP15_GEN-APND,44.67012
2025-08-01 20:00:00-07:00,TH_ZP26_GEN-APND,43.85127
2025-08-01 21:00:00-07:00,TH_NP15_GEN-APND,42.85428
2025-08-01 21:00:00-07:00,TH_SP15_GEN-APND,42.41302
2025-08-01 21:00:00-07:00,TH_ZP26_GEN-APND,41.94209
2025-08-01 22:00:00-07:00,TH_NP15_GEN-APND,41.58817
2025-08-01 22:00:00-07:00,TH_SP15_GEN-APND,41.88449
2025-08-01 22:00:00-07:00,TH_ZP26_GEN-APND,41.41092
2025-08-01 23:00:00-07:00,TH_NP15_GEN-APND,40.50878
2025-08-01 23:00:00-07:00,TH_SP15_GEN-APND,41.24693
2025-08-01 23:00:00-07:00,TH_ZP26_GEN-APND,40.78229
2025-08-02 00:00:00-07:00,TH_NP15_GEN-APND,40.52413
2025-08-02 00:00:00-07:00,TH_SP15_GEN-APND,41.74189
2025-08-02 00:00:00-07:00,TH_ZP26_GEN-APND,41.29728
2025-08-02 01:00:00-07:00,TH_NP15_GEN-APND,38.37093
2025-08-02 01:00:00-07:00,TH_SP15_GEN-APND,39.32411
2025-08-02 01:00:00-07:00,TH_ZP26_GEN-APND,39.06697
2025-08-02 02:00:00-07:00,TH_NP15_GEN-APND,38.85463
2025-08-02 02:00:00-07:00,TH_SP15_GEN-APND,39.20372
2025-08-02 02:00:00-07:00,TH_ZP26_GEN-APND,39.11554
2025-08-02 03:00:00-07:00,TH_NP15_GEN-APND,37.74176
2025-08-02 03:00:00-07:00,TH_SP15_GEN-APND,38.24263
2025-08-02 03:00:00-07:00,TH_ZP26_GEN-APND,38.05476
2025-08-02 04:00:00-07:00,TH_NP15_GEN-APND,37.86327
2025-08-02 04:00:00-07:00,TH_SP15_GEN-APND,38.73799
2025-08-02 04:00:00-07:00,TH_ZP26_GEN-APND,38.39724
2025-08-02 05:00:00-07:00,TH_NP15_GEN-APND,37.90583
2025-08-02 05:00:00-07:00,TH_SP15_GEN-APND,38.67221
2025-08-02 05:00:00-07:00,TH_ZP26_GEN-APND,38.46596
2025-08-02 06:00:00-07:00,TH_NP15_GEN-APND,35.32422
2025-08-02 06:00:00-07:00,TH_SP15_GEN-APND,34.10532
2025-08-02 06:00:00-07:00,TH_ZP26_GEN-APND,34.36753
2025-08-02 07:00:00-07:00,TH_NP15_GEN-APND,15.38066
2025-08-02 07:00:00-07:00,TH_SP15_GEN-APND,14.01466
2025-08-02 07:00:00-07:00,TH_ZP26_GEN-APND,14.20476
2025-08-02 08:00:00-07:00,TH_NP15_GEN-APND,22.0826
2025-08-02 08:00:00-07:00,TH_SP15_GEN-APND,6.17871
2025-08-02 08:00:00-07:00,TH_ZP26_GEN-APND,2.95153
2025-08-02 09:00:00-07:00,TH_NP15_GEN-APND,25.33484
2025-08-02 09:00:00-07:00,TH_SP15_GEN-APND,2.46601
2025-08-02 09:00:00-07:00,TH_ZP26_GEN-APND,-1.31555
2025-08-02 10:00:00-07:00,TH_NP15_GEN-APND,18.41111
2025-08-02 10:00:00-07:00,TH_SP15_GEN-APND,6.2351
2025-08-02 10:00:00-07:00,TH_ZP26_GEN-APND,2.88351
2025-08-02 11:00:00-07:00,TH_NP15_GEN-APND,19.56792
2025-08-02 11:00:00-07:00,TH_SP15_GEN-APND,6.14824
2025-08-02 11:00:00-07:00,TH_ZP26_GEN-APND,2.0205
2025-08-02 12:00:00-07:00,TH_NP15_GEN-APND,20.14809
2025-08-02 12:00:00-07:00,TH_SP15_GEN-APND,6.25743
2025-08-02 12:00:00-07:00,TH_ZP26_GEN-APND,2.08794
2025-08-02 13:00:00-07:00,TH_NP15_GEN-APND,22.82704
2025-08-02 13:00:00-07:00,TH_SP15_GEN-APND,5.99618
2025-08-02 13:00:00-07:00,TH_ZP26_GEN-APND,1.64252
2025-08-02 14:00:00-07:00,TH_NP15_GEN-APND,25.2
2025-08-02 14:00:00-07:00,TH_SP15_GEN-APND,6.63989
2025-08-02 14:00:00-07:00,TH_ZP26_GEN-APND,2.72146
2025-08-02 15:00:00-07:00,TH_NP15_GEN-APND,30.73088
2025-08-02 15:00:00-07:00,TH_SP15_GEN-APND,10.15912
2025-08-02 15:00:00-07:00,TH_ZP26_GEN-APND,6.9952
2025-08-02 16:00:00-07:00,TH_NP15_GEN-APND,36.18921
2025-08-02 16:00:00-07:00,TH_SP15_GEN-APND,11.62926
2025-08-02 16:00:00-07:00,TH_ZP26_GEN-APND,8.14534
2025-08-02 17:00:00-07:00,TH_NP15_GEN-APND,33.34646
2025-08-02 17:00:00-07:00,TH_SP15_GEN-APND,22.78897
2025-08-02 17:00:00-07:00,TH_ZP26_GEN-APND,24.31306
2025-08-02 18:00:00-07:00,TH_NP15_GEN-APND,39.80334
2025-08-02 18:00:00-07:00,TH_SP15_GEN-APND,39.20402
2025-08-02 18:00:00-07:00,TH_ZP26_GEN-APND,38.49713
2025-08-02 19:00:00-07:00,TH_NP15_GEN-APND,45.09682
2025-08-02 19:00:00-07:00,TH_SP15_GEN-APND,43.80109
2025-08-02 19:00:00-07:00,TH_ZP26_GEN-APND,43.99449
2025-08-02 20:00:00-07:00,TH_NP15_GEN-APND,46.16327
2025-08-02 20:00:00-07:00,TH_SP15_GEN-APND,45.14421
2025-08-02 20:00:00-07:00,TH_ZP26_GEN-APND,45.16288
2025-08-02 21:00:00-07:00,TH_NP15_GEN-APND,41.47222
2025-08-02 21:00:00-07:00,TH_SP15_GEN-APND,40.98376
2025-08-02 21:00:00-07:00,TH_ZP26_GEN-APND,40.80279
2025-08-02 22:00:00-07:00,TH_NP15_GEN-APND,39.43622
2025-08-02 22:00:00-07:00,TH_SP15_GEN-APND,39.37649
2025-08-02 22:00:00-07:00,TH_ZP26_GEN-APND,39.42365
2025-08-02 23:00:00-07:00,TH_NP15_GEN-APND,39.04176
2025-08-02 23:00:00-07:00,TH_SP15_GEN-APND,39.53905
2025-08-02 23:00:00-07:00,TH_ZP26_GEN-APND,39.05963
2025-08-03 00:00:00-07:00,TH_NP15_GEN-APND,39.33045
2025-08-03 00:00:00-07:00,TH_SP15_GEN-APND,39.0264
2025-08-03 00:00:00-07:00,TH_ZP26_GEN-APND,39.35376
2025-08-03 01:00:00-07:00,TH_NP15_GEN-APND,38.57366
2025-08-03 01:00:00-07:00,TH_SP15_GEN-APND,38.34007
2025-08-03 01:00:00-07:00,TH_ZP26_GEN-APND,38.61332
2025-08-03 02:00:00-07:00,TH_NP15_GEN-APND,35.97027
2025-08-03 02:00:00-07:00,TH_SP15_GEN-APND,35.74742
2025-08-03 02:00:00-07:00,TH_ZP26_GEN-APND,35.72492
2025-08-03 03:00:00-07:00,TH_NP15_GEN-APND,35.28948
2025-08-03 03:00:00-07:00,TH_SP15_GEN-APND,34.70207
2025-08-03 03:00:00-07:00,TH_ZP26_GEN-APND,34.85594
2025-08-03 04:00:00-07:00,TH_NP15_GEN-APND,34.25622
2025-08-03 04:00:00-07:00,TH_SP15_GEN-APND,34.35584
2025-08-03 04:00:00-07:00,TH_ZP26_GEN-APND,34.23937
2025-08-03 05:00:00-07:00,TH_NP15_GEN-APND,32.29124
2025-08-03 05:00:00-07:00,TH_SP15_GEN-APND,32.17352
2025-08-03 05:00:00-07:00,TH_ZP26_GEN-APND,32.11954
2025-08-03 06:00:00-07:00,TH_NP15_GEN-APND,29.38819
2025-08-03 06:00:00-07:00,TH_SP15_GEN-APND,29.07763
2025-08-03 06:00:00-07:00,TH_ZP26_GEN-APND,29.04085
2025-08-03 07:00:00-07:00,TH_NP15_GEN-APND,12.69067
2025-08-03 07:00:00-07:00,TH_SP15_GEN-APND,12.00911
2025-08-03 07:00:00-07:00,TH_ZP26_GEN-APND,11.96533
2025-08-03 08:00:00-07:00,TH_NP15_GEN-APND,16.27808
2025-08-03 08:00:00-07:00,TH_SP15_GEN-APND,0.16915
2025-08-03 08:00:00-07:00,TH_ZP26_GEN-APND,-2.24999
2025-08-03 09:00:00-07:00,TH_NP15_GEN-APND,23.49
2025-08-03 09:00:00-07:00,TH_SP15_GEN-APND,-2.71233
2025-08-03 09:00:00-07:00,TH_ZP26_GEN-APND,-6.34843
2025-08-03 10:00:00-07:00,TH_NP15_GEN-APND,9.95595
2025-08-03 10:00:00-07:00,TH_SP15_GEN-APND,2.07767
2025-08-03 10:00:00-07:00,TH_ZP26_GEN-APND,1.00763
2025-08-03 11:00:00-07:00,TH_NP15_GEN-APND,13.24136
2025-08-03 11:00:00-07:00,TH_SP15_GEN-APND,2.88432
2025-08-03 11:00:00-07:00,TH_ZP26_GEN-APND,0.54008
2025-08-03 12:00:00-07:00,TH_NP15_GEN-APND,13.46669
2025-08-03 12:00:00-07:00,TH_SP15_GEN-APND,3.12632
2025-08-03 12:00:00-07:00,TH_ZP26_GEN-APND,0.58594
2025-08-03 13:00:00-07:00,TH_NP15_GEN-APND,17.33
2025-08-03 13:00:00-07:00,TH_SP15_GEN-APND,2.88228
2025-08-03 13:00:00-07:00,TH_ZP26_GEN-APND,0.10178
2025-08-03 14:00:00-07:00,TH_NP15_GEN-APND,21.42938
2025-08-03 14:00:00-07:00,TH_SP15_GEN-APND,4.57909
2025-08-03 14:00:00-07:00,TH_ZP26_GEN-APND,1.80998
2025-08-03 15:00:00-07:00,TH_NP15_GEN-APND,27.84684
2025-08-03 15:00:00-07:00,TH_SP15_GEN-APND,6.06555
2025-08-03 15:00:00-07:00,TH_ZP26_GEN-APND,2.24623
2025-08-03 16:00:00-07:00,TH_NP15_GEN-APND,31.85182
2025-08-03 16:00:00-07:00,TH_SP15_GEN-APND,9.46602
2025-08-03 16:00:00-07:00,TH_ZP26_GEN-APND,7.26956
2025-08-03 17:00:00-07:00,TH_NP15_GEN-APND,34.36969
2025-08-03 17:00:00-07:00,TH_SP15_GEN-APND,20.75041
2025-08-03 17:00:00-07:00,TH_ZP26_GEN-APND,20.35239
2025-08-03 18:00:00-07:00,TH_NP15_GEN-APND,38.81539
2025-08-03 18:00:00-07:00,TH_SP15_GEN-APND,38.494
2025-08-03 18:00:00-07:00,TH_ZP26_GEN-APND,37.57823
2025-08-03 19:00:00-07:00,TH_NP15_GEN-APND,45.0016
2025-08-03 19:00:00-07:00,TH_SP15_GEN-APND,44.27594
2025-08-03 19:00:00-07:00,TH_ZP26_GEN-APND,43.95834
2025-08-03 20:00:00-07:00,TH_NP15_GEN-APND,44.4275
2025-08-03 20:00:00-07:00,TH_SP15_GEN-APND,43.51197
2025-08-03 20:00:00-07:00,TH_ZP26_GEN-APND,43.33677
2025-08-03 21:00:00-07:00,TH_NP15_GEN-APND,41.8808
2025-08-03 21:00:00-07:00,TH_SP15_GEN-APND,41.32037
2025-08-03 21:00:00-07:00,TH_ZP26_GEN-APND,41.17128
2025-08-03 22:00:00-07:00,TH_NP15_GEN-APND,39.07626
2025-08-03 22:00:00-07:00,TH_SP15_GEN-APND,38.30443
2025-08-03 22:00:00-07:00,TH_ZP26_GEN-APND,38.69207
2025-08-03 23:00:00-07:00,TH_NP15_GEN-APND,38.24557
2025-08-03 23:00:00-07:00,TH_SP15_GEN-APND,38.17527
2025-08-03 23:00:00-07:00,TH_ZP26_GEN-APND,38.13015
2025-08-04 00:00:00-07:00,TH_NP15_GEN-APND,35.8905
2025-08-04 00:00:00-07:00,TH_SP15_GEN-APND,35.97909
2025-08-04 00:00:00-07:00,TH_ZP26_GEN-APND,35.74231
2025-08-04 01:00:00-07:00,TH_NP15_GEN-APND,35.78495
2025-08-04 01:00:00-07:00,TH_SP15_GEN-APND,36.01135
2025-08-04 01:00:00-07:00,TH_ZP26_GEN-APND,35.71325
2025-08-04 02:00:00-07:00,TH_NP15_GEN-APND,34.32776
2025-08-04 02:00:00-07:00,TH_SP15_GEN-APND,34.36004
2025-08-04 02:00:00-07:00,TH_ZP26_GEN-APND,34.10327
2025-08-04 03:00:00-07:00,TH_NP15_GEN-APND,34.28962
2025-08-04 03:00:00-07:00,TH_SP15_GEN-APND,34.20515
2025-08-04 03:00:00-07:00,TH_ZP26_GEN-APND,34.05396
2025-08-04 04:00:00-07:00,TH_NP15_GEN-APND,36.12209
2025-08-04 04:00:00-07:00,TH_SP15_GEN-APND,35.95566
2025-08-04 04:00:00-07:00,TH_ZP26_GEN-APND,35.81744
2025-08-04 05:00:00-07:00,TH_NP15_GEN-APND,38.07382
2025-08-04 05:00:00-07:00,TH_SP15_GEN-APND,37.82404
2025-08-04 05:00:00-07:00,TH_ZP26_GEN-APND,37.74886
2025-08-04 06:00:00-07:00,TH_NP15_GEN-APND,38.97854
2025-08-04 06:00:00-07:00,TH_SP15_GEN-APND,37.71571
2025-08-04 06:00:00-07:00,TH_ZP26_GEN-APND,38.05102
2025-08-04 07:00:00-07:00,TH_NP15_GEN-APND,27.8091
2025-08-04 07:00:00-07:00,TH_SP15_GEN-APND,25.08072
2025-08-04 07:00:00-07:00,TH_ZP26_GEN-APND,25.32
2025-08-04 08:00:00-07:00,TH_NP15_GEN-APND,26.9826
2025-08-04 08:00:00-07:00,TH_SP15_GEN-APND,17.17589
2025-08-04 08:00:00-07:00,TH_ZP26_GEN-APND,15.94968
2025-08-04 09:00:00-07:00,TH_NP15_GEN-APND,25.83872
2025-08-04 09:00:00-07:00,TH_SP15_GEN-APND,17.96453
2025-08-04 09:00:00-07:00,TH_ZP26_GEN-APND,13.44745
2025-08-04 10:00:00-07:00,TH_NP15_GEN-APND,23.90925
2025-08-04 10:00:00-07:00,TH_SP15_GEN-APND,18.915
2025-08-04 10:00:00-07:00,TH_ZP26_GEN-APND,14.84036
2025-08-04 11:00:00-07:00,TH_NP15_GEN-APND,23.48844
2025-08-04 11:00:00-07:00,TH_SP15_GEN-APND,19.48325
2025-08-04 11:00:00-07:00,TH_ZP26_GEN-APND,14.33361
2025-08-04 12:00:00-07:00,TH_NP15_GEN-APND,21.0538
2025-08-04 12:00:00-07:00,TH_SP15_GEN-APND,18.67274
2025-08-04 12:00:00-07:00,TH_ZP26_GEN-APND,11.04519
2025-08-04 13:00:00-07:00,TH_NP15_GEN-APND,24.76503
2025-08-04 13:00:00-07:00,TH_SP15_GEN-APND,19.39401
2025-08-04 13:00:00-07:00,TH_ZP26_GEN-APND,15.08803
2025-08-04 14:00:00-07:00,TH_NP15_GEN-APND,25.52688
2025-08-04 14:00:00-07:00,TH_SP15_GEN-APND,19.29623
2025-08-04 14:00:00-07:00,TH_ZP26_GEN-APND,14.66
2025-08-04 15:00:00-07:00,TH_NP15_GEN-APND,28.8728
2025-08-04 15:00:00-07:00,TH_SP15_GEN-APND,22.96208
2025-08-04 15:00:00-07:00,TH_ZP26_GEN-APND,17.84322
2025-08-04 16:00:00-07:00,TH_NP15_GEN-APND,30.43151
2025-08-04 16:00:00-07:00,TH_SP15_GEN-APND,26.61122
2025-08-04 16:00:00-07:00,TH_ZP26_GEN-APND,21.88382
2025-08-04 17:00:00-07:00,TH_NP15_GEN-APND,35.06705
2025-08-04 17:00:00-07:00,TH_SP15_GEN-APND,33.54743
2025-08-04 17:00:00-07:00,TH_ZP26_GEN-APND,34.66585
2025-08-04 18:00:00-07:00,TH_NP15_GEN-APND,42.14136
2025-08-04 18:00:00-07:00,TH_SP15_GEN-APND,42.76282
2025-08-04 18:00:00-07:00,TH_ZP26_GEN-APND,42.09657
2025-08-04 19:00:00-07:00,TH_NP15_GEN-APND,27.01073
2025-08-04 19:00:00-07:00,TH_SP15_GEN-APND,48.39225
2025-08-04 19:00:00-07:00,TH_ZP26_GEN-APND,47.53188
2025-08-04 20:00:00-07:00,TH_NP15_GEN-APND,48.25784
2025-08-04 20:00:00-07:00,TH_SP15_GEN-APND,47.0405
2025-08-04 20:00:00-07:00,TH_ZP26_GEN-APND,46.63006
2025-08-04 21:00:00-07:00,TH_NP15_GEN-APND,43.04516
2025-08-04 21:00:00-07:00,TH_SP15_GEN-APND,43.25838
2025-08-04 21:00:00-07:00,TH_ZP26_GEN-APND,42.89638
2025-08-04 22:00:00-07:00,TH_NP15_GEN-APND,41.8126
2025-08-04 22:00:00-07:00,TH_SP15_GEN-APND,41.75824
2025-08-04 22:00:00-07:00,TH_ZP26_GEN-APND,41.83647
2025-08-04 23:00:00-07:00,TH_NP15_GEN-APND,40.68265
2025-08-04 23:00:00-07:00,TH_SP15_GEN-APND,41.71519
2025-08-04 23:00:00-07:00,TH_ZP26_GEN-APND,41.08206
2025-08-05 00:00:00-07:00,TH_NP15_GEN-APND,42.39081
2025-08-05 00:00:00-07:00,TH_SP15_GEN-APND,44.25724
2025-08-05 00:00:00-07:00,TH_ZP26_GEN-APND,43.83904
2025-08-05 01:00:00-07:00,TH_NP15_GEN-APND,39.91487
2025-08-05 01:00:00-07:00,TH_SP15_GEN-APND,41.28
2025-08-05 01:00:00-07:00,TH_ZP26_GEN-APND,40.9784
2025-08-05 02:00:00-07:00,TH_NP15_GEN-APND,39.29821
2025-08-05 02:00:00-07:00,TH_SP15_GEN-APND,40.27588
2025-08-05 02:00:00-07:00,TH_ZP26_GEN-APND,40.15536
2025-08-05 03:00:00-07:00,TH_NP15_GEN-APND,38.41378
2025-08-05 03:00:00-07:00,TH_SP15_GEN-APND,39.1261
2025-08-05 03:00:00-07:00,TH_ZP26_GEN-APND,38.97546
2025-08-05 04:00:00-07:00,TH_NP15_GEN-APND,38.89063
2025-08-05 04:00:00-07:00,TH_SP15_GEN-APND,39.96045
2025-08-05 04:00:00-07:00,TH_ZP26_GEN-APND,39.70873
2025-08-05 05:00:00-07:00,TH_NP15_GEN-APND,40.21694
2025-08-05 05:00:00-07:00,TH_SP15_GEN-APND,40.86134
2025-08-05 05:00:00-07:00,TH_ZP26_GEN-APND,40.72046
2025-08-05 06:00:00-07:00,TH_NP15_GEN-APND,41.51098
2025-08-05 06:00:00-07:00,TH_SP15_GEN-APND,41.45768
2025-08-05 06:00:00-07:00,TH_ZP26_GEN-APND,41.60133
2025-08-05 07:00:00-07:00,TH_NP15_GEN-APND,30.59493
2025-08-05 07:00:00-07:00,TH_SP15_GEN-APND,28.28263
2025-08-05 07:00:00-07:00,TH_ZP26_GEN-APND,29.6976
2025-08-05 08:00:00-07:00,TH_NP15_GEN-APND,26.88525
2025-08-05 08:00:00-07:00,TH_SP15_GEN-APND,22.57602
2025-08-05 08:00:00-07:00,TH_ZP26_GEN-APND,23.08373
2025-08-05 09:00:00-07:00,TH_NP15_GEN-APND,27.54349
2025-08-05 09:00:00-07:00,TH_SP15_GEN-APND,21.42189
2025-08-05 09:00:00-07:00,TH_ZP26_GEN-APND,20.90101
2025-08-05 10:00:00-07:00,TH_NP15_GEN-APND,24.89122
2025-08-05 10:00:00-07:00,TH_SP15_GEN-APND,23.3097
2025-08-05 10:00:00-07:00,TH_ZP26_GEN-APND,22.47068
2025-08-05 11:00:00-07:00,TH_NP15_GEN-APND,25.82201
2025-08-05 11:00:00-07:00,TH_SP15_GEN-APND,23.61447
2025-08-05 11:00:00-07:00,TH_ZP26_GEN-APND,21.58578
2025-08-05 12:00:00-07:00,TH_NP15_GEN-APND,25.7787
2025-08-05 12:00:00-07:00,TH_SP15_GEN-APND,23.5911
2025-08-05 12:00:00-07:00,TH_ZP26_GEN-APND,21.88806
2025-08-05 13:00:00-07:00,TH_NP15_GEN-APND,26.52266
2025-08-05 13:00:00-07:00,TH_SP15_GEN-APND,24.12443
2025-08-05 13:00:00-07:00,TH_ZP26_GEN-APND,22.63297
2025-08-05 14:00:00-07:00,TH_NP15_GEN-APND,27.22285
2025-08-05 14:00:00-07:00,TH_SP15_GEN-APND,25.02803
2025-08-05 14:00:00-07:00,TH_ZP26_GEN-APND,22.0
2025-08-05 15:00:00-07:00,TH_NP15_GEN-APND,31.42112
2025-08-05 15:00:00-07:00,TH_SP15_GEN-APND,29.82614
2025-08-05 15:00:00-07:00,TH_ZP26_GEN-APND,28.61041
2025-08-05 16:00:00-07:00,TH_NP15_GEN-APND,31.42193
2025-08-05 16:00:00-07:00,TH_SP15_GEN-APND,35.88742
2025-08-05 16:00:00-07:00,TH_ZP26_GEN-APND,31.99141
2025-08-05 17:00:00-07:00,TH_NP15_GEN-APND,34.45544
2025-08-05 17:00:00-07:00,TH_SP15_GEN-APND,40.78892
2025-08-05 17:00:00-07:00,TH_ZP26_GEN-APND,34.88867
2025-08-05 18:00:00-07:00,TH_NP15_GEN-APND,41.73279
2025-08-05 18:00:00-07:00,TH_SP15_GEN-APND,52.89242
2025-08-05 18:00:00-07:00,TH_ZP26_GEN-APND,40.92564
2025-08-05 19:00:00-07:00,TH_NP15_GEN-APND,46.44274
2025-08-05 19:00:00-07:00,TH_SP15_GEN-APND,60.99427
2025-08-05 19:00:00-07:00,TH_ZP26_GEN-APND,45.43544
2025-08-05 20:00:00-07:00,TH_NP15_GEN-APND,48.02
2025-08-05 20:00:00-07:00,TH_SP15_GEN-APND,55.88687
2025-08-05 20:00:00-07:00,TH_ZP26_GEN-APND,47.24138
2025-08-05 21:00:00-07:00,TH_NP15_GEN-APND,45.1579
2025-08-05 21:00:00-07:00,TH_SP15_GEN-APND,52.60143
2025-08-05 21:00:00-07:00,TH_ZP26_GEN-APND,44.94751
2025-08-05 22:00:00-07:00,TH_NP15_GEN-APND,44.30489
2025-08-05 22:00:00-07:00,TH_SP15_GEN-APND,48.42212
2025-08-05 22:00:00-07:00,TH_ZP26_GEN-APND,44.93585
2025-08-05 23:00:00-07:00,TH_NP15_GEN-APND,40.2462
2025-08-05 23:00:00-07:00,TH_SP15_GEN-APND,48.50092
2025-08-05 23:00:00-07:00,TH_ZP26_GEN-APND,40.29838
2025-08-06 00:00:00-07:00,TH_NP15_GEN-APND,40.45238
2025-08-06 00:00:00-07:00,TH_SP15_GEN-APND,43.31461
2025-08-06 00:00:00-07:00,TH_ZP26_GEN-APND,41.03621
2025-08-06 01:00:00-07:00,TH_NP15_GEN-APND,40.77083
2025-08-06 01:00:00-07:00,TH_SP15_GEN-APND,42.31012
2025-08-06 01:00:00-07:00,TH_ZP26_GEN-APND,40.95905
2025-08-06 02:00:00-07:00,TH_NP15_GEN-APND,38.08727
2025-08-06 02:00:00-07:00,TH_SP15_GEN-APND,38.82221
2025-08-06 02:00:00-07:00,TH_ZP26_GEN-APND,37.98639
2025-08-06 03:00:00-07:00,TH_NP15_GEN-APND,36.7637
2025-08-06 03:00:00-07:00,TH_SP15_GEN-APND,38.11185
2025-08-06 03:00:00-07:00,TH_ZP26_GEN-APND,36.93076
2025-08-06 04:00:00-07:00,TH_NP15_GEN-APND,39.9932
2025-08-06 04:00:00-07:00,TH_SP15_GEN-APND,40.63279
2025-08-06 04:00:00-07:00,TH_ZP26_GEN-APND,40.0
2025-08-06 05:00:00-07:00,TH_NP15_GEN-APND,40.27924
2025-08-06 05:00:00-07:00,TH_SP15_GEN-APND,41.26706
2025-08-06 05:00:00-07:00,TH_ZP26_GEN-APND,40.42714
2025-08-06 06:00:00-07:00,TH_NP15_GEN-APND,42.46144
2025-08-06 06:00:00-07:00,TH_SP15_GEN-APND,42.4462
2025-08-06 06:00:00-07:00,TH_ZP26_GEN-APND,42.06046
2025-08-06 07:00:00-07:00,TH_NP15_GEN-APND,33.06599
2025-08-06 07:00:00-07:00,TH_SP15_GEN-APND,31.26005
2025-08-06 07:00:00-07:00,TH_ZP26_GEN-APND,31.77438
2025-08-06 08:00:00-07:00,TH_NP15_GEN-APND,31.13393
2025-08-06 08:00:00-07:00,TH_SP15_GEN-APND,28.36623
2025-08-06 08:00:00-07:00,TH_ZP26_GEN-APND,28.0734
2025-08-06 09:00:00-07:00,TH_NP15_GEN-APND,30.37675
2025-08-06 09:00:00-07:00,TH_SP15_GEN-APND,28.11576
2025-08-06 09:00:00-07:00,TH_ZP26_GEN-APND,26.88282
2025-08-06 10:00:00-07:00,TH_NP15_GEN-APND,30.10321
2025-08-06 10:00:00-07:00,TH_SP15_GEN-APND,28.05462
2025-08-06 10:00:00-07:00,TH_ZP26_GEN-APND,26.65831
2025-08-06 11:00:00-07:00,TH_NP15_GEN-APND,30.77963
2025-08-06 11:00:00-07:00,TH_SP15_GEN-APND,29.33123
2025-08-06 11:00:00-07:00,TH_ZP26_GEN-APND,27.61645
2025-08-06 12:00:00-07:00,TH_NP15_GEN-APND,30.80344
2025-08-06 12:00:00-07:00,TH_SP15_GEN-APND,29.83437
2025-08-06 12:00:00-07:00,TH_ZP26_GEN-APND,27.83382
2025-08-06 13:00:00-07:00,TH_NP15_GEN-APND,31.96652
2025-08-06 13:00:00-07:00,TH_SP15_GEN-APND,29.77989
2025-08-06 13:00:00-07:00,TH_ZP26_GEN-APND,27.90435
2025-08-06 14:00:00-07:00,TH_NP15_GEN-APND,34.96457
2025-08-06 14:00:00-07:00,TH_SP15_GEN-APND,33.35911
2025-08-06 14:00:00-07:00,TH_ZP26_GEN-APND,30.71165
2025-08-06 15:00:00-07:00,TH_NP15_GEN-APND,37.7367
2025-08-06 15:00:00-07:00,TH_SP15_GEN-APND,39.52833
2025-08-06 15:00:00-07:00,TH_ZP26_GEN-APND,34.58053
2025-08-06 16:00:00-07:00,TH_NP15_GEN-APND,38.95343
2025-08-06 16:00:00-07:00,TH_SP15_GEN-APND,41.4115
2025-08-06 16:00:00-07:00,TH_ZP26_GEN-APND,36.5051
2025-08-06 17:00:00-07:00,TH_NP15_GEN-APND,42.47984
2025-08-06 17:00:00-07:00,TH_SP15_GEN-APND,50.2115
2025-08-06 17:00:00-07:00,TH_ZP26_GEN-APND,40.20228
2025-08-06 18:00:00-07:00,TH_NP15_GEN-APND,53.44142
2025-08-06 18:00:00-07:00,TH_SP15_GEN-APND,57.53156
2025-08-06 18:00:00-07:00,TH_ZP26_GEN-APND,50.66155
2025-08-06 19:00:00-07:00,TH_NP15_GEN-APND,66.59982
2025-08-06 19:00:00-07:00,TH_SP15_GEN-APND,66.09444
2025-08-06 19:00:00-07:00,TH_ZP26_GEN-APND,63.21297
2025-08-06 20:00:00-07:00,TH_NP15_GEN-APND,60.68377
2025-08-06 20:00:00-07:00,TH_SP15_GEN-APND,61.48597
2025-08-06 20:00:00-07:00,TH_ZP26_GEN-APND,59.11789
2025-08-06 21:00:00-07:00,TH_NP15_GEN-APND,49.14478
2025-08-06 21:00:00-07:00,TH_SP15_GEN-APND,57.33828
2025-08-06 21:00:00-07:00,TH_ZP26_GEN-APND,48.14545
2025-08-06 22:00:00-07:00,TH_NP15_GEN-APND,43.48831
2025-08-06 22:00:00-07:00,TH_SP15_GEN-APND,47.09455
2025-08-06 22:00:00-07:00,TH_ZP26_GEN-APND,43.92414
2025-08-06 23:00:00-07:00,TH_NP15_GEN-APND,41.56175
2025-08-06 23:00:00-07:00,TH_SP15_GEN-APND,44.60566
2025-08-06 23:00:00-07:00,TH_ZP26_GEN-APND,42.67266
2025-08-07 00:00:00-07:00,TH_NP15_GEN-APND,40.67478
2025-08-07 00:00:00-07:00,TH_SP15_GEN-APND,42.42266
2025-08-07 00:00:00-07:00,TH_ZP26_GEN-APND,42.7535
2025-08-07 01:00:00-07:00,TH_NP15_GEN-APND,37.63748
2025-08-07 01:00:00-07:00,TH_SP15_GEN-APND,40.41498
2025-08-07 01:00:00-07:00,TH_ZP26_GEN-APND,39.11516
2025-08-07 02:00:00-07:00,TH_NP15_GEN-APND,37.02442
2025-08-07 02:00:00-07:00,TH_SP15_GEN-APND,38.89263
2025-08-07 02:00:00-07:00,TH_ZP26_GEN-APND,37.58814
2025-08-07 03:00:00-07:00,TH_NP15_GEN-APND,36.98235
2025-08-07 03:00:00-07:00,TH_SP15_GEN-APND,38.3946
2025-08-07 03:00:00-07:00,TH_ZP26_GEN-APND,37.28801
2025-08-07 04:00:00-07:00,TH_NP15_GEN-APND,36.61876
2025-08-07 04:00:00-07:00,TH_SP15_GEN-APND,38.01876
2025-08-07 04:00:00-07:00,TH_ZP26_GEN-APND,36.94659
2025-08-07 05:00:00-07:00,TH_NP15_GEN-APND,36.6879
2025-08-07 05:00:00-07:00,TH_SP15_GEN-APND,38.81185
2025-08-07 05:00:00-07:00,TH_ZP26_GEN-APND,37.47341
2025-08-07 06:00:00-07:00,TH_NP15_GEN-APND,41.8579
2025-08-07 06:00:00-07:00,TH_SP15_GEN-APND,42.226
2025-08-07 06:00:00-07:00,TH_ZP26_GEN-APND,41.75616
2025-08-07 07:00:00-07:00,TH_NP15_GEN-APND,35.12678
2025-08-07 07:00:00-07:00,TH_SP15_GEN-APND,32.77222
2025-08-07 07:00:00-07:00,TH_ZP26_GEN-APND,33.46203
2025-08-07 08:00:00-07:00,TH_NP15_GEN-APND,31.82829
2025-08-07 08:00:00-07:00,TH_SP15_GEN-APND,30.47835
2025-08-07 08:00:00-07:00,TH_ZP26_GEN-APND,30.28839
2025-08-07 09:00:00-07:00,TH_NP15_GEN-APND,31.51882
2025-08-07 09:00:00-07:00,TH_SP15_GEN-APND,30.77796
2025-08-07 09:00:00-07:00,TH_ZP26_GEN-APND,29.92056
2025-08-07 10:00:00-07:00,TH_NP15_GEN-APND,29.49791
2025-08-07 10:00:00-07:00,TH_SP15_GEN-APND,28.94343
2025-08-07 10:00:00-07:00,TH_ZP26_GEN-APND,27.94065
2025-08-07 11:00:00-07:00,TH_NP15_GEN-APND,31.17871
2025-08-07 11:00:00-07:00,TH_SP15_GEN-APND,30.59534
2025-08-07 11:00:00-07:00,TH_ZP26_GEN-APND,28.88817
2025-08-07 12:00:00-07:00,TH_NP15_GEN-APND,30.95837
2025-08-07 12:00:00-07:00,TH_SP15_GEN-APND,30.46189
2025-08-07 12:00:00-07:00,TH_ZP26_GEN-APND,28.81807
2025-08-07 13:00:00-07:00,TH_NP15_GEN-APND,32.62198
2025-08-07 13:00:00-07:00,TH_SP15_GEN-APND,31.43667
2025-08-07 13:00:00-07:00,TH_ZP26_GEN-APND,31.0391
2025-08-07 14:00:00-07:00,TH_NP15_GEN-APND,36.56578
2025-08-07 14:00:00-07:00,TH_SP15_GEN-APND,36.26198
2025-08-07 14:00:00-07:00,TH_ZP26_GEN-APND,34.36858
2025-08-07 15:00:00-07:00,TH_NP15_GEN-APND,37.96504
2025-08-07 15:00:00-07:00,TH_SP15_GEN-APND,40.2958
2025-08-07 15:00:00-07:00,TH_ZP26_GEN-APND,38.52058
2025-08-07 16:00:00-07:00,TH_NP15_GEN-APND,40.6346
2025-08-07 16:00:00-07:00,TH_SP15_GEN-APND,46.70449
2025-08-07 16:00:00-07:00,TH_ZP26_GEN-APND,41.22024
2025-08-07 17:00:00-07:00,TH_NP15_GEN-APND,43.82181
2025-08-07 17:00:00-07:00,TH_SP15_GEN-APND,59.4844
2025-08-07 17:00:00-07:00,TH_ZP26_GEN-APND,41.42665
2025-08-07 18:00:00-07:00,TH_NP15_GEN-APND,55.90602
2025-08-07 18:00:00-07:00,TH_SP15_GEN-APND,70.41618
2025-08-07 18:00:00-07:00,TH_ZP26_GEN-APND,51.75977
2025-08-07 19:00:00-07:00,TH_NP15_GEN-APND,68.59779
2025-08-07 19:00:00-07:00,TH_SP15_GEN-APND,78.72
2025-08-07 19:00:00-07:00,TH_ZP26_GEN-APND,64.07314
2025-08-07 20:00:00-07:00,TH_NP15_GEN-APND,57.88765
2025-08-07 20:00:00-07:00,TH_SP15_GEN-APND,68.52308
2025-08-07 20:00:00-07:00,TH_ZP26_GEN-APND,54.99556
2025-08-07 21:00:00-07:00,TH_NP15_GEN-APND,47.3507
2025-08-07 21:00:00-07:00,TH_SP15_GEN-APND,62.26232
2025-08-07 21:00:00-07:00,TH_ZP26_GEN-APND,46.45378
2025-08-07 22:00:00-07:00,TH_NP15_GEN-APND,45.98636
2025-08-07 22:00:00-07:00,TH_SP15_GEN-APND,53.54076
2025-08-07 22:00:00-07:00,TH_ZP26_GEN-APND,46.93595
2025-08-07 23:00:00-07:00,TH_NP15_GEN-APND,41.62898
2025-08-07 23:00:00-07:00,TH_SP15_GEN-APND,44.67369
2025-08-07 23:00:00-07:00,TH_ZP26_GEN-APND,43.54737
2025-08-08 00:00:00-07:00,TH_NP15_GEN-APND,39.95829
2025-08-08 00:00:00-07:00,TH_SP15_GEN-APND,42.16793
2025-08-08 00:00:00-07:00,TH_ZP26_GEN-APND,40.88881
2025-08-08 01:00:00-07:00,TH_NP15_GEN-APND,39.48
2025-08-08 01:00:00-07:00,TH_SP15_GEN-APND,41.4932
2025-08-08 01:00:00-07:00,TH_ZP26_GEN-APND,40.35663
2025-08-08 02:00:00-07:00,TH_NP15_GEN-APND,39.40863
2025-08-08 02:00:00-07:00,TH_SP15_GEN-APND,40.77372
2025-08-08 02:00:00-07:00,TH_ZP26_GEN-APND,39.8812
2025-08-08 03:00:00-07:00,TH_NP15_GEN-APND,38.62528
2025-08-08 03:00:00-07:00,TH_SP15_GEN-APND,39.61314
2025-08-08 03:00:00-07:00,TH_ZP26_GEN-APND,38.98628
2025-08-08 04:00:00-07:00,TH_NP15_GEN-APND,39.04329
2025-08-08 04:00:00-07:00,TH_SP15_GEN-APND,40.17658
2025-08-08 04:00:00-07:00,TH_ZP26_GEN-APND,39.40916
2025-08-08 05:00:00-07:00,TH_NP15_GEN-APND,40.33558
2025-08-08 05:00:00-07:00,TH_SP15_GEN-APND,41.5747
2025-08-08 05:00:00-07:00,TH_ZP26_GEN-APND,40.7056
2025-08-08 06:00:00-07:00,TH_NP15_GEN-APND,41.50003
2025-08-08 06:00:00-07:00,TH_SP15_GEN-APND,42.79715
2025-08-08 06:00:00-07:00,TH_ZP26_GEN-APND,41.81395
2025-08-08 07:00:00-07:00,TH_NP15_GEN-APND,34.33201
2025-08-08 07:00:00-07:00,TH_SP15_GEN-APND,33.30715
2025-08-08 07:00:00-07:00,TH_ZP26_GEN-APND,33.42815
2025-08-08 08:00:00-07:00,TH_NP15_GEN-APND,32.12175
2025-08-08 08:00:00-07:00,TH_SP15_GEN-APND,31.15428
2025-08-08 08:00:00-07:00,TH_ZP26_GEN-APND,30.94184
2025-08-08 09:00:00-07:00,TH_NP15_GEN-APND,31.65085
2025-08-08 09:00:00-07:00,TH_SP15_GEN-APND,31.21728
2025-08-08 09:00:00-07:00,TH_ZP26_GEN-APND,30.63653
2025-08-08 10:00:00-07:00,TH_NP15_GEN-APND,31.17136
2025-08-08 10:00:00-07:00,TH_SP15_GEN-APND,30.7047
2025-08-08 10:00:00-07:00,TH_ZP26_GEN-APND,29.89037
2025-08-08 11:00:00-07:00,TH_NP15_GEN-APND,31.66926
2025-08-08 11:00:00-07:00,TH_SP15_GEN-APND,31.07686
2025-08-08 11:00:00-07:00,TH_ZP26_GEN-APND,30.06915
2025-08-08 12:00:00-07:00,TH_NP15_GEN-APND,32.70594
2025-08-08 12:00:00-07:00,TH_SP15_GEN-APND,31.1464
2025-08-08 12:00:00-07:00,TH_ZP26_GEN-APND,30.43122
2025-08-08 13:00:00-07:00,TH_NP15_GEN-APND,32.41014
2025-08-08 13:00:00-07:00,TH_SP15_GEN-APND,30.58135
2025-08-08 13:00:00-07:00,TH_ZP26_GEN-APND,29.9711
2025-08-08 14:00:00-07:00,TH_NP15_GEN-APND,35.19
2025-08-08 14:00:00-07:00,TH_SP15_GEN-APND,31.78415
2025-08-08 14:00:00-07:00,TH_ZP26_GEN-APND,30.68743
2025-08-08 15:00:00-07:00,TH_NP15_GEN-APND,37.82225
2025-08-08 15:00:00-07:00,TH_SP15_GEN-APND,34.26588
2025-08-08 15:00:00-07:00,TH_ZP26_GEN-APND,33.66496
2025-08-08 16:00:00-07:00,TH_NP15_GEN-APND,38.90523
2025-08-08 16:00:00-07:00,TH_SP15_GEN-APND,37.38658
2025-08-08 16:00:00-07:00,TH_ZP26_GEN-APND,38.01454
2025-08-08 17:00:00-07:00,TH_NP15_GEN-APND,44.65578
2025-08-08 17:00:00-07:00,TH_SP15_GEN-APND,45.07469
2025-08-08 17:00:00-07:00,TH_ZP26_GEN-APND,45.13344
2025-08-08 18:00:00-07:00,TH_NP15_GEN-APND,53.07096
2025-08-08 18:00:00-07:00,TH_SP15_GEN-APND,54.19761
2025-08-08 18:00:00-07:00,TH_ZP26_GEN-APND,53.31407
2025-08-08 19:00:00-07:00,TH_NP15_GEN-APND,65.58728
2025-08-08 19:00:00-07:00,TH_SP15_GEN-APND,65.5719
2025-08-08 19:00:00-07:00,TH_ZP26_GEN-APND,64.88925
2025-08-08 20:00:00-07:00,TH_NP15_GEN-APND,56.89062
2025-08-08 20:00:00-07:00,TH_SP15_GEN-APND,58.36506
2025-08-08 20:00:00-07:00,TH_ZP26_GEN-APND,57.67843
2025-08-08 21:00:00-07:00,TH_NP15_GEN-APND,50.90485
2025-08-08 21:00:00-07:00,TH_SP15_GEN-APND,53.9255
2025-08-08 21:00:00-07:00,TH_ZP26_GEN-APND,52.61433
2025-08-08 22:00:00-07:00,TH_NP15_GEN-APND,44.56096
2025-08-08 22:00:00-07:00,TH_SP15_GEN-APND,47.89234
2025-08-08 22:00:00-07:00,TH_ZP26_GEN-APND,46.63706
2025-08-08 23:00:00-07:00,TH_NP15_GEN-APND,41.75689
2025-08-08 23:00:00-07:00,TH_SP15_GEN-APND,43.81535
2025-08-08 23:00:00-07:00,TH_ZP26_GEN-APND,42.70016
2025-08-09 00:00:00-07:00,TH_NP15_GEN-APND,42.9878
2025-08-09 00:00:00-07:00,TH_SP15_GEN-APND,43.17418
2025-08-09 00:00:00-07:00,TH_ZP26_GEN-APND,43.51345
2025-08-09 01:00:00-07:00,TH_NP15_GEN-APND,41.19654
2025-08-09 01:00:00-07:00,TH_SP15_GEN-APND,42.18885
2025-08-09 01:00:00-07:00,TH_ZP26_GEN-APND,42.55015
2025-08-09 02:00:00-07:00,TH_NP15_GEN-APND,40.61916
2025-08-09 02:00:00-07:00,TH_SP15_GEN-APND,42.17177
2025-08-09 02:00:00-07:00,TH_ZP26_GEN-APND,42.59651
2025-08-09 03:00:00-07:00,TH_NP15_GEN-APND,40.11144
2025-08-09 03:00:00-07:00,TH_SP15_GEN-APND,41.58267
2025-08-09 03:00:00-07:00,TH_ZP26_GEN-APND,41.95267
2025-08-09 04:00:00-07:00,TH_NP15_GEN-APND,40.07761
2025-08-09 04:00:00-07:00,TH_SP15_GEN-APND,41.40559
2025-08-09 04:00:00-07:00,TH_ZP26_GEN-APND,41.7351
2025-08-09 05:00:00-07:00,TH_NP15_GEN-APND,41.14822
2025-08-09 05:00:00-07:00,TH_SP15_GEN-APND,41.47596
2025-08-09 05:00:00-07:00,TH_ZP26_GEN-APND,41.71777
2025-08-09 06:00:00-07:00,TH_NP15_GEN-APND,39.097
2025-08-09 06:00:00-07:00,TH_SP15_GEN-APND,40.37481
2025-08-09 06:00:00-07:00,TH_ZP26_GEN-APND,39.42573
2025-08-09 07:00:00-07:00,TH_NP15_GEN-APND,28.08217
2025-08-09 07:00:00-07:00,TH_SP15_GEN-APND,26.75171
2025-08-09 07:00:00-07:00,TH_ZP26_GEN-APND,26.95483
2025-08-09 08:00:00-07:00,TH_NP15_GEN-APND,27.09385
2025-08-09 08:00:00-07:00,TH_SP15_GEN-APND,26.05904
2025-08-09 08:00:00-07:00,TH_ZP26_GEN-APND,25.64798
2025-08-09 09:00:00-07:00,TH_NP15_GEN-APND,27.81611
2025-08-09 09:00:00-07:00,TH_SP15_GEN-APND,24.11644
2025-08-09 09:00:00-07:00,TH_ZP26_GEN-APND,22.75734
2025-08-09 10:00:00-07:00,TH_NP15_GEN-APND,26.00301
2025-08-09 10:00:00-07:00,TH_SP15_GEN-APND,24.07718
2025-08-09 10:00:00-07:00,TH_ZP26_GEN-APND,22.9312
2025-08-09 11:00:00-07:00,TH_NP15_GEN-APND,27.92546
2025-08-09 11:00:00-07:00,TH_SP15_GEN-APND,24.73341
2025-08-09 11:00:00-07:00,TH_ZP26_GEN-APND,23.02614
2025-08-09 12:00:00-07:00,TH_NP15_GEN-APND,27.99045
2025-08-09 12:00:00-07:00,TH_SP15_GEN-APND,25.20534
2025-08-09 12:00:00-07:00,TH_ZP26_GEN-APND,23.17321
2025-08-09 13:00:00-07:00,TH_NP15_GEN-APND,29.53675
2025-08-09 13:00:00-07:00,TH_SP15_GEN-APND,23.58981
2025-08-09 13:00:00-07:00,TH_ZP26_GEN-APND,21.43406
2025-08-09 14:00:00-07:00,TH_NP15_GEN-APND,31.90439
2025-08-09 14:00:00-07:00,TH_SP15_GEN-APND,23.0862
2025-08-09 14:00:00-07:00,TH_ZP26_GEN-APND,21.64252
2025-08-09 15:00:00-07:00,TH_NP15_GEN-APND,35.8451
2025-08-09 15:00:00-07:00,TH_SP15_GEN-APND,27.56586
2025-08-09 15:00:00-07:00,TH_ZP26_GEN-APND,25.99174
2025-08-09 16:00:00-07:00,TH_NP15_GEN-APND,39.4385
2025-08-09 16:00:00-07:00,TH_SP15_GEN-APND,27.08
2025-08-09 16:00:00-07:00,TH_ZP26_GEN-APND,27.40132
2025-08-09 17:00:00-07:00,TH_NP15_GEN-APND,41.04441
2025-08-09 17:00:00-07:00,TH_SP15_GEN-APND,40.83
2025-08-09 17:00:00-07:00,TH_ZP26_GEN-APND,42.54841
2025-08-09 18:00:00-07:00,TH_NP15_GEN-APND,44.96808
2025-08-09 18:00:00-07:00,TH_SP15_GEN-APND,46.14727
2025-08-09 18:00:00-07:00,TH_ZP26_GEN-APND,46.71492
2025-08-09 19:00:00-07:00,TH_NP15_GEN-APND,53.4316
2025-08-09 19:00:00-07:00,TH_SP15_GEN-APND,53.32415
2025-08-09 19:00:00-07:00,TH_ZP26_GEN-APND,53.8383
2025-08-09 20:00:00-07:00,TH_NP15_GEN-APND,48.84361
2025-08-09 20:00:00-07:00,TH_SP15_GEN-APND,50.7
2025-08-09 20:00:00-07:00,TH_ZP26_GEN-APND,50.93586
2025-08-09 21:00:00-07:00,TH_NP15_GEN-APND,43.81503
2025-08-09 21:00:00-07:00,TH_SP15_GEN-APND,45.17706
2025-08-09 21:00:00-07:00,TH_ZP26_GEN-APND,45.10988
2025-08-09 22:00:00-07:00,TH_NP15_GEN-APND,42.13527
2025-08-09 22:00:00-07:00,TH_SP15_GEN-APND,43.35273
2025-08-09 22:00:00-07:00,TH_ZP26_GEN-APND,43.94916
2025-08-09 23:00:00-07:00,TH_NP15_GEN-APND,41.81125
2025-08-09 23:00:00-07:00,TH_SP15_GEN-APND,42.89196
2025-08-09 23:00:00-07:00,TH_ZP26_GEN-APND,43.69697
2025-08-10 00:00:00-07:00,TH_NP15_GEN-APND,42.71639
2025-08-10 00:00:00-07:00,TH_SP15_GEN-APND,40.79018
2025-08-10 00:00:00-07:00,TH_ZP26_GEN-APND,43.93119
2025-08-10 01:00:00-07:00,TH_NP15_GEN-APND,42.70299
2025-08-10 01:00:00-07:00,TH_SP15_GEN-APND,41.05752
2025-08-10 01:00:00-07:00,TH_ZP26_GEN-APND,42.72
2025-08-10 02:00:00-07:00,TH_NP15_GEN-APND,40.79961
2025-08-10 02:00:00-07:00,TH_SP15_GEN-APND,24.94
2025-08-10 02:00:00-07:00,TH_ZP26_GEN-APND,41.31414
2025-08-10 03:00:00-07:00,TH_NP15_GEN-APND,40.74747
2025-08-10 03:00:00-07:00,TH_SP15_GEN-APND,38.05319
2025-08-10 03:00:00-07:00,TH_ZP26_GEN-APND,41.31372
2025-08-10 04:00:00-07:00,TH_NP15_GEN-APND,39.56076
2025-08-10 04:00:00-07:00,TH_SP15_GEN-APND,37.23166
2025-08-10 04:00:00-07:00,TH_ZP26_GEN-APND,40.0819
2025-08-10 05:00:00-07:00,TH_NP15_GEN-APND,39.53959
2025-08-10 05:00:00-07:00,TH_SP15_GEN-APND,37.5199
2025-08-10 05:00:00-07:00,TH_ZP26_GEN-APND,40.0819
2025-08-10 06:00:00-07:00,TH_NP15_GEN-APND,37.9315
2025-08-10 06:00:00-07:00,TH_SP15_GEN-APND,35.77888
2025-08-10 06:00:00-07:00,TH_ZP26_GEN-APND,38.96135
2025-08-10 07:00:00-07:00,TH_NP15_GEN-APND,25.66388
2025-08-10 07:00:00-07:00,TH_SP15_GEN-APND,24.03352
2025-08-10 07:00:00-07:00,TH_ZP26_GEN-APND,26.13078
2025-08-10 08:00:00-07:00,TH_NP15_GEN-APND,28.85511
2025-08-10 08:00:00-07:00,TH_SP15_GEN-APND,20.55122
2025-08-10 08:00:00-07:00,TH_ZP26_GEN-APND,20.66
2025-08-10 09:00:00-07:00,TH_NP15_GEN-APND,29.46305
2025-08-10 09:00:00-07:00,TH_SP15_GEN-APND,20.48849
2025-08-10 09:00:00-07:00,TH_ZP26_GEN-APND,19.28066
2025-08-10 10:00:00-07:00,TH_NP15_GEN-APND,27.49256
2025-08-10 10:00:00-07:00,TH_SP15_GEN-APND,22.78926
2025-08-10 10:00:00-07:00,TH_ZP26_GEN-APND,22.02511
2025-08-10 11:00:00-07:00,TH_NP15_GEN-APND,28.64562
2025-08-10 11:00:00-07:00,TH_SP15_GEN-APND,22.21831
2025-08-10 11:00:00-07:00,TH_ZP26_GEN-APND,20.72868
2025-08-10 12:00:00-07:00,TH_NP15_GEN-APND,28.06399
2025-08-10 12:00:00-07:00,TH_SP15_GEN-APND,21.19592
2025-08-10 12:00:00-07:00,TH_ZP26_GEN-APND,19.83279
2025-08-10 13:00:00-07:00,TH_NP15_GEN-APND,29.5568
2025-08-10 13:00:00-07:00,TH_SP15_GEN-APND,21.43497
2025-08-10 13:00:00-07:00,TH_ZP26_GEN-APND,20.98291
2025-08-10 14:00:00-07:00,TH_NP15_GEN-APND,32.47379
2025-08-10 14:00:00-07:00,TH_SP15_GEN-APND,19.74178
2025-08-10 14:00:00-07:00,TH_ZP26_GEN-APND,17.16435
2025-08-10 15:00:00-07:00,TH_NP15_GEN-APND,34.24644
2025-08-10 15:00:00-07:00,TH_SP15_GEN-APND,22.43252
2025-08-10 15:00:00-07:00,TH_ZP26_GEN-APND,20.55033
2025-08-10 16:00:00-07:00,TH_NP15_GEN-APND,37.04635
2025-08-10 16:00:00-07:00,TH_SP15_GEN-APND,28.09639
2025-08-10 16:00:00-07:00,TH_ZP26_GEN-APND,27.76194
2025-08-10 17:00:00-07:00,TH_NP15_GEN-APND,45.16741
2025-08-10 17:00:00-07:00,TH_SP15_GEN-APND,40.14956
2025-08-10 17:00:00-07:00,TH_ZP26_GEN-APND,41.67158
2025-08-10 18:00:00-07:00,TH_NP15_GEN-APND,51.3426
2025-08-10 18:00:00-07:00,TH_SP15_GEN-APND,48.41565
2025-08-10 18:00:00-07:00,TH_ZP26_GEN-APND,49.24782
2025-08-10 19:00:00-07:00,TH_NP15_GEN-APND,58.8344
2025-08-10 19:00:00-07:00,TH_SP15_GEN-APND,56.72044
2025-08-10 19:00:00-07:00,TH_ZP26_GEN-APND,57.44821
2025-08-10 20:00:00-07:00,TH_NP15_GEN-APND,53.78655
2025-08-10 20:00:00-07:00,TH_SP15_GEN-APND,53.18934
2025-08-10 20:00:00-07:00,TH_ZP26_GEN-APND,55.95924
2025-08-10 21:00:00-07:00,TH_NP15_GEN-APND,49.70554
2025-08-10 21:00:00-07:00,TH_SP15_GEN-APND,47.65126
2025-08-10 21:00:00-07:00,TH_ZP26_GEN-APND,50.78136
2025-08-10 22:00:00-07:00,TH_NP15_GEN-APND,46.18935
2025-08-10 22:00:00-07:00,TH_SP15_GEN-APND,44.19981
2025-08-10 22:00:00-07:00,TH_ZP26_GEN-APND,47.76527
2025-08-10 23:00:00-07:00,TH_NP15_GEN-APND,43.66141
2025-08-10 23:00:00-07:00,TH_SP15_GEN-APND,27.76114
2025-08-10 23:00:00-07:00,TH_ZP26_GEN-APND,45.07278
2025-08-11 00:00:00-07:00,TH_NP15_GEN-APND,39.97015
2025-08-11 00:00:00-07:00,TH_SP15_GEN-APND,39.58209
2025-08-11 00:00:00-07:00,TH_ZP26_GEN-APND,40.12578
2025-08-11 01:00:00-07:00,TH_NP15_GEN-APND,39.99426
2025-08-11 01:00:00-07:00,TH_SP15_GEN-APND,40.00288
2025-08-11 01:00:00-07:00,TH_ZP26_GEN-APND,40.17356
2025-08-11 02:00:00-07:00,TH_NP15_GEN-APND,38.30406
2025-08-11 02:00:00-07:00,TH_SP15_GEN-APND,38.47528
2025-08-11 02:00:00-07:00,TH_ZP26_GEN-APND,38.61481
2025-08-11 03:00:00-07:00,TH_NP15_GEN-APND,37.12832
2025-08-11 03:00:00-07:00,TH_SP15_GEN-APND,36.70514
2025-08-11 03:00:00-07:00,TH_ZP26_GEN-APND,37.24776
2025-08-11 04:00:00-07:00,TH_NP15_GEN-APND,38.80299
2025-08-11 04:00:00-07:00,TH_SP15_GEN-APND,39.13414
2025-08-11 04:00:00-07:00,TH_ZP26_GEN-APND,39.10405
2025-08-11 05:00:00-07:00,TH_NP15_GEN-APND,41.60616
2025-08-11 05:00:00-07:00,TH_SP15_GEN-APND,41.67027
2025-08-11 05:00:00-07:00,TH_ZP26_GEN-APND,41.76987
2025-08-11 06:00:00-07:00,TH_NP15_GEN-APND,41.50426
2025-08-11 06:00:00-07:00,TH_SP15_GEN-APND,42.31829
2025-08-11 06:00:00-07:00,TH_ZP26_GEN-APND,41.80614
2025-08-11 07:00:00-07:00,TH_NP15_GEN-APND,33.03251
2025-08-11 07:00:00-07:00,TH_SP15_GEN-APND,32.92968
2025-08-11 07:00:00-07:00,TH_ZP26_GEN-APND,33.69142
2025-08-11 08:00:00-07:00,TH_NP15_GEN-APND,29.93846
2025-08-11 08:00:00-07:00,TH_SP15_GEN-APND,28.05499
2025-08-11 08:00:00-07:00,TH_ZP26_GEN-APND,28.35006
2025-08-11 09:00:00-07:00,TH_NP15_GEN-APND,31.44085
2025-08-11 09:00:00-07:00,TH_SP15_GEN-APND,24.8079
2025-08-11 09:00:00-07:00,TH_ZP26_GEN-APND,23.95901
2025-08-11 10:00:00-07:00,TH_NP15_GEN-APND,30.25787
2025-08-11 10:00:00-07:00,TH_SP15_GEN-APND,25.95925
2025-08-11 10:00:00-07:00,TH_ZP26_GEN-APND,24.88102
2025-08-11 11:00:00-07:00,TH_NP15_GEN-APND,30.89768
2025-08-11 11:00:00-07:00,TH_SP15_GEN-APND,25.83623
2025-08-11 11:00:00-07:00,TH_ZP26_GEN-APND,24.95081
2025-08-11 12:00:00-07:00,TH_NP15_GEN-APND,31.9966
2025-08-11 12:00:00-07:00,TH_SP15_GEN-APND,26.47678
2025-08-11 12:00:00-07:00,TH_ZP26_GEN-APND,25.22719
2025-08-11 13:00:00-07:00,TH_NP15_GEN-APND,33.44448
2025-08-11 13:00:00-07:00,TH_SP15_GEN-APND,26.02823
2025-08-11 13:00:00-07:00,TH_ZP26_GEN-APND,24.22957
2025-08-11 14:00:00-07:00,TH_NP15_GEN-APND,36.7642
2025-08-11 14:00:00-07:00,TH_SP15_GEN-APND,27.54
2025-08-11 14:00:00-07:00,TH_ZP26_GEN-APND,25.66183
2025-08-11 15:00:00-07:00,TH_NP15_GEN-APND,40.82462
2025-08-11 15:00:00-07:00,TH_SP15_GEN-APND,30.4595
2025-08-11 15:00:00-07:00,TH_ZP26_GEN-APND,30.53725
2025-08-11 16:00:00-07:00,TH_NP15_GEN-APND,38.34527
2025-08-11 16:00:00-07:00,TH_SP15_GEN-APND,34.51273
2025-08-11 16:00:00-07:00,TH_ZP26_GEN-APND,35.49738
2025-08-11 17:00:00-07:00,TH_NP15_GEN-APND,43.03755
2025-08-11 17:00:00-07:00,TH_SP15_GEN-APND,39.74
2025-08-11 17:00:00-07:00,TH_ZP26_GEN-APND,42.88539
2025-08-11 18:00:00-07:00,TH_NP15_GEN-APND,53.02177
2025-08-11 18:00:00-07:00,TH_SP15_GEN-APND,50.72944
2025-08-11 18:00:00-07:00,TH_ZP26_GEN-APND,49.5429
2025-08-11 19:00:00-07:00,TH_NP15_GEN-APND,66.59179
2025-08-11 19:00:00-07:00,TH_SP15_GEN-APND,63.78779
2025-08-11 19:00:00-07:00,TH_ZP26_GEN-APND,62.48762
2025-08-11 20:00:00-07:00,TH_NP15_GEN-APND,60.75144
2025-08-11 20:00:00-07:00,TH_SP15_GEN-APND,58.51944
2025-08-11 20:00:00-07:00,TH_ZP26_GEN-APND,57.86798
2025-08-11 21:00:00-07:00,TH_NP15_GEN-APND,52.88586
2025-08-11 21:00:00-07:00,TH_SP15_GEN-APND,54.10178
2025-08-11 21:00:00-07:00,TH_ZP26_GEN-APND,53.32156
2025-08-11 22:00:00-07:00,TH_NP15_GEN-APND,45.96029
2025-08-11 22:00:00-07:00,TH_SP15_GEN-APND,46.53864
2025-08-11 22:00:00-07:00,TH_ZP26_GEN-APND,46.51449
2025-08-11 23:00:00-07:00,TH_NP15_GEN-APND,43.07373
2025-08-11 23:00:00-07:00,TH_SP15_GEN-APND,45.66618
2025-08-11 23:00:00-07:00,TH_ZP26_GEN-APND,44.88837
2025-08-12 00:00:00-07:00,TH_NP15_GEN-APND,40.70327
2025-08-12 00:00:00-07:00,TH_SP15_GEN-APND,41.26573
2025-08-12 00:00:00-07:00,TH_ZP26_GEN-APND,40.74047
2025-08-12 01:00:00-07:00,TH_NP15_GEN-APND,40.35785
2025-08-12 01:00:00-07:00,TH_SP15_GEN-APND,41.21972
2025-08-12 01:00:00-07:00,TH_ZP26_GEN-APND,40.55034
2025-08-12 02:00:00-07:00,TH_NP15_GEN-APND,37.99247
2025-08-12 02:00:00-07:00,TH_SP15_GEN-APND,38.51228
2025-08-12 02:00:00-07:00,TH_ZP26_GEN-APND,37.9817
2025-08-12 03:00:00-07:00,TH_NP15_GEN-APND,37.59791
2025-08-12 03:00:00-07:00,TH_SP15_GEN-APND,38.05828
2025-08-12 03:00:00-07:00,TH_ZP26_GEN-APND,37.647
2025-08-12 04:00:00-07:00,TH_NP15_GEN-APND,38.24581
2025-08-12 04:00:00-07:00,TH_SP15_GEN-APND,38.75813
2025-08-12 04:00:00-07:00,TH_ZP26_GEN-APND,38.29363
2025-08-12 05:00:00-07:00,TH_NP15_GEN-APND,40.90154
2025-08-12 05:00:00-07:00,TH_SP15_GEN-APND,41.93683
2025-08-12 05:00:00-07:00,TH_ZP26_GEN-APND,41.0104
2025-08-12 06:00:00-07:00,TH_NP15_GEN-APND,43.83714
2025-08-12 06:00:00-07:00,TH_SP15_GEN-APND,45.35122
2025-08-12 06:00:00-07:00,TH_ZP26_GEN-APND,44.24688
2025-08-12 07:00:00-07:00,TH_NP15_GEN-APND,35.46004
2025-08-12 07:00:00-07:00,TH_SP15_GEN-APND,34.06448
2025-08-12 07:00:00-07:00,TH_ZP26_GEN-APND,34.24671
2025-08-12 08:00:00-07:00,TH_NP15_GEN-APND,32.66231
2025-08-12 08:00:00-07:00,TH_SP15_GEN-APND,31.09748
2025-08-12 08:00:00-07:00,TH_ZP26_GEN-APND,31.39924
2025-08-12 09:00:00-07:00,TH_NP15_GEN-APND,32.9551
2025-08-12 09:00:00-07:00,TH_SP15_GEN-APND,30.75182
2025-08-12 09:00:00-07:00,TH_ZP26_GEN-APND,29.21852
2025-08-12 10:00:00-07:00,TH_NP15_GEN-APND,31.35537
2025-08-12 10:00:00-07:00,TH_SP15_GEN-APND,30.71027
2025-08-12 10:00:00-07:00,TH_ZP26_GEN-APND,28.83709
2025-08-12 11:00:00-07:00,TH_NP15_GEN-APND,31.64
2025-08-12 11:00:00-07:00,TH_SP15_GEN-APND,30.90785
2025-08-12 11:00:00-07:00,TH_ZP26_GEN-APND,28.7632
2025-08-12 12:00:00-07:00,TH_NP15_GEN-APND,32.50666
2025-08-12 12:00:00-07:00,TH_SP15_GEN-APND,31.31968
2025-08-12 12:00:00-07:00,TH_ZP26_GEN-APND,29.27753
2025-08-12 13:00:00-07:00,TH_NP15_GEN-APND,33.55572
2025-08-12 13:00:00-07:00,TH_SP15_GEN-APND,31.37347
2025-08-12 13:00:00-07:00,TH_ZP26_GEN-APND,29.69127
2025-08-12 14:00:00-07:00,TH_NP15_GEN-APND,36.42953
2025-08-12 14:00:00-07:00,TH_SP15_GEN-APND,31.78293
2025-08-12 14:00:00-07:00,TH_ZP26_GEN-APND,30.20315
2025-08-12 15:00:00-07:00,TH_NP15_GEN-APND,40.34541
2025-08-12 15:00:00-07:00,TH_SP15_GEN-APND,37.46756
2025-08-12 15:00:00-07:00,TH_ZP26_GEN-APND,35.52075
2025-08-12 16:00:00-07:00,TH_NP15_GEN-APND,42.35945
2025-08-12 16:00:00-07:00,TH_SP15_GEN-APND,40.03
2025-08-12 16:00:00-07:00,TH_ZP26_GEN-APND,40.04804
2025-08-12 17:00:00-07:00,TH_NP15_GEN-APND,43.10844
2025-08-12 17:00:00-07:00,TH_SP15_GEN-APND,44.78847
2025-08-12 17:00:00-07:00,TH_ZP26_GEN-APND,42.13525
2025-08-12 18:00:00-07:00,TH_NP15_GEN-APND,51.71163
2025-08-12 18:00:00-07:00,TH_SP15_GEN-APND,52.42169
2025-08-12 18:00:00-07:00,TH_ZP26_GEN-APND,50.4781
2025-08-12 19:00:00-07:00,TH_NP15_GEN-APND,59.76705
2025-08-12 19:00:00-07:00,TH_SP15_GEN-APND,58.43955
2025-08-12 19:00:00-07:00,TH_ZP26_GEN-APND,56.63815
2025-08-12 20:00:00-07:00,TH_NP15_GEN-APND,53.28303
2025-08-12 20:00:00-07:00,TH_SP15_GEN-APND,52.2096
2025-08-12 20:00:00-07:00,TH_ZP26_GEN-APND,51.2372
2025-08-12 21:00:00-07:00,TH_NP15_GEN-APND,48.30187
2025-08-12 21:00:00-07:00,TH_SP15_GEN-APND,49.34205
2025-08-12 21:00:00-07:00,TH_ZP26_GEN-APND,48.13166
2025-08-12 22:00:00-07:00,TH_NP15_GEN-APND,42.03589
2025-08-12 22:00:00-07:00,TH_SP15_GEN-APND,42.67158
2025-08-12 22:00:00-07:00,TH_ZP26_GEN-APND,42.19936
2025-08-12 23:00:00-07:00,TH_NP15_GEN-APND,41.70474
2025-08-12 23:00:00-07:00,TH_SP15_GEN-APND,42.88364
2025-08-12 23:00:00-07:00,TH_ZP26_GEN-APND,42.32784
2025-08-13 00:00:00-07:00,TH_NP15_GEN-APND,38.2071
2025-08-13 00:00:00-07:00,TH_SP15_GEN-APND,39.25845
2025-08-13 00:00:00-07:00,TH_ZP26_GEN-APND,38.74103
2025-08-13 01:00:00-07:00,TH_NP15_GEN-APND,36.94485
2025-08-13 01:00:00-07:00,TH_SP15_GEN-APND,37.54593
2025-08-13 01:00:00-07:00,TH_ZP26_GEN-APND,37.44871
2025-08-13 02:00:00-07:00,TH_NP15_GEN-APND,36.75376
2025-08-13 02:00:00-07:00,TH_SP15_GEN-APND,36.90931
2025-08-13 02:00:00-07:00,TH_ZP26_GEN-APND,37.04715
2025-08-13 03:00:00-07:00,TH_NP15_GEN-APND,36.50108
2025-08-13 03:00:00-07:00,TH_SP15_GEN-APND,36.46466
2025-08-13 03:00:00-07:00,TH_ZP26_GEN-APND,36.75529
2025-08-13 04:00:00-07:00,TH_NP15_GEN-APND,37.23665
2025-08-13 04:00:00-07:00,TH_SP15_GEN-APND,37.75822
2025-08-13 04:00:00-07:00,TH_ZP26_GEN-APND,38.03264
2025-08-13 05:00:00-07:00,TH_NP15_GEN-APND,40.48568
2025-08-13 05:00:00-07:00,TH_SP15_GEN-APND,40.74338
2025-08-13 05:00:00-07:00,TH_ZP26_GEN-APND,41.00799
2025-08-13 06:00:00-07:00,TH_NP15_GEN-APND,41.58714
2025-08-13 06:00:00-07:00,TH_SP15_GEN-APND,42.73059
2025-08-13 06:00:00-07:00,TH_ZP26_GEN-APND,42.06999
2025-08-13 07:00:00-07:00,TH_NP15_GEN-APND,34.10511
2025-08-13 07:00:00-07:00,TH_SP15_GEN-APND,32.63219
2025-08-13 07:00:00-07:00,TH_ZP26_GEN-APND,32.89807
2025-08-13 08:00:00-07:00,TH_NP15_GEN-APND,30.64
2025-08-13 08:00:00-07:00,TH_SP15_GEN-APND,29.56479
2025-08-13 08:00:00-07:00,TH_ZP26_GEN-APND,27.70357
2025-08-13 09:00:00-07:00,TH_NP15_GEN-APND,31.21241
2025-08-13 09:00:00-07:00,TH_SP15_GEN-APND,27.1
2025-08-13 09:00:00-07:00,TH_ZP26_GEN-APND,23.5045
2025-08-13 10:00:00-07:00,TH_NP15_GEN-APND,25.90652
2025-08-13 10:00:00-07:00,TH_SP15_GEN-APND,27.19855
2025-08-13 10:00:00-07:00,TH_ZP26_GEN-APND,23.08018
2025-08-13 11:00:00-07:00,TH_NP15_GEN-APND,26.15729
2025-08-13 11:00:00-07:00,TH_SP15_GEN-APND,27.18976
2025-08-13 11:00:00-07:00,TH_ZP26_GEN-APND,23.13742
2025-08-13 12:00:00-07:00,TH_NP15_GEN-APND,26.55487
2025-08-13 12:00:00-07:00,TH_SP15_GEN-APND,27.36
2025-08-13 12:00:00-07:00,TH_ZP26_GEN-APND,22.98083
2025-08-13 13:00:00-07:00,TH_NP15_GEN-APND,27.5092
2025-08-13 13:00:00-07:00,TH_SP15_GEN-APND,28.3672
2025-08-13 13:00:00-07:00,TH_ZP26_GEN-APND,23.2733
2025-08-13 14:00:00-07:00,TH_NP15_GEN-APND,30.89656
2025-08-13 14:00:00-07:00,TH_SP15_GEN-APND,30.62
2025-08-13 14:00:00-07:00,TH_ZP26_GEN-APND,24.86176
2025-08-13 15:00:00-07:00,TH_NP15_GEN-APND,31.29459
2025-08-13 15:00:00-07:00,TH_SP15_GEN-APND,32.66706
2025-08-13 15:00:00-07:00,TH_ZP26_GEN-APND,26.77976
2025-08-13 16:00:00-07:00,TH_NP15_GEN-APND,31.1679
2025-08-13 16:00:00-07:00,TH_SP15_GEN-APND,31.06065
2025-08-13 16:00:00-07:00,TH_ZP26_GEN-APND,27.09968
2025-08-13 17:00:00-07:00,TH_NP15_GEN-APND,35.0264
2025-08-13 17:00:00-07:00,TH_SP15_GEN-APND,35.66227
2025-08-13 17:00:00-07:00,TH_ZP26_GEN-APND,30.96874
2025-08-13 18:00:00-07:00,TH_NP15_GEN-APND,43.22407
2025-08-13 18:00:00-07:00,TH_SP15_GEN-APND,43.65266
2025-08-13 18:00:00-07:00,TH_ZP26_GEN-APND,43.40913
2025-08-13 19:00:00-07:00,TH_NP15_GEN-APND,49.57227
2025-08-13 19:00:00-07:00,TH_SP15_GEN-APND,49.69021
2025-08-13 19:00:00-07:00,TH_ZP26_GEN-APND,50.0
2025-08-13 20:00:00-07:00,TH_NP15_GEN-APND,45.93087
2025-08-13 20:00:00-07:00,TH_SP15_GEN-APND,47.32481
2025-08-13 20:00:00-07:00,TH_ZP26_GEN-APND,47.77544
2025-08-13 21:00:00-07:00,TH_NP15_GEN-APND,44.35121
2025-08-13 21:00:00-07:00,TH_SP15_GEN-APND,45.29287
2025-08-13 21:00:00-07:00,TH_ZP26_GEN-APND,45.91092
2025-08-13 22:00:00-07:00,TH_NP15_GEN-APND,42.07998
2025-08-13 22:00:00-07:00,TH_SP15_GEN-APND,42.75949
2025-08-13 22:00:00-07:00,TH_ZP26_GEN-APND,42.68683
2025-08-13 23:00:00-07:00,TH_NP15_GEN-APND,40.19388
2025-08-13 23:00:00-07:00,TH_SP15_GEN-APND,41.36157
2025-08-13 23:00:00-07:00,TH_ZP26_GEN-APND,41.12887
2025-08-14 00:00:00-07:00,TH_NP15_GEN-APND,40.61719
2025-08-14 00:00:00-07:00,TH_SP15_GEN-APND,42.22911
2025-08-14 00:00:00-07:00,TH_ZP26_GEN-APND,42.4644
2025-08-14 01:00:00-07:00,TH_NP15_GEN-APND,39.3178
2025-08-14 01:00:00-07:00,TH_SP15_GEN-APND,39.927
2025-08-14 01:00:00-07:00,TH_ZP26_GEN-APND,40.78776
2025-08-14 02:00:00-07:00,TH_NP15_GEN-APND,39.56358
2025-08-14 02:00:00-07:00,TH_SP15_GEN-APND,40.03141
2025-08-14 02:00:00-07:00,TH_ZP26_GEN-APND,40.91634
2025-08-14 03:00:00-07:00,TH_NP15_GEN-APND,38.8197
2025-08-14 03:00:00-07:00,TH_SP15_GEN-APND,39.54365
2025-08-14 03:00:00-07:00,TH_ZP26_GEN-APND,40.07547
2025-08-14 04:00:00-07:00,TH_NP15_GEN-APND,42.05655
2025-08-14 04:00:00-07:00,TH_SP15_GEN-APND,41.83227
2025-08-14 04:00:00-07:00,TH_ZP26_GEN-APND,42.89628
2025-08-14 05:00:00-07:00,TH_NP15_GEN-APND,43.78704
2025-08-14 05:00:00-07:00,TH_SP15_GEN-APND,42.93652
2025-08-14 05:00:00-07:00,TH_ZP26_GEN-APND,44.50778
2025-08-14 06:00:00-07:00,TH_NP15_GEN-APND,43.57101
2025-08-14 06:00:00-07:00,TH_SP15_GEN-APND,43.23545
2025-08-14 06:00:00-07:00,TH_ZP26_GEN-APND,43.77302
2025-08-14 07:00:00-07:00,TH_NP15_GEN-APND,33.49232
2025-08-14 07:00:00-07:00,TH_SP15_GEN-APND,30.76836
2025-08-14 07:00:00-07:00,TH_ZP26_GEN-APND,31.44989
2025-08-14 08:00:00-07:00,TH_NP15_GEN-APND,29.74071
2025-08-14 08:00:00-07:00,TH_SP15_GEN-APND,22.51306
2025-08-14 08:00:00-07:00,TH_ZP26_GEN-APND,21.00163
2025-08-14 09:00:00-07:00,TH_NP15_GEN-APND,30.27909
2025-08-14 09:00:00-07:00,TH_SP15_GEN-APND,20.91875
2025-08-14 09:00:00-07:00,TH_ZP26_GEN-APND,18.17125
2025-08-14 10:00:00-07:00,TH_NP15_GEN-APND,27.45168
2025-08-14 10:00:00-07:00,TH_SP15_GEN-APND,22.88725
2025-08-14 10:00:00-07:00,TH_ZP26_GEN-APND,20.09887
2025-08-14 11:00:00-07:00,TH_NP15_GEN-APND,26.22069
2025-08-14 11:00:00-07:00,TH_SP15_GEN-APND,24.16568
2025-08-14 11:00:00-07:00,TH_ZP26_GEN-APND,21.57032
2025-08-14 12:00:00-07:00,TH_NP15_GEN-APND,26.96347
2025-08-14 12:00:00-07:00,TH_SP15_GEN-APND,23.9465
2025-08-14 12:00:00-07:00,TH_ZP26_GEN-APND,21.4448
2025-08-14 13:00:00-07:00,TH_NP15_GEN-APND,27.42495
2025-08-14 13:00:00-07:00,TH_SP15_GEN-APND,24.15324
2025-08-14 13:00:00-07:00,TH_ZP26_GEN-APND,21.69516
2025-08-14 14:00:00-07:00,TH_NP15_GEN-APND,30.41726
2025-08-14 14:00:00-07:00,TH_SP15_GEN-APND,25.04047
2025-08-14 14:00:00-07:00,TH_ZP26_GEN-APND,22.23412
2025-08-14 15:00:00-07:00,TH_NP15_GEN-APND,33.15809
2025-08-14 15:00:00-07:00,TH_SP15_GEN-APND,28.05456
2025-08-14 15:00:00-07:00,TH_ZP26_GEN-APND,24.63527
2025-08-14 16:00:00-07:00,TH_NP15_GEN-APND,33.17646
2025-08-14 16:00:00-07:00,TH_SP15_GEN-APND,29.43586
2025-08-14 16:00:00-07:00,TH_ZP26_GEN-APND,27.87038
2025-08-14 17:00:00-07:00,TH_NP15_GEN-APND,35.94844
2025-08-14 17:00:00-07:00,TH_SP15_GEN-APND,33.65
2025-08-14 17:00:00-07:00,TH_ZP26_GEN-APND,32.2923
2025-08-14 18:00:00-07:00,TH_NP15_GEN-APND,45.97719
2025-08-14 18:00:00-07:00,TH_SP15_GEN-APND,44.39077
2025-08-14 18:00:00-07:00,TH_ZP26_GEN-APND,44.06267
2025-08-14 19:00:00-07:00,TH_NP15_GEN-APND,50.97231
2025-08-14 19:00:00-07:00,TH_SP15_GEN-APND,47.20012
2025-08-14 19:00:00-07:00,TH_ZP26_GEN-APND,47.55694
2025-08-14 20:00:00-07:00,TH_NP15_GEN-APND,49.27651
2025-08-14 20:00:00-07:00,TH_SP15_GEN-APND,46.31167
2025-08-14 20:00:00-07:00,TH_ZP26_GEN-APND,47.01506
2025-08-14 21:00:00-07:00,TH_NP15_GEN-APND,46.64148
2025-08-14 21:00:00-07:00,TH_SP15_GEN-APND,45.13133
2025-08-14 21:00:00-07:00,TH_ZP26_GEN-APND,45.35099
2025-08-14 22:00:00-07:00,TH_NP15_GEN-APND,44.72258
2025-08-14 22:00:00-07:00,TH_SP15_GEN-APND,43.2904
2025-08-14 22:00:00-07:00,TH_ZP26_GEN-APND,44.368
2025-08-14 23:00:00-07:00,TH_NP15_GEN-APND,43.96776
2025-08-14 23:00:00-07:00,TH_SP15_GEN-APND,42.79793
2025-08-14 23:00:00-07:00,TH_ZP26_GEN-APND,43.78078
2025-08-15 00:00:00-07:00,TH_NP15_GEN-APND,40.5282
2025-08-15 00:00:00-07:00,TH_SP15_GEN-APND,40.37671
2025-08-15 00:00:00-07:00,TH_ZP26_GEN-APND,41.11348
2025-08-15 01:00:00-07:00,TH_NP15_GEN-APND,37.28225
2025-08-15 01:00:00-07:00,TH_SP15_GEN-APND,37.22045
2025-08-15 01:00:00-07:00,TH_ZP26_GEN-APND,37.73245
2025-08-15 02:00:00-07:00,TH_NP15_GEN-APND,36.48308
2025-08-15 02:00:00-07:00,TH_SP15_GEN-APND,35.8951
2025-08-15 02:00:00-07:00,TH_ZP26_GEN-APND,36.67415
2025-08-15 03:00:00-07:00,TH_NP15_GEN-APND,36.37399
2025-08-15 03:00:00-07:00,TH_SP15_GEN-APND,35.79379
2025-08-15 03:00:00-07:00,TH_ZP26_GEN-APND,36.63603
2025-08-15 04:00:00-07:00,TH_NP15_GEN-APND,37.72021
2025-08-15 04:00:00-07:00,TH_SP15_GEN-APND,37.48222
2025-08-15 04:00:00-07:00,TH_ZP26_GEN-APND,38.10888
2025-08-15 05:00:00-07:00,TH_NP15_GEN-APND,41.98572
2025-08-15 05:00:00-07:00,TH_SP15_GEN-APND,41.26922
2025-08-15 05:00:00-07:00,TH_ZP26_GEN-APND,42.20861
2025-08-15 06:00:00-07:00,TH_NP15_GEN-APND,42.28682
2025-08-15 06:00:00-07:00,TH_SP15_GEN-APND,42.08973
2025-08-15 06:00:00-07:00,TH_ZP26_GEN-APND,42.48159
2025-08-15 07:00:00-07:00,TH_NP15_GEN-APND,33.86255
2025-08-15 07:00:00-07:00,TH_SP15_GEN-APND,31.45342
2025-08-15 07:00:00-07:00,TH_ZP26_GEN-APND,32.53703
2025-08-15 08:00:00-07:00,TH_NP15_GEN-APND,29.7913
2025-08-15 08:00:00-07:00,TH_SP15_GEN-APND,22.88
2025-08-15 08:00:00-07:00,TH_ZP26_GEN-APND,23.28239
2025-08-15 09:00:00-07:00,TH_NP15_GEN-APND,30.30889
2025-08-15 09:00:00-07:00,TH_SP15_GEN-APND,20.71189
2025-08-15 09:00:00-07:00,TH_ZP26_GEN-APND,19.98
2025-08-15 10:00:00-07:00,TH_NP15_GEN-APND,28.8224
2025-08-15 10:00:00-07:00,TH_SP15_GEN-APND,22.53331
2025-08-15 10:00:00-07:00,TH_ZP26_GEN-APND,21.83723
2025-08-15 11:00:00-07:00,TH_NP15_GEN-APND,29.01108
2025-08-15 11:00:00-07:00,TH_SP15_GEN-APND,22.87
2025-08-15 11:00:00-07:00,TH_ZP26_GEN-APND,21.95125
2025-08-15 12:00:00-07:00,TH_NP15_GEN-APND,29.57921
2025-08-15 12:00:00-07:00,TH_SP15_GEN-APND,22.94965
2025-08-15 12:00:00-07:00,TH_ZP26_GEN-APND,22.15118
2025-08-15 13:00:00-07:00,TH_NP15_GEN-APND,30.15204
2025-08-15 13:00:00-07:00,TH_SP15_GEN-APND,22.82897
2025-08-15 13:00:00-07:00,TH_ZP26_GEN-APND,21.98602
2025-08-15 14:00:00-07:00,TH_NP15_GEN-APND,31.13807
2025-08-15 14:00:00-07:00,TH_SP15_GEN-APND,23.04923
2025-08-15 14:00:00-07:00,TH_ZP26_GEN-APND,22.23
2025-08-15 15:00:00-07:00,TH_NP15_GEN-APND,33.64
2025-08-15 15:00:00-07:00,TH_SP15_GEN-APND,24.05434
2025-08-15 15:00:00-07:00,TH_ZP26_GEN-APND,23.12222
2025-08-15 16:00:00-07:00,TH_NP15_GEN-APND,35.591
2025-08-15 16:00:00-07:00,TH_SP15_GEN-APND,25.41109
2025-08-15 16:00:00-07:00,TH_ZP26_GEN-APND,25.68735
2025-08-15 17:00:00-07:00,TH_NP15_GEN-APND,38.94299
2025-08-15 17:00:00-07:00,TH_SP15_GEN-APND,34.6802
2025-08-15 17:00:00-07:00,TH_ZP26_GEN-APND,36.55657
2025-08-15 18:00:00-07:00,TH_NP15_GEN-APND,42.66157
2025-08-15 18:00:00-07:00,TH_SP15_GEN-APND,41.12221
2025-08-15 18:00:00-07:00,TH_ZP26_GEN-APND,41.70942
2025-08-15 19:00:00-07:00,TH_NP15_GEN-APND,46.33104
2025-08-15 19:00:00-07:00,TH_SP15_GEN-APND,43.24413
2025-08-15 19:00:00-07:00,TH_ZP26_GEN-APND,44.37315
2025-08-15 20:00:00-07:00,TH_NP15_GEN-APND,45.35984
2025-08-15 20:00:00-07:00,TH_SP15_GEN-APND,42.74283
2025-08-15 20:00:00-07:00,TH_ZP26_GEN-APND,43.76954
2025-08-15 21:00:00-07:00,TH_NP15_GEN-APND,42.89312
2025-08-15 21:00:00-07:00,TH_SP15_GEN-APND,41.41748
2025-08-15 21:00:00-07:00,TH_ZP26_GEN-APND,42.30825
2025-08-15 22:00:00-07:00,TH_NP15_GEN-APND,41.7715
2025-08-15 22:00:00-07:00,TH_SP15_GEN-APND,40.34178
2025-08-15 22:00:00-07:00,TH_ZP26_GEN-APND,41.72703
2025-08-15 23:00:00-07:00,TH_NP15_GEN-APND,40.88724
2025-08-15 23:00:00-07:00,TH_SP15_GEN-APND,40.12177
2025-08-15 23:00:00-07:00,TH_ZP26_GEN-APND,41.2558
2025-08-16 00:00:00-07:00,TH_NP15_GEN-APND,40.52996
2025-08-16 00:00:00-07:00,TH_SP15_GEN-APND,39.89138
2025-08-16 00:00:00-07:00,TH_ZP26_GEN-APND,40.49962
2025-08-16 01:00:00-07:00,TH_NP15_GEN-APND,40.4603
2025-08-16 01:00:00-07:00,TH_SP15_GEN-APND,39.66637
2025-08-16 01:00:00-07:00,TH_ZP26_GEN-APND,40.36198
2025-08-16 02:00:00-07:00,TH_NP15_GEN-APND,39.6401
2025-08-16 02:00:00-07:00,TH_SP15_GEN-APND,38.48334
2025-08-16 02:00:00-07:00,TH_ZP26_GEN-APND,39.28642
2025-08-16 03:00:00-07:00,TH_NP15_GEN-APND,39.57949
2025-08-16 03:00:00-07:00,TH_SP15_GEN-APND,38.30859
2025-08-16 03:00:00-07:00,TH_ZP26_GEN-APND,39.15607
2025-08-16 04:00:00-07:00,TH_NP15_GEN-APND,39.65736
2025-08-16 04:00:00-07:00,TH_SP15_GEN-APND,38.5698
2025-08-16 04:00:00-07:00,TH_ZP26_GEN-APND,39.3185
2025-08-16 05:00:00-07:00,TH_NP15_GEN-APND,41.36771
2025-08-16 05:00:00-07:00,TH_SP15_GEN-APND,39.77909
2025-08-16 05:00:00-07:00,TH_ZP26_GEN-APND,40.77467
2025-08-16 06:00:00-07:00,TH_NP15_GEN-APND,39.54404
2025-08-16 06:00:00-07:00,TH_SP15_GEN-APND,38.38791
2025-08-16 06:00:00-07:00,TH_ZP26_GEN-APND,38.79378
2025-08-16 07:00:00-07:00,TH_NP15_GEN-APND,27.88257
2025-08-16 07:00:00-07:00,TH_SP15_GEN-APND,24.70025
2025-08-16 07:00:00-07:00,TH_ZP26_GEN-APND,26.00935
2025-08-16 08:00:00-07:00,TH_NP15_GEN-APND,23.13854
2025-08-16 08:00:00-07:00,TH_SP15_GEN-APND,12.07274
2025-08-16 08:00:00-07:00,TH_ZP26_GEN-APND,11.13607
2025-08-16 09:00:00-07:00,TH_NP15_GEN-APND,22.55622
2025-08-16 09:00:00-07:00,TH_SP15_GEN-APND,11.09836
2025-08-16 09:00:00-07:00,TH_ZP26_GEN-APND,9.48488
2025-08-16 10:00:00-07:00,TH_NP15_GEN-APND,20.92936
2025-08-16 10:00:00-07:00,TH_SP15_GEN-APND,12.36883
2025-08-16 10:00:00-07:00,TH_ZP26_GEN-APND,10.98304
2025-08-16 11:00:00-07:00,TH_NP15_GEN-APND,21.70599
2025-08-16 11:00:00-07:00,TH_SP15_GEN-APND,13.42609
2025-08-16 11:00:00-07:00,TH_ZP26_GEN-APND,11.52034
2025-08-16 12:00:00-07:00,TH_NP15_GEN-APND,21.14677
2025-08-16 12:00:00-07:00,TH_SP15_GEN-APND,13.37699
2025-08-16 12:00:00-07:00,TH_ZP26_GEN-APND,11.77493
2025-08-16 13:00:00-07:00,TH_NP15_GEN-APND,21.51356
2025-08-16 13:00:00-07:00,TH_SP15_GEN-APND,12.52059
2025-08-16 13:00:00-07:00,TH_ZP26_GEN-APND,10.74855
2025-08-16 14:00:00-07:00,TH_NP15_GEN-APND,22.1926
2025-08-16 14:00:00-07:00,TH_SP15_GEN-APND,11.88434
2025-08-16 14:00:00-07:00,TH_ZP26_GEN-APND,10.78273
2025-08-16 15:00:00-07:00,TH_NP15_GEN-APND,23.28198
2025-08-16 15:00:00-07:00,TH_SP15_GEN-APND,12.71481
2025-08-16 15:00:00-07:00,TH_ZP26_GEN-APND,11.51999
2025-08-16 16:00:00-07:00,TH_NP15_GEN-APND,24.32408
2025-08-16 16:00:00-07:00,TH_SP15_GEN-APND,13.0
2025-08-16 16:00:00-07:00,TH_ZP26_GEN-APND,12.9798
2025-08-16 17:00:00-07:00,TH_NP15_GEN-APND,32.16181
2025-08-16 17:00:00-07:00,TH_SP15_GEN-APND,24.57465
2025-08-16 17:00:00-07:00,TH_ZP26_GEN-APND,25.64555
2025-08-16 18:00:00-07:00,TH_NP15_GEN-APND,38.94358
2025-08-16 18:00:00-07:00,TH_SP15_GEN-APND,37.97657
2025-08-16 18:00:00-07:00,TH_ZP26_GEN-APND,38.20052
2025-08-16 19:00:00-07:00,TH_NP15_GEN-APND,41.01394
2025-08-16 19:00:00-07:00,TH_SP15_GEN-APND,39.02022
2025-08-16 19:00:00-07:00,TH_ZP26_GEN-APND,39.41412
2025-08-16 20:00:00-07:00,TH_NP15_GEN-APND,41.10405
2025-08-16 20:00:00-07:00,TH_SP15_GEN-APND,38.95677
2025-08-16 20:00:00-07:00,TH_ZP26_GEN-APND,39.47712
2025-08-16 21:00:00-07:00,TH_NP15_GEN-APND,39.87582
2025-08-16 21:00:00-07:00,TH_SP15_GEN-APND,38.35347
2025-08-16 21:00:00-07:00,TH_ZP26_GEN-APND,38.69241
2025-08-16 22:00:00-07:00,TH_NP15_GEN-APND,39.62045
2025-08-16 22:00:00-07:00,TH_SP15_GEN-APND,37.59827
2025-08-16 22:00:00-07:00,TH_ZP26_GEN-APND,38.46599
2025-08-16 23:00:00-07:00,TH_NP15_GEN-APND,39.11712
2025-08-16 23:00:00-07:00,TH_SP15_GEN-APND,37.18295
2025-08-16 23:00:00-07:00,TH_ZP26_GEN-APND,38.01952
2025-08-17 00:00:00-07:00,TH_NP15_GEN-APND,41.18622
2025-08-17 00:00:00-07:00,TH_SP15_GEN-APND,40.26128
2025-08-17 00:00:00-07:00,TH_ZP26_GEN-APND,40.78573
2025-08-17 01:00:00-07:00,TH_NP15_GEN-APND,42.75383
2025-08-17 01:00:00-07:00,TH_SP15_GEN-APND,42.20024
2025-08-17 01:00:00-07:00,TH_ZP26_GEN-APND,42.5085
2025-08-17 02:00:00-07:00,TH_NP15_GEN-APND,41.00051
2025-08-17 02:00:00-07:00,TH_SP15_GEN-APND,40.08663
2025-08-17 02:00:00-07:00,TH_ZP26_GEN-APND,40.51727
2025-08-17 03:00:00-07:00,TH_NP15_GEN-APND,39.81547
2025-08-17 03:00:00-07:00,TH_SP15_GEN-APND,39.1029
2025-08-17 03:00:00-07:00,TH_ZP26_GEN-APND,39.57007
2025-08-17 04:00:00-07:00,TH_NP15_GEN-APND,40.8275
2025-08-17 04:00:00-07:00,TH_SP15_GEN-APND,39.95947
2025-08-17 04:00:00-07:00,TH_ZP26_GEN-APND,40.40269
2025-08-17 05:00:00-07:00,TH_NP15_GEN-APND,40.37362
2025-08-17 05:00:00-07:00,TH_SP15_GEN-APND,39.34796
2025-08-17 05:00:00-07:00,TH_ZP26_GEN-APND,39.87514
2025-08-17 06:00:00-07:00,TH_NP15_GEN-APND,37.3789
2025-08-17 06:00:00-07:00,TH_SP15_GEN-APND,36.9744
2025-08-17 06:00:00-07:00,TH_ZP26_GEN-APND,38.39173
2025-08-17 07:00:00-07:00,TH_NP15_GEN-APND,23.30758
2025-08-17 07:00:00-07:00,TH_SP15_GEN-APND,19.57263
2025-08-17 07:00:00-07:00,TH_ZP26_GEN-APND,21.74346
2025-08-17 08:00:00-07:00,TH_NP15_GEN-APND,23.40869
2025-08-17 08:00:00-07:00,TH_SP15_GEN-APND,5.90876
2025-08-17 08:00:00-07:00,TH_ZP26_GEN-APND,4.65995
2025-08-17 09:00:00-07:00,TH_NP15_GEN-APND,24.92571
2025-08-17 09:00:00-07:00,TH_SP15_GEN-APND,4.04903
2025-08-17 09:00:00-07:00,TH_ZP26_GEN-APND,1.93875
2025-08-17 10:00:00-07:00,TH_NP15_GEN-APND,21.10626
2025-08-17 10:00:00-07:00,TH_SP15_GEN-APND,6.49454
2025-08-17 10:00:00-07:00,TH_ZP26_GEN-APND,4.53484
2025-08-17 11:00:00-07:00,TH_NP15_GEN-APND,21.17707
2025-08-17 11:00:00-07:00,TH_SP15_GEN-APND,6.3406
2025-08-17 11:00:00-07:00,TH_ZP26_GEN-APND,3.58757
2025-08-17 12:00:00-07:00,TH_NP15_GEN-APND,20.48156
2025-08-17 12:00:00-07:00,TH_SP15_GEN-APND,7.21164
2025-08-17 12:00:00-07:00,TH_ZP26_GEN-APND,4.88632
2025-08-17 13:00:00-07:00,TH_NP15_GEN-APND,20.42723
2025-08-17 13:00:00-07:00,TH_SP15_GEN-APND,6.70143
2025-08-17 13:00:00-07:00,TH_ZP26_GEN-APND,4.50802
2025-08-17 14:00:00-07:00,TH_NP15_GEN-APND,23.15819
2025-08-17 14:00:00-07:00,TH_SP15_GEN-APND,6.63777
2025-08-17 14:00:00-07:00,TH_ZP26_GEN-APND,4.9311
2025-08-17 15:00:00-07:00,TH_NP15_GEN-APND,24.74998
2025-08-17 15:00:00-07:00,TH_SP15_GEN-APND,8.63538
2025-08-17 15:00:00-07:00,TH_ZP26_GEN-APND,6.51297
2025-08-17 16:00:00-07:00,TH_NP15_GEN-APND,26.62004
2025-08-17 16:00:00-07:00,TH_SP15_GEN-APND,12.59014
2025-08-17 16:00:00-07:00,TH_ZP26_GEN-APND,12.25222
2025-08-17 17:00:00-07:00,TH_NP15_GEN-APND,33.97661
2025-08-17 17:00:00-07:00,TH_SP15_GEN-APND,28.91134
2025-08-17 17:00:00-07:00,TH_ZP26_GEN-APND,30.67262
2025-08-17 18:00:00-07:00,TH_NP15_GEN-APND,44.15852
2025-08-17 18:00:00-07:00,TH_SP15_GEN-APND,42.68277
2025-08-17 18:00:00-07:00,TH_ZP26_GEN-APND,43.20276
2025-08-17 19:00:00-07:00,TH_NP15_GEN-APND,45.73603
2025-08-17 19:00:00-07:00,TH_SP15_GEN-APND,43.3874
2025-08-17 19:00:00-07:00,TH_ZP26_GEN-APND,44.39904
2025-08-17 20:00:00-07:00,TH_NP15_GEN-APND,45.61528
2025-08-17 20:00:00-07:00,TH_SP15_GEN-APND,43.32596
2025-08-17 20:00:00-07:00,TH_ZP26_GEN-APND,44.46141
2025-08-17 21:00:00-07:00,TH_NP15_GEN-APND,44.63922
2025-08-17 21:00:00-07:00,TH_SP15_GEN-APND,42.98917
2025-08-17 21:00:00-07:00,TH_ZP26_GEN-APND,43.66436
2025-08-17 22:00:00-07:00,TH_NP15_GEN-APND,44.53871
2025-08-17 22:00:00-07:00,TH_SP15_GEN-APND,42.70858
2025-08-17 22:00:00-07:00,TH_ZP26_GEN-APND,43.61673
2025-08-17 23:00:00-07:00,TH_NP15_GEN-APND,43.48555
2025-08-17 23:00:00-07:00,TH_SP15_GEN-APND,42.33505
2025-08-17 23:00:00-07:00,TH_ZP26_GEN-APND,43.04025
2025-08-18 00:00:00-07:00,TH_NP15_GEN-APND,44.01538
2025-08-18 00:00:00-07:00,TH_SP15_GEN-APND,42.19776
2025-08-18 00:00:00-07:00,TH_ZP26_GEN-APND,43.38444
2025-08-18 01:00:00-07:00,TH_NP15_GEN-APND,43.07404
2025-08-18 01:00:00-07:00,TH_SP15_GEN-APND,41.46847
2025-08-18 01:00:00-07:00,TH_ZP26_GEN-APND,42.44613
2025-08-18 02:00:00-07:00,TH_NP15_GEN-APND,42.05339
2025-08-18 02:00:00-07:00,TH_SP15_GEN-APND,40.52531
2025-08-18 02:00:00-07:00,TH_ZP26_GEN-APND,41.53604
2025-08-18 03:00:00-07:00,TH_NP15_GEN-APND,41.80973
2025-08-18 03:00:00-07:00,TH_SP15_GEN-APND,38.84339
2025-08-18 03:00:00-07:00,TH_ZP26_GEN-APND,40.64027
2025-08-18 04:00:00-07:00,TH_NP15_GEN-APND,42.14888
2025-08-18 04:00:00-07:00,TH_SP15_GEN-APND,39.56348
2025-08-18 04:00:00-07:00,TH_ZP26_GEN-APND,41.12139
2025-08-18 05:00:00-07:00,TH_NP15_GEN-APND,43.04044
2025-08-18 05:00:00-07:00,TH_SP15_GEN-APND,40.44136
2025-08-18 05:00:00-07:00,TH_ZP26_GEN-APND,41.98339
2025-08-18 06:00:00-07:00,TH_NP15_GEN-APND,45.19485
2025-08-18 06:00:00-07:00,TH_SP15_GEN-APND,40.5417
2025-08-18 06:00:00-07:00,TH_ZP26_GEN-APND,43.08896
2025-08-18 07:00:00-07:00,TH_NP15_GEN-APND,33.3315
2025-08-18 07:00:00-07:00,TH_SP15_GEN-APND,28.39919
2025-08-18 07:00:00-07:00,TH_ZP26_GEN-APND,31.38194
2025-08-18 08:00:00-07:00,TH_NP15_GEN-APND,29.35433
2025-08-18 08:00:00-07:00,TH_SP15_GEN-APND,18.3783
2025-08-18 08:00:00-07:00,TH_ZP26_GEN-APND,18.82424
2025-08-18 09:00:00-07:00,TH_NP15_GEN-APND,29.73913
2025-08-18 09:00:00-07:00,TH_SP15_GEN-APND,17.18362
2025-08-18 09:00:00-07:00,TH_ZP26_GEN-APND,16.28649
2025-08-18 10:00:00-07:00,TH_NP15_GEN-APND,26.96132
2025-08-18 10:00:00-07:00,TH_SP15_GEN-APND,18.28499
2025-08-18 10:00:00-07:00,TH_ZP26_GEN-APND,17.0
2025-08-18 11:00:00-07:00,TH_NP15_GEN-APND,26.8541
2025-08-18 11:00:00-07:00,TH_SP15_GEN-APND,18.21007
2025-08-18 11:00:00-07:00,TH_ZP26_GEN-APND,16.50656
2025-08-18 12:00:00-07:00,TH_NP15_GEN-APND,26.99837
2025-08-18 12:00:00-07:00,TH_SP15_GEN-APND,18.91845
2025-08-18 12:00:00-07:00,TH_ZP26_GEN-APND,16.97327
2025-08-18 13:00:00-07:00,TH_NP15_GEN-APND,27.79088
2025-08-18 13:00:00-07:00,TH_SP15_GEN-APND,19.33
2025-08-18 13:00:00-07:00,TH_ZP26_GEN-APND,17.31063
2025-08-18 14:00:00-07:00,TH_NP15_GEN-APND,28.22541
2025-08-18 14:00:00-07:00,TH_SP15_GEN-APND,19.5237
2025-08-18 14:00:00-07:00,TH_ZP26_GEN-APND,17.86195
2025-08-18 15:00:00-07:00,TH_NP15_GEN-APND,30.53127
2025-08-18 15:00:00-07:00,TH_SP15_GEN-APND,22.068
2025-08-18 15:00:00-07:00,TH_ZP26_GEN-APND,20.42119
2025-08-18 16:00:00-07:00,TH_NP15_GEN-APND,30.3114
2025-08-18 16:00:00-07:00,TH_SP15_GEN-APND,22.05496
2025-08-18 16:00:00-07:00,TH_ZP26_GEN-APND,22.41608
2025-08-18 17:00:00-07:00,TH_NP15_GEN-APND,37.0632
2025-08-18 17:00:00-07:00,TH_SP15_GEN-APND,35.14513
2025-08-18 17:00:00-07:00,TH_ZP26_GEN-APND,35.78214
2025-08-18 18:00:00-07:00,TH_NP15_GEN-APND,44.01669
2025-08-18 18:00:00-07:00,TH_SP15_GEN-APND,45.10869
2025-08-18 18:00:00-07:00,TH_ZP26_GEN-APND,44.53987
2025-08-18 19:00:00-07:00,TH_NP15_GEN-APND,49.69593
2025-08-18 19:00:00-07:00,TH_SP15_GEN-APND,50.28664
2025-08-18 19:00:00-07:00,TH_ZP26_GEN-APND,49.8963
2025-08-18 20:00:00-07:00,TH_NP15_GEN-APND,47.85906
2025-08-18 20:00:00-07:00,TH_SP15_GEN-APND,48.83777
2025-08-18 20:00:00-07:00,TH_ZP26_GEN-APND,48.31788
2025-08-18 21:00:00-07:00,TH_NP15_GEN-APND,44.48789
2025-08-18 21:00:00-07:00,TH_SP15_GEN-APND,45.16752
2025-08-18 21:00:00-07:00,TH_ZP26_GEN-APND,45.04233
2025-08-18 22:00:00-07:00,TH_NP15_GEN-APND,43.96297
2025-08-18 22:00:00-07:00,TH_SP15_GEN-APND,44.14728
2025-08-18 22:00:00-07:00,TH_ZP26_GEN-APND,44.09311
2025-08-18 23:00:00-07:00,TH_NP15_GEN-APND,43.12558
2025-08-18 23:00:00-07:00,TH_SP15_GEN-APND,43.89972
2025-08-18 23:00:00-07:00,TH_ZP26_GEN-APND,43.87846
2025-08-19 00:00:00-07:00,TH_NP15_GEN-APND,45.88273
2025-08-19 00:00:00-07:00,TH_SP15_GEN-APND,47.44832
2025-08-19 00:00:00-07:00,TH_ZP26_GEN-APND,47.3654
2025-08-19 01:00:00-07:00,TH_NP15_GEN-APND,42.35116
2025-08-19 01:00:00-07:00,TH_SP15_GEN-APND,43.78735
2025-08-19 01:00:00-07:00,TH_ZP26_GEN-APND,43.63583
2025-08-19 02:00:00-07:00,TH_NP15_GEN-APND,40.28145
2025-08-19 02:00:00-07:00,TH_SP15_GEN-APND,40.80501
2025-08-19 02:00:00-07:00,TH_ZP26_GEN-APND,40.84197
2025-08-19 03:00:00-07:00,TH_NP15_GEN-APND,39.8093
2025-08-19 03:00:00-07:00,TH_SP15_GEN-APND,40.23738
2025-08-19 03:00:00-07:00,TH_ZP26_GEN-APND,40.3359
2025-08-19 04:00:00-07:00,TH_NP15_GEN-APND,40.16534
2025-08-19 04:00:00-07:00,TH_SP15_GEN-APND,40.73833
2025-08-19 04:00:00-07:00,TH_ZP26_GEN-APND,40.759
2025-08-19 05:00:00-07:00,TH_NP15_GEN-APND,42.99473
2025-08-19 05:00:00-07:00,TH_SP15_GEN-APND,43.92
2025-08-19 05:00:00-07:00,TH_ZP26_GEN-APND,43.92184
2025-08-19 06:00:00-07:00,TH_NP15_GEN-APND,45.92547
2025-08-19 06:00:00-07:00,TH_SP15_GEN-APND,47.61726
2025-08-19 06:00:00-07:00,TH_ZP26_GEN-APND,47.96987
2025-08-19 07:00:00-07:00,TH_NP15_GEN-APND,36.72381
2025-08-19 07:00:00-07:00,TH_SP15_GEN-APND,35.9114
2025-08-19 07:00:00-07:00,TH_ZP26_GEN-APND,36.70814
2025-08-19 08:00:00-07:00,TH_NP15_GEN-APND,30.90268
2025-08-19 08:00:00-07:00,TH_SP15_GEN-APND,26.43871
2025-08-19 08:00:00-07:00,TH_ZP26_GEN-APND,26.19497
2025-08-19 09:00:00-07:00,TH_NP15_GEN-APND,30.0763
2025-08-19 09:00:00-07:00,TH_SP15_GEN-APND,24.48126
2025-08-19 09:00:00-07:00,TH_ZP26_GEN-APND,23.22887
2025-08-19 10:00:00-07:00,TH_NP15_GEN-APND,27.0305
2025-08-19 10:00:00-07:00,TH_SP15_GEN-APND,25.32255
2025-08-19 10:00:00-07:00,TH_ZP26_GEN-APND,23.81896
2025-08-19 11:00:00-07:00,TH_NP15_GEN-APND,28.0
2025-08-19 11:00:00-07:00,TH_SP15_GEN-APND,26.74763
2025-08-19 11:00:00-07:00,TH_ZP26_GEN-APND,24.61002
2025-08-19 12:00:00-07:00,TH_NP15_GEN-APND,28.59572
2025-08-19 12:00:00-07:00,TH_SP15_GEN-APND,26.7645
2025-08-19 12:00:00-07:00,TH_ZP26_GEN-APND,24.59366
2025-08-19 13:00:00-07:00,TH_NP15_GEN-APND,29.66341
2025-08-19 13:00:00-07:00,TH_SP15_GEN-APND,26.95452
2025-08-19 13:00:00-07:00,TH_ZP26_GEN-APND,24.23311
2025-08-19 14:00:00-07:00,TH_NP15_GEN-APND,30.78836
2025-08-19 14:00:00-07:00,TH_SP15_GEN-APND,28.65351
2025-08-19 14:00:00-07:00,TH_ZP26_GEN-APND,26.0
2025-08-19 15:00:00-07:00,TH_NP15_GEN-APND,34.6484
2025-08-19 15:00:00-07:00,TH_SP15_GEN-APND,34.45508
2025-08-19 15:00:00-07:00,TH_ZP26_GEN-APND,31.18045
2025-08-19 16:00:00-07:00,TH_NP15_GEN-APND,34.70281
2025-08-19 16:00:00-07:00,TH_SP15_GEN-APND,32.04841
2025-08-19 16:00:00-07:00,TH_ZP26_GEN-APND,31.21589
2025-08-19 17:00:00-07:00,TH_NP15_GEN-APND,40.11515
2025-08-19 17:00:00-07:00,TH_SP15_GEN-APND,41.33795
2025-08-19 17:00:00-07:00,TH_ZP26_GEN-APND,40.42566
2025-08-19 18:00:00-07:00,TH_NP15_GEN-APND,50.17071
2025-08-19 18:00:00-07:00,TH_SP15_GEN-APND,52.79545
2025-08-19 18:00:00-07:00,TH_ZP26_GEN-APND,51.71399
2025-08-19 19:00:00-07:00,TH_NP15_GEN-APND,56.63
2025-08-19 19:00:00-07:00,TH_SP15_GEN-APND,58.28051
2025-08-19 19:00:00-07:00,TH_ZP26_GEN-APND,57.56906
2025-08-19 20:00:00-07:00,TH_NP15_GEN-APND,52.13546
2025-08-19 20:00:00-07:00,TH_SP15_GEN-APND,54.00099
2025-08-19 20:00:00-07:00,TH_ZP26_GEN-APND,53.42699
2025-08-19 21:00:00-07:00,TH_NP15_GEN-APND,50.28568
2025-08-19 21:00:00-07:00,TH_SP15_GEN-APND,52.8431
2025-08-19 21:00:00-07:00,TH_ZP26_GEN-APND,51.89369
2025-08-19 22:00:00-07:00,TH_NP15_GEN-APND,48.59707
2025-08-19 22:00:00-07:00,TH_SP15_GEN-APND,49.96822
2025-08-19 22:00:00-07:00,TH_ZP26_GEN-APND,49.6735
2025-08-19 23:00:00-07:00,TH_NP15_GEN-APND,43.1835
2025-08-19 23:00:00-07:00,TH_SP15_GEN-APND,44.5038
2025-08-19 23:00:00-07:00,TH_ZP26_GEN-APND,44.77564
2025-08-20 00:00:00-07:00,TH_NP15_GEN-APND,41.98215
2025-08-20 00:00:00-07:00,TH_SP15_GEN-APND,43.0762
2025-08-20 00:00:00-07:00,TH_ZP26_GEN-APND,42.76685
2025-08-20 01:00:00-07:00,TH_NP15_GEN-APND,39.79956
2025-08-20 01:00:00-07:00,TH_SP15_GEN-APND,40.46168
2025-08-20 01:00:00-07:00,TH_ZP26_GEN-APND,40.50351
2025-08-20 02:00:00-07:00,TH_NP15_GEN-APND,39.64
2025-08-20 02:00:00-07:00,TH_SP15_GEN-APND,39.81424
2025-08-20 02:00:00-07:00,TH_ZP26_GEN-APND,40.0651
2025-08-20 03:00:00-07:00,TH_NP15_GEN-APND,38.35725
2025-08-20 03:00:00-07:00,TH_SP15_GEN-APND,39.66332
2025-08-20 03:00:00-07:00,TH_ZP26_GEN-APND,39.70599
2025-08-20 04:00:00-07:00,TH_NP15_GEN-APND,39.70118
2025-08-20 04:00:00-07:00,TH_SP15_GEN-APND,40.36568
2025-08-20 04:00:00-07:00,TH_ZP26_GEN-APND,40.33333
2025-08-20 05:00:00-07:00,TH_NP15_GEN-APND,42.94813
2025-08-20 05:00:00-07:00,TH_SP15_GEN-APND,44.71123
2025-08-20 05:00:00-07:00,TH_ZP26_GEN-APND,44.77392
2025-08-20 06:00:00-07:00,TH_NP15_GEN-APND,47.42855
2025-08-20 06:00:00-07:00,TH_SP15_GEN-APND,48.0067
2025-08-20 06:00:00-07:00,TH_ZP26_GEN-APND,48.09518
2025-08-20 07:00:00-07:00,TH_NP15_GEN-APND,37.94747
2025-08-20 07:00:00-07:00,TH_SP15_GEN-APND,36.61356
2025-08-20 07:00:00-07:00,TH_ZP26_GEN-APND,37.13001
2025-08-20 08:00:00-07:00,TH_NP15_GEN-APND,34.18537
2025-08-20 08:00:00-07:00,TH_SP15_GEN-APND,30.15482
2025-08-20 08:00:00-07:00,TH_ZP26_GEN-APND,30.29218
2025-08-20 09:00:00-07:00,TH_NP15_GEN-APND,34.13846
2025-08-20 09:00:00-07:00,TH_SP15_GEN-APND,28.74183
2025-08-20 09:00:00-07:00,TH_ZP26_GEN-APND,27.87868
2025-08-20 10:00:00-07:00,TH_NP15_GEN-APND,30.77185
2025-08-20 10:00:00-07:00,TH_SP15_GEN-APND,31.20601
2025-08-20 10:00:00-07:00,TH_ZP26_GEN-APND,29.49022
2025-08-20 11:00:00-07:00,TH_NP15_GEN-APND,31.60098
2025-08-20 11:00:00-07:00,TH_SP15_GEN-APND,31.36932
2025-08-20 11:00:00-07:00,TH_ZP26_GEN-APND,28.57344
2025-08-20 12:00:00-07:00,TH_NP15_GEN-APND,32.77024
2025-08-20 12:00:00-07:00,TH_SP15_GEN-APND,32.48473
2025-08-20 12:00:00-07:00,TH_ZP26_GEN-APND,29.98115
2025-08-20 13:00:00-07:00,TH_NP15_GEN-APND,34.61296
2025-08-20 13:00:00-07:00,TH_SP15_GEN-APND,34.92996
2025-08-20 13:00:00-07:00,TH_ZP26_GEN-APND,30.6425
2025-08-20 14:00:00-07:00,TH_NP15_GEN-APND,36.41249
2025-08-20 14:00:00-07:00,TH_SP15_GEN-APND,38.23953
2025-08-20 14:00:00-07:00,TH_ZP26_GEN-APND,31.05237
2025-08-20 15:00:00-07:00,TH_NP15_GEN-APND,37.46455
2025-08-20 15:00:00-07:00,TH_SP15_GEN-APND,42.85849
2025-08-20 15:00:00-07:00,TH_ZP26_GEN-APND,32.76291
2025-08-20 16:00:00-07:00,TH_NP15_GEN-APND,42.38316
2025-08-20 16:00:00-07:00,TH_SP15_GEN-APND,44.45685
2025-08-20 16:00:00-07:00,TH_ZP26_GEN-APND,39.37119
2025-08-20 17:00:00-07:00,TH_NP15_GEN-APND,46.58901
2025-08-20 17:00:00-07:00,TH_SP15_GEN-APND,53.09161
2025-08-20 17:00:00-07:00,TH_ZP26_GEN-APND,44.73803
2025-08-20 18:00:00-07:00,TH_NP15_GEN-APND,53.14904
2025-08-20 18:00:00-07:00,TH_SP15_GEN-APND,63.95308
2025-08-20 18:00:00-07:00,TH_ZP26_GEN-APND,52.48889
2025-08-20 19:00:00-07:00,TH_NP15_GEN-APND,61.56559
2025-08-20 19:00:00-07:00,TH_SP15_GEN-APND,64.73492
2025-08-20 19:00:00-07:00,TH_ZP26_GEN-APND,61.22584
2025-08-20 20:00:00-07:00,TH_NP15_GEN-APND,57.65046
2025-08-20 20:00:00-07:00,TH_SP15_GEN-APND,59.56579
2025-08-20 20:00:00-07:00,TH_ZP26_GEN-APND,58.57885
2025-08-20 21:00:00-07:00,TH_NP15_GEN-APND,50.64893
2025-08-20 21:00:00-07:00,TH_SP15_GEN-APND,56.62061
2025-08-20 21:00:00-07:00,TH_ZP26_GEN-APND,52.05662
2025-08-20 22:00:00-07:00,TH_NP15_GEN-APND,49.86745
2025-08-20 22:00:00-07:00,TH_SP15_GEN-APND,51.93405
2025-08-20 22:00:00-07:00,TH_ZP26_GEN-APND,51.22888
2025-08-20 23:00:00-07:00,TH_NP15_GEN-APND,44.87515
2025-08-20 23:00:00-07:00,TH_SP15_GEN-APND,47.30937
2025-08-20 23:00:00-07:00,TH_ZP26_GEN-APND,46.33077
2025-08-21 00:00:00-07:00,TH_NP15_GEN-APND,47.04168
2025-08-21 00:00:00-07:00,TH_SP15_GEN-APND,50.03065
2025-08-21 00:00:00-07:00,TH_ZP26_GEN-APND,49.33282
2025-08-21 01:00:00-07:00,TH_NP15_GEN-APND,45.51726
2025-08-21 01:00:00-07:00,TH_SP15_GEN-APND,46.79062
2025-08-21 01:00:00-07:00,TH_ZP26_GEN-APND,46.52377
2025-08-21 02:00:00-07:00,TH_NP15_GEN-APND,43.74766
2025-08-21 02:00:00-07:00,TH_SP15_GEN-APND,44.28622
2025-08-21 02:00:00-07:00,TH_ZP26_GEN-APND,44.11754
2025-08-21 03:00:00-07:00,TH_NP15_GEN-APND,43.71083
2025-08-21 03:00:00-07:00,TH_SP15_GEN-APND,44.44048
2025-08-21 03:00:00-07:00,TH_ZP26_GEN-APND,44.20608
2025-08-21 04:00:00-07:00,TH_NP15_GEN-APND,43.6669
2025-08-21 04:00:00-07:00,TH_SP15_GEN-APND,45.05503
2025-08-21 04:00:00-07:00,TH_ZP26_GEN-APND,44.77679
2025-08-21 05:00:00-07:00,TH_NP15_GEN-APND,48.01132
2025-08-21 05:00:00-07:00,TH_SP15_GEN-APND,49.54892
2025-08-21 05:00:00-07:00,TH_ZP26_GEN-APND,49.16476
2025-08-21 06:00:00-07:00,TH_NP15_GEN-APND,50.8453
2025-08-21 06:00:00-07:00,TH_SP15_GEN-APND,52.88054
2025-08-21 06:00:00-07:00,TH_ZP26_GEN-APND,52.4676
2025-08-21 07:00:00-07:00,TH_NP15_GEN-APND,42.78533
2025-08-21 07:00:00-07:00,TH_SP15_GEN-APND,42.40348
2025-08-21 07:00:00-07:00,TH_ZP26_GEN-APND,42.59736
2025-08-21 08:00:00-07:00,TH_NP15_GEN-APND,37.32171
2025-08-21 08:00:00-07:00,TH_SP15_GEN-APND,35.93649
2025-08-21 08:00:00-07:00,TH_ZP26_GEN-APND,36.64082
2025-08-21 09:00:00-07:00,TH_NP15_GEN-APND,39.50392
2025-08-21 09:00:00-07:00,TH_SP15_GEN-APND,33.10849
2025-08-21 09:00:00-07:00,TH_ZP26_GEN-APND,32.85944
2025-08-21 10:00:00-07:00,TH_NP15_GEN-APND,37.78881
2025-08-21 10:00:00-07:00,TH_SP15_GEN-APND,34.57643
2025-08-21 10:00:00-07:00,TH_ZP26_GEN-APND,33.48325
2025-08-21 11:00:00-07:00,TH_NP15_GEN-APND,40.50863
2025-08-21 11:00:00-07:00,TH_SP15_GEN-APND,35.78283
2025-08-21 11:00:00-07:00,TH_ZP26_GEN-APND,35.17011
2025-08-21 12:00:00-07:00,TH_NP15_GEN-APND,42.21477
2025-08-21 12:00:00-07:00,TH_SP15_GEN-APND,38.91753
2025-08-21 12:00:00-07:00,TH_ZP26_GEN-APND,36.90792
2025-08-21 13:00:00-07:00,TH_NP15_GEN-APND,47.21396
2025-08-21 13:00:00-07:00,TH_SP15_GEN-APND,40.82382
2025-08-21 13:00:00-07:00,TH_ZP26_GEN-APND,40.25226
2025-08-21 14:00:00-07:00,TH_NP15_GEN-APND,49.51718
2025-08-21 14:00:00-07:00,TH_SP15_GEN-APND,42.3501
2025-08-21 14:00:00-07:00,TH_ZP26_GEN-APND,42.51214
2025-08-21 15:00:00-07:00,TH_NP15_GEN-APND,58.39558
2025-08-21 15:00:00-07:00,TH_SP15_GEN-APND,52.09312
2025-08-21 15:00:00-07:00,TH_ZP26_GEN-APND,53.82254
2025-08-21 16:00:00-07:00,TH_NP15_GEN-APND,62.33314
2025-08-21 16:00:00-07:00,TH_SP15_GEN-APND,53.55747
2025-08-21 16:00:00-07:00,TH_ZP26_GEN-APND,45.14639
2025-08-21 17:00:00-07:00,TH_NP15_GEN-APND,65.70753
2025-08-21 17:00:00-07:00,TH_SP15_GEN-APND,62.29496
2025-08-21 17:00:00-07:00,TH_ZP26_GEN-APND,59.07066
2025-08-21 18:00:00-07:00,TH_NP15_GEN-APND,94.09
2025-08-21 18:00:00-07:00,TH_SP15_GEN-APND,90.22
2025-08-21 18:00:00-07:00,TH_ZP26_GEN-APND,92.57648
2025-08-21 19:00:00-07:00,TH_NP15_GEN-APND,101.3256
2025-08-21 19:00:00-07:00,TH_SP15_GEN-APND,100.22
2025-08-21 19:00:00-07:00,TH_ZP26_GEN-APND,97.77837
2025-08-21 20:00:00-07:00,TH_NP15_GEN-APND,82.23038
2025-08-21 20:00:00-07:00,TH_SP15_GEN-APND,83.19688
2025-08-21 20:00:00-07:00,TH_ZP26_GEN-APND,80.52778
2025-08-21 21:00:00-07:00,TH_NP15_GEN-APND,62.4889
2025-08-21 21:00:00-07:00,TH_SP15_GEN-APND,68.23781
2025-08-21 21:00:00-07:00,TH_ZP26_GEN-APND,61.89915
2025-08-21 22:00:00-07:00,TH_NP15_GEN-APND,57.84475
2025-08-21 22:00:00-07:00,TH_SP15_GEN-APND,62.47955
2025-08-21 22:00:00-07:00,TH_ZP26_GEN-APND,60.24339
2025-08-21 23:00:00-07:00,TH_NP15_GEN-APND,51.29502
2025-08-21 23:00:00-07:00,TH_SP15_GEN-APND,53.68752
2025-08-21 23:00:00-07:00,TH_ZP26_GEN-APND,52.88631
2025-08-22 00:00:00-07:00,TH_NP15_GEN-APND,47.914
2025-08-22 00:00:00-07:00,TH_SP15_GEN-APND,61.20342
2025-08-22 00:00:00-07:00,TH_ZP26_GEN-APND,47.9829
2025-08-22 01:00:00-07:00,TH_NP15_GEN-APND,48.09261
2025-08-22 01:00:00-07:00,TH_SP15_GEN-APND,53.83805
2025-08-22 01:00:00-07:00,TH_ZP26_GEN-APND,49.0767
2025-08-22 02:00:00-07:00,TH_NP15_GEN-APND,47.44176
2025-08-22 02:00:00-07:00,TH_SP15_GEN-APND,51.66014
2025-08-22 02:00:00-07:00,TH_ZP26_GEN-APND,48.60461
2025-08-22 03:00:00-07:00,TH_NP15_GEN-APND,44.88138
2025-08-22 03:00:00-07:00,TH_SP15_GEN-APND,50.98761
2025-08-22 03:00:00-07:00,TH_ZP26_GEN-APND,45.6429
2025-08-22 04:00:00-07:00,TH_NP15_GEN-APND,45.49398
2025-08-22 04:00:00-07:00,TH_SP15_GEN-APND,51.13386
2025-08-22 04:00:00-07:00,TH_ZP26_GEN-APND,46.23203
2025-08-22 05:00:00-07:00,TH_NP15_GEN-APND,49.81162
2025-08-22 05:00:00-07:00,TH_SP15_GEN-APND,53.26913
2025-08-22 05:00:00-07:00,TH_ZP26_GEN-APND,51.89006
2025-08-22 06:00:00-07:00,TH_NP15_GEN-APND,54.82908
2025-08-22 06:00:00-07:00,TH_SP15_GEN-APND,60.42953
2025-08-22 06:00:00-07:00,TH_ZP26_GEN-APND,56.60102
2025-08-22 07:00:00-07:00,TH_NP15_GEN-APND,47.43586
2025-08-22 07:00:00-07:00,TH_SP15_GEN-APND,49.06958
2025-08-22 07:00:00-07:00,TH_ZP26_GEN-APND,48.2622
2025-08-22 08:00:00-07:00,TH_NP15_GEN-APND,42.30978
2025-08-22 08:00:00-07:00,TH_SP15_GEN-APND,46.79016
2025-08-22 08:00:00-07:00,TH_ZP26_GEN-APND,40.93386
2025-08-22 09:00:00-07:00,TH_NP15_GEN-APND,42.51244
2025-08-22 09:00:00-07:00,TH_SP15_GEN-APND,48.04627
2025-08-22 09:00:00-07:00,TH_ZP26_GEN-APND,38.57375
2025-08-22 10:00:00-07:00,TH_NP15_GEN-APND,42.57304
2025-08-22 10:00:00-07:00,TH_SP15_GEN-APND,48.2985
2025-08-22 10:00:00-07:00,TH_ZP26_GEN-APND,37.25558
2025-08-22 11:00:00-07:00,TH_NP15_GEN-APND,39.79
2025-08-22 11:00:00-07:00,TH_SP15_GEN-APND,46.41629
2025-08-22 11:00:00-07:00,TH_ZP26_GEN-APND,32.54391
2025-08-22 12:00:00-07:00,TH_NP15_GEN-APND,44.84114
2025-08-22 12:00:00-07:00,TH_SP15_GEN-APND,46.86749
2025-08-22 12:00:00-07:00,TH_ZP26_GEN-APND,34.86334
2025-08-22 13:00:00-07:00,TH_NP15_GEN-APND,47.33516
2025-08-22 13:00:00-07:00,TH_SP15_GEN-APND,49.63746
2025-08-22 13:00:00-07:00,TH_ZP26_GEN-APND,35.69798
2025-08-22 14:00:00-07:00,TH_NP15_GEN-APND,50.40128
2025-08-22 14:00:00-07:00,TH_SP15_GEN-APND,55.67
2025-08-22 14:00:00-07:00,TH_ZP26_GEN-APND,35.27648
2025-08-22 15:00:00-07:00,TH_NP15_GEN-APND,57.84442
2025-08-22 15:00:00-07:00,TH_SP15_GEN-APND,59.66307
2025-08-22 15:00:00-07:00,TH_ZP26_GEN-APND,41.53115
2025-08-22 16:00:00-07:00,TH_NP15_GEN-APND,58.92786
2025-08-22 16:00:00-07:00,TH_SP15_GEN-APND,61.56426
2025-08-22 16:00:00-07:00,TH_ZP26_GEN-APND,46.37962
2025-08-22 17:00:00-07:00,TH_NP15_GEN-APND,63.01049
2025-08-22 17:00:00-07:00,TH_SP15_GEN-APND,71.11147
2025-08-22 17:00:00-07:00,TH_ZP26_GEN-APND,55.33517
2025-08-22 18:00:00-07:00,TH_NP15_GEN-APND,89.55
2025-08-22 18:00:00-07:00,TH_SP15_GEN-APND,95.71428
2025-08-22 18:00:00-07:00,TH_ZP26_GEN-APND,83.56164
2025-08-22 19:00:00-07:00,TH_NP15_GEN-APND,106.40957
2025-08-22 19:00:00-07:00,TH_SP15_GEN-APND,112.58687
2025-08-22 19:00:00-07:00,TH_ZP26_GEN-APND,103.28838
2025-08-22 20:00:00-07:00,TH_NP15_GEN-APND,82.55192
2025-08-22 20:00:00-07:00,TH_SP15_GEN-APND,87.67549
2025-08-22 20:00:00-07:00,TH_ZP26_GEN-APND,78.43683
2025-08-22 21:00:00-07:00,TH_NP15_GEN-APND,63.02022
2025-08-22 21:00:00-07:00,TH_SP15_GEN-APND,73.91526
2025-08-22 21:00:00-07:00,TH_ZP26_GEN-APND,60.6412
2025-08-22 22:00:00-07:00,TH_NP15_GEN-APND,54.6593
2025-08-22 22:00:00-07:00,TH_SP15_GEN-APND,63.2453
2025-08-22 22:00:00-07:00,TH_ZP26_GEN-APND,54.63784
2025-08-22 23:00:00-07:00,TH_NP15_GEN-APND,50.06506
2025-08-22 23:00:00-07:00,TH_SP15_GEN-APND,61.38459
2025-08-22 23:00:00-07:00,TH_ZP26_GEN-APND,50.35625
2025-08-23 00:00:00-07:00,TH_NP15_GEN-APND,52.48455
2025-08-23 00:00:00-07:00,TH_SP15_GEN-APND,55.77063
2025-08-23 00:00:00-07:00,TH_ZP26_GEN-APND,54.43936
2025-08-23 01:00:00-07:00,TH_NP15_GEN-APND,50.46485
2025-08-23 01:00:00-07:00,TH_SP15_GEN-APND,51.61622
2025-08-23 01:00:00-07:00,TH_ZP26_GEN-APND,52.02179
2025-08-23 02:00:00-07:00,TH_NP15_GEN-APND,46.54756
2025-08-23 02:00:00-07:00,TH_SP15_GEN-APND,47.44232
2025-08-23 02:00:00-07:00,TH_ZP26_GEN-APND,47.63707
2025-08-23 03:00:00-07:00,TH_NP15_GEN-APND,45.12186
2025-08-23 03:00:00-07:00,TH_SP15_GEN-APND,46.41858
2025-08-23 03:00:00-07:00,TH_ZP26_GEN-APND,46.09438
2025-08-23 04:00:00-07:00,TH_NP15_GEN-APND,45.71727
2025-08-23 04:00:00-07:00,TH_SP15_GEN-APND,46.33143
2025-08-23 04:00:00-07:00,TH_ZP26_GEN-APND,46.41421
2025-08-23 05:00:00-07:00,TH_NP15_GEN-APND,46.07401
2025-08-23 05:00:00-07:00,TH_SP15_GEN-APND,45.62482
2025-08-23 05:00:00-07:00,TH_ZP26_GEN-APND,47.08784
2025-08-23 06:00:00-07:00,TH_NP15_GEN-APND,45.49448
2025-08-23 06:00:00-07:00,TH_SP15_GEN-APND,46.79331
2025-08-23 06:00:00-07:00,TH_ZP26_GEN-APND,47.08733
2025-08-23 07:00:00-07:00,TH_NP15_GEN-APND,44.76958
2025-08-23 07:00:00-07:00,TH_SP15_GEN-APND,43.69196
2025-08-23 07:00:00-07:00,TH_ZP26_GEN-APND,45.02251
2025-08-23 08:00:00-07:00,TH_NP15_GEN-APND,40.68577
2025-08-23 08:00:00-07:00,TH_SP15_GEN-APND,41.76965
2025-08-23 08:00:00-07:00,TH_ZP26_GEN-APND,40.93
2025-08-23 09:00:00-07:00,TH_NP15_GEN-APND,43.93739
2025-08-23 09:00:00-07:00,TH_SP15_GEN-APND,42.45871
2025-08-23 09:00:00-07:00,TH_ZP26_GEN-APND,38.53437
2025-08-23 10:00:00-07:00,TH_NP15_GEN-APND,44.28796
2025-08-23 10:00:00-07:00,TH_SP15_GEN-APND,44.8758
2025-08-23 10:00:00-07:00,TH_ZP26_GEN-APND,38.8674
2025-08-23 11:00:00-07:00,TH_NP15_GEN-APND,44.41045
2025-08-23 11:00:00-07:00,TH_SP15_GEN-APND,44.98799
2025-08-23 11:00:00-07:00,TH_ZP26_GEN-APND,37.3483
2025-08-23 12:00:00-07:00,TH_NP15_GEN-APND,44.6967
2025-08-23 12:00:00-07:00,TH_SP15_GEN-APND,45.0101
2025-08-23 12:00:00-07:00,TH_ZP26_GEN-APND,37.10703
2025-08-23 13:00:00-07:00,TH_NP15_GEN-APND,45.64171
2025-08-23 13:00:00-07:00,TH_SP15_GEN-APND,45.72178
2025-08-23 13:00:00-07:00,TH_ZP26_GEN-APND,37.4411
2025-08-23 14:00:00-07:00,TH_NP15_GEN-APND,45.64511
2025-08-23 14:00:00-07:00,TH_SP15_GEN-APND,50.84761
2025-08-23 14:00:00-07:00,TH_ZP26_GEN-APND,37.74006
2025-08-23 15:00:00-07:00,TH_NP15_GEN-APND,48.66452
2025-08-23 15:00:00-07:00,TH_SP15_GEN-APND,57.00735
2025-08-23 15:00:00-07:00,TH_ZP26_GEN-APND,40.91939
2025-08-23 16:00:00-07:00,TH_NP15_GEN-APND,51.25602
2025-08-23 16:00:00-07:00,TH_SP15_GEN-APND,57.98305
2025-08-23 16:00:00-07:00,TH_ZP26_GEN-APND,43.30162
2025-08-23 17:00:00-07:00,TH_NP15_GEN-APND,58.38745
2025-08-23 17:00:00-07:00,TH_SP15_GEN-APND,62.97721
2025-08-23 17:00:00-07:00,TH_ZP26_GEN-APND,55.13
2025-08-23 18:00:00-07:00,TH_NP15_GEN-APND,71.52914
2025-08-23 18:00:00-07:00,TH_SP15_GEN-APND,72.92775
2025-08-23 18:00:00-07:00,TH_ZP26_GEN-APND,45.99
2025-08-23 19:00:00-07:00,TH_NP15_GEN-APND,82.09831
2025-08-23 19:00:00-07:00,TH_SP15_GEN-APND,83.77043
2025-08-23 19:00:00-07:00,TH_ZP26_GEN-APND,53.44
2025-08-23 20:00:00-07:00,TH_NP15_GEN-APND,66.33423
2025-08-23 20:00:00-07:00,TH_SP15_GEN-APND,69.0
2025-08-23 20:00:00-07:00,TH_ZP26_GEN-APND,47.76
2025-08-23 21:00:00-07:00,TH_NP15_GEN-APND,60.0
2025-08-23 21:00:00-07:00,TH_SP15_GEN-APND,65.39081
2025-08-23 21:00:00-07:00,TH_ZP26_GEN-APND,64.19935
2025-08-23 22:00:00-07:00,TH_NP15_GEN-APND,55.39784
2025-08-23 22:00:00-07:00,TH_SP15_GEN-APND,58.60459
2025-08-23 22:00:00-07:00,TH_ZP26_GEN-APND,57.91189
2025-08-23 23:00:00-07:00,TH_NP15_GEN-APND,45.52094
2025-08-23 23:00:00-07:00,TH_SP15_GEN-APND,55.69807
2025-08-23 23:00:00-07:00,TH_ZP26_GEN-APND,45.62785
2025-08-24 00:00:00-07:00,TH_NP15_GEN-APND,47.13457
2025-08-24 00:00:00-07:00,TH_SP15_GEN-APND,53.27846
2025-08-24 00:00:00-07:00,TH_ZP26_GEN-APND,47.46215
2025-08-24 01:00:00-07:00,TH_NP15_GEN-APND,49.28657
2025-08-24 01:00:00-07:00,TH_SP15_GEN-APND,49.7548
2025-08-24 01:00:00-07:00,TH_ZP26_GEN-APND,50.66406
2025-08-24 02:00:00-07:00,TH_NP15_GEN-APND,47.35752
2025-08-24 02:00:00-07:00,TH_SP15_GEN-APND,47.67864
2025-08-24 02:00:00-07:00,TH_ZP26_GEN-APND,48.4523
2025-08-24 03:00:00-07:00,TH_NP15_GEN-APND,45.12
2025-08-24 03:00:00-07:00,TH_SP15_GEN-APND,44.80354
2025-08-24 03:00:00-07:00,TH_ZP26_GEN-APND,46.34811
2025-08-24 04:00:00-07:00,TH_NP15_GEN-APND,45.23081
2025-08-24 04:00:00-07:00,TH_SP15_GEN-APND,44.81404
2025-08-24 04:00:00-07:00,TH_ZP26_GEN-APND,46.34811
2025-08-24 05:00:00-07:00,TH_NP15_GEN-APND,43.68434
2025-08-24 05:00:00-07:00,TH_SP15_GEN-APND,43.18355
2025-08-24 05:00:00-07:00,TH_ZP26_GEN-APND,44.67045
2025-08-24 06:00:00-07:00,TH_NP15_GEN-APND,43.3238
2025-08-24 06:00:00-07:00,TH_SP15_GEN-APND,43.10284
2025-08-24 06:00:00-07:00,TH_ZP26_GEN-APND,44.70696
2025-08-24 07:00:00-07:00,TH_NP15_GEN-APND,38.15709
2025-08-24 07:00:00-07:00,TH_SP15_GEN-APND,37.15391
2025-08-24 07:00:00-07:00,TH_ZP26_GEN-APND,38.8
2025-08-24 08:00:00-07:00,TH_NP15_GEN-APND,34.54407
2025-08-24 08:00:00-07:00,TH_SP15_GEN-APND,33.64319
2025-08-24 08:00:00-07:00,TH_ZP26_GEN-APND,34.99943
2025-08-24 09:00:00-07:00,TH_NP15_GEN-APND,35.20986
2025-08-24 09:00:00-07:00,TH_SP15_GEN-APND,31.56436
2025-08-24 09:00:00-07:00,TH_ZP26_GEN-APND,32.80495
2025-08-24 10:00:00-07:00,TH_NP15_GEN-APND,34.09044
2025-08-24 10:00:00-07:00,TH_SP15_GEN-APND,32.27182
2025-08-24 10:00:00-07:00,TH_ZP26_GEN-APND,29.41221
2025-08-24 11:00:00-07:00,TH_NP15_GEN-APND,36.69439
2025-08-24 11:00:00-07:00,TH_SP15_GEN-APND,35.95517
2025-08-24 11:00:00-07:00,TH_ZP26_GEN-APND,28.86117
2025-08-24 12:00:00-07:00,TH_NP15_GEN-APND,40.26879
2025-08-24 12:00:00-07:00,TH_SP15_GEN-APND,36.40478
2025-08-24 12:00:00-07:00,TH_ZP26_GEN-APND,31.7
2025-08-24 13:00:00-07:00,TH_NP15_GEN-APND,43.26631
2025-08-24 13:00:00-07:00,TH_SP15_GEN-APND,37.57116
2025-08-24 13:00:00-07:00,TH_ZP26_GEN-APND,36.79055
2025-08-24 14:00:00-07:00,TH_NP15_GEN-APND,47.54219
2025-08-24 14:00:00-07:00,TH_SP15_GEN-APND,39.7
2025-08-24 14:00:00-07:00,TH_ZP26_GEN-APND,37.59886
2025-08-24 15:00:00-07:00,TH_NP15_GEN-APND,49.47812
2025-08-24 15:00:00-07:00,TH_SP15_GEN-APND,44.1544
2025-08-24 15:00:00-07:00,TH_ZP26_GEN-APND,39.65243
2025-08-24 16:00:00-07:00,TH_NP15_GEN-APND,52.04924
2025-08-24 16:00:00-07:00,TH_SP15_GEN-APND,53.15861
2025-08-24 16:00:00-07:00,TH_ZP26_GEN-APND,43.85535
2025-08-24 17:00:00-07:00,TH_NP15_GEN-APND,57.92507
2025-08-24 17:00:00-07:00,TH_SP15_GEN-APND,59.95911
2025-08-24 17:00:00-07:00,TH_ZP26_GEN-APND,57.30097
2025-08-24 18:00:00-07:00,TH_NP15_GEN-APND,76.30584
2025-08-24 18:00:00-07:00,TH_SP15_GEN-APND,75.46787
2025-08-24 18:00:00-07:00,TH_ZP26_GEN-APND,77.52049
2025-08-24 19:00:00-07:00,TH_NP15_GEN-APND,78.66595
2025-08-24 19:00:00-07:00,TH_SP15_GEN-APND,78.11641
2025-08-24 19:00:00-07:00,TH_ZP26_GEN-APND,48.78
2025-08-24 20:00:00-07:00,TH_NP15_GEN-APND,67.38697
2025-08-24 20:00:00-07:00,TH_SP15_GEN-APND,66.73988
2025-08-24 20:00:00-07:00,TH_ZP26_GEN-APND,68.41108
2025-08-24 21:00:00-07:00,TH_NP15_GEN-APND,63.18137
2025-08-24 21:00:00-07:00,TH_SP15_GEN-APND,62.63065
2025-08-24 21:00:00-07:00,TH_ZP26_GEN-APND,64.57074
2025-08-24 22:00:00-07:00,TH_NP15_GEN-APND,58.09461
2025-08-24 22:00:00-07:00,TH_SP15_GEN-APND,58.0298
2025-08-24 22:00:00-07:00,TH_ZP26_GEN-APND,59.89781
2025-08-24 23:00:00-07:00,TH_NP15_GEN-APND,54.28465
2025-08-24 23:00:00-07:00,TH_SP15_GEN-APND,55.11404
2025-08-24 23:00:00-07:00,TH_ZP26_GEN-APND,55.75799
2025-08-25 00:00:00-07:00,TH_NP15_GEN-APND,48.82159
2025-08-25 00:00:00-07:00,TH_SP15_GEN-APND,49.87116
2025-08-25 00:00:00-07:00,TH_ZP26_GEN-APND,50.43077
2025-08-25 01:00:00-07:00,TH_NP15_GEN-APND,45.82877
2025-08-25 01:00:00-07:00,TH_SP15_GEN-APND,45.70877
2025-08-25 01:00:00-07:00,TH_ZP26_GEN-APND,46.57563
2025-08-25 02:00:00-07:00,TH_NP15_GEN-APND,45.23276
2025-08-25 02:00:00-07:00,TH_SP15_GEN-APND,45.6054
2025-08-25 02:00:00-07:00,TH_ZP26_GEN-APND,45.96199
2025-08-25 03:00:00-07:00,TH_NP15_GEN-APND,45.97198
2025-08-25 03:00:00-07:00,TH_SP15_GEN-APND,45.84759
2025-08-25 03:00:00-07:00,TH_ZP26_GEN-APND,47.33971
2025-08-25 04:00:00-07:00,TH_NP15_GEN-APND,46.70051
2025-08-25 04:00:00-07:00,TH_SP15_GEN-APND,46.49059
2025-08-25 04:00:00-07:00,TH_ZP26_GEN-APND,47.95579
2025-08-25 05:00:00-07:00,TH_NP15_GEN-APND,46.79565
2025-08-25 05:00:00-07:00,TH_SP15_GEN-APND,46.63685
2025-08-25 05:00:00-07:00,TH_ZP26_GEN-APND,47.96764
2025-08-25 06:00:00-07:00,TH_NP15_GEN-APND,56.82218
2025-08-25 06:00:00-07:00,TH_SP15_GEN-APND,58.04125
2025-08-25 06:00:00-07:00,TH_ZP26_GEN-APND,58.97605
2025-08-25 07:00:00-07:00,TH_NP15_GEN-APND,47.04989
2025-08-25 07:00:00-07:00,TH_SP15_GEN-APND,47.22278
2025-08-25 07:00:00-07:00,TH_ZP26_GEN-APND,47.90669
2025-08-25 08:00:00-07:00,TH_NP15_GEN-APND,41.94491
2025-08-25 08:00:00-07:00,TH_SP15_GEN-APND,40.94977
2025-08-25 08:00:00-07:00,TH_ZP26_GEN-APND,42.00395
2025-08-25 09:00:00-07:00,TH_NP15_GEN-APND,41.53461
2025-08-25 09:00:00-07:00,TH_SP15_GEN-APND,42.72821
2025-08-25 09:00:00-07:00,TH_ZP26_GEN-APND,37.67548
2025-08-25 10:00:00-07:00,TH_NP15_GEN-APND,41.62002
2025-08-25 10:00:00-07:00,TH_SP15_GEN-APND,42.98646
2025-08-25 10:00:00-07:00,TH_ZP26_GEN-APND,37.38892
2025-08-25 11:00:00-07:00,TH_NP15_GEN-APND,42.13662
2025-08-25 11:00:00-07:00,TH_SP15_GEN-APND,43.28
2025-08-25 11:00:00-07:00,TH_ZP26_GEN-APND,35.35406
2025-08-25 12:00:00-07:00,TH_NP15_GEN-APND,43.04062
2025-08-25 12:00:00-07:00,TH_SP15_GEN-APND,45.11328
2025-08-25 12:00:00-07:00,TH_ZP26_GEN-APND,36.32212
2025-08-25 13:00:00-07:00,TH_NP15_GEN-APND,45.86973
2025-08-25 13:00:00-07:00,TH_SP15_GEN-APND,50.3768
2025-08-25 13:00:00-07:00,TH_ZP26_GEN-APND,38.75135
2025-08-25 14:00:00-07:00,TH_NP15_GEN-APND,50.8593
2025-08-25 14:00:00-07:00,TH_SP15_GEN-APND,58.28
2025-08-25 14:00:00-07:00,TH_ZP26_GEN-APND,43.2312
2025-08-25 15:00:00-07:00,TH_NP15_GEN-APND,55.62428
2025-08-25 15:00:00-07:00,TH_SP15_GEN-APND,64.01465
2025-08-25 15:00:00-07:00,TH_ZP26_GEN-APND,47.75257
2025-08-25 16:00:00-07:00,TH_NP15_GEN-APND,59.96652
2025-08-25 16:00:00-07:00,TH_SP15_GEN-APND,65.2098
2025-08-25 16:00:00-07:00,TH_ZP26_GEN-APND,48.89609
2025-08-25 17:00:00-07:00,TH_NP15_GEN-APND,63.34
2025-08-25 17:00:00-07:00,TH_SP15_GEN-APND,67.22673
2025-08-25 17:00:00-07:00,TH_ZP26_GEN-APND,59.97299
2025-08-25 18:00:00-07:00,TH_NP15_GEN-APND,77.94174
2025-08-25 18:00:00-07:00,TH_SP15_GEN-APND,79.02595
2025-08-25 18:00:00-07:00,TH_ZP26_GEN-APND,78.2734
2025-08-25 19:00:00-07:00,TH_NP15_GEN-APND,78.13753
2025-08-25 19:00:00-07:00,TH_SP15_GEN-APND,78.91174
2025-08-25 19:00:00-07:00,TH_ZP26_GEN-APND,80.04481
2025-08-25 20:00:00-07:00,TH_NP15_GEN-APND,68.64
2025-08-25 20:00:00-07:00,TH_SP15_GEN-APND,69.64149
2025-08-25 20:00:00-07:00,TH_ZP26_GEN-APND,69.24623
2025-08-25 21:00:00-07:00,TH_NP15_GEN-APND,62.68315
2025-08-25 21:00:00-07:00,TH_SP15_GEN-APND,66.96699
2025-08-25 21:00:00-07:00,TH_ZP26_GEN-APND,65.93316
2025-08-25 22:00:00-07:00,TH_NP15_GEN-APND,54.42509
2025-08-25 22:00:00-07:00,TH_SP15_GEN-APND,58.78977
2025-08-25 22:00:00-07:00,TH_ZP26_GEN-APND,56.6717
2025-08-25 23:00:00-07:00,TH_NP15_GEN-APND,50.8943
2025-08-25 23:00:00-07:00,TH_SP15_GEN-APND,56.32691
2025-08-25 23:00:00-07:00,TH_ZP26_GEN-APND,53.77632
2025-08-26 00:00:00-07:00,TH_NP15_GEN-APND,45.81981
2025-08-26 00:00:00-07:00,TH_SP15_GEN-APND,46.25702
2025-08-26 00:00:00-07:00,TH_ZP26_GEN-APND,47.18217
2025-08-26 01:00:00-07:00,TH_NP15_GEN-APND,44.27863
2025-08-26 01:00:00-07:00,TH_SP15_GEN-APND,44.59982
2025-08-26 01:00:00-07:00,TH_ZP26_GEN-APND,45.39072
2025-08-26 02:00:00-07:00,TH_NP15_GEN-APND,42.84574
2025-08-26 02:00:00-07:00,TH_SP15_GEN-APND,42.50659
2025-08-26 02:00:00-07:00,TH_ZP26_GEN-APND,43.57961
2025-08-26 03:00:00-07:00,TH_NP15_GEN-APND,42.77166
2025-08-26 03:00:00-07:00,TH_SP15_GEN-APND,42.88032
2025-08-26 03:00:00-07:00,TH_ZP26_GEN-APND,43.43514
2025-08-26 04:00:00-07:00,TH_NP15_GEN-APND,42.27211
2025-08-26 04:00:00-07:00,TH_SP15_GEN-APND,41.97232
2025-08-26 04:00:00-07:00,TH_ZP26_GEN-APND,42.88359
2025-08-26 05:00:00-07:00,TH_NP15_GEN-APND,43.57342
2025-08-26 05:00:00-07:00,TH_SP15_GEN-APND,43.06928
2025-08-26 05:00:00-07:00,TH_ZP26_GEN-APND,44.08189
2025-08-26 06:00:00-07:00,TH_NP15_GEN-APND,52.12691
2025-08-26 06:00:00-07:00,TH_SP15_GEN-APND,52.60741
2025-08-26 06:00:00-07:00,TH_ZP26_GEN-APND,52.97804
2025-08-26 07:00:00-07:00,TH_NP15_GEN-APND,44.78305
2025-08-26 07:00:00-07:00,TH_SP15_GEN-APND,43.65948
2025-08-26 07:00:00-07:00,TH_ZP26_GEN-APND,44.56568
2025-08-26 08:00:00-07:00,TH_NP15_GEN-APND,42.42231
2025-08-26 08:00:00-07:00,TH_SP15_GEN-APND,41.5811
2025-08-26 08:00:00-07:00,TH_ZP26_GEN-APND,40.53812
2025-08-26 09:00:00-07:00,TH_NP15_GEN-APND,41.38968
2025-08-26 09:00:00-07:00,TH_SP15_GEN-APND,41.70827
2025-08-26 09:00:00-07:00,TH_ZP26_GEN-APND,36.1602
2025-08-26 10:00:00-07:00,TH_NP15_GEN-APND,39.91362
2025-08-26 10:00:00-07:00,TH_SP15_GEN-APND,39.74437
2025-08-26 10:00:00-07:00,TH_ZP26_GEN-APND,34.59589
2025-08-26 11:00:00-07:00,TH_NP15_GEN-APND,40.5166
2025-08-26 11:00:00-07:00,TH_SP15_GEN-APND,40.88053
2025-08-26 11:00:00-07:00,TH_ZP26_GEN-APND,34.93182
2025-08-26 12:00:00-07:00,TH_NP15_GEN-APND,41.32674
2025-08-26 12:00:00-07:00,TH_SP15_GEN-APND,42.48423
2025-08-26 12:00:00-07:00,TH_ZP26_GEN-APND,35.38277
2025-08-26 13:00:00-07:00,TH_NP15_GEN-APND,42.57063
2025-08-26 13:00:00-07:00,TH_SP15_GEN-APND,43.04117
2025-08-26 13:00:00-07:00,TH_ZP26_GEN-APND,36.04164
2025-08-26 14:00:00-07:00,TH_NP15_GEN-APND,45.96279
2025-08-26 14:00:00-07:00,TH_SP15_GEN-APND,45.72439
2025-08-26 14:00:00-07:00,TH_ZP26_GEN-APND,37.43631
2025-08-26 15:00:00-07:00,TH_NP15_GEN-APND,49.22601
2025-08-26 15:00:00-07:00,TH_SP15_GEN-APND,50.03267
2025-08-26 15:00:00-07:00,TH_ZP26_GEN-APND,39.81853
2025-08-26 16:00:00-07:00,TH_NP15_GEN-APND,46.04303
2025-08-26 16:00:00-07:00,TH_SP15_GEN-APND,48.12778
2025-08-26 16:00:00-07:00,TH_ZP26_GEN-APND,36.8377
2025-08-26 17:00:00-07:00,TH_NP15_GEN-APND,51.17991
2025-08-26 17:00:00-07:00,TH_SP15_GEN-APND,54.73996
2025-08-26 17:00:00-07:00,TH_ZP26_GEN-APND,47.175
2025-08-26 18:00:00-07:00,TH_NP15_GEN-APND,57.90921
2025-08-26 18:00:00-07:00,TH_SP15_GEN-APND,57.81081
2025-08-26 18:00:00-07:00,TH_ZP26_GEN-APND,56.64014
2025-08-26 19:00:00-07:00,TH_NP15_GEN-APND,64.38058
2025-08-26 19:00:00-07:00,TH_SP15_GEN-APND,63.62558
2025-08-26 19:00:00-07:00,TH_ZP26_GEN-APND,63.79796
2025-08-26 20:00:00-07:00,TH_NP15_GEN-APND,59.50692
2025-08-26 20:00:00-07:00,TH_SP15_GEN-APND,60.10368
2025-08-26 20:00:00-07:00,TH_ZP26_GEN-APND,60.15425
2025-08-26 21:00:00-07:00,TH_NP15_GEN-APND,54.18968
2025-08-26 21:00:00-07:00,TH_SP15_GEN-APND,59.14392
2025-08-26 21:00:00-07:00,TH_ZP26_GEN-APND,54.62798
2025-08-26 22:00:00-07:00,TH_NP15_GEN-APND,47.15121
2025-08-26 22:00:00-07:00,TH_SP15_GEN-APND,53.08444
2025-08-26 22:00:00-07:00,TH_ZP26_GEN-APND,47.62703
2025-08-26 23:00:00-07:00,TH_NP15_GEN-APND,46.54432
2025-08-26 23:00:00-07:00,TH_SP15_GEN-APND,47.73714
2025-08-26 23:00:00-07:00,TH_ZP26_GEN-APND,47.57649
2025-08-27 00:00:00-07:00,TH_NP15_GEN-APND,46.0652
2025-08-27 00:00:00-07:00,TH_SP15_GEN-APND,43.82082
2025-08-27 00:00:00-07:00,TH_ZP26_GEN-APND,45.31015
2025-08-27 01:00:00-07:00,TH_NP15_GEN-APND,44.31962
2025-08-27 01:00:00-07:00,TH_SP15_GEN-APND,41.58105
2025-08-27 01:00:00-07:00,TH_ZP26_GEN-APND,42.74465
2025-08-27 02:00:00-07:00,TH_NP15_GEN-APND,44.73817
2025-08-27 02:00:00-07:00,TH_SP15_GEN-APND,41.1165
2025-08-27 02:00:00-07:00,TH_ZP26_GEN-APND,42.47684
2025-08-27 03:00:00-07:00,TH_NP15_GEN-APND,43.67
2025-08-27 03:00:00-07:00,TH_SP15_GEN-APND,40.43274
2025-08-27 03:00:00-07:00,TH_ZP26_GEN-APND,41.69683
2025-08-27 04:00:00-07:00,TH_NP15_GEN-APND,44.71255
2025-08-27 04:00:00-07:00,TH_SP15_GEN-APND,41.01916
2025-08-27 04:00:00-07:00,TH_ZP26_GEN-APND,42.30309
2025-08-27 05:00:00-07:00,TH_NP15_GEN-APND,46.44
2025-08-27 05:00:00-07:00,TH_SP15_GEN-APND,41.77892
2025-08-27 05:00:00-07:00,TH_ZP26_GEN-APND,43.14217
2025-08-27 06:00:00-07:00,TH_NP15_GEN-APND,48.04966
2025-08-27 06:00:00-07:00,TH_SP15_GEN-APND,45.7519
2025-08-27 06:00:00-07:00,TH_ZP26_GEN-APND,46.52977
2025-08-27 07:00:00-07:00,TH_NP15_GEN-APND,42.45683
2025-08-27 07:00:00-07:00,TH_SP15_GEN-APND,40.57365
2025-08-27 07:00:00-07:00,TH_ZP26_GEN-APND,41.25958
2025-08-27 08:00:00-07:00,TH_NP15_GEN-APND,32.85646
2025-08-27 08:00:00-07:00,TH_SP15_GEN-APND,31.55095
2025-08-27 08:00:00-07:00,TH_ZP26_GEN-APND,31.6602
2025-08-27 09:00:00-07:00,TH_NP15_GEN-APND,31.05394
2025-08-27 09:00:00-07:00,TH_SP15_GEN-APND,30.5702
2025-08-27 09:00:00-07:00,TH_ZP26_GEN-APND,29.39125
2025-08-27 10:00:00-07:00,TH_NP15_GEN-APND,30.15091
2025-08-27 10:00:00-07:00,TH_SP15_GEN-APND,29.64276
2025-08-27 10:00:00-07:00,TH_ZP26_GEN-APND,28.27485
2025-08-27 11:00:00-07:00,TH_NP15_GEN-APND,30.26349
2025-08-27 11:00:00-07:00,TH_SP15_GEN-APND,29.63658
2025-08-27 11:00:00-07:00,TH_ZP26_GEN-APND,28.04019
2025-08-27 12:00:00-07:00,TH_NP15_GEN-APND,31.43276
2025-08-27 12:00:00-07:00,TH_SP15_GEN-APND,30.92928
2025-08-27 12:00:00-07:00,TH_ZP26_GEN-APND,28.76958
2025-08-27 13:00:00-07:00,TH_NP15_GEN-APND,33.10637
2025-08-27 13:00:00-07:00,TH_SP15_GEN-APND,29.59876
2025-08-27 13:00:00-07:00,TH_ZP26_GEN-APND,28.40369
2025-08-27 14:00:00-07:00,TH_NP15_GEN-APND,35.58942
2025-08-27 14:00:00-07:00,TH_SP15_GEN-APND,33.40934
2025-08-27 14:00:00-07:00,TH_ZP26_GEN-APND,30.49597
2025-08-27 15:00:00-07:00,TH_NP15_GEN-APND,40.00166
2025-08-27 15:00:00-07:00,TH_SP15_GEN-APND,36.06704
2025-08-27 15:00:00-07:00,TH_ZP26_GEN-APND,30.8694
2025-08-27 16:00:00-07:00,TH_NP15_GEN-APND,41.77957
2025-08-27 16:00:00-07:00,TH_SP15_GEN-APND,39.187
2025-08-27 16:00:00-07:00,TH_ZP26_GEN-APND,34.2787
2025-08-27 17:00:00-07:00,TH_NP15_GEN-APND,48.61512
2025-08-27 17:00:00-07:00,TH_SP15_GEN-APND,44.9478
2025-08-27 17:00:00-07:00,TH_ZP26_GEN-APND,44.94954
2025-08-27 18:00:00-07:00,TH_NP15_GEN-APND,53.56417
2025-08-27 18:00:00-07:00,TH_SP15_GEN-APND,50.30786
2025-08-27 18:00:00-07:00,TH_ZP26_GEN-APND,51.09986
2025-08-27 19:00:00-07:00,TH_NP15_GEN-APND,57.02364
2025-08-27 19:00:00-07:00,TH_SP15_GEN-APND,50.9672
2025-08-27 19:00:00-07:00,TH_ZP26_GEN-APND,53.57365
2025-08-27 20:00:00-07:00,TH_NP15_GEN-APND,54.5789
2025-08-27 20:00:00-07:00,TH_SP15_GEN-APND,49.53279
2025-08-27 20:00:00-07:00,TH_ZP26_GEN-APND,51.41939
2025-08-27 21:00:00-07:00,TH_NP15_GEN-APND,52.99201
2025-08-27 21:00:00-07:00,TH_SP15_GEN-APND,50.02372
2025-08-27 21:00:00-07:00,TH_ZP26_GEN-APND,51.29722
2025-08-27 22:00:00-07:00,TH_NP15_GEN-APND,51.09478
2025-08-27 22:00:00-07:00,TH_SP15_GEN-APND,48.52507
2025-08-27 22:00:00-07:00,TH_ZP26_GEN-APND,50.66319
2025-08-27 23:00:00-07:00,TH_NP15_GEN-APND,48.2465
2025-08-27 23:00:00-07:00,TH_SP15_GEN-APND,46.58069
2025-08-27 23:00:00-07:00,TH_ZP26_GEN-APND,48.20025
2025-08-28 00:00:00-07:00,TH_NP15_GEN-APND,44.27013
2025-08-28 00:00:00-07:00,TH_SP15_GEN-APND,42.73493
2025-08-28 00:00:00-07:00,TH_ZP26_GEN-APND,44.26036
2025-08-28 01:00:00-07:00,TH_NP15_GEN-APND,42.8499
2025-08-28 01:00:00-07:00,TH_SP15_GEN-APND,41.32939
2025-08-28 01:00:00-07:00,TH_ZP26_GEN-APND,43.0126
2025-08-28 02:00:00-07:00,TH_NP15_GEN-APND,42.86037
2025-08-28 02:00:00-07:00,TH_SP15_GEN-APND,40.82353
2025-08-28 02:00:00-07:00,TH_ZP26_GEN-APND,42.61775
2025-08-28 03:00:00-07:00,TH_NP15_GEN-APND,43.01046
2025-08-28 03:00:00-07:00,TH_SP15_GEN-APND,40.76271
2025-08-28 03:00:00-07:00,TH_ZP26_GEN-APND,42.4416
2025-08-28 04:00:00-07:00,TH_NP15_GEN-APND,43.13854
2025-08-28 04:00:00-07:00,TH_SP15_GEN-APND,40.95289
2025-08-28 04:00:00-07:00,TH_ZP26_GEN-APND,42.71816
2025-08-28 05:00:00-07:00,TH_NP15_GEN-APND,44.33335
2025-08-28 05:00:00-07:00,TH_SP15_GEN-APND,41.1291
2025-08-28 05:00:00-07:00,TH_ZP26_GEN-APND,42.92583
2025-08-28 06:00:00-07:00,TH_NP15_GEN-APND,47.46734
2025-08-28 06:00:00-07:00,TH_SP15_GEN-APND,47.46518
2025-08-28 06:00:00-07:00,TH_ZP26_GEN-APND,48.10794
2025-08-28 07:00:00-07:00,TH_NP15_GEN-APND,44.11365
2025-08-28 07:00:00-07:00,TH_SP15_GEN-APND,42.45835
2025-08-28 07:00:00-07:00,TH_ZP26_GEN-APND,42.87965
2025-08-28 08:00:00-07:00,TH_NP15_GEN-APND,39.60093
2025-08-28 08:00:00-07:00,TH_SP15_GEN-APND,41.5121
2025-08-28 08:00:00-07:00,TH_ZP26_GEN-APND,38.8276
2025-08-28 09:00:00-07:00,TH_NP15_GEN-APND,34.17663
2025-08-28 09:00:00-07:00,TH_SP15_GEN-APND,41.01181
2025-08-28 09:00:00-07:00,TH_ZP26_GEN-APND,29.86737
2025-08-28 10:00:00-07:00,TH_NP15_GEN-APND,33.10019
2025-08-28 10:00:00-07:00,TH_SP15_GEN-APND,40.43984
2025-08-28 10:00:00-07:00,TH_ZP26_GEN-APND,28.36455
2025-08-28 11:00:00-07:00,TH_NP15_GEN-APND,33.15613
2025-08-28 11:00:00-07:00,TH_SP15_GEN-APND,39.66322
2025-08-28 11:00:00-07:00,TH_ZP26_GEN-APND,27.08876
2025-08-28 12:00:00-07:00,TH_NP15_GEN-APND,32.85875
2025-08-28 12:00:00-07:00,TH_SP15_GEN-APND,39.25396
2025-08-28 12:00:00-07:00,TH_ZP26_GEN-APND,26.22288
2025-08-28 13:00:00-07:00,TH_NP15_GEN-APND,34.30201
2025-08-28 13:00:00-07:00,TH_SP15_GEN-APND,39.48485
2025-08-28 13:00:00-07:00,TH_ZP26_GEN-APND,27.73607
2025-08-28 14:00:00-07:00,TH_NP15_GEN-APND,36.42924
2025-08-28 14:00:00-07:00,TH_SP15_GEN-APND,40.30887
2025-08-28 14:00:00-07:00,TH_ZP26_GEN-APND,29.14406
2025-08-28 15:00:00-07:00,TH_NP15_GEN-APND,38.10789
2025-08-28 15:00:00-07:00,TH_SP15_GEN-APND,47.71344
2025-08-28 15:00:00-07:00,TH_ZP26_GEN-APND,29.02424
2025-08-28 16:00:00-07:00,TH_NP15_GEN-APND,39.56656
2025-08-28 16:00:00-07:00,TH_SP15_GEN-APND,48.24844
2025-08-28 16:00:00-07:00,TH_ZP26_GEN-APND,32.60655
2025-08-28 17:00:00-07:00,TH_NP15_GEN-APND,49.16154
2025-08-28 17:00:00-07:00,TH_SP15_GEN-APND,48.42935
2025-08-28 17:00:00-07:00,TH_ZP26_GEN-APND,44.10748
2025-08-28 18:00:00-07:00,TH_NP15_GEN-APND,55.32453
2025-08-28 18:00:00-07:00,TH_SP15_GEN-APND,54.55923
2025-08-28 18:00:00-07:00,TH_ZP26_GEN-APND,54.22413
2025-08-28 19:00:00-07:00,TH_NP15_GEN-APND,55.87548
2025-08-28 19:00:00-07:00,TH_SP15_GEN-APND,55.12965
2025-08-28 19:00:00-07:00,TH_ZP26_GEN-APND,55.3425
2025-08-28 20:00:00-07:00,TH_NP15_GEN-APND,54.47984
2025-08-28 20:00:00-07:00,TH_SP15_GEN-APND,53.94376
2025-08-28 20:00:00-07:00,TH_ZP26_GEN-APND,53.81719
2025-08-28 21:00:00-07:00,TH_NP15_GEN-APND,51.81117
2025-08-28 21:00:00-07:00,TH_SP15_GEN-APND,54.48012
2025-08-28 21:00:00-07:00,TH_ZP26_GEN-APND,53.60483
2025-08-28 22:00:00-07:00,TH_NP15_GEN-APND,52.05147
2025-08-28 22:00:00-07:00,TH_SP15_GEN-APND,52.17002
2025-08-28 22:00:00-07:00,TH_ZP26_GEN-APND,53.07703
2025-08-28 23:00:00-07:00,TH_NP15_GEN-APND,46.18186
2025-08-28 23:00:00-07:00,TH_SP15_GEN-APND,45.24211
2025-08-28 23:00:00-07:00,TH_ZP26_GEN-APND,46.12442
2025-08-29 00:00:00-07:00,TH_NP15_GEN-APND,43.80915
2025-08-29 00:00:00-07:00,TH_SP15_GEN-APND,40.90611
2025-08-29 00:00:00-07:00,TH_ZP26_GEN-APND,42.87492
2025-08-29 01:00:00-07:00,TH_NP15_GEN-APND,41.99387
2025-08-29 01:00:00-07:00,TH_SP15_GEN-APND,39.04175
2025-08-29 01:00:00-07:00,TH_ZP26_GEN-APND,40.25269
2025-08-29 02:00:00-07:00,TH_NP15_GEN-APND,41.63984
2025-08-29 02:00:00-07:00,TH_SP15_GEN-APND,37.27533
2025-08-29 02:00:00-07:00,TH_ZP26_GEN-APND,38.6704
2025-08-29 03:00:00-07:00,TH_NP15_GEN-APND,40.7364
2025-08-29 03:00:00-07:00,TH_SP15_GEN-APND,36.98265
2025-08-29 03:00:00-07:00,TH_ZP26_GEN-APND,38.37146
2025-08-29 04:00:00-07:00,TH_NP15_GEN-APND,42.29599
2025-08-29 04:00:00-07:00,TH_SP15_GEN-APND,38.82719
2025-08-29 04:00:00-07:00,TH_ZP26_GEN-APND,39.65926
2025-08-29 05:00:00-07:00,TH_NP15_GEN-APND,42.68349
2025-08-29 05:00:00-07:00,TH_SP15_GEN-APND,39.37742
2025-08-29 05:00:00-07:00,TH_ZP26_GEN-APND,40.70642
2025-08-29 06:00:00-07:00,TH_NP15_GEN-APND,42.7775
2025-08-29 06:00:00-07:00,TH_SP15_GEN-APND,42.16955
2025-08-29 06:00:00-07:00,TH_ZP26_GEN-APND,42.53867
2025-08-29 07:00:00-07:00,TH_NP15_GEN-APND,37.64344
2025-08-29 07:00:00-07:00,TH_SP15_GEN-APND,35.66823
2025-08-29 07:00:00-07:00,TH_ZP26_GEN-APND,36.7346
2025-08-29 08:00:00-07:00,TH_NP15_GEN-APND,25.19536
2025-08-29 08:00:00-07:00,TH_SP15_GEN-APND,22.14289
2025-08-29 08:00:00-07:00,TH_ZP26_GEN-APND,22.56372
2025-08-29 09:00:00-07:00,TH_NP15_GEN-APND,25.25358
2025-08-29 09:00:00-07:00,TH_SP15_GEN-APND,21.09432
2025-08-29 09:00:00-07:00,TH_ZP26_GEN-APND,20.1348
2025-08-29 10:00:00-07:00,TH_NP15_GEN-APND,24.5021
2025-08-29 10:00:00-07:00,TH_SP15_GEN-APND,20.71989
2025-08-29 10:00:00-07:00,TH_ZP26_GEN-APND,19.53232
2025-08-29 11:00:00-07:00,TH_NP15_GEN-APND,24.55507
2025-08-29 11:00:00-07:00,TH_SP15_GEN-APND,20.67796
2025-08-29 11:00:00-07:00,TH_ZP26_GEN-APND,18.60597
2025-08-29 12:00:00-07:00,TH_NP15_GEN-APND,26.63606
2025-08-29 12:00:00-07:00,TH_SP15_GEN-APND,22.36682
2025-08-29 12:00:00-07:00,TH_ZP26_GEN-APND,20.49853
2025-08-29 13:00:00-07:00,TH_NP15_GEN-APND,27.49398
2025-08-29 13:00:00-07:00,TH_SP15_GEN-APND,22.49503
2025-08-29 13:00:00-07:00,TH_ZP26_GEN-APND,20.78983
2025-08-29 14:00:00-07:00,TH_NP15_GEN-APND,28.46467
2025-08-29 14:00:00-07:00,TH_SP15_GEN-APND,23.30608
2025-08-29 14:00:00-07:00,TH_ZP26_GEN-APND,21.8761
2025-08-29 15:00:00-07:00,TH_NP15_GEN-APND,30.51818
2025-08-29 15:00:00-07:00,TH_SP15_GEN-APND,24.96783
2025-08-29 15:00:00-07:00,TH_ZP26_GEN-APND,23.17574
2025-08-29 16:00:00-07:00,TH_NP15_GEN-APND,33.93939
2025-08-29 16:00:00-07:00,TH_SP15_GEN-APND,27.3432
2025-08-29 16:00:00-07:00,TH_ZP26_GEN-APND,26.30249
2025-08-29 17:00:00-07:00,TH_NP15_GEN-APND,42.6903
2025-08-29 17:00:00-07:00,TH_SP15_GEN-APND,38.82451
2025-08-29 17:00:00-07:00,TH_ZP26_GEN-APND,39.25501
2025-08-29 18:00:00-07:00,TH_NP15_GEN-APND,55.45607
2025-08-29 18:00:00-07:00,TH_SP15_GEN-APND,54.27203
2025-08-29 18:00:00-07:00,TH_ZP26_GEN-APND,54.47897
2025-08-29 19:00:00-07:00,TH_NP15_GEN-APND,57.40278
2025-08-29 19:00:00-07:00,TH_SP15_GEN-APND,54.96199
2025-08-29 19:00:00-07:00,TH_ZP26_GEN-APND,55.76258
2025-08-29 20:00:00-07:00,TH_NP15_GEN-APND,53.83225
2025-08-29 20:00:00-07:00,TH_SP15_GEN-APND,52.10004
2025-08-29 20:00:00-07:00,TH_ZP26_GEN-APND,52.53413
2025-08-29 21:00:00-07:00,TH_NP15_GEN-APND,52.28738
2025-08-29 21:00:00-07:00,TH_SP15_GEN-APND,52.31347
2025-08-29 21:00:00-07:00,TH_ZP26_GEN-APND,52.10846
2025-08-29 22:00:00-07:00,TH_NP15_GEN-APND,51.85266
2025-08-29 22:00:00-07:00,TH_SP15_GEN-APND,50.78358
2025-08-29 22:00:00-07:00,TH_ZP26_GEN-APND,51.74858
2025-08-29 23:00:00-07:00,TH_NP15_GEN-APND,48.02461
2025-08-29 23:00:00-07:00,TH_SP15_GEN-APND,46.82669
2025-08-29 23:00:00-07:00,TH_ZP26_GEN-APND,48.28278
2025-08-30 00:00:00-07:00,TH_NP15_GEN-APND,43.35919
2025-08-30 00:00:00-07:00,TH_SP15_GEN-APND,41.06778
2025-08-30 00:00:00-07:00,TH_ZP26_GEN-APND,43.80798
2025-08-30 01:00:00-07:00,TH_NP15_GEN-APND,42.72002
2025-08-30 01:00:00-07:00,TH_SP15_GEN-APND,41.03786
2025-08-30 01:00:00-07:00,TH_ZP26_GEN-APND,43.69351
2025-08-30 02:00:00-07:00,TH_NP15_GEN-APND,40.49243
2025-08-30 02:00:00-07:00,TH_SP15_GEN-APND,37.9883
2025-08-30 02:00:00-07:00,TH_ZP26_GEN-APND,40.6216
2025-08-30 03:00:00-07:00,TH_NP15_GEN-APND,41.57413
2025-08-30 03:00:00-07:00,TH_SP15_GEN-APND,39.69674
2025-08-30 03:00:00-07:00,TH_ZP26_GEN-APND,42.08737
2025-08-30 04:00:00-07:00,TH_NP15_GEN-APND,42.37177
2025-08-30 04:00:00-07:00,TH_SP15_GEN-APND,41.0055
2025-08-30 04:00:00-07:00,TH_ZP26_GEN-APND,43.51841
2025-08-30 05:00:00-07:00,TH_NP15_GEN-APND,42.73498
2025-08-30 05:00:00-07:00,TH_SP15_GEN-APND,41.65448
2025-08-30 05:00:00-07:00,TH_ZP26_GEN-APND,43.50884
2025-08-30 06:00:00-07:00,TH_NP15_GEN-APND,43.50617
2025-08-30 06:00:00-07:00,TH_SP15_GEN-APND,42.70461
2025-08-30 06:00:00-07:00,TH_ZP26_GEN-APND,43.87703
2025-08-30 07:00:00-07:00,TH_NP15_GEN-APND,33.27877
2025-08-30 07:00:00-07:00,TH_SP15_GEN-APND,30.03531
2025-08-30 07:00:00-07:00,TH_ZP26_GEN-APND,31.84139
2025-08-30 08:00:00-07:00,TH_NP15_GEN-APND,26.84026
2025-08-30 08:00:00-07:00,TH_SP15_GEN-APND,22.43802
2025-08-30 08:00:00-07:00,TH_ZP26_GEN-APND,22.82281
2025-08-30 09:00:00-07:00,TH_NP15_GEN-APND,27.96694
2025-08-30 09:00:00-07:00,TH_SP15_GEN-APND,21.92853
2025-08-30 09:00:00-07:00,TH_ZP26_GEN-APND,21.15575
2025-08-30 10:00:00-07:00,TH_NP15_GEN-APND,25.81989
2025-08-30 10:00:00-07:00,TH_SP15_GEN-APND,22.27905
2025-08-30 10:00:00-07:00,TH_ZP26_GEN-APND,21.41357
2025-08-30 11:00:00-07:00,TH_NP15_GEN-APND,29.01968
2025-08-30 11:00:00-07:00,TH_SP15_GEN-APND,24.32942
2025-08-30 11:00:00-07:00,TH_ZP26_GEN-APND,22.85155
2025-08-30 12:00:00-07:00,TH_NP15_GEN-APND,29.02
2025-08-30 12:00:00-07:00,TH_SP15_GEN-APND,23.99766
2025-08-30 12:00:00-07:00,TH_ZP26_GEN-APND,22.6727
2025-08-30 13:00:00-07:00,TH_NP15_GEN-APND,29.38941
2025-08-30 13:00:00-07:00,TH_SP15_GEN-APND,22.96611
2025-08-30 13:00:00-07:00,TH_ZP26_GEN-APND,22.48555
2025-08-30 14:00:00-07:00,TH_NP15_GEN-APND,31.90192
2025-08-30 14:00:00-07:00,TH_SP15_GEN-APND,23.0
2025-08-30 14:00:00-07:00,TH_ZP26_GEN-APND,23.18832
2025-08-30 15:00:00-07:00,TH_NP15_GEN-APND,36.93072
2025-08-30 15:00:00-07:00,TH_SP15_GEN-APND,27.54808
2025-08-30 15:00:00-07:00,TH_ZP26_GEN-APND,27.24821
2025-08-30 16:00:00-07:00,TH_NP15_GEN-APND,38.64607
2025-08-30 16:00:00-07:00,TH_SP15_GEN-APND,32.70795
2025-08-30 16:00:00-07:00,TH_ZP26_GEN-APND,33.37988
2025-08-30 17:00:00-07:00,TH_NP15_GEN-APND,47.51306
2025-08-30 17:00:00-07:00,TH_SP15_GEN-APND,41.01659
2025-08-30 17:00:00-07:00,TH_ZP26_GEN-APND,42.22445
2025-08-30 18:00:00-07:00,TH_NP15_GEN-APND,54.63607
2025-08-30 18:00:00-07:00,TH_SP15_GEN-APND,49.62821
2025-08-30 18:00:00-07:00,TH_ZP26_GEN-APND,50.60367
2025-08-30 19:00:00-07:00,TH_NP15_GEN-APND,65.02645
2025-08-30 19:00:00-07:00,TH_SP15_GEN-APND,59.62025
2025-08-30 19:00:00-07:00,TH_ZP26_GEN-APND,60.77201
2025-08-30 20:00:00-07:00,TH_NP15_GEN-APND,53.9162
2025-08-30 20:00:00-07:00,TH_SP15_GEN-APND,49.67691
2025-08-30 20:00:00-07:00,TH_ZP26_GEN-APND,51.27208
2025-08-30 21:00:00-07:00,TH_NP15_GEN-APND,50.99872
2025-08-30 21:00:00-07:00,TH_SP15_GEN-APND,50.20721
2025-08-30 21:00:00-07:00,TH_ZP26_GEN-APND,51.21157
2025-08-30 22:00:00-07:00,TH_NP15_GEN-APND,49.30451
2025-08-30 22:00:00-07:00,TH_SP15_GEN-APND,48.41989
2025-08-30 22:00:00-07:00,TH_ZP26_GEN-APND,49.71309
2025-08-30 23:00:00-07:00,TH_NP15_GEN-APND,49.00127
2025-08-30 23:00:00-07:00,TH_SP15_GEN-APND,48.05397
2025-08-30 23:00:00-07:00,TH_ZP26_GEN-APND,49.43386
2025-08-31 00:00:00-07:00,TH_NP15_GEN-APND,45.68105
2025-08-31 00:00:00-07:00,TH_SP15_GEN-APND,44.78109
2025-08-31 00:00:00-07:00,TH_ZP26_GEN-APND,45.60188
2025-08-31 01:00:00-07:00,TH_NP15_GEN-APND,44.94526
2025-08-31 01:00:00-07:00,TH_SP15_GEN-APND,43.84679
2025-08-31 01:00:00-07:00,TH_ZP26_GEN-APND,44.86452
2025-08-31 02:00:00-07:00,TH_NP15_GEN-APND,43.46398
2025-08-31 02:00:00-07:00,TH_SP15_GEN-APND,40.29554
2025-08-31 02:00:00-07:00,TH_ZP26_GEN-APND,42.95827
2025-08-31 03:00:00-07:00,TH_NP15_GEN-APND,41.62352
2025-08-31 03:00:00-07:00,TH_SP15_GEN-APND,40.22864
2025-08-31 03:00:00-07:00,TH_ZP26_GEN-APND,41.25609
2025-08-31 04:00:00-07:00,TH_NP15_GEN-APND,41.28047
2025-08-31 04:00:00-07:00,TH_SP15_GEN-APND,39.64912
2025-08-31 04:00:00-07:00,TH_ZP26_GEN-APND,40.73187
2025-08-31 05:00:00-07:00,TH_NP15_GEN-APND,40.52843
2025-08-31 05:00:00-07:00,TH_SP15_GEN-APND,38.99323
2025-08-31 05:00:00-07:00,TH_ZP26_GEN-APND,40.22821
2025-08-31 06:00:00-07:00,TH_NP15_GEN-APND,42.48493
2025-08-31 06:00:00-07:00,TH_SP15_GEN-APND,39.58572
2025-08-31 06:00:00-07:00,TH_ZP26_GEN-APND,42.03739
2025-08-31 07:00:00-07:00,TH_NP15_GEN-APND,32.2936
2025-08-31 07:00:00-07:00,TH_SP15_GEN-APND,29.53409
2025-08-31 07:00:00-07:00,TH_ZP26_GEN-APND,31.4011
2025-08-31 08:00:00-07:00,TH_NP15_GEN-APND,27.8341
2025-08-31 08:00:00-07:00,TH_SP15_GEN-APND,21.57754
2025-08-31 08:00:00-07:00,TH_ZP26_GEN-APND,22.08521
2025-08-31 09:00:00-07:00,TH_NP15_GEN-APND,28.55638
2025-08-31 09:00:00-07:00,TH_SP15_GEN-APND,21.38124
2025-08-31 09:00:00-07:00,TH_ZP26_GEN-APND,20.57119
2025-08-31 10:00:00-07:00,TH_NP15_GEN-APND,26.99108
2025-08-31 10:00:00-07:00,TH_SP15_GEN-APND,21.92385
2025-08-31 10:00:00-07:00,TH_ZP26_GEN-APND,21.15782
2025-08-31 11:00:00-07:00,TH_NP15_GEN-APND,29.69382
2025-08-31 11:00:00-07:00,TH_SP15_GEN-APND,23.55989
2025-08-31 11:00:00-07:00,TH_ZP26_GEN-APND,22.41803
2025-08-31 12:00:00-07:00,TH_NP15_GEN-APND,31.19024
2025-08-31 12:00:00-07:00,TH_SP15_GEN-APND,24.62969
2025-08-31 12:00:00-07:00,TH_ZP26_GEN-APND,23.48866
2025-08-31 13:00:00-07:00,TH_NP15_GEN-APND,32.27365
2025-08-31 13:00:00-07:00,TH_SP15_GEN-APND,25.12347
2025-08-31 13:00:00-07:00,TH_ZP26_GEN-APND,24.0
2025-08-31 14:00:00-07:00,TH_NP15_GEN-APND,36.89504
2025-08-31 14:00:00-07:00,TH_SP15_GEN-APND,28.57137
2025-08-31 14:00:00-07:00,TH_ZP26_GEN-APND,27.53123
2025-08-31 15:00:00-07:00,TH_NP15_GEN-APND,41.90095
2025-08-31 15:00:00-07:00,TH_SP15_GEN-APND,34.11098
2025-08-31 15:00:00-07:00,TH_ZP26_GEN-APND,33.33991
2025-08-31 16:00:00-07:00,TH_NP15_GEN-APND,45.50013
2025-08-31 16:00:00-07:00,TH_SP15_GEN-APND,39.22629
2025-08-31 16:00:00-07:00,TH_ZP26_GEN-APND,38.69111
2025-08-31 17:00:00-07:00,TH_NP15_GEN-APND,49.35738
2025-08-31 17:00:00-07:00,TH_SP15_GEN-APND,45.18912
2025-08-31 17:00:00-07:00,TH_ZP26_GEN-APND,45.51
2025-08-31 18:00:00-07:00,TH_NP15_GEN-APND,59.35111
2025-08-31 18:00:00-07:00,TH_SP15_GEN-APND,53.78327
2025-08-31 18:00:00-07:00,TH_ZP26_GEN-APND,54.20607
2025-08-31 19:00:00-07:00,TH_NP15_GEN-APND,68.1129
2025-08-31 19:00:00-07:00,TH_SP15_GEN-APND,65.18687
2025-08-31 19:00:00-07:00,TH_ZP26_GEN-APND,66.27294
2025-08-31 20:00:00-07:00,TH_NP15_GEN-APND,55.81027
2025-08-31 20:00:00-07:00,TH_SP15_GEN-APND,53.19875
2025-08-31 20:00:00-07:00,TH_ZP26_GEN-APND,54.66562
2025-08-31 21:00:00-07:00,TH_NP15_GEN-APND,51.9647
2025-08-31 21:00:00-07:00,TH_SP15_GEN-APND,53.49188
2025-08-31 21:00:00-07:00,TH_ZP26_GEN-APND,53.87159
2025-08-31 22:00:00-07:00,TH_NP15_GEN-APND,52.44315
2025-08-31 22:00:00-07:00,TH_SP15_GEN-APND,51.96966
2025-08-31 22:00:00-07:00,TH_ZP26_GEN-APND,52.62188
2025-08-31 23:00:00-07:00,TH_NP15_GEN-APND,47.60977
2025-08-31 23:00:00-07:00,TH_SP15_GEN-APND,47.78666
2025-08-31 23:00:00-07:00,TH_ZP26_GEN-APND,48.13227
2025-09-01 00:00:00-07:00,TH_NP15_GEN-APND,44.93664
2025-09-01 00:00:00-07:00,TH_SP15_GEN-APND,44.45862
2025-09-01 00:00:00-07:00,TH_ZP26_GEN-APND,44.62617
2025-09-01 01:00:00-07:00,TH_NP15_GEN-APND,41.7015
2025-09-01 01:00:00-07:00,TH_SP15_GEN-APND,40.92851
2025-09-01 01:00:00-07:00,TH_ZP26_GEN-APND,42.0468
2025-09-01 02:00:00-07:00,TH_NP15_GEN-APND,40.60714
2025-09-01 02:00:00-07:00,TH_SP15_GEN-APND,39.32543
2025-09-01 02:00:00-07:00,TH_ZP26_GEN-APND,40.0
2025-09-01 03:00:00-07:00,TH_NP15_GEN-APND,41.08
2025-09-01 03:00:00-07:00,TH_SP15_GEN-APND,40.09653
2025-09-01 03:00:00-07:00,TH_ZP26_GEN-APND,40.60429
2025-09-01 04:00:00-07:00,TH_NP15_GEN-APND,41.42401
2025-09-01 04:00:00-07:00,TH_SP15_GEN-APND,40.08084
2025-09-01 04:00:00-07:00,TH_ZP26_GEN-APND,40.71
2025-09-01 05:00:00-07:00,TH_NP15_GEN-APND,41.5769
2025-09-01 05:00:00-07:00,TH_SP15_GEN-APND,40.51609
2025-09-01 05:00:00-07:00,TH_ZP26_GEN-APND,41.04007
2025-09-01 06:00:00-07:00,TH_NP15_GEN-APND,41.65986
2025-09-01 06:00:00-07:00,TH_SP15_GEN-APND,40.05149
2025-09-01 06:00:00-07:00,TH_ZP26_GEN-APND,40.86718
2025-09-01 07:00:00-07:00,TH_NP15_GEN-APND,34.72566
2025-09-01 07:00:00-07:00,TH_SP15_GEN-APND,31.10031
2025-09-01 07:00:00-07:00,TH_ZP26_GEN-APND,32.93325
2025-09-01 08:00:00-07:00,TH_NP15_GEN-APND,31.95372
2025-09-01 08:00:00-07:00,TH_SP15_GEN-APND,26.25057
2025-09-01 08:00:00-07:00,TH_ZP26_GEN-APND,25.90475
2025-09-01 09:00:00-07:00,TH_NP15_GEN-APND,33.11841
2025-09-01 09:00:00-07:00,TH_SP15_GEN-APND,25.0191
2025-09-01 09:00:00-07:00,TH_ZP26_GEN-APND,22.85861
2025-09-01 10:00:00-07:00,TH_NP15_GEN-APND,33.04348
2025-09-01 10:00:00-07:00,TH_SP15_GEN-APND,25.52826
2025-09-01 10:00:00-07:00,TH_ZP26_GEN-APND,23.37889
2025-09-01 11:00:00-07:00,TH_NP15_GEN-APND,35.67551
2025-09-01 11:00:00-07:00,TH_SP15_GEN-APND,28.82783
2025-09-01 11:00:00-07:00,TH_ZP26_GEN-APND,26.47092
2025-09-01 12:00:00-07:00,TH_NP15_GEN-APND,37.4489
2025-09-01 12:00:00-07:00,TH_SP15_GEN-APND,28.6792
2025-09-01 12:00:00-07:00,TH_ZP26_GEN-APND,26.55658
2025-09-01 13:00:00-07:00,TH_NP15_GEN-APND,40.37534
2025-09-01 13:00:00-07:00,TH_SP15_GEN-APND,30.86217
2025-09-01 13:00:00-07:00,TH_ZP26_GEN-APND,28.56305
2025-09-01 14:00:00-07:00,TH_NP15_GEN-APND,43.13565
2025-09-01 14:00:00-07:00,TH_SP15_GEN-APND,31.79413
2025-09-01 14:00:00-07:00,TH_ZP26_GEN-APND,30.0
2025-09-01 15:00:00-07:00,TH_NP15_GEN-APND,44.42637
2025-09-01 15:00:00-07:00,TH_SP15_GEN-APND,36.47074
2025-09-01 15:00:00-07:00,TH_ZP26_GEN-APND,37.21978
2025-09-01 16:00:00-07:00,TH_NP15_GEN-APND,52.29182
2025-09-01 16:00:00-07:00,TH_SP15_GEN-APND,42.2257
2025-09-01 16:00:00-07:00,TH_ZP26_GEN-APND,41.34954
2025-09-01 17:00:00-07:00,TH_NP15_GEN-APND,60.61482
2025-09-01 17:00:00-07:00,TH_SP15_GEN-APND,53.30063
2025-09-01 17:00:00-07:00,TH_ZP26_GEN-APND,52.79717
2025-09-01 18:00:00-07:00,TH_NP15_GEN-APND,71.94816
2025-09-01 18:00:00-07:00,TH_SP15_GEN-APND,59.37527
2025-09-01 18:00:00-07:00,TH_ZP26_GEN-APND,60.2279
2025-09-01 19:00:00-07:00,TH_NP15_GEN-APND,72.02682
2025-09-01 19:00:00-07:00,TH_SP15_GEN-APND,64.82575
2025-09-01 19:00:00-07:00,TH_ZP26_GEN-APND,65.7419
2025-09-01 20:00:00-07:00,TH_NP15_GEN-APND,63.40295
2025-09-01 20:00:00-07:00,TH_SP15_GEN-APND,59.47209
2025-09-01 20:00:00-07:00,TH_ZP26_GEN-APND,60.44561
2025-09-01 21:00:00-07:00,TH_NP15_GEN-APND,56.59343
2025-09-01 21:00:00-07:00,TH_SP15_GEN-APND,56.4921
2025-09-01 21:00:00-07:00,TH_ZP26_GEN-APND,56.47174
2025-09-01 22:00:00-07:00,TH_NP15_GEN-APND,55.26734
2025-09-01 22:00:00-07:00,TH_SP15_GEN-APND,56.18795
2025-09-01 22:00:00-07:00,TH_ZP26_GEN-APND,56.21209
2025-09-01 23:00:00-07:00,TH_NP15_GEN-APND,51.01901
2025-09-01 23:00:00-07:00,TH_SP15_GEN-APND,52.7922
2025-09-01 23:00:00-07:00,TH_ZP26_GEN-APND,52.19705
2025-09-02 00:00:00-07:00,TH_NP15_GEN-APND,61.06009
2025-09-02 00:00:00-07:00,TH_SP15_GEN-APND,61.94301
2025-09-02 00:00:00-07:00,TH_ZP26_GEN-APND,64.22326
2025-09-02 01:00:00-07:00,TH_NP15_GEN-APND,53.34052
2025-09-02 01:00:00-07:00,TH_SP15_GEN-APND,55.60224
2025-09-02 01:00:00-07:00,TH_ZP26_GEN-APND,55.49084
2025-09-02 02:00:00-07:00,TH_NP15_GEN-APND,53.49319
2025-09-02 02:00:00-07:00,TH_SP15_GEN-APND,54.87858
2025-09-02 02:00:00-07:00,TH_ZP26_GEN-APND,55.14385
2025-09-02 03:00:00-07:00,TH_NP15_GEN-APND,52.88593
2025-09-02 03:00:00-07:00,TH_SP15_GEN-APND,54.88449
2025-09-02 03:00:00-07:00,TH_ZP26_GEN-APND,54.73446
2025-09-02 04:00:00-07:00,TH_NP15_GEN-APND,53.55938
2025-09-02 04:00:00-07:00,TH_SP15_GEN-APND,55.36788
2025-09-02 04:00:00-07:00,TH_ZP26_GEN-APND,55.42457
2025-09-02 05:00:00-07:00,TH_NP15_GEN-APND,55.61331
2025-09-02 05:00:00-07:00,TH_SP15_GEN-APND,56.06842
2025-09-02 05:00:00-07:00,TH_ZP26_GEN-APND,58.27156
2025-09-02 06:00:00-07:00,TH_NP15_GEN-APND,60.72932
2025-09-02 06:00:00-07:00,TH_SP15_GEN-APND,63.6296
2025-09-02 06:00:00-07:00,TH_ZP26_GEN-APND,62.73847
2025-09-02 07:00:00-07:00,TH_NP15_GEN-APND,55.4226
2025-09-02 07:00:00-07:00,TH_SP15_GEN-APND,56.2744
2025-09-02 07:00:00-07:00,TH_ZP26_GEN-APND,55.42083
2025-09-02 08:00:00-07:00,TH_NP15_GEN-APND,47.16693
2025-09-02 08:00:00-07:00,TH_SP15_GEN-APND,54.77574
2025-09-02 08:00:00-07:00,TH_ZP26_GEN-APND,45.38159
2025-09-02 09:00:00-07:00,TH_NP15_GEN-APND,43.95983
2025-09-02 09:00:00-07:00,TH_SP15_GEN-APND,54.08
2025-09-02 09:00:00-07:00,TH_ZP26_GEN-APND,37.98341
2025-09-02 10:00:00-07:00,TH_NP15_GEN-APND,43.32421
2025-09-02 10:00:00-07:00,TH_SP15_GEN-APND,54.47236
2025-09-02 10:00:00-07:00,TH_ZP26_GEN-APND,34.99267
2025-09-02 11:00:00-07:00,TH_NP15_GEN-APND,44.14922
2025-09-02 11:00:00-07:00,TH_SP15_GEN-APND,54.96232
2025-09-02 11:00:00-07:00,TH_ZP26_GEN-APND,34.4776
2025-09-02 12:00:00-07:00,TH_NP15_GEN-APND,46.62792
2025-09-02 12:00:00-07:00,TH_SP15_GEN-APND,54.96724
2025-09-02 12:00:00-07:00,TH_ZP26_GEN-APND,35.93783
2025-09-02 13:00:00-07:00,TH_NP15_GEN-APND,47.38
2025-09-02 13:00:00-07:00,TH_SP15_GEN-APND,54.83383
2025-09-02 13:00:00-07:00,TH_ZP26_GEN-APND,36.82292
2025-09-02 14:00:00-07:00,TH_NP15_GEN-APND,53.49227
2025-09-02 14:00:00-07:00,TH_SP15_GEN-APND,60.64698
2025-09-02 14:00:00-07:00,TH_ZP26_GEN-APND,43.04828
2025-09-02 15:00:00-07:00,TH_NP15_GEN-APND,59.92099
2025-09-02 15:00:00-07:00,TH_SP15_GEN-APND,64.05241
2025-09-02 15:00:00-07:00,TH_ZP26_GEN-APND,51.38556
2025-09-02 16:00:00-07:00,TH_NP15_GEN-APND,62.22878
2025-09-02 16:00:00-07:00,TH_SP15_GEN-APND,64.74456
2025-09-02 16:00:00-07:00,TH_ZP26_GEN-APND,55.39462
2025-09-02 17:00:00-07:00,TH_NP15_GEN-APND,72.36043
2025-09-02 17:00:00-07:00,TH_SP15_GEN-APND,69.78297
2025-09-02 17:00:00-07:00,TH_ZP26_GEN-APND,61.01284
2025-09-02 18:00:00-07:00,TH_NP15_GEN-APND,92.96666
2025-09-02 18:00:00-07:00,TH_SP15_GEN-APND,85.82555
2025-09-02 18:00:00-07:00,TH_ZP26_GEN-APND,80.20533
2025-09-02 19:00:00-07:00,TH_NP15_GEN-APND,92.29051
2025-09-02 19:00:00-07:00,TH_SP15_GEN-APND,88.93071
2025-09-02 19:00:00-07:00,TH_ZP26_GEN-APND,84.98537
2025-09-02 20:00:00-07:00,TH_NP15_GEN-APND,69.95831
2025-09-02 20:00:00-07:00,TH_SP15_GEN-APND,79.06544
2025-09-02 20:00:00-07:00,TH_ZP26_GEN-APND,65.72441
2025-09-02 21:00:00-07:00,TH_NP15_GEN-APND,57.03652
2025-09-02 21:00:00-07:00,TH_SP15_GEN-APND,79.90051
2025-09-02 21:00:00-07:00,TH_ZP26_GEN-APND,55.50035
2025-09-02 22:00:00-07:00,TH_NP15_GEN-APND,52.28965
2025-09-02 22:00:00-07:00,TH_SP15_GEN-APND,76.73578
2025-09-02 22:00:00-07:00,TH_ZP26_GEN-APND,49.87447
2025-09-02 23:00:00-07:00,TH_NP15_GEN-APND,47.1503
2025-09-02 23:00:00-07:00,TH_SP15_GEN-APND,73.39228
2025-09-02 23:00:00-07:00,TH_ZP26_GEN-APND,45.0
2025-09-03 00:00:00-07:00,TH_NP15_GEN-APND,64.67033
2025-09-03 00:00:00-07:00,TH_SP15_GEN-APND,67.20115
2025-09-03 00:00:00-07:00,TH_ZP26_GEN-APND,66.93119
2025-09-03 01:00:00-07:00,TH_NP15_GEN-APND,62.37146
2025-09-03 01:00:00-07:00,TH_SP15_GEN-APND,64.3834
2025-09-03 01:00:00-07:00,TH_ZP26_GEN-APND,64.34456
2025-09-03 02:00:00-07:00,TH_NP15_GEN-APND,57.21372
2025-09-03 02:00:00-07:00,TH_SP15_GEN-APND,58.3418
2025-09-03 02:00:00-07:00,TH_ZP26_GEN-APND,58.31172
2025-09-03 03:00:00-07:00,TH_NP15_GEN-APND,53.7318
2025-09-03 03:00:00-07:00,TH_SP15_GEN-APND,54.99754
2025-09-03 03:00:00-07:00,TH_ZP26_GEN-APND,54.76997
2025-09-03 04:00:00-07:00,TH_NP15_GEN-APND,54.06082
2025-09-03 04:00:00-07:00,TH_SP15_GEN-APND,55.14562
2025-09-03 04:00:00-07:00,TH_ZP26_GEN-APND,54.96351
2025-09-03 05:00:00-07:00,TH_NP15_GEN-APND,54.60532
2025-09-03 05:00:00-07:00,TH_SP15_GEN-APND,54.80804
2025-09-03 05:00:00-07:00,TH_ZP26_GEN-APND,55.31502
2025-09-03 06:00:00-07:00,TH_NP15_GEN-APND,64.96568
2025-09-03 06:00:00-07:00,TH_SP15_GEN-APND,65.64528
2025-09-03 06:00:00-07:00,TH_ZP26_GEN-APND,65.82231
2025-09-03 07:00:00-07:00,TH_NP15_GEN-APND,56.19117
2025-09-03 07:00:00-07:00,TH_SP15_GEN-APND,54.77087
2025-09-03 07:00:00-07:00,TH_ZP26_GEN-APND,54.76125
2025-09-03 08:00:00-07:00,TH_NP15_GEN-APND,47.16031
2025-09-03 08:00:00-07:00,TH_SP15_GEN-APND,45.2202
2025-09-03 08:00:00-07:00,TH_ZP26_GEN-APND,44.44817
2025-09-03 09:00:00-07:00,TH_NP15_GEN-APND,46.96882
2025-09-03 09:00:00-07:00,TH_SP15_GEN-APND,44.29845
2025-09-03 09:00:00-07:00,TH_ZP26_GEN-APND,39.68396
2025-09-03 10:00:00-07:00,TH_NP15_GEN-APND,48.08493
2025-09-03 10:00:00-07:00,TH_SP15_GEN-APND,41.80624
2025-09-03 10:00:00-07:00,TH_ZP26_GEN-APND,35.52611
2025-09-03 11:00:00-07:00,TH_NP15_GEN-APND,45.89533
2025-09-03 11:00:00-07:00,TH_SP15_GEN-APND,42.4641
2025-09-03 11:00:00-07:00,TH_ZP26_GEN-APND,35.88806
2025-09-03 12:00:00-07:00,TH_NP15_GEN-APND,48.66
2025-09-03 12:00:00-07:00,TH_SP15_GEN-APND,44.21167
2025-09-03 12:00:00-07:00,TH_ZP26_GEN-APND,35.59631
2025-09-03 13:00:00-07:00,TH_NP15_GEN-APND,48.84771
2025-09-03 13:00:00-07:00,TH_SP15_GEN-APND,44.38049
2025-09-03 13:00:00-07:00,TH_ZP26_GEN-APND,35.9907
2025-09-03 14:00:00-07:00,TH_NP15_GEN-APND,53.7536
2025-09-03 14:00:00-07:00,TH_SP15_GEN-APND,50.07013
2025-09-03 14:00:00-07:00,TH_ZP26_GEN-APND,39.8878
2025-09-03 15:00:00-07:00,TH_NP15_GEN-APND,59.6436
2025-09-03 15:00:00-07:00,TH_SP15_GEN-APND,57.22436
2025-09-03 15:00:00-07:00,TH_ZP26_GEN-APND,45.31612
2025-09-03 16:00:00-07:00,TH_NP15_GEN-APND,60.82414
2025-09-03 16:00:00-07:00,TH_SP15_GEN-APND,58.40655
2025-09-03 16:00:00-07:00,TH_ZP26_GEN-APND,45.13892
2025-09-03 17:00:00-07:00,TH_NP15_GEN-APND,69.63847
2025-09-03 17:00:00-07:00,TH_SP15_GEN-APND,65.25055
2025-09-03 17:00:00-07:00,TH_ZP26_GEN-APND,66.30734
2025-09-03 18:00:00-07:00,TH_NP15_GEN-APND,92.74377
2025-09-03 18:00:00-07:00,TH_SP15_GEN-APND,86.90274
2025-09-03 18:00:00-07:00,TH_ZP26_GEN-APND,87.9389
2025-09-03 19:00:00-07:00,TH_NP15_GEN-APND,99.0
2025-09-03 19:00:00-07:00,TH_SP15_GEN-APND,86.14363
2025-09-03 19:00:00-07:00,TH_ZP26_GEN-APND,86.74678
2025-09-03 20:00:00-07:00,TH_NP15_GEN-APND,81.07495
2025-09-03 20:00:00-07:00,TH_SP15_GEN-APND,72.93947
2025-09-03 20:00:00-07:00,TH_ZP26_GEN-APND,72.92355
2025-09-03 21:00:00-07:00,TH_NP15_GEN-APND,70.44586
2025-09-03 21:00:00-07:00,TH_SP15_GEN-APND,71.18101
2025-09-03 21:00:00-07:00,TH_ZP26_GEN-APND,67.18145
2025-09-03 22:00:00-07:00,TH_NP15_GEN-APND,63.27847
2025-09-03 22:00:00-07:00,TH_SP15_GEN-APND,67.51551
2025-09-03 22:00:00-07:00,TH_ZP26_GEN-APND,66.49428
2025-09-03 23:00:00-07:00,TH_NP15_GEN-APND,59.48021
2025-09-03 23:00:00-07:00,TH_SP15_GEN-APND,64.35622
2025-09-03 23:00:00-07:00,TH_ZP26_GEN-APND,60.3587
2025-09-04 00:00:00-07:00,TH_NP15_GEN-APND,52.40893
2025-09-04 00:00:00-07:00,TH_SP15_GEN-APND,53.75509
2025-09-04 00:00:00-07:00,TH_ZP26_GEN-APND,54.04819
2025-09-04 01:00:00-07:00,TH_NP15_GEN-APND,47.4424
2025-09-04 01:00:00-07:00,TH_SP15_GEN-APND,47.95618
2025-09-04 01:00:00-07:00,TH_ZP26_GEN-APND,48.26799
2025-09-04 02:00:00-07:00,TH_NP15_GEN-APND,46.63868
2025-09-04 02:00:00-07:00,TH_SP15_GEN-APND,46.78532
2025-09-04 02:00:00-07:00,TH_ZP26_GEN-APND,47.15594
2025-09-04 03:00:00-07:00,TH_NP15_GEN-APND,46.36366
2025-09-04 03:00:00-07:00,TH_SP15_GEN-APND,46.56366
2025-09-04 03:00:00-07:00,TH_ZP26_GEN-APND,46.6796
2025-09-04 04:00:00-07:00,TH_NP15_GEN-APND,46.7044
2025-09-04 04:00:00-07:00,TH_SP15_GEN-APND,46.6466
2025-09-04 04:00:00-07:00,TH_ZP26_GEN-APND,46.83382
2025-09-04 05:00:00-07:00,TH_NP15_GEN-APND,46.43606
2025-09-04 05:00:00-07:00,TH_SP15_GEN-APND,46.50969
2025-09-04 05:00:00-07:00,TH_ZP26_GEN-APND,46.63697
2025-09-04 06:00:00-07:00,TH_NP15_GEN-APND,56.7244
2025-09-04 06:00:00-07:00,TH_SP15_GEN-APND,57.93283
2025-09-04 06:00:00-07:00,TH_ZP26_GEN-APND,57.97188
2025-09-04 07:00:00-07:00,TH_NP15_GEN-APND,48.04698
2025-09-04 07:00:00-07:00,TH_SP15_GEN-APND,46.14836
2025-09-04 07:00:00-07:00,TH_ZP26_GEN-APND,46.39792
2025-09-04 08:00:00-07:00,TH_NP15_GEN-APND,41.1888
2025-09-04 08:00:00-07:00,TH_SP15_GEN-APND,37.53142
2025-09-04 08:00:00-07:00,TH_ZP26_GEN-APND,37.16314
2025-09-04 09:00:00-07:00,TH_NP15_GEN-APND,40.7737
2025-09-04 09:00:00-07:00,TH_SP15_GEN-APND,34.79215
2025-09-04 09:00:00-07:00,TH_ZP26_GEN-APND,32.66964
2025-09-04 10:00:00-07:00,TH_NP15_GEN-APND,39.00204
2025-09-04 10:00:00-07:00,TH_SP15_GEN-APND,33.71796
2025-09-04 10:00:00-07:00,TH_ZP26_GEN-APND,29.57401
2025-09-04 11:00:00-07:00,TH_NP15_GEN-APND,39.32892
2025-09-04 11:00:00-07:00,TH_SP15_GEN-APND,34.95555
2025-09-04 11:00:00-07:00,TH_ZP26_GEN-APND,30.74968
2025-09-04 12:00:00-07:00,TH_NP15_GEN-APND,40.6666
2025-09-04 12:00:00-07:00,TH_SP15_GEN-APND,35.3907
2025-09-04 12:00:00-07:00,TH_ZP26_GEN-APND,31.28703
2025-09-04 13:00:00-07:00,TH_NP15_GEN-APND,41.69015
2025-09-04 13:00:00-07:00,TH_SP15_GEN-APND,35.82834
2025-09-04 13:00:00-07:00,TH_ZP26_GEN-APND,33.33
2025-09-04 14:00:00-07:00,TH_NP15_GEN-APND,45.24816
2025-09-04 14:00:00-07:00,TH_SP15_GEN-APND,37.1989
2025-09-04 14:00:00-07:00,TH_ZP26_GEN-APND,34.09309
2025-09-04 15:00:00-07:00,TH_NP15_GEN-APND,49.24121
2025-09-04 15:00:00-07:00,TH_SP15_GEN-APND,40.57603
2025-09-04 15:00:00-07:00,TH_ZP26_GEN-APND,36.49401
2025-09-04 16:00:00-07:00,TH_NP15_GEN-APND,50.77372
2025-09-04 16:00:00-07:00,TH_SP15_GEN-APND,45.0
2025-09-04 16:00:00-07:00,TH_ZP26_GEN-APND,43.21196
2025-09-04 17:00:00-07:00,TH_NP15_GEN-APND,60.71756
2025-09-04 17:00:00-07:00,TH_SP15_GEN-APND,51.70137
2025-09-04 17:00:00-07:00,TH_ZP26_GEN-APND,49.48537
2025-09-04 18:00:00-07:00,TH_NP15_GEN-APND,77.37617
2025-09-04 18:00:00-07:00,TH_SP15_GEN-APND,58.57913
2025-09-04 18:00:00-07:00,TH_ZP26_GEN-APND,55.31175
2025-09-04 19:00:00-07:00,TH_NP15_GEN-APND,79.66205
2025-09-04 19:00:00-07:00,TH_SP15_GEN-APND,63.41953
2025-09-04 19:00:00-07:00,TH_ZP26_GEN-APND,60.74885
2025-09-04 20:00:00-07:00,TH_NP15_GEN-APND,72.8738
2025-09-04 20:00:00-07:00,TH_SP15_GEN-APND,58.09221
2025-09-04 20:00:00-07:00,TH_ZP26_GEN-APND,54.69998
2025-09-04 21:00:00-07:00,TH_NP15_GEN-APND,59.46923
2025-09-04 21:00:00-07:00,TH_SP15_GEN-APND,57.86504
2025-09-04 21:00:00-07:00,TH_ZP26_GEN-APND,56.93091
2025-09-04 22:00:00-07:00,TH_NP15_GEN-APND,52.84135
2025-09-04 22:00:00-07:00,TH_SP15_GEN-APND,53.21663
2025-09-04 22:00:00-07:00,TH_ZP26_GEN-APND,53.15943
2025-09-04 23:00:00-07:00,TH_NP15_GEN-APND,48.40441
2025-09-04 23:00:00-07:00,TH_SP15_GEN-APND,49.3653
2025-09-04 23:00:00-07:00,TH_ZP26_GEN-APND,49.63002
2025-09-05 00:00:00-07:00,TH_NP15_GEN-APND,44.30738
2025-09-05 00:00:00-07:00,TH_SP15_GEN-APND,44.70219
2025-09-05 00:00:00-07:00,TH_ZP26_GEN-APND,45.37836
2025-09-05 01:00:00-07:00,TH_NP15_GEN-APND,43.40566
2025-09-05 01:00:00-07:00,TH_SP15_GEN-APND,43.29774
2025-09-05 01:00:00-07:00,TH_ZP26_GEN-APND,43.90199
2025-09-05 02:00:00-07:00,TH_NP15_GEN-APND,42.1989
2025-09-05 02:00:00-07:00,TH_SP15_GEN-APND,41.57962
2025-09-05 02:00:00-07:00,TH_ZP26_GEN-APND,42.33253
2025-09-05 03:00:00-07:00,TH_NP15_GEN-APND,41.76389
2025-09-05 03:00:00-07:00,TH_SP15_GEN-APND,41.39939
2025-09-05 03:00:00-07:00,TH_ZP26_GEN-APND,41.90084
2025-09-05 04:00:00-07:00,TH_NP15_GEN-APND,42.54514
2025-09-05 04:00:00-07:00,TH_SP15_GEN-APND,41.421
2025-09-05 04:00:00-07:00,TH_ZP26_GEN-APND,42.49161
2025-09-05 05:00:00-07:00,TH_NP15_GEN-APND,46.28673
2025-09-05 05:00:00-07:00,TH_SP15_GEN-APND,46.27291
2025-09-05 05:00:00-07:00,TH_ZP26_GEN-APND,46.69539
2025-09-05 06:00:00-07:00,TH_NP15_GEN-APND,52.74067
2025-09-05 06:00:00-07:00,TH_SP15_GEN-APND,51.94227
2025-09-05 06:00:00-07:00,TH_ZP26_GEN-APND,52.55013
2025-09-05 07:00:00-07:00,TH_NP15_GEN-APND,44.21439
2025-09-05 07:00:00-07:00,TH_SP15_GEN-APND,41.39376
2025-09-05 07:00:00-07:00,TH_ZP26_GEN-APND,41.62742
2025-09-05 08:00:00-07:00,TH_NP15_GEN-APND,37.72402
2025-09-05 08:00:00-07:00,TH_SP15_GEN-APND,31.32751
2025-09-05 08:00:00-07:00,TH_ZP26_GEN-APND,30.59175
2025-09-05 09:00:00-07:00,TH_NP15_GEN-APND,39.19807
2025-09-05 09:00:00-07:00,TH_SP15_GEN-APND,28.24112
2025-09-05 09:00:00-07:00,TH_ZP26_GEN-APND,26.07838
2025-09-05 10:00:00-07:00,TH_NP15_GEN-APND,35.59228
2025-09-05 10:00:00-07:00,TH_SP15_GEN-APND,27.68077
2025-09-05 10:00:00-07:00,TH_ZP26_GEN-APND,23.82541
2025-09-05 11:00:00-07:00,TH_NP15_GEN-APND,36.64543
2025-09-05 11:00:00-07:00,TH_SP15_GEN-APND,29.24
2025-09-05 11:00:00-07:00,TH_ZP26_GEN-APND,24.84162
2025-09-05 12:00:00-07:00,TH_NP15_GEN-APND,37.52838
2025-09-05 12:00:00-07:00,TH_SP15_GEN-APND,29.97468
2025-09-05 12:00:00-07:00,TH_ZP26_GEN-APND,25.38971
2025-09-05 13:00:00-07:00,TH_NP15_GEN-APND,38.73691
2025-09-05 13:00:00-07:00,TH_SP15_GEN-APND,30.34405
2025-09-05 13:00:00-07:00,TH_ZP26_GEN-APND,25.96005
2025-09-05 14:00:00-07:00,TH_NP15_GEN-APND,40.0499
2025-09-05 14:00:00-07:00,TH_SP15_GEN-APND,29.90616
2025-09-05 14:00:00-07:00,TH_ZP26_GEN-APND,26.52763
2025-09-05 15:00:00-07:00,TH_NP15_GEN-APND,41.58117
2025-09-05 15:00:00-07:00,TH_SP15_GEN-APND,30.97791
2025-09-05 15:00:00-07:00,TH_ZP26_GEN-APND,29.00941
2025-09-05 16:00:00-07:00,TH_NP15_GEN-APND,42.52984
2025-09-05 16:00:00-07:00,TH_SP15_GEN-APND,34.90906
2025-09-05 16:00:00-07:00,TH_ZP26_GEN-APND,33.00046
2025-09-05 17:00:00-07:00,TH_NP15_GEN-APND,51.24163
2025-09-05 17:00:00-07:00,TH_SP15_GEN-APND,46.56629
2025-09-05 17:00:00-07:00,TH_ZP26_GEN-APND,45.45472
2025-09-05 18:00:00-07:00,TH_NP15_GEN-APND,65.55903
2025-09-05 18:00:00-07:00,TH_SP15_GEN-APND,48.63
2025-09-05 18:00:00-07:00,TH_ZP26_GEN-APND,45.40823
2025-09-05 19:00:00-07:00,TH_NP15_GEN-APND,66.21176
2025-09-05 19:00:00-07:00,TH_SP15_GEN-APND,52.15828
2025-09-05 19:00:00-07:00,TH_ZP26_GEN-APND,50.02999
2025-09-05 20:00:00-07:00,TH_NP15_GEN-APND,57.74
2025-09-05 20:00:00-07:00,TH_SP15_GEN-APND,50.71156
2025-09-05 20:00:00-07:00,TH_ZP26_GEN-APND,49.82681
2025-09-05 21:00:00-07:00,TH_NP15_GEN-APND,52.87796
2025-09-05 21:00:00-07:00,TH_SP15_GEN-APND,51.71738
2025-09-05 21:00:00-07:00,TH_ZP26_GEN-APND,50.97654
2025-09-05 22:00:00-07:00,TH_NP15_GEN-APND,50.7245
2025-09-05 22:00:00-07:00,TH_SP15_GEN-APND,50.81123
2025-09-05 22:00:00-07:00,TH_ZP26_GEN-APND,51.20947
2025-09-05 23:00:00-07:00,TH_NP15_GEN-APND,50.32235
2025-09-05 23:00:00-07:00,TH_SP15_GEN-APND,51.13345
2025-09-05 23:00:00-07:00,TH_ZP26_GEN-APND,51.49951
2025-09-06 00:00:00-07:00,TH_NP15_GEN-APND,48.85733
2025-09-06 00:00:00-07:00,TH_SP15_GEN-APND,47.86187
2025-09-06 00:00:00-07:00,TH_ZP26_GEN-APND,49.5234
2025-09-06 01:00:00-07:00,TH_NP15_GEN-APND,46.98614
2025-09-06 01:00:00-07:00,TH_SP15_GEN-APND,45.36687
2025-09-06 01:00:00-07:00,TH_ZP26_GEN-APND,47.33218
2025-09-06 02:00:00-07:00,TH_NP15_GEN-APND,45.63664
2025-09-06 02:00:00-07:00,TH_SP15_GEN-APND,43.97815
2025-09-06 02:00:00-07:00,TH_ZP26_GEN-APND,45.6134
2025-09-06 03:00:00-07:00,TH_NP15_GEN-APND,45.03122
2025-09-06 03:00:00-07:00,TH_SP15_GEN-APND,43.21338
2025-09-06 03:00:00-07:00,TH_ZP26_GEN-APND,45.0837
2025-09-06 04:00:00-07:00,TH_NP15_GEN-APND,45.69707
2025-09-06 04:00:00-07:00,TH_SP15_GEN-APND,43.89567
2025-09-06 04:00:00-07:00,TH_ZP26_GEN-APND,45.38088
2025-09-06 05:00:00-07:00,TH_NP15_GEN-APND,45.2853
2025-09-06 05:00:00-07:00,TH_SP15_GEN-APND,43.96592
2025-09-06 05:00:00-07:00,TH_ZP26_GEN-APND,45.19325
2025-09-06 06:00:00-07:00,TH_NP15_GEN-APND,50.09039
2025-09-06 06:00:00-07:00,TH_SP15_GEN-APND,48.50078
2025-09-06 06:00:00-07:00,TH_ZP26_GEN-APND,49.70178
2025-09-06 07:00:00-07:00,TH_NP15_GEN-APND,39.82787
2025-09-06 07:00:00-07:00,TH_SP15_GEN-APND,36.64423
2025-09-06 07:00:00-07:00,TH_ZP26_GEN-APND,38.04696
2025-09-06 08:00:00-07:00,TH_NP15_GEN-APND,29.4847
2025-09-06 08:00:00-07:00,TH_SP15_GEN-APND,18.90736
2025-09-06 08:00:00-07:00,TH_ZP26_GEN-APND,17.806
2025-09-06 09:00:00-07:00,TH_NP15_GEN-APND,28.80608
2025-09-06 09:00:00-07:00,TH_SP15_GEN-APND,16.81678
2025-09-06 09:00:00-07:00,TH_ZP26_GEN-APND,14.96424
2025-09-06 10:00:00-07:00,TH_NP15_GEN-APND,27.94246
2025-09-06 10:00:00-07:00,TH_SP15_GEN-APND,17.39385
2025-09-06 10:00:00-07:00,TH_ZP26_GEN-APND,14.9
2025-09-06 11:00:00-07:00,TH_NP15_GEN-APND,28.29972
2025-09-06 11:00:00-07:00,TH_SP15_GEN-APND,17.60776
2025-09-06 11:00:00-07:00,TH_ZP26_GEN-APND,14.94403
2025-09-06 12:00:00-07:00,TH_NP15_GEN-APND,27.3566
2025-09-06 12:00:00-07:00,TH_SP15_GEN-APND,16.1143
2025-09-06 12:00:00-07:00,TH_ZP26_GEN-APND,13.43599
2025-09-06 13:00:00-07:00,TH_NP15_GEN-APND,28.89782
2025-09-06 13:00:00-07:00,TH_SP15_GEN-APND,17.66134
2025-09-06 13:00:00-07:00,TH_ZP26_GEN-APND,14.94416
2025-09-06 14:00:00-07:00,TH_NP15_GEN-APND,30.0
2025-09-06 14:00:00-07:00,TH_SP15_GEN-APND,18.5732
2025-09-06 14:00:00-07:00,TH_ZP26_GEN-APND,16.54477
2025-09-06 15:00:00-07:00,TH_NP15_GEN-APND,31.60709
2025-09-06 15:00:00-07:00,TH_SP15_GEN-APND,20.9167
2025-09-06 15:00:00-07:00,TH_ZP26_GEN-APND,18.84512
2025-09-06 16:00:00-07:00,TH_NP15_GEN-APND,38.10863
2025-09-06 16:00:00-07:00,TH_SP15_GEN-APND,31.36038
2025-09-06 16:00:00-07:00,TH_ZP26_GEN-APND,31.14266
2025-09-06 17:00:00-07:00,TH_NP15_GEN-APND,48.25246
2025-09-06 17:00:00-07:00,TH_SP15_GEN-APND,45.20852
2025-09-06 17:00:00-07:00,TH_ZP26_GEN-APND,45.40227
2025-09-06 18:00:00-07:00,TH_NP15_GEN-APND,59.66606
2025-09-06 18:00:00-07:00,TH_SP15_GEN-APND,52.81547
2025-09-06 18:00:00-07:00,TH_ZP26_GEN-APND,53.31142
2025-09-06 19:00:00-07:00,TH_NP15_GEN-APND,66.92224
2025-09-06 19:00:00-07:00,TH_SP15_GEN-APND,54.40471
2025-09-06 19:00:00-07:00,TH_ZP26_GEN-APND,54.06203
2025-09-06 20:00:00-07:00,TH_NP15_GEN-APND,60.19431
2025-09-06 20:00:00-07:00,TH_SP15_GEN-APND,49.96257
2025-09-06 20:00:00-07:00,TH_ZP26_GEN-APND,49.80991
2025-09-06 21:00:00-07:00,TH_NP15_GEN-APND,53.36
2025-09-06 21:00:00-07:00,TH_SP15_GEN-APND,50.10926
2025-09-06 21:00:00-07:00,TH_ZP26_GEN-APND,50.49464
2025-09-06 22:00:00-07:00,TH_NP15_GEN-APND,49.05044
2025-09-06 22:00:00-07:00,TH_SP15_GEN-APND,47.84343
2025-09-06 22:00:00-07:00,TH_ZP26_GEN-APND,49.46611
2025-09-06 23:00:00-07:00,TH_NP15_GEN-APND,48.87778
2025-09-06 23:00:00-07:00,TH_SP15_GEN-APND,48.11424
2025-09-06 23:00:00-07:00,TH_ZP26_GEN-APND,50.03571
2025-09-07 00:00:00-07:00,TH_NP15_GEN-APND,46.50179
2025-09-07 00:00:00-07:00,TH_SP15_GEN-APND,45.75555
2025-09-07 00:00:00-07:00,TH_ZP26_GEN-APND,46.99518
2025-09-07 01:00:00-07:00,TH_NP15_GEN-APND,45.70279
2025-09-07 01:00:00-07:00,TH_SP15_GEN-APND,45.3137
2025-09-07 01:00:00-07:00,TH_ZP26_GEN-APND,46.43845
2025-09-07 02:00:00-07:00,TH_NP15_GEN-APND,44.8666
2025-09-07 02:00:00-07:00,TH_SP15_GEN-APND,43.7843
2025-09-07 02:00:00-07:00,TH_ZP26_GEN-APND,45.30916
2025-09-07 03:00:00-07:00,TH_NP15_GEN-APND,43.74248
2025-09-07 03:00:00-07:00,TH_SP15_GEN-APND,42.9
2025-09-07 03:00:00-07:00,TH_ZP26_GEN-APND,44.07482
2025-09-07 04:00:00-07:00,TH_NP15_GEN-APND,41.11748
2025-09-07 04:00:00-07:00,TH_SP15_GEN-APND,39.84375
2025-09-07 04:00:00-07:00,TH_ZP26_GEN-APND,41.16218
2025-09-07 05:00:00-07:00,TH_NP15_GEN-APND,45.11009
2025-09-07 05:00:00-07:00,TH_SP15_GEN-APND,44.3673
2025-09-07 05:00:00-07:00,TH_ZP26_GEN-APND,45.49784
2025-09-07 06:00:00-07:00,TH_NP15_GEN-APND,45.24
2025-09-07 06:00:00-07:00,TH_SP15_GEN-APND,43.84835
2025-09-07 06:00:00-07:00,TH_ZP26_GEN-APND,45.30802
2025-09-07 07:00:00-07:00,TH_NP15_GEN-APND,30.44683
2025-09-07 07:00:00-07:00,TH_SP15_GEN-APND,26.9063
2025-09-07 07:00:00-07:00,TH_ZP26_GEN-APND,28.84993
2025-09-07 08:00:00-07:00,TH_NP15_GEN-APND,30.85204
2025-09-07 08:00:00-07:00,TH_SP15_GEN-APND,14.35009
2025-09-07 08:00:00-07:00,TH_ZP26_GEN-APND,13.12712
2025-09-07 09:00:00-07:00,TH_NP15_GEN-APND,32.21
2025-09-07 09:00:00-07:00,TH_SP15_GEN-APND,10.38609
2025-09-07 09:00:00-07:00,TH_ZP26_GEN-APND,7.79205
2025-09-07 10:00:00-07:00,TH_NP15_GEN-APND,32.57839
2025-09-07 10:00:00-07:00,TH_SP15_GEN-APND,8.73374
2025-09-07 10:00:00-07:00,TH_ZP26_GEN-APND,5.31531
2025-09-07 11:00:00-07:00,TH_NP15_GEN-APND,33.38659
2025-09-07 11:00:00-07:00,TH_SP15_GEN-APND,11.30607
2025-09-07 11:00:00-07:00,TH_ZP26_GEN-APND,7.76744
2025-09-07 12:00:00-07:00,TH_NP15_GEN-APND,32.54767
2025-09-07 12:00:00-07:00,TH_SP15_GEN-APND,13.10241
2025-09-07 12:00:00-07:00,TH_ZP26_GEN-APND,9.84117
2025-09-07 13:00:00-07:00,TH_NP15_GEN-APND,34.20134
2025-09-07 13:00:00-07:00,TH_SP15_GEN-APND,13.63051
2025-09-07 13:00:00-07:00,TH_ZP26_GEN-APND,10.29108
2025-09-07 14:00:00-07:00,TH_NP15_GEN-APND,36.90393
2025-09-07 14:00:00-07:00,TH_SP15_GEN-APND,12.99443
2025-09-07 14:00:00-07:00,TH_ZP26_GEN-APND,9.16469
2025-09-07 15:00:00-07:00,TH_NP15_GEN-APND,38.87279
2025-09-07 15:00:00-07:00,TH_SP15_GEN-APND,21.45263
2025-09-07 15:00:00-07:00,TH_ZP26_GEN-APND,18.87766
2025-09-07 16:00:00-07:00,TH_NP15_GEN-APND,40.67281
2025-09-07 16:00:00-07:00,TH_SP15_GEN-APND,28.37948
2025-09-07 16:00:00-07:00,TH_ZP26_GEN-APND,26.67
2025-09-07 17:00:00-07:00,TH_NP15_GEN-APND,46.22487
2025-09-07 17:00:00-07:00,TH_SP15_GEN-APND,41.81513
2025-09-07 17:00:00-07:00,TH_ZP26_GEN-APND,42.17162
2025-09-07 18:00:00-07:00,TH_NP15_GEN-APND,53.70836
2025-09-07 18:00:00-07:00,TH_SP15_GEN-APND,46.64627
2025-09-07 18:00:00-07:00,TH_ZP26_GEN-APND,47.24979
2025-09-07 19:00:00-07:00,TH_NP15_GEN-APND,57.71482
2025-09-07 19:00:00-07:00,TH_SP15_GEN-APND,49.57455
2025-09-07 19:00:00-07:00,TH_ZP26_GEN-APND,50.56084
2025-09-07 20:00:00-07:00,TH_NP15_GEN-APND,54.5775
2025-09-07 20:00:00-07:00,TH_SP15_GEN-APND,46.99401
2025-09-07 20:00:00-07:00,TH_ZP26_GEN-APND,48.08933
2025-09-07 21:00:00-07:00,TH_NP15_GEN-APND,49.8641
2025-09-07 21:00:00-07:00,TH_SP15_GEN-APND,47.02825
2025-09-07 21:00:00-07:00,TH_ZP26_GEN-APND,48.35239
2025-09-07 22:00:00-07:00,TH_NP15_GEN-APND,49.26674
2025-09-07 22:00:00-07:00,TH_SP15_GEN-APND,47.1539
2025-09-07 22:00:00-07:00,TH_ZP26_GEN-APND,48.63222
2025-09-07 23:00:00-07:00,TH_NP15_GEN-APND,47.12535
2025-09-07 23:00:00-07:00,TH_SP15_GEN-APND,46.67127
2025-09-07 23:00:00-07:00,TH_ZP26_GEN-APND,47.97517
2025-09-08 00:00:00-07:00,TH_NP15_GEN-APND,44.21092
2025-09-08 00:00:00-07:00,TH_SP15_GEN-APND,42.22746
2025-09-08 00:00:00-07:00,TH_ZP26_GEN-APND,44.46671
2025-09-08 01:00:00-07:00,TH_NP15_GEN-APND,42.84675
2025-09-08 01:00:00-07:00,TH_SP15_GEN-APND,41.45047
2025-09-08 01:00:00-07:00,TH_ZP26_GEN-APND,43.21462
2025-09-08 02:00:00-07:00,TH_NP15_GEN-APND,41.76669
2025-09-08 02:00:00-07:00,TH_SP15_GEN-APND,40.32377
2025-09-08 02:00:00-07:00,TH_ZP26_GEN-APND,42.07332
2025-09-08 03:00:00-07:00,TH_NP15_GEN-APND,41.6931
2025-09-08 03:00:00-07:00,TH_SP15_GEN-APND,40.48642
2025-09-08 03:00:00-07:00,TH_ZP26_GEN-APND,42.12147
2025-09-08 04:00:00-07:00,TH_NP15_GEN-APND,42.54334
2025-09-08 04:00:00-07:00,TH_SP15_GEN-APND,41.55222
2025-09-08 04:00:00-07:00,TH_ZP26_GEN-APND,43.31305
2025-09-08 05:00:00-07:00,TH_NP15_GEN-APND,44.31976
2025-09-08 05:00:00-07:00,TH_SP15_GEN-APND,43.6781
2025-09-08 05:00:00-07:00,TH_ZP26_GEN-APND,45.41564
2025-09-08 06:00:00-07:00,TH_NP15_GEN-APND,49.71269
2025-09-08 06:00:00-07:00,TH_SP15_GEN-APND,49.48223
2025-09-08 06:00:00-07:00,TH_ZP26_GEN-APND,50.54948
2025-09-08 07:00:00-07:00,TH_NP15_GEN-APND,43.14659
2025-09-08 07:00:00-07:00,TH_SP15_GEN-APND,40.69011
2025-09-08 07:00:00-07:00,TH_ZP26_GEN-APND,41.9845
2025-09-08 08:00:00-07:00,TH_NP15_GEN-APND,35.59597
2025-09-08 08:00:00-07:00,TH_SP15_GEN-APND,21.79517
2025-09-08 08:00:00-07:00,TH_ZP26_GEN-APND,19.65466
2025-09-08 09:00:00-07:00,TH_NP15_GEN-APND,35.02561
2025-09-08 09:00:00-07:00,TH_SP15_GEN-APND,21.51065
2025-09-08 09:00:00-07:00,TH_ZP26_GEN-APND,18.87988
2025-09-08 10:00:00-07:00,TH_NP15_GEN-APND,33.19883
2025-09-08 10:00:00-07:00,TH_SP15_GEN-APND,22.4349
2025-09-08 10:00:00-07:00,TH_ZP26_GEN-APND,19.28239
2025-09-08 11:00:00-07:00,TH_NP15_GEN-APND,32.65228
2025-09-08 11:00:00-07:00,TH_SP15_GEN-APND,23.50361
2025-09-08 11:00:00-07:00,TH_ZP26_GEN-APND,20.10836
2025-09-08 12:00:00-07:00,TH_NP15_GEN-APND,32.68471
2025-09-08 12:00:00-07:00,TH_SP15_GEN-APND,24.11353
2025-09-08 12:00:00-07:00,TH_ZP26_GEN-APND,20.39158
2025-09-08 13:00:00-07:00,TH_NP15_GEN-APND,33.78836
2025-09-08 13:00:00-07:00,TH_SP15_GEN-APND,24.48259
2025-09-08 13:00:00-07:00,TH_ZP26_GEN-APND,20.69
2025-09-08 14:00:00-07:00,TH_NP15_GEN-APND,34.69821
2025-09-08 14:00:00-07:00,TH_SP15_GEN-APND,24.98012
2025-09-08 14:00:00-07:00,TH_ZP26_GEN-APND,21.38725
2025-09-08 15:00:00-07:00,TH_NP15_GEN-APND,36.43496
2025-09-08 15:00:00-07:00,TH_SP15_GEN-APND,26.75493
2025-09-08 15:00:00-07:00,TH_ZP26_GEN-APND,24.36157
2025-09-08 16:00:00-07:00,TH_NP15_GEN-APND,36.91543
2025-09-08 16:00:00-07:00,TH_SP15_GEN-APND,29.59758
2025-09-08 16:00:00-07:00,TH_ZP26_GEN-APND,28.39373
2025-09-08 17:00:00-07:00,TH_NP15_GEN-APND,45.30185
2025-09-08 17:00:00-07:00,TH_SP15_GEN-APND,42.47151
2025-09-08 17:00:00-07:00,TH_ZP26_GEN-APND,41.69584
2025-09-08 18:00:00-07:00,TH_NP15_GEN-APND,53.19685
2025-09-08 18:00:00-07:00,TH_SP15_GEN-APND,48.0247
2025-09-08 18:00:00-07:00,TH_ZP26_GEN-APND,47.95864
2025-09-08 19:00:00-07:00,TH_NP15_GEN-APND,62.84927
2025-09-08 19:00:00-07:00,TH_SP15_GEN-APND,57.10751
2025-09-08 19:00:00-07:00,TH_ZP26_GEN-APND,57.07019
2025-09-08 20:00:00-07:00,TH_NP15_GEN-APND,57.03951
2025-09-08 20:00:00-07:00,TH_SP15_GEN-APND,51.61638
2025-09-08 20:00:00-07:00,TH_ZP26_GEN-APND,52.02334
2025-09-08 21:00:00-07:00,TH_NP15_GEN-APND,51.92718
2025-09-08 21:00:00-07:00,TH_SP15_GEN-APND,51.42523
2025-09-08 21:00:00-07:00,TH_ZP26_GEN-APND,51.95239
2025-09-08 22:00:00-07:00,TH_NP15_GEN-APND,51.52066
2025-09-08 22:00:00-07:00,TH_SP15_GEN-APND,48.80595
2025-09-08 22:00:00-07:00,TH_ZP26_GEN-APND,51.09494
2025-09-08 23:00:00-07:00,TH_NP15_GEN-APND,48.73313
2025-09-08 23:00:00-07:00,TH_SP15_GEN-APND,46.79623
2025-09-08 23:00:00-07:00,TH_ZP26_GEN-APND,49.21744
2025-09-09 00:00:00-07:00,TH_NP15_GEN-APND,46.31256
2025-09-09 00:00:00-07:00,TH_SP15_GEN-APND,32.47191
2025-09-09 00:00:00-07:00,TH_ZP26_GEN-APND,45.75829
2025-09-09 01:00:00-07:00,TH_NP15_GEN-APND,45.48228
2025-09-09 01:00:00-07:00,TH_SP15_GEN-APND,43.42965
2025-09-09 01:00:00-07:00,TH_ZP26_GEN-APND,45.71119
2025-09-09 02:00:00-07:00,TH_NP15_GEN-APND,43.26964
2025-09-09 02:00:00-07:00,TH_SP15_GEN-APND,41.11007
2025-09-09 02:00:00-07:00,TH_ZP26_GEN-APND,42.54335
2025-09-09 03:00:00-07:00,TH_NP15_GEN-APND,42.76557
2025-09-09 03:00:00-07:00,TH_SP15_GEN-APND,40.73143
2025-09-09 03:00:00-07:00,TH_ZP26_GEN-APND,42.21356
2025-09-09 04:00:00-07:00,TH_NP15_GEN-APND,44.2044
2025-09-09 04:00:00-07:00,TH_SP15_GEN-APND,42.5903
2025-09-09 04:00:00-07:00,TH_ZP26_GEN-APND,44.79395
2025-09-09 05:00:00-07:00,TH_NP15_GEN-APND,44.43484
2025-09-09 05:00:00-07:00,TH_SP15_GEN-APND,42.89339
2025-09-09 05:00:00-07:00,TH_ZP26_GEN-APND,44.99789
2025-09-09 06:00:00-07:00,TH_NP15_GEN-APND,51.41323
2025-09-09 06:00:00-07:00,TH_SP15_GEN-APND,49.16094
2025-09-09 06:00:00-07:00,TH_ZP26_GEN-APND,50.47704
2025-09-09 07:00:00-07:00,TH_NP15_GEN-APND,44.80435
2025-09-09 07:00:00-07:00,TH_SP15_GEN-APND,40.25419
2025-09-09 07:00:00-07:00,TH_ZP26_GEN-APND,41.93023
2025-09-09 08:00:00-07:00,TH_NP15_GEN-APND,37.29887
2025-09-09 08:00:00-07:00,TH_SP15_GEN-APND,18.81797
2025-09-09 08:00:00-07:00,TH_ZP26_GEN-APND,16.0204
2025-09-09 09:00:00-07:00,TH_NP15_GEN-APND,39.62603
2025-09-09 09:00:00-07:00,TH_SP15_GEN-APND,14.3481
2025-09-09 09:00:00-07:00,TH_ZP26_GEN-APND,6.7609
2025-09-09 10:00:00-07:00,TH_NP15_GEN-APND,35.39113
2025-09-09 10:00:00-07:00,TH_SP15_GEN-APND,18.16381
2025-09-09 10:00:00-07:00,TH_ZP26_GEN-APND,12.72834
2025-09-09 11:00:00-07:00,TH_NP15_GEN-APND,33.54692
2025-09-09 11:00:00-07:00,TH_SP15_GEN-APND,18.92669
2025-09-09 11:00:00-07:00,TH_ZP26_GEN-APND,13.08363
2025-09-09 12:00:00-07:00,TH_NP15_GEN-APND,33.66983
2025-09-09 12:00:00-07:00,TH_SP15_GEN-APND,18.93244
2025-09-09 12:00:00-07:00,TH_ZP26_GEN-APND,12.88056
2025-09-09 13:00:00-07:00,TH_NP15_GEN-APND,37.93037
2025-09-09 13:00:00-07:00,TH_SP15_GEN-APND,18.74628
2025-09-09 13:00:00-07:00,TH_ZP26_GEN-APND,12.67058
2025-09-09 14:00:00-07:00,TH_NP15_GEN-APND,37.51714
2025-09-09 14:00:00-07:00,TH_SP15_GEN-APND,17.72072
2025-09-09 14:00:00-07:00,TH_ZP26_GEN-APND,11.38
2025-09-09 15:00:00-07:00,TH_NP15_GEN-APND,38.09876
2025-09-09 15:00:00-07:00,TH_SP15_GEN-APND,21.18522
2025-09-09 15:00:00-07:00,TH_ZP26_GEN-APND,16.79
2025-09-09 16:00:00-07:00,TH_NP15_GEN-APND,34.26267
2025-09-09 16:00:00-07:00,TH_SP15_GEN-APND,24.23891
2025-09-09 16:00:00-07:00,TH_ZP26_GEN-APND,22.46689
2025-09-09 17:00:00-07:00,TH_NP15_GEN-APND,46.07165
2025-09-09 17:00:00-07:00,TH_SP15_GEN-APND,39.92326
2025-09-09 17:00:00-07:00,TH_ZP26_GEN-APND,40.60506
2025-09-09 18:00:00-07:00,TH_NP15_GEN-APND,51.73237
2025-09-09 18:00:00-07:00,TH_SP15_GEN-APND,45.02411
2025-09-09 18:00:00-07:00,TH_ZP26_GEN-APND,44.93722
2025-09-09 19:00:00-07:00,TH_NP15_GEN-APND,51.93757
2025-09-09 19:00:00-07:00,TH_SP15_GEN-APND,47.15691
2025-09-09 19:00:00-07:00,TH_ZP26_GEN-APND,47.10018
2025-09-09 20:00:00-07:00,TH_NP15_GEN-APND,49.92762
2025-09-09 20:00:00-07:00,TH_SP15_GEN-APND,39.76
2025-09-09 20:00:00-07:00,TH_ZP26_GEN-APND,45.49493
2025-09-09 21:00:00-07:00,TH_NP15_GEN-APND,46.4209
2025-09-09 21:00:00-07:00,TH_SP15_GEN-APND,45.49965
2025-09-09 21:00:00-07:00,TH_ZP26_GEN-APND,46.21671
2025-09-09 22:00:00-07:00,TH_NP15_GEN-APND,46.08326
2025-09-09 22:00:00-07:00,TH_SP15_GEN-APND,44.2391
2025-09-09 22:00:00-07:00,TH_ZP26_GEN-APND,46.37737
2025-09-09 23:00:00-07:00,TH_NP15_GEN-APND,45.63964
2025-09-09 23:00:00-07:00,TH_SP15_GEN-APND,43.29975
2025-09-09 23:00:00-07:00,TH_ZP26_GEN-APND,45.31026
2025-09-10 00:00:00-07:00,TH_NP15_GEN-APND,44.23103
2025-09-10 00:00:00-07:00,TH_SP15_GEN-APND,40.74284
2025-09-10 00:00:00-07:00,TH_ZP26_GEN-APND,43.61235
2025-09-10 01:00:00-07:00,TH_NP15_GEN-APND,42.70729
2025-09-10 01:00:00-07:00,TH_SP15_GEN-APND,39.47996
2025-09-10 01:00:00-07:00,TH_ZP26_GEN-APND,42.19248
2025-09-10 02:00:00-07:00,TH_NP15_GEN-APND,41.4583
2025-09-10 02:00:00-07:00,TH_SP15_GEN-APND,37.78795
2025-09-10 02:00:00-07:00,TH_ZP26_GEN-APND,40.57905
2025-09-10 03:00:00-07:00,TH_NP15_GEN-APND,41.36794
2025-09-10 03:00:00-07:00,TH_SP15_GEN-APND,37.57591
2025-09-10 03:00:00-07:00,TH_ZP26_GEN-APND,40.45959
2025-09-10 04:00:00-07:00,TH_NP15_GEN-APND,43.62249
2025-09-10 04:00:00-07:00,TH_SP15_GEN-APND,39.81778
2025-09-10 04:00:00-07:00,TH_ZP26_GEN-APND,42.71592
2025-09-10 05:00:00-07:00,TH_NP15_GEN-APND,43.04778
2025-09-10 05:00:00-07:00,TH_SP15_GEN-APND,39.35201
2025-09-10 05:00:00-07:00,TH_ZP26_GEN-APND,42.14399
2025-09-10 06:00:00-07:00,TH_NP15_GEN-APND,49.05863
2025-09-10 06:00:00-07:00,TH_SP15_GEN-APND,46.6467
2025-09-10 06:00:00-07:00,TH_ZP26_GEN-APND,48.13625
2025-09-10 07:00:00-07:00,TH_NP15_GEN-APND,44.43898
2025-09-10 07:00:00-07:00,TH_SP15_GEN-APND,39.02369
2025-09-10 07:00:00-07:00,TH_ZP26_GEN-APND,40.73608
2025-09-10 08:00:00-07:00,TH_NP15_GEN-APND,39.8552
2025-09-10 08:00:00-07:00,TH_SP15_GEN-APND,14.16806
2025-09-10 08:00:00-07:00,TH_ZP26_GEN-APND,9.4468
2025-09-10 09:00:00-07:00,TH_NP15_GEN-APND,40.1494
2025-09-10 09:00:00-07:00,TH_SP15_GEN-APND,10.95905
2025-09-10 09:00:00-07:00,TH_ZP26_GEN-APND,4.87843
2025-09-10 10:00:00-07:00,TH_NP15_GEN-APND,38.96392
2025-09-10 10:00:00-07:00,TH_SP15_GEN-APND,9.8458
2025-09-10 10:00:00-07:00,TH_ZP26_GEN-APND,3.20931
2025-09-10 11:00:00-07:00,TH_NP15_GEN-APND,38.54457
2025-09-10 11:00:00-07:00,TH_SP15_GEN-APND,10.54897
2025-09-10 11:00:00-07:00,TH_ZP26_GEN-APND,3.70482
2025-09-10 12:00:00-07:00,TH_NP15_GEN-APND,34.00174
2025-09-10 12:00:00-07:00,TH_SP15_GEN-APND,12.22483
2025-09-10 12:00:00-07:00,TH_ZP26_GEN-APND,4.8472
2025-09-10 13:00:00-07:00,TH_NP15_GEN-APND,33.9215
2025-09-10 13:00:00-07:00,TH_SP15_GEN-APND,12.10431
2025-09-10 13:00:00-07:00,TH_ZP26_GEN-APND,5.38815
2025-09-10 14:00:00-07:00,TH_NP15_GEN-APND,38.40332
2025-09-10 14:00:00-07:00,TH_SP15_GEN-APND,10.56987
2025-09-10 14:00:00-07:00,TH_ZP26_GEN-APND,2.2549
2025-09-10 15:00:00-07:00,TH_NP15_GEN-APND,33.8569
2025-09-10 15:00:00-07:00,TH_SP15_GEN-APND,12.78
2025-09-10 15:00:00-07:00,TH_ZP26_GEN-APND,6.81787
2025-09-10 16:00:00-07:00,TH_NP15_GEN-APND,33.59261
2025-09-10 16:00:00-07:00,TH_SP15_GEN-APND,15.99668
2025-09-10 16:00:00-07:00,TH_ZP26_GEN-APND,12.82229
2025-09-10 17:00:00-07:00,TH_NP15_GEN-APND,41.74141
2025-09-10 17:00:00-07:00,TH_SP15_GEN-APND,36.46007
2025-09-10 17:00:00-07:00,TH_ZP26_GEN-APND,36.93221
2025-09-10 18:00:00-07:00,TH_NP15_GEN-APND,49.23037
2025-09-10 18:00:00-07:00,TH_SP15_GEN-APND,45.42366
2025-09-10 18:00:00-07:00,TH_ZP26_GEN-APND,46.35111
2025-09-10 19:00:00-07:00,TH_NP15_GEN-APND,52.2913
2025-09-10 19:00:00-07:00,TH_SP15_GEN-APND,47.84042
2025-09-10 19:00:00-07:00,TH_ZP26_GEN-APND,48.90997
2025-09-10 20:00:00-07:00,TH_NP15_GEN-APND,49.98012
2025-09-10 20:00:00-07:00,TH_SP15_GEN-APND,47.30992
2025-09-10 20:00:00-07:00,TH_ZP26_GEN-APND,48.71045
2025-09-10 21:00:00-07:00,TH_NP15_GEN-APND,48.69416
2025-09-10 21:00:00-07:00,TH_SP15_GEN-APND,46.35587
2025-09-10 21:00:00-07:00,TH_ZP26_GEN-APND,47.94121
2025-09-10 22:00:00-07:00,TH_NP15_GEN-APND,47.4685
2025-09-10 22:00:00-07:00,TH_SP15_GEN-APND,44.24412
2025-09-10 22:00:00-07:00,TH_ZP26_GEN-APND,47.03326
2025-09-10 23:00:00-07:00,TH_NP15_GEN-APND,46.17606
2025-09-10 23:00:00-07:00,TH_SP15_GEN-APND,43.33095
2025-09-10 23:00:00-07:00,TH_ZP26_GEN-APND,46.0355
2025-09-11 00:00:00-07:00,TH_NP15_GEN-APND,44.57304
2025-09-11 00:00:00-07:00,TH_SP15_GEN-APND,41.42527
2025-09-11 00:00:00-07:00,TH_ZP26_GEN-APND,44.0
2025-09-11 01:00:00-07:00,TH_NP15_GEN-APND,43.46356
2025-09-11 01:00:00-07:00,TH_SP15_GEN-APND,40.05862
2025-09-11 01:00:00-07:00,TH_ZP26_GEN-APND,42.72152
2025-09-11 02:00:00-07:00,TH_NP15_GEN-APND,41.84447
2025-09-11 02:00:00-07:00,TH_SP15_GEN-APND,38.51184
2025-09-11 02:00:00-07:00,TH_ZP26_GEN-APND,41.10198
2025-09-11 03:00:00-07:00,TH_NP15_GEN-APND,41.85112
2025-09-11 03:00:00-07:00,TH_SP15_GEN-APND,38.4388
2025-09-11 03:00:00-07:00,TH_ZP26_GEN-APND,41.02279
2025-09-11 04:00:00-07:00,TH_NP15_GEN-APND,44.03055
2025-09-11 04:00:00-07:00,TH_SP15_GEN-APND,40.13701
2025-09-11 04:00:00-07:00,TH_ZP26_GEN-APND,42.93217
2025-09-11 05:00:00-07:00,TH_NP15_GEN-APND,44.64442
2025-09-11 05:00:00-07:00,TH_SP15_GEN-APND,40.83896
2025-09-11 05:00:00-07:00,TH_ZP26_GEN-APND,43.59653
2025-09-11 06:00:00-07:00,TH_NP15_GEN-APND,50.48129
2025-09-11 06:00:00-07:00,TH_SP15_GEN-APND,47.5973
2025-09-11 06:00:00-07:00,TH_ZP26_GEN-APND,49.23084
2025-09-11 07:00:00-07:00,TH_NP15_GEN-APND,44.94371
2025-09-11 07:00:00-07:00,TH_SP15_GEN-APND,40.94902
2025-09-11 07:00:00-07:00,TH_ZP26_GEN-APND,42.56138
2025-09-11 08:00:00-07:00,TH_NP15_GEN-APND,36.67569
2025-09-11 08:00:00-07:00,TH_SP15_GEN-APND,13.58027
2025-09-11 08:00:00-07:00,TH_ZP26_GEN-APND,9.45
2025-09-11 09:00:00-07:00,TH_NP15_GEN-APND,38.92473
2025-09-11 09:00:00-07:00,TH_SP15_GEN-APND,7.23556
2025-09-11 09:00:00-07:00,TH_ZP26_GEN-APND,2.07033
2025-09-11 10:00:00-07:00,TH_NP15_GEN-APND,35.24502
2025-09-11 10:00:00-07:00,TH_SP15_GEN-APND,7.36408
2025-09-11 10:00:00-07:00,TH_ZP26_GEN-APND,-0.33415
2025-09-11 11:00:00-07:00,TH_NP15_GEN-APND,30.19572
2025-09-11 11:00:00-07:00,TH_SP15_GEN-APND,7.87
2025-09-11 11:00:00-07:00,TH_ZP26_GEN-APND,1.4766
2025-09-11 12:00:00-07:00,TH_NP15_GEN-APND,30.59288
2025-09-11 12:00:00-07:00,TH_SP15_GEN-APND,10.33325
2025-09-11 12:00:00-07:00,TH_ZP26_GEN-APND,3.91378
2025-09-11 13:00:00-07:00,TH_NP15_GEN-APND,31.18157
2025-09-11 13:00:00-07:00,TH_SP15_GEN-APND,10.95795
2025-09-11 13:00:00-07:00,TH_ZP26_GEN-APND,3.87583
2025-09-11 14:00:00-07:00,TH_NP15_GEN-APND,32.27244
2025-09-11 14:00:00-07:00,TH_SP15_GEN-APND,9.63232
2025-09-11 14:00:00-07:00,TH_ZP26_GEN-APND,2.931
2025-09-11 15:00:00-07:00,TH_NP15_GEN-APND,33.76452
2025-09-11 15:00:00-07:00,TH_SP15_GEN-APND,9.59383
2025-09-11 15:00:00-07:00,TH_ZP26_GEN-APND,2.4344
2025-09-11 16:00:00-07:00,TH_NP15_GEN-APND,34.42
2025-09-11 16:00:00-07:00,TH_SP15_GEN-APND,5.06207
2025-09-11 16:00:00-07:00,TH_ZP26_GEN-APND,3.33214
2025-09-11 17:00:00-07:00,TH_NP15_GEN-APND,41.55123
2025-09-11 17:00:00-07:00,TH_SP15_GEN-APND,34.16697
2025-09-11 17:00:00-07:00,TH_ZP26_GEN-APND,34.43832
2025-09-11 18:00:00-07:00,TH_NP15_GEN-APND,50.2796
2025-09-11 18:00:00-07:00,TH_SP15_GEN-APND,45.88627
2025-09-11 18:00:00-07:00,TH_ZP26_GEN-APND,47.40888
2025-09-11 19:00:00-07:00,TH_NP15_GEN-APND,51.21698
2025-09-11 19:00:00-07:00,TH_SP15_GEN-APND,47.08
2025-09-11 19:00:00-07:00,TH_ZP26_GEN-APND,48.77109
2025-09-11 20:00:00-07:00,TH_NP15_GEN-APND,50.04214
2025-09-11 20:00:00-07:00,TH_SP15_GEN-APND,46.06028
2025-09-11 20:00:00-07:00,TH_ZP26_GEN-APND,47.65809
2025-09-11 21:00:00-07:00,TH_NP15_GEN-APND,49.11398
2025-09-11 21:00:00-07:00,TH_SP15_GEN-APND,45.5097
2025-09-11 21:00:00-07:00,TH_ZP26_GEN-APND,47.13178
2025-09-11 22:00:00-07:00,TH_NP15_GEN-APND,48.01447
2025-09-11 22:00:00-07:00,TH_SP15_GEN-APND,43.35567
2025-09-11 22:00:00-07:00,TH_ZP26_GEN-APND,46.5435
2025-09-11 23:00:00-07:00,TH_NP15_GEN-APND,45.71538
2025-09-11 23:00:00-07:00,TH_SP15_GEN-APND,42.69855
2025-09-11 23:00:00-07:00,TH_ZP26_GEN-APND,45.64545
2025-09-12 00:00:00-07:00,TH_NP15_GEN-APND,45.14882
2025-09-12 00:00:00-07:00,TH_SP15_GEN-APND,42.81875
2025-09-12 00:00:00-07:00,TH_ZP26_GEN-APND,44.49636
2025-09-12 01:00:00-07:00,TH_NP15_GEN-APND,41.91942
2025-09-12 01:00:00-07:00,TH_SP15_GEN-APND,39.92063
2025-09-12 01:00:00-07:00,TH_ZP26_GEN-APND,41.49661
2025-09-12 02:00:00-07:00,TH_NP15_GEN-APND,41.2078
2025-09-12 02:00:00-07:00,TH_SP15_GEN-APND,39.26779
2025-09-12 02:00:00-07:00,TH_ZP26_GEN-APND,40.76428
2025-09-12 03:00:00-07:00,TH_NP15_GEN-APND,41.28411
2025-09-12 03:00:00-07:00,TH_SP15_GEN-APND,39.12527
2025-09-12 03:00:00-07:00,TH_ZP26_GEN-APND,40.73944
2025-09-12 04:00:00-07:00,TH_NP15_GEN-APND,42.08785
2025-09-12 04:00:00-07:00,TH_SP15_GEN-APND,39.01499
2025-09-12 04:00:00-07:00,TH_ZP26_GEN-APND,41.15872
2025-09-12 05:00:00-07:00,TH_NP15_GEN-APND,44.60533
2025-09-12 05:00:00-07:00,TH_SP15_GEN-APND,40.75722
2025-09-12 05:00:00-07:00,TH_ZP26_GEN-APND,43.63007
2025-09-12 06:00:00-07:00,TH_NP15_GEN-APND,49.28243
2025-09-12 06:00:00-07:00,TH_SP15_GEN-APND,46.58088
2025-09-12 06:00:00-07:00,TH_ZP26_GEN-APND,48.3262
2025-09-12 07:00:00-07:00,TH_NP15_GEN-APND,44.31417
2025-09-12 07:00:00-07:00,TH_SP15_GEN-APND,39.08127
2025-09-12 07:00:00-07:00,TH_ZP26_GEN-APND,41.10843
2025-09-12 08:00:00-07:00,TH_NP15_GEN-APND,35.68745
2025-09-12 08:00:00-07:00,TH_SP15_GEN-APND,11.28294
2025-09-12 08:00:00-07:00,TH_ZP26_GEN-APND,7.6
2025-09-12 09:00:00-07:00,TH_NP15_GEN-APND,33.79189
2025-09-12 09:00:00-07:00,TH_SP15_GEN-APND,6.6955
2025-09-12 09:00:00-07:00,TH_ZP26_GEN-APND,2.5
2025-09-12 10:00:00-07:00,TH_NP15_GEN-APND,29.03938
2025-09-12 10:00:00-07:00,TH_SP15_GEN-APND,9.44384
2025-09-12 10:00:00-07:00,TH_ZP26_GEN-APND,4.19241
2025-09-12 11:00:00-07:00,TH_NP15_GEN-APND,28.41769
2025-09-12 11:00:00-07:00,TH_SP15_GEN-APND,9.89624
2025-09-12 11:00:00-07:00,TH_ZP26_GEN-APND,4.61563
2025-09-12 12:00:00-07:00,TH_NP15_GEN-APND,28.08782
2025-09-12 12:00:00-07:00,TH_SP15_GEN-APND,10.8415
2025-09-12 12:00:00-07:00,TH_ZP26_GEN-APND,5.43081
2025-09-12 13:00:00-07:00,TH_NP15_GEN-APND,28.42343
2025-09-12 13:00:00-07:00,TH_SP15_GEN-APND,10.0738
2025-09-12 13:00:00-07:00,TH_ZP26_GEN-APND,4.70613
2025-09-12 14:00:00-07:00,TH_NP15_GEN-APND,30.60158
2025-09-12 14:00:00-07:00,TH_SP15_GEN-APND,9.0
2025-09-12 14:00:00-07:00,TH_ZP26_GEN-APND,3.70673
2025-09-12 15:00:00-07:00,TH_NP15_GEN-APND,33.36267
2025-09-12 15:00:00-07:00,TH_SP15_GEN-APND,8.66399
2025-09-12 15:00:00-07:00,TH_ZP26_GEN-APND,3.78272
2025-09-12 16:00:00-07:00,TH_NP15_GEN-APND,33.25913
2025-09-12 16:00:00-07:00,TH_SP15_GEN-APND,11.86001
2025-09-12 16:00:00-07:00,TH_ZP26_GEN-APND,6.37911
2025-09-12 17:00:00-07:00,TH_NP15_GEN-APND,43.63486
2025-09-12 17:00:00-07:00,TH_SP15_GEN-APND,35.92294
2025-09-12 17:00:00-07:00,TH_ZP26_GEN-APND,36.30889
2025-09-12 18:00:00-07:00,TH_NP15_GEN-APND,50.57469
2025-09-12 18:00:00-07:00,TH_SP15_GEN-APND,43.08687
2025-09-12 18:00:00-07:00,TH_ZP26_GEN-APND,44.24852
2025-09-12 19:00:00-07:00,TH_NP15_GEN-APND,52.94169
2025-09-12 19:00:00-07:00,TH_SP15_GEN-APND,43.87395
2025-09-12 19:00:00-07:00,TH_ZP26_GEN-APND,45.39685
2025-09-12 20:00:00-07:00,TH_NP15_GEN-APND,52.02
2025-09-12 20:00:00-07:00,TH_SP15_GEN-APND,42.48834
2025-09-12 20:00:00-07:00,TH_ZP26_GEN-APND,43.06158
2025-09-12 21:00:00-07:00,TH_NP15_GEN-APND,48.84196
2025-09-12 21:00:00-07:00,TH_SP15_GEN-APND,42.34793
2025-09-12 21:00:00-07:00,TH_ZP26_GEN-APND,43.1693
2025-09-12 22:00:00-07:00,TH_NP15_GEN-APND,45.83938
2025-09-12 22:00:00-07:00,TH_SP15_GEN-APND,41.2604
2025-09-12 22:00:00-07:00,TH_ZP26_GEN-APND,43.46932
2025-09-12 23:00:00-07:00,TH_NP15_GEN-APND,42.90723
2025-09-12 23:00:00-07:00,TH_SP15_GEN-APND,40.31055
2025-09-12 23:00:00-07:00,TH_ZP26_GEN-APND,42.30753
2025-09-13 00:00:00-07:00,TH_NP15_GEN-APND,43.37149
2025-09-13 00:00:00-07:00,TH_SP15_GEN-APND,41.34816
2025-09-13 00:00:00-07:00,TH_ZP26_GEN-APND,43.07046
2025-09-13 01:00:00-07:00,TH_NP15_GEN-APND,41.94486
2025-09-13 01:00:00-07:00,TH_SP15_GEN-APND,39.7512
2025-09-13 01:00:00-07:00,TH_ZP26_GEN-APND,41.62449
2025-09-13 02:00:00-07:00,TH_NP15_GEN-APND,41.61208
2025-09-13 02:00:00-07:00,TH_SP15_GEN-APND,39.08
2025-09-13 02:00:00-07:00,TH_ZP26_GEN-APND,41.08503
2025-09-13 03:00:00-07:00,TH_NP15_GEN-APND,40.9326
2025-09-13 03:00:00-07:00,TH_SP15_GEN-APND,38.82116
2025-09-13 03:00:00-07:00,TH_ZP26_GEN-APND,40.54554
2025-09-13 04:00:00-07:00,TH_NP15_GEN-APND,42.32126
2025-09-13 04:00:00-07:00,TH_SP15_GEN-APND,39.42187
2025-09-13 04:00:00-07:00,TH_ZP26_GEN-APND,41.63177
2025-09-13 05:00:00-07:00,TH_NP15_GEN-APND,42.92398
2025-09-13 05:00:00-07:00,TH_SP15_GEN-APND,40.22159
2025-09-13 05:00:00-07:00,TH_ZP26_GEN-APND,42.17248
2025-09-13 06:00:00-07:00,TH_NP15_GEN-APND,44.58436
2025-09-13 06:00:00-07:00,TH_SP15_GEN-APND,42.57361
2025-09-13 06:00:00-07:00,TH_ZP26_GEN-APND,43.73398
2025-09-13 07:00:00-07:00,TH_NP15_GEN-APND,34.99892
2025-09-13 07:00:00-07:00,TH_SP15_GEN-APND,31.44214
2025-09-13 07:00:00-07:00,TH_ZP26_GEN-APND,33.04402
2025-09-13 08:00:00-07:00,TH_NP15_GEN-APND,29.50725
2025-09-13 08:00:00-07:00,TH_SP15_GEN-APND,3.28037
2025-09-13 08:00:00-07:00,TH_ZP26_GEN-APND,-2.34018
2025-09-13 09:00:00-07:00,TH_NP15_GEN-APND,29.87134
2025-09-13 09:00:00-07:00,TH_SP15_GEN-APND,0.1433
2025-09-13 09:00:00-07:00,TH_ZP26_GEN-APND,-6.12739
2025-09-13 10:00:00-07:00,TH_NP15_GEN-APND,25.0246
2025-09-13 10:00:00-07:00,TH_SP15_GEN-APND,3.93906
2025-09-13 10:00:00-07:00,TH_ZP26_GEN-APND,-2.274
2025-09-13 11:00:00-07:00,TH_NP15_GEN-APND,24.72448
2025-09-13 11:00:00-07:00,TH_SP15_GEN-APND,4.07086
2025-09-13 11:00:00-07:00,TH_ZP26_GEN-APND,-2.32476
2025-09-13 12:00:00-07:00,TH_NP15_GEN-APND,23.91155
2025-09-13 12:00:00-07:00,TH_SP15_GEN-APND,4.66352
2025-09-13 12:00:00-07:00,TH_ZP26_GEN-APND,-1.5249
2025-09-13 13:00:00-07:00,TH_NP15_GEN-APND,23.09918
2025-09-13 13:00:00-07:00,TH_SP15_GEN-APND,5.74123
2025-09-13 13:00:00-07:00,TH_ZP26_GEN-APND,0.0
2025-09-13 14:00:00-07:00,TH_NP15_GEN-APND,26.6
2025-09-13 14:00:00-07:00,TH_SP15_GEN-APND,4.64074
2025-09-13 14:00:00-07:00,TH_ZP26_GEN-APND,-2.04739
2025-09-13 15:00:00-07:00,TH_NP15_GEN-APND,27.56
2025-09-13 15:00:00-07:00,TH_SP15_GEN-APND,5.0
2025-09-13 15:00:00-07:00,TH_ZP26_GEN-APND,-1.16807
2025-09-13 16:00:00-07:00,TH_NP15_GEN-APND,32.45783
2025-09-13 16:00:00-07:00,TH_SP15_GEN-APND,10.71406
2025-09-13 16:00:00-07:00,TH_ZP26_GEN-APND,6.0817
2025-09-13 17:00:00-07:00,TH_NP15_GEN-APND,41.57865
2025-09-13 17:00:00-07:00,TH_SP15_GEN-APND,37.3796
2025-09-13 17:00:00-07:00,TH_ZP26_GEN-APND,36.88239
2025-09-13 18:00:00-07:00,TH_NP15_GEN-APND,48.60799
2025-09-13 18:00:00-07:00,TH_SP15_GEN-APND,44.94034
2025-09-13 18:00:00-07:00,TH_ZP26_GEN-APND,46.0501
2025-09-13 19:00:00-07:00,TH_NP15_GEN-APND,49.1
2025-09-13 19:00:00-07:00,TH_SP15_GEN-APND,44.36336
2025-09-13 19:00:00-07:00,TH_ZP26_GEN-APND,45.60661
2025-09-13 20:00:00-07:00,TH_NP15_GEN-APND,47.95687
2025-09-13 20:00:00-07:00,TH_SP15_GEN-APND,44.05499
2025-09-13 20:00:00-07:00,TH_ZP26_GEN-APND,45.32453
2025-09-13 21:00:00-07:00,TH_NP15_GEN-APND,47.09936
2025-09-13 21:00:00-07:00,TH_SP15_GEN-APND,43.55447
2025-09-13 21:00:00-07:00,TH_ZP26_GEN-APND,44.97236
2025-09-13 22:00:00-07:00,TH_NP15_GEN-APND,45.57938
2025-09-13 22:00:00-07:00,TH_SP15_GEN-APND,42.08614
2025-09-13 22:00:00-07:00,TH_ZP26_GEN-APND,44.21327
2025-09-13 23:00:00-07:00,TH_NP15_GEN-APND,44.45147
2025-09-13 23:00:00-07:00,TH_SP15_GEN-APND,42.37579
2025-09-13 23:00:00-07:00,TH_ZP26_GEN-APND,44.0176
2025-09-14 00:00:00-07:00,TH_NP15_GEN-APND,43.79451
2025-09-14 00:00:00-07:00,TH_SP15_GEN-APND,43.32807
2025-09-14 00:00:00-07:00,TH_ZP26_GEN-APND,44.01096
2025-09-14 01:00:00-07:00,TH_NP15_GEN-APND,41.08014
2025-09-14 01:00:00-07:00,TH_SP15_GEN-APND,41.21242
2025-09-14 01:00:00-07:00,TH_ZP26_GEN-APND,41.56911
2025-09-14 02:00:00-07:00,TH_NP15_GEN-APND,40.48797
2025-09-14 02:00:00-07:00,TH_SP15_GEN-APND,39.55
2025-09-14 02:00:00-07:00,TH_ZP26_GEN-APND,40.6358
2025-09-14 03:00:00-07:00,TH_NP15_GEN-APND,39.38113
2025-09-14 03:00:00-07:00,TH_SP15_GEN-APND,39.05021
2025-09-14 03:00:00-07:00,TH_ZP26_GEN-APND,39.7607
2025-09-14 04:00:00-07:00,TH_NP15_GEN-APND,42.67745
2025-09-14 04:00:00-07:00,TH_SP15_GEN-APND,42.02959
2025-09-14 04:00:00-07:00,TH_ZP26_GEN-APND,42.94
2025-09-14 05:00:00-07:00,TH_NP15_GEN-APND,41.20027
2025-09-14 05:00:00-07:00,TH_SP15_GEN-APND,40.81882
2025-09-14 05:00:00-07:00,TH_ZP26_GEN-APND,41.63412
2025-09-14 06:00:00-07:00,TH_NP15_GEN-APND,41.35669
2025-09-14 06:00:00-07:00,TH_SP15_GEN-APND,40.0
2025-09-14 06:00:00-07:00,TH_ZP26_GEN-APND,40.9922
2025-09-14 07:00:00-07:00,TH_NP15_GEN-APND,34.71072
2025-09-14 07:00:00-07:00,TH_SP15_GEN-APND,25.36449
2025-09-14 07:00:00-07:00,TH_ZP26_GEN-APND,25.9
2025-09-14 08:00:00-07:00,TH_NP15_GEN-APND,29.84011
2025-09-14 08:00:00-07:00,TH_SP15_GEN-APND,5.99042
2025-09-14 08:00:00-07:00,TH_ZP26_GEN-APND,3.22285
2025-09-14 09:00:00-07:00,TH_NP15_GEN-APND,30.66642
2025-09-14 09:00:00-07:00,TH_SP15_GEN-APND,1.73584
2025-09-14 09:00:00-07:00,TH_ZP26_GEN-APND,-1.77342
2025-09-14 10:00:00-07:00,TH_NP15_GEN-APND,23.59054
2025-09-14 10:00:00-07:00,TH_SP15_GEN-APND,5.30549
2025-09-14 10:00:00-07:00,TH_ZP26_GEN-APND,2.46777
2025-09-14 11:00:00-07:00,TH_NP15_GEN-APND,25.10649
2025-09-14 11:00:00-07:00,TH_SP15_GEN-APND,4.54575
2025-09-14 11:00:00-07:00,TH_ZP26_GEN-APND,1.09372
2025-09-14 12:00:00-07:00,TH_NP15_GEN-APND,25.2443
2025-09-14 12:00:00-07:00,TH_SP15_GEN-APND,4.24507
2025-09-14 12:00:00-07:00,TH_ZP26_GEN-APND,0.75852
2025-09-14 13:00:00-07:00,TH_NP15_GEN-APND,26.31147
2025-09-14 13:00:00-07:00,TH_SP15_GEN-APND,4.85809
2025-09-14 13:00:00-07:00,TH_ZP26_GEN-APND,1.34895
2025-09-14 14:00:00-07:00,TH_NP15_GEN-APND,28.55457
2025-09-14 14:00:00-07:00,TH_SP15_GEN-APND,4.61544
2025-09-14 14:00:00-07:00,TH_ZP26_GEN-APND,0.9668
2025-09-14 15:00:00-07:00,TH_NP15_GEN-APND,32.73
2025-09-14 15:00:00-07:00,TH_SP15_GEN-APND,6.09591
2025-09-14 15:00:00-07:00,TH_ZP26_GEN-APND,2.5014
2025-09-14 16:00:00-07:00,TH_NP15_GEN-APND,35.6375
2025-09-14 16:00:00-07:00,TH_SP15_GEN-APND,17.0
2025-09-14 16:00:00-07:00,TH_ZP26_GEN-APND,14.10381
2025-09-14 17:00:00-07:00,TH_NP15_GEN-APND,41.18551
2025-09-14 17:00:00-07:00,TH_SP15_GEN-APND,36.39977
2025-09-14 17:00:00-07:00,TH_ZP26_GEN-APND,35.95067
2025-09-14 18:00:00-07:00,TH_NP15_GEN-APND,50.15818
2025-09-14 18:00:00-07:00,TH_SP15_GEN-APND,47.12516
2025-09-14 18:00:00-07:00,TH_ZP26_GEN-APND,48.02721
2025-09-14 19:00:00-07:00,TH_NP15_GEN-APND,51.85223
2025-09-14 19:00:00-07:00,TH_SP15_GEN-APND,48.91
2025-09-14 19:00:00-07:00,TH_ZP26_GEN-APND,50.25838
2025-09-14 20:00:00-07:00,TH_NP15_GEN-APND,50.57692
2025-09-14 20:00:00-07:00,TH_SP15_GEN-APND,47.11652
2025-09-14 20:00:00-07:00,TH_ZP26_GEN-APND,48.52734
2025-09-14 21:00:00-07:00,TH_NP15_GEN-APND,48.48856
2025-09-14 21:00:00-07:00,TH_SP15_GEN-APND,46.57146
2025-09-14 21:00:00-07:00,TH_ZP26_GEN-APND,47.62046
2025-09-14 22:00:00-07:00,TH_NP15_GEN-APND,47.80823
2025-09-14 22:00:00-07:00,TH_SP15_GEN-APND,45.97543
2025-09-14 22:00:00-07:00,TH_ZP26_GEN-APND,47.07387
2025-09-14 23:00:00-07:00,TH_NP15_GEN-APND,46.83404
2025-09-14 23:00:00-07:00,TH_SP15_GEN-APND,45.59593
2025-09-14 23:00:00-07:00,TH_ZP26_GEN-APND,46.71784
2025-09-15 00:00:00-07:00,TH_NP15_GEN-APND,47.26095
2025-09-15 00:00:00-07:00,TH_SP15_GEN-APND,46.11001
2025-09-15 00:00:00-07:00,TH_ZP26_GEN-APND,46.83036
2025-09-15 01:00:00-07:00,TH_NP15_GEN-APND,43.16863
2025-09-15 01:00:00-07:00,TH_SP15_GEN-APND,42.16265
2025-09-15 01:00:00-07:00,TH_ZP26_GEN-APND,43.01285
2025-09-15 02:00:00-07:00,TH_NP15_GEN-APND,43.45483
2025-09-15 02:00:00-07:00,TH_SP15_GEN-APND,41.96175
2025-09-15 02:00:00-07:00,TH_ZP26_GEN-APND,42.986
2025-09-15 03:00:00-07:00,TH_NP15_GEN-APND,43.49021
2025-09-15 03:00:00-07:00,TH_SP15_GEN-APND,41.45858
2025-09-15 03:00:00-07:00,TH_ZP26_GEN-APND,42.93541
2025-09-15 04:00:00-07:00,TH_NP15_GEN-APND,48.06912
2025-09-15 04:00:00-07:00,TH_SP15_GEN-APND,45.60874
2025-09-15 04:00:00-07:00,TH_ZP26_GEN-APND,47.23333
2025-09-15 05:00:00-07:00,TH_NP15_GEN-APND,49.69942
2025-09-15 05:00:00-07:00,TH_SP15_GEN-APND,47.57988
2025-09-15 05:00:00-07:00,TH_ZP26_GEN-APND,49.17175
2025-09-15 06:00:00-07:00,TH_NP15_GEN-APND,53.65116
2025-09-15 06:00:00-07:00,TH_SP15_GEN-APND,51.21615
2025-09-15 06:00:00-07:00,TH_ZP26_GEN-APND,52.53393
2025-09-15 07:00:00-07:00,TH_NP15_GEN-APND,45.65474
2025-09-15 07:00:00-07:00,TH_SP15_GEN-APND,39.97503
2025-09-15 07:00:00-07:00,TH_ZP26_GEN-APND,41.09682
2025-09-15 08:00:00-07:00,TH_NP15_GEN-APND,37.02067
2025-09-15 08:00:00-07:00,TH_SP15_GEN-APND,21.74154
2025-09-15 08:00:00-07:00,TH_ZP26_GEN-APND,17.91
2025-09-15 09:00:00-07:00,TH_NP15_GEN-APND,35.92644
2025-09-15 09:00:00-07:00,TH_SP15_GEN-APND,20.82454
2025-09-15 09:00:00-07:00,TH_ZP26_GEN-APND,16.80845
2025-09-15 10:00:00-07:00,TH_NP15_GEN-APND,32.43672
2025-09-15 10:00:00-07:00,TH_SP15_GEN-APND,22.22497
2025-09-15 10:00:00-07:00,TH_ZP26_GEN-APND,17.47372
2025-09-15 11:00:00-07:00,TH_NP15_GEN-APND,32.53693
2025-09-15 11:00:00-07:00,TH_SP15_GEN-APND,23.0947
2025-09-15 11:00:00-07:00,TH_ZP26_GEN-APND,17.8156
2025-09-15 12:00:00-07:00,TH_NP15_GEN-APND,32.5
2025-09-15 12:00:00-07:00,TH_SP15_GEN-APND,23.34551
2025-09-15 12:00:00-07:00,TH_ZP26_GEN-APND,18.14514
2025-09-15 13:00:00-07:00,TH_NP15_GEN-APND,33.53879
2025-09-15 13:00:00-07:00,TH_SP15_GEN-APND,23.10479
2025-09-15 13:00:00-07:00,TH_ZP26_GEN-APND,18.10794
2025-09-15 14:00:00-07:00,TH_NP15_GEN-APND,37.33997
2025-09-15 14:00:00-07:00,TH_SP15_GEN-APND,23.00114
2025-09-15 14:00:00-07:00,TH_ZP26_GEN-APND,17.60874
2025-09-15 15:00:00-07:00,TH_NP15_GEN-APND,40.85168
2025-09-15 15:00:00-07:00,TH_SP15_GEN-APND,27.27398
2025-09-15 15:00:00-07:00,TH_ZP26_GEN-APND,23.71776
2025-09-15 16:00:00-07:00,TH_NP15_GEN-APND,42.85349
2025-09-15 16:00:00-07:00,TH_SP15_GEN-APND,32.76891
2025-09-15 16:00:00-07:00,TH_ZP26_GEN-APND,30.95944
2025-09-15 17:00:00-07:00,TH_NP15_GEN-APND,54.22096
2025-09-15 17:00:00-07:00,TH_SP15_GEN-APND,51.86574
2025-09-15 17:00:00-07:00,TH_ZP26_GEN-APND,50.98207
2025-09-15 18:00:00-07:00,TH_NP15_GEN-APND,68.58961
2025-09-15 18:00:00-07:00,TH_SP15_GEN-APND,60.95705
2025-09-15 18:00:00-07:00,TH_ZP26_GEN-APND,61.84589
2025-09-15 19:00:00-07:00,TH_NP15_GEN-APND,70.75998
2025-09-15 19:00:00-07:00,TH_SP15_GEN-APND,61.06751
2025-09-15 19:00:00-07:00,TH_ZP26_GEN-APND,63.52346
2025-09-15 20:00:00-07:00,TH_NP15_GEN-APND,67.0547
2025-09-15 20:00:00-07:00,TH_SP15_GEN-APND,57.43597
2025-09-15 20:00:00-07:00,TH_ZP26_GEN-APND,57.75586
2025-09-15 21:00:00-07:00,TH_NP15_GEN-APND,57.48467
2025-09-15 21:00:00-07:00,TH_SP15_GEN-APND,56.73031
2025-09-15 21:00:00-07:00,TH_ZP26_GEN-APND,56.76
2025-09-15 22:00:00-07:00,TH_NP15_GEN-APND,55.43658
2025-09-15 22:00:00-07:00,TH_SP15_GEN-APND,55.66402
2025-09-15 22:00:00-07:00,TH_ZP26_GEN-APND,56.77061
2025-09-15 23:00:00-07:00,TH_NP15_GEN-APND,51.22473
2025-09-15 23:00:00-07:00,TH_SP15_GEN-APND,52.71336
2025-09-15 23:00:00-07:00,TH_ZP26_GEN-APND,53.08417
2025-09-16 00:00:00-07:00,TH_NP15_GEN-APND,52.43424
2025-09-16 00:00:00-07:00,TH_SP15_GEN-APND,51.88287
2025-09-16 00:00:00-07:00,TH_ZP26_GEN-APND,53.80534
2025-09-16 01:00:00-07:00,TH_NP15_GEN-APND,50.06859
2025-09-16 01:00:00-07:00,TH_SP15_GEN-APND,49.85956
2025-09-16 01:00:00-07:00,TH_ZP26_GEN-APND,50.60963
2025-09-16 02:00:00-07:00,TH_NP15_GEN-APND,47.87266
2025-09-16 02:00:00-07:00,TH_SP15_GEN-APND,47.27151
2025-09-16 02:00:00-07:00,TH_ZP26_GEN-APND,47.92305
2025-09-16 03:00:00-07:00,TH_NP15_GEN-APND,47.74449
2025-09-16 03:00:00-07:00,TH_SP15_GEN-APND,46.95619
2025-09-16 03:00:00-07:00,TH_ZP26_GEN-APND,47.65159
2025-09-16 04:00:00-07:00,TH_NP15_GEN-APND,49.2921
2025-09-16 04:00:00-07:00,TH_SP15_GEN-APND,47.54079
2025-09-16 04:00:00-07:00,TH_ZP26_GEN-APND,48.68005
2025-09-16 05:00:00-07:00,TH_NP15_GEN-APND,51.16
2025-09-16 05:00:00-07:00,TH_SP15_GEN-APND,49.91065
2025-09-16 05:00:00-07:00,TH_ZP26_GEN-APND,50.93138
2025-09-16 06:00:00-07:00,TH_NP15_GEN-APND,58.69919
2025-09-16 06:00:00-07:00,TH_SP15_GEN-APND,57.20047
2025-09-16 06:00:00-07:00,TH_ZP26_GEN-APND,58.09007
2025-09-16 07:00:00-07:00,TH_NP15_GEN-APND,49.71211
2025-09-16 07:00:00-07:00,TH_SP15_GEN-APND,47.10467
2025-09-16 07:00:00-07:00,TH_ZP26_GEN-APND,47.8183
2025-09-16 08:00:00-07:00,TH_NP15_GEN-APND,39.85396
2025-09-16 08:00:00-07:00,TH_SP15_GEN-APND,25.77354
2025-09-16 08:00:00-07:00,TH_ZP26_GEN-APND,27.74674
2025-09-16 09:00:00-07:00,TH_NP15_GEN-APND,38.64978
2025-09-16 09:00:00-07:00,TH_SP15_GEN-APND,22.61076
2025-09-16 09:00:00-07:00,TH_ZP26_GEN-APND,23.22489
2025-09-16 10:00:00-07:00,TH_NP15_GEN-APND,37.54331
2025-09-16 10:00:00-07:00,TH_SP15_GEN-APND,21.21993
2025-09-16 10:00:00-07:00,TH_ZP26_GEN-APND,23.57564
2025-09-16 11:00:00-07:00,TH_NP15_GEN-APND,38.01362
2025-09-16 11:00:00-07:00,TH_SP15_GEN-APND,21.77107
2025-09-16 11:00:00-07:00,TH_ZP26_GEN-APND,23.7
2025-09-16 12:00:00-07:00,TH_NP15_GEN-APND,37.77566
2025-09-16 12:00:00-07:00,TH_SP15_GEN-APND,20.82024
2025-09-16 12:00:00-07:00,TH_ZP26_GEN-APND,23.30687
2025-09-16 13:00:00-07:00,TH_NP15_GEN-APND,42.73882
2025-09-16 13:00:00-07:00,TH_SP15_GEN-APND,22.13986
2025-09-16 13:00:00-07:00,TH_ZP26_GEN-APND,26.15898
2025-09-16 14:00:00-07:00,TH_NP15_GEN-APND,47.7
2025-09-16 14:00:00-07:00,TH_SP15_GEN-APND,25.51042
2025-09-16 14:00:00-07:00,TH_ZP26_GEN-APND,27.51019
2025-09-16 15:00:00-07:00,TH_NP15_GEN-APND,49.20723
2025-09-16 15:00:00-07:00,TH_SP15_GEN-APND,28.88431
2025-09-16 15:00:00-07:00,TH_ZP26_GEN-APND,31.26388
2025-09-16 16:00:00-07:00,TH_NP15_GEN-APND,55.09208
2025-09-16 16:00:00-07:00,TH_SP15_GEN-APND,39.29282
2025-09-16 16:00:00-07:00,TH_ZP26_GEN-APND,43.26232
2025-09-16 17:00:00-07:00,TH_NP15_GEN-APND,72.88774
2025-09-16 17:00:00-07:00,TH_SP15_GEN-APND,58.42347
2025-09-16 17:00:00-07:00,TH_ZP26_GEN-APND,60.06
2025-09-16 18:00:00-07:00,TH_NP15_GEN-APND,97.2491
2025-09-16 18:00:00-07:00,TH_SP15_GEN-APND,74.49508
2025-09-16 18:00:00-07:00,TH_ZP26_GEN-APND,74.46536
2025-09-16 19:00:00-07:00,TH_NP15_GEN-APND,95.75317
2025-09-16 19:00:00-07:00,TH_SP15_GEN-APND,69.1887
2025-09-16 19:00:00-07:00,TH_ZP26_GEN-APND,70.5589
2025-09-16 20:00:00-07:00,TH_NP15_GEN-APND,81.11956
2025-09-16 20:00:00-07:00,TH_SP15_GEN-APND,63.36329
2025-09-16 20:00:00-07:00,TH_ZP26_GEN-APND,64.37749
2025-09-16 21:00:00-07:00,TH_NP15_GEN-APND,68.37274
2025-09-16 21:00:00-07:00,TH_SP15_GEN-APND,63.55912
2025-09-16 21:00:00-07:00,TH_ZP26_GEN-APND,63.85822
2025-09-16 22:00:00-07:00,TH_NP15_GEN-APND,62.56285
2025-09-16 22:00:00-07:00,TH_SP15_GEN-APND,60.60369
2025-09-16 22:00:00-07:00,TH_ZP26_GEN-APND,60.63255
2025-09-16 23:00:00-07:00,TH_NP15_GEN-APND,53.59642
2025-09-16 23:00:00-07:00,TH_SP15_GEN-APND,53.71123
2025-09-16 23:00:00-07:00,TH_ZP26_GEN-APND,53.92024
2025-09-17 00:00:00-07:00,TH_NP15_GEN-APND,51.13903
2025-09-17 00:00:00-07:00,TH_SP15_GEN-APND,49.81754
2025-09-17 00:00:00-07:00,TH_ZP26_GEN-APND,50.65756
2025-09-17 01:00:00-07:00,TH_NP15_GEN-APND,49.39793
2025-09-17 01:00:00-07:00,TH_SP15_GEN-APND,47.93629
2025-09-17 01:00:00-07:00,TH_ZP26_GEN-APND,49.01715
2025-09-17 02:00:00-07:00,TH_NP15_GEN-APND,46.6766
2025-09-17 02:00:00-07:00,TH_SP15_GEN-APND,45.33338
2025-09-17 02:00:00-07:00,TH_ZP26_GEN-APND,46.10767
2025-09-17 03:00:00-07:00,TH_NP15_GEN-APND,46.30286
2025-09-17 03:00:00-07:00,TH_SP15_GEN-APND,45.04144
2025-09-17 03:00:00-07:00,TH_ZP26_GEN-APND,45.66086
2025-09-17 04:00:00-07:00,TH_NP15_GEN-APND,46.77071
2025-09-17 04:00:00-07:00,TH_SP15_GEN-APND,45.53977
2025-09-17 04:00:00-07:00,TH_ZP26_GEN-APND,46.11204
2025-09-17 05:00:00-07:00,TH_NP15_GEN-APND,48.5114
2025-09-17 05:00:00-07:00,TH_SP15_GEN-APND,47.36989
2025-09-17 05:00:00-07:00,TH_ZP26_GEN-APND,47.89557
2025-09-17 06:00:00-07:00,TH_NP15_GEN-APND,54.14696
2025-09-17 06:00:00-07:00,TH_SP15_GEN-APND,53.19151
2025-09-17 06:00:00-07:00,TH_ZP26_GEN-APND,53.62921
2025-09-17 07:00:00-07:00,TH_NP15_GEN-APND,51.31378
2025-09-17 07:00:00-07:00,TH_SP15_GEN-APND,48.94753
2025-09-17 07:00:00-07:00,TH_ZP26_GEN-APND,49.17174
2025-09-17 08:00:00-07:00,TH_NP15_GEN-APND,42.1213
2025-09-17 08:00:00-07:00,TH_SP15_GEN-APND,34.88108
2025-09-17 08:00:00-07:00,TH_ZP26_GEN-APND,33.67218
2025-09-17 09:00:00-07:00,TH_NP15_GEN-APND,42.08899
2025-09-17 09:00:00-07:00,TH_SP15_GEN-APND,29.85986
2025-09-17 09:00:00-07:00,TH_ZP26_GEN-APND,27.90089
2025-09-17 10:00:00-07:00,TH_NP15_GEN-APND,37.61353
2025-09-17 10:00:00-07:00,TH_SP15_GEN-APND,32.15663
2025-09-17 10:00:00-07:00,TH_ZP26_GEN-APND,29.82945
2025-09-17 11:00:00-07:00,TH_NP15_GEN-APND,38.76714
2025-09-17 11:00:00-07:00,TH_SP15_GEN-APND,32.87088
2025-09-17 11:00:00-07:00,TH_ZP26_GEN-APND,30.00206
2025-09-17 12:00:00-07:00,TH_NP15_GEN-APND,39.92205
2025-09-17 12:00:00-07:00,TH_SP15_GEN-APND,32.9437
2025-09-17 12:00:00-07:00,TH_ZP26_GEN-APND,30.3526
2025-09-17 13:00:00-07:00,TH_NP15_GEN-APND,42.38
2025-09-17 13:00:00-07:00,TH_SP15_GEN-APND,32.49762
2025-09-17 13:00:00-07:00,TH_ZP26_GEN-APND,30.5174
2025-09-17 14:00:00-07:00,TH_NP15_GEN-APND,47.93249
2025-09-17 14:00:00-07:00,TH_SP15_GEN-APND,37.06268
2025-09-17 14:00:00-07:00,TH_ZP26_GEN-APND,36.78289
2025-09-17 15:00:00-07:00,TH_NP15_GEN-APND,54.88178
2025-09-17 15:00:00-07:00,TH_SP15_GEN-APND,42.33178
2025-09-17 15:00:00-07:00,TH_ZP26_GEN-APND,30.18278
2025-09-17 16:00:00-07:00,TH_NP15_GEN-APND,62.94313
2025-09-17 16:00:00-07:00,TH_SP15_GEN-APND,51.72132
2025-09-17 16:00:00-07:00,TH_ZP26_GEN-APND,50.81099
2025-09-17 17:00:00-07:00,TH_NP15_GEN-APND,75.38384
2025-09-17 17:00:00-07:00,TH_SP15_GEN-APND,63.38527
2025-09-17 17:00:00-07:00,TH_ZP26_GEN-APND,63.72851
2025-09-17 18:00:00-07:00,TH_NP15_GEN-APND,82.39205
2025-09-17 18:00:00-07:00,TH_SP15_GEN-APND,64.69487
2025-09-17 18:00:00-07:00,TH_ZP26_GEN-APND,65.41883
2025-09-17 19:00:00-07:00,TH_NP15_GEN-APND,77.95156
2025-09-17 19:00:00-07:00,TH_SP15_GEN-APND,58.17287
2025-09-17 19:00:00-07:00,TH_ZP26_GEN-APND,58.27446
2025-09-17 20:00:00-07:00,TH_NP15_GEN-APND,71.41552
2025-09-17 20:00:00-07:00,TH_SP15_GEN-APND,55.5325
2025-09-17 20:00:00-07:00,TH_ZP26_GEN-APND,55.45428
2025-09-17 21:00:00-07:00,TH_NP15_GEN-APND,62.18081
2025-09-17 21:00:00-07:00,TH_SP15_GEN-APND,58.33859
2025-09-17 21:00:00-07:00,TH_ZP26_GEN-APND,58.8866
2025-09-17 22:00:00-07:00,TH_NP15_GEN-APND,57.44421
2025-09-17 22:00:00-07:00,TH_SP15_GEN-APND,56.67553
2025-09-17 22:00:00-07:00,TH_ZP26_GEN-APND,57.26769
2025-09-17 23:00:00-07:00,TH_NP15_GEN-APND,49.85923
2025-09-17 23:00:00-07:00,TH_SP15_GEN-APND,49.78249
2025-09-17 23:00:00-07:00,TH_ZP26_GEN-APND,49.94405
2025-09-18 00:00:00-07:00,TH_NP15_GEN-APND,57.07741
2025-09-18 00:00:00-07:00,TH_SP15_GEN-APND,55.96991
2025-09-18 00:00:00-07:00,TH_ZP26_GEN-APND,56.76934
2025-09-18 01:00:00-07:00,TH_NP15_GEN-APND,53.10253
2025-09-18 01:00:00-07:00,TH_SP15_GEN-APND,51.40068
2025-09-18 01:00:00-07:00,TH_ZP26_GEN-APND,52.524
2025-09-18 02:00:00-07:00,TH_NP15_GEN-APND,51.93202
2025-09-18 02:00:00-07:00,TH_SP15_GEN-APND,50.28029
2025-09-18 02:00:00-07:00,TH_ZP26_GEN-APND,51.08786
2025-09-18 03:00:00-07:00,TH_NP15_GEN-APND,51.80535
2025-09-18 03:00:00-07:00,TH_SP15_GEN-APND,50.18946
2025-09-18 03:00:00-07:00,TH_ZP26_GEN-APND,51.02005
2025-09-18 04:00:00-07:00,TH_NP15_GEN-APND,52.30221
2025-09-18 04:00:00-07:00,TH_SP15_GEN-APND,50.56357
2025-09-18 04:00:00-07:00,TH_ZP26_GEN-APND,51.39415
2025-09-18 05:00:00-07:00,TH_NP15_GEN-APND,52.37753
2025-09-18 05:00:00-07:00,TH_SP15_GEN-APND,50.8486
2025-09-18 05:00:00-07:00,TH_ZP26_GEN-APND,51.70979
2025-09-18 06:00:00-07:00,TH_NP15_GEN-APND,58.94755
2025-09-18 06:00:00-07:00,TH_SP15_GEN-APND,57.95477
2025-09-18 06:00:00-07:00,TH_ZP26_GEN-APND,58.40276
2025-09-18 07:00:00-07:00,TH_NP15_GEN-APND,61.55564
2025-09-18 07:00:00-07:00,TH_SP15_GEN-APND,57.83179
2025-09-18 07:00:00-07:00,TH_ZP26_GEN-APND,59.71095
2025-09-18 08:00:00-07:00,TH_NP15_GEN-APND,54.67268
2025-09-18 08:00:00-07:00,TH_SP15_GEN-APND,51.84019
2025-09-18 08:00:00-07:00,TH_ZP26_GEN-APND,52.64072
2025-09-18 09:00:00-07:00,TH_NP15_GEN-APND,54.22157
2025-09-18 09:00:00-07:00,TH_SP15_GEN-APND,51.10165
2025-09-18 09:00:00-07:00,TH_ZP26_GEN-APND,52.19685
2025-09-18 10:00:00-07:00,TH_NP15_GEN-APND,53.12499
2025-09-18 10:00:00-07:00,TH_SP15_GEN-APND,50.36307
2025-09-18 10:00:00-07:00,TH_ZP26_GEN-APND,51.19586
2025-09-18 11:00:00-07:00,TH_NP15_GEN-APND,52.04472
2025-09-18 11:00:00-07:00,TH_SP15_GEN-APND,49.96429
2025-09-18 11:00:00-07:00,TH_ZP26_GEN-APND,50.24604
2025-09-18 12:00:00-07:00,TH_NP15_GEN-APND,50.33639
2025-09-18 12:00:00-07:00,TH_SP15_GEN-APND,49.22886
2025-09-18 12:00:00-07:00,TH_ZP26_GEN-APND,50.15833
2025-09-18 13:00:00-07:00,TH_NP15_GEN-APND,51.41929
2025-09-18 13:00:00-07:00,TH_SP15_GEN-APND,49.46185
2025-09-18 13:00:00-07:00,TH_ZP26_GEN-APND,50.71916
2025-09-18 14:00:00-07:00,TH_NP15_GEN-APND,55.84049
2025-09-18 14:00:00-07:00,TH_SP15_GEN-APND,50.35435
2025-09-18 14:00:00-07:00,TH_ZP26_GEN-APND,51.69569
2025-09-18 15:00:00-07:00,TH_NP15_GEN-APND,56.81361
2025-09-18 15:00:00-07:00,TH_SP15_GEN-APND,50.56174
2025-09-18 15:00:00-07:00,TH_ZP26_GEN-APND,53.58356
2025-09-18 16:00:00-07:00,TH_NP15_GEN-APND,59.12431
2025-09-18 16:00:00-07:00,TH_SP15_GEN-APND,54.53979
2025-09-18 16:00:00-07:00,TH_ZP26_GEN-APND,56.96057
2025-09-18 17:00:00-07:00,TH_NP15_GEN-APND,61.31683
2025-09-18 17:00:00-07:00,TH_SP15_GEN-APND,58.37202
2025-09-18 17:00:00-07:00,TH_ZP26_GEN-APND,59.75676
2025-09-18 18:00:00-07:00,TH_NP15_GEN-APND,59.28795
2025-09-18 18:00:00-07:00,TH_SP15_GEN-APND,59.24074
2025-09-18 18:00:00-07:00,TH_ZP26_GEN-APND,60.33298
2025-09-18 19:00:00-07:00,TH_NP15_GEN-APND,59.57278
2025-09-18 19:00:00-07:00,TH_SP15_GEN-APND,59.8346
2025-09-18 19:00:00-07:00,TH_ZP26_GEN-APND,60.96404
2025-09-18 20:00:00-07:00,TH_NP15_GEN-APND,59.79463
2025-09-18 20:00:00-07:00,TH_SP15_GEN-APND,59.73104
2025-09-18 20:00:00-07:00,TH_ZP26_GEN-APND,60.81419
2025-09-18 21:00:00-07:00,TH_NP15_GEN-APND,59.17435
2025-09-18 21:00:00-07:00,TH_SP15_GEN-APND,58.80973
2025-09-18 21:00:00-07:00,TH_ZP26_GEN-APND,58.66284
2025-09-18 22:00:00-07:00,TH_NP15_GEN-APND,57.71597
2025-09-18 22:00:00-07:00,TH_SP15_GEN-APND,55.88823
2025-09-18 22:00:00-07:00,TH_ZP26_GEN-APND,56.93092
2025-09-18 23:00:00-07:00,TH_NP15_GEN-APND,54.05888
2025-09-18 23:00:00-07:00,TH_SP15_GEN-APND,53.08334
2025-09-18 23:00:00-07:00,TH_ZP26_GEN-APND,53.78896
2025-09-19 00:00:00-07:00,TH_NP15_GEN-APND,50.69279
2025-09-19 00:00:00-07:00,TH_SP15_GEN-APND,49.21161
2025-09-19 00:00:00-07:00,TH_ZP26_GEN-APND,51.85082
2025-09-19 01:00:00-07:00,TH_NP15_GEN-APND,48.95039
2025-09-19 01:00:00-07:00,TH_SP15_GEN-APND,48.23634
2025-09-19 01:00:00-07:00,TH_ZP26_GEN-APND,50.6966
2025-09-19 02:00:00-07:00,TH_NP15_GEN-APND,48.84495
2025-09-19 02:00:00-07:00,TH_SP15_GEN-APND,45.40593
2025-09-19 02:00:00-07:00,TH_ZP26_GEN-APND,48.24734
2025-09-19 03:00:00-07:00,TH_NP15_GEN-APND,48.55141
2025-09-19 03:00:00-07:00,TH_SP15_GEN-APND,44.9631
2025-09-19 03:00:00-07:00,TH_ZP26_GEN-APND,47.76691
2025-09-19 04:00:00-07:00,TH_NP15_GEN-APND,47.59792
2025-09-19 04:00:00-07:00,TH_SP15_GEN-APND,46.57307
2025-09-19 04:00:00-07:00,TH_ZP26_GEN-APND,48.91365
2025-09-19 05:00:00-07:00,TH_NP15_GEN-APND,48.59091
2025-09-19 05:00:00-07:00,TH_SP15_GEN-APND,47.67473
2025-09-19 05:00:00-07:00,TH_ZP26_GEN-APND,49.99676
2025-09-19 06:00:00-07:00,TH_NP15_GEN-APND,53.77842
2025-09-19 06:00:00-07:00,TH_SP15_GEN-APND,54.84214
2025-09-19 06:00:00-07:00,TH_ZP26_GEN-APND,55.79832
2025-09-19 07:00:00-07:00,TH_NP15_GEN-APND,49.05455
2025-09-19 07:00:00-07:00,TH_SP15_GEN-APND,48.67034
2025-09-19 07:00:00-07:00,TH_ZP26_GEN-APND,49.7487
2025-09-19 08:00:00-07:00,TH_NP15_GEN-APND,44.61743
2025-09-19 08:00:00-07:00,TH_SP15_GEN-APND,35.36484
2025-09-19 08:00:00-07:00,TH_ZP26_GEN-APND,34.71048
2025-09-19 09:00:00-07:00,TH_NP15_GEN-APND,40.87656
2025-09-19 09:00:00-07:00,TH_SP15_GEN-APND,28.75895
2025-09-19 09:00:00-07:00,TH_ZP26_GEN-APND,31.87736
2025-09-19 10:00:00-07:00,TH_NP15_GEN-APND,37.64
2025-09-19 10:00:00-07:00,TH_SP15_GEN-APND,31.90241
2025-09-19 10:00:00-07:00,TH_ZP26_GEN-APND,35.16573
2025-09-19 11:00:00-07:00,TH_NP15_GEN-APND,36.92905
2025-09-19 11:00:00-07:00,TH_SP15_GEN-APND,31.14268
2025-09-19 11:00:00-07:00,TH_ZP26_GEN-APND,34.44969
2025-09-19 12:00:00-07:00,TH_NP15_GEN-APND,36.48518
2025-09-19 12:00:00-07:00,TH_SP15_GEN-APND,30.84104
2025-09-19 12:00:00-07:00,TH_ZP26_GEN-APND,34.00657
2025-09-19 13:00:00-07:00,TH_NP15_GEN-APND,37.6351
2025-09-19 13:00:00-07:00,TH_SP15_GEN-APND,30.94419
2025-09-19 13:00:00-07:00,TH_ZP26_GEN-APND,34.52313
2025-09-19 14:00:00-07:00,TH_NP15_GEN-APND,38.44747
2025-09-19 14:00:00-07:00,TH_SP15_GEN-APND,30.68802
2025-09-19 14:00:00-07:00,TH_ZP26_GEN-APND,34.19349
2025-09-19 15:00:00-07:00,TH_NP15_GEN-APND,40.30671
2025-09-19 15:00:00-07:00,TH_SP15_GEN-APND,31.32559
2025-09-19 15:00:00-07:00,TH_ZP26_GEN-APND,36.56248
2025-09-19 16:00:00-07:00,TH_NP15_GEN-APND,42.5666
2025-09-19 16:00:00-07:00,TH_SP15_GEN-APND,33.80095
2025-09-19 16:00:00-07:00,TH_ZP26_GEN-APND,39.4121
2025-09-19 17:00:00-07:00,TH_NP15_GEN-APND,51.43202
2025-09-19 17:00:00-07:00,TH_SP15_GEN-APND,48.80016
2025-09-19 17:00:00-07:00,TH_ZP26_GEN-APND,50.96783
2025-09-19 18:00:00-07:00,TH_NP15_GEN-APND,55.05679
2025-09-19 18:00:00-07:00,TH_SP15_GEN-APND,52.43079
2025-09-19 18:00:00-07:00,TH_ZP26_GEN-APND,54.39067
2025-09-19 19:00:00-07:00,TH_NP15_GEN-APND,55.64
2025-09-19 19:00:00-07:00,TH_SP15_GEN-APND,52.2662
2025-09-19 19:00:00-07:00,TH_ZP26_GEN-APND,53.87781
2025-09-19 20:00:00-07:00,TH_NP15_GEN-APND,54.81033
2025-09-19 20:00:00-07:00,TH_SP15_GEN-APND,51.76621
2025-09-19 20:00:00-07:00,TH_ZP26_GEN-APND,53.2556
2025-09-19 21:00:00-07:00,TH_NP15_GEN-APND,50.59931
2025-09-19 21:00:00-07:00,TH_SP15_GEN-APND,51.18035
2025-09-19 21:00:00-07:00,TH_ZP26_GEN-APND,52.10116
2025-09-19 22:00:00-07:00,TH_NP15_GEN-APND,50.75322
2025-09-19 22:00:00-07:00,TH_SP15_GEN-APND,49.14757
2025-09-19 22:00:00-07:00,TH_ZP26_GEN-APND,51.79167
2025-09-19 23:00:00-07:00,TH_NP15_GEN-APND,49.58007
2025-09-19 23:00:00-07:00,TH_SP15_GEN-APND,48.61778
2025-09-19 23:00:00-07:00,TH_ZP26_GEN-APND,51.49033
2025-09-20 00:00:00-07:00,TH_NP15_GEN-APND,47.65372
2025-09-20 00:00:00-07:00,TH_SP15_GEN-APND,45.23819
2025-09-20 00:00:00-07:00,TH_ZP26_GEN-APND,47.31
2025-09-20 01:00:00-07:00,TH_NP15_GEN-APND,47.62607
2025-09-20 01:00:00-07:00,TH_SP15_GEN-APND,44.76736
2025-09-20 01:00:00-07:00,TH_ZP26_GEN-APND,47.16056
2025-09-20 02:00:00-07:00,TH_NP15_GEN-APND,46.94438
2025-09-20 02:00:00-07:00,TH_SP15_GEN-APND,43.85341
2025-09-20 02:00:00-07:00,TH_ZP26_GEN-APND,46.23023
2025-09-20 03:00:00-07:00,TH_NP15_GEN-APND,46.3735
2025-09-20 03:00:00-07:00,TH_SP15_GEN-APND,43.95516
2025-09-20 03:00:00-07:00,TH_ZP26_GEN-APND,45.85353
2025-09-20 04:00:00-07:00,TH_NP15_GEN-APND,46.79612
2025-09-20 04:00:00-07:00,TH_SP15_GEN-APND,43.83383
2025-09-20 04:00:00-07:00,TH_ZP26_GEN-APND,46.03271
2025-09-20 05:00:00-07:00,TH_NP15_GEN-APND,46.88036
2025-09-20 05:00:00-07:00,TH_SP15_GEN-APND,43.91181
2025-09-20 05:00:00-07:00,TH_ZP26_GEN-APND,46.17264
2025-09-20 06:00:00-07:00,TH_NP15_GEN-APND,47.23731
2025-09-20 06:00:00-07:00,TH_SP15_GEN-APND,45.40129
2025-09-20 06:00:00-07:00,TH_ZP26_GEN-APND,46.34761
2025-09-20 07:00:00-07:00,TH_NP15_GEN-APND,41.89516
2025-09-20 07:00:00-07:00,TH_SP15_GEN-APND,37.82086
2025-09-20 07:00:00-07:00,TH_ZP26_GEN-APND,39.77923
2025-09-20 08:00:00-07:00,TH_NP15_GEN-APND,32.3123
2025-09-20 08:00:00-07:00,TH_SP15_GEN-APND,24.6282
2025-09-20 08:00:00-07:00,TH_ZP26_GEN-APND,24.06648
2025-09-20 09:00:00-07:00,TH_NP15_GEN-APND,31.95278
2025-09-20 09:00:00-07:00,TH_SP15_GEN-APND,20.48791
2025-09-20 09:00:00-07:00,TH_ZP26_GEN-APND,19.0429
2025-09-20 10:00:00-07:00,TH_NP15_GEN-APND,29.19877
2025-09-20 10:00:00-07:00,TH_SP15_GEN-APND,22.28725
2025-09-20 10:00:00-07:00,TH_ZP26_GEN-APND,20.78418
2025-09-20 11:00:00-07:00,TH_NP15_GEN-APND,28.42011
2025-09-20 11:00:00-07:00,TH_SP15_GEN-APND,22.50829
2025-09-20 11:00:00-07:00,TH_ZP26_GEN-APND,20.38531
2025-09-20 12:00:00-07:00,TH_NP15_GEN-APND,27.41281
2025-09-20 12:00:00-07:00,TH_SP15_GEN-APND,21.6153
2025-09-20 12:00:00-07:00,TH_ZP26_GEN-APND,19.92359
2025-09-20 13:00:00-07:00,TH_NP15_GEN-APND,28.47061
2025-09-20 13:00:00-07:00,TH_SP15_GEN-APND,22.50265
2025-09-20 13:00:00-07:00,TH_ZP26_GEN-APND,20.6638
2025-09-20 14:00:00-07:00,TH_NP15_GEN-APND,31.29408
2025-09-20 14:00:00-07:00,TH_SP15_GEN-APND,22.12753
2025-09-20 14:00:00-07:00,TH_ZP26_GEN-APND,19.97887
2025-09-20 15:00:00-07:00,TH_NP15_GEN-APND,35.47943
2025-09-20 15:00:00-07:00,TH_SP15_GEN-APND,23.72173
2025-09-20 15:00:00-07:00,TH_ZP26_GEN-APND,23.1793
2025-09-20 16:00:00-07:00,TH_NP15_GEN-APND,37.556
2025-09-20 16:00:00-07:00,TH_SP15_GEN-APND,28.23058
2025-09-20 16:00:00-07:00,TH_ZP26_GEN-APND,28.40623
2025-09-20 17:00:00-07:00,TH_NP15_GEN-APND,48.42043
2025-09-20 17:00:00-07:00,TH_SP15_GEN-APND,45.48492
2025-09-20 17:00:00-07:00,TH_ZP26_GEN-APND,45.7164
2025-09-20 18:00:00-07:00,TH_NP15_GEN-APND,52.45166
2025-09-20 18:00:00-07:00,TH_SP15_GEN-APND,50.30255
2025-09-20 18:00:00-07:00,TH_ZP26_GEN-APND,51.06707
2025-09-20 19:00:00-07:00,TH_NP15_GEN-APND,52.80481
2025-09-20 19:00:00-07:00,TH_SP15_GEN-APND,50.08
2025-09-20 19:00:00-07:00,TH_ZP26_GEN-APND,51.43288
2025-09-20 20:00:00-07:00,TH_NP15_GEN-APND,50.17983
2025-09-20 20:00:00-07:00,TH_SP15_GEN-APND,48.00658
2025-09-20 20:00:00-07:00,TH_ZP26_GEN-APND,48.98076
2025-09-20 21:00:00-07:00,TH_NP15_GEN-APND,48.41283
2025-09-20 21:00:00-07:00,TH_SP15_GEN-APND,48.11693
2025-09-20 21:00:00-07:00,TH_ZP26_GEN-APND,48.35989
2025-09-20 22:00:00-07:00,TH_NP15_GEN-APND,49.13212
2025-09-20 22:00:00-07:00,TH_SP15_GEN-APND,46.17511
2025-09-20 22:00:00-07:00,TH_ZP26_GEN-APND,48.29081
2025-09-20 23:00:00-07:00,TH_NP15_GEN-APND,48.45038
2025-09-20 23:00:00-07:00,TH_SP15_GEN-APND,46.08
2025-09-20 23:00:00-07:00,TH_ZP26_GEN-APND,47.99626
2025-09-21 00:00:00-07:00,TH_NP15_GEN-APND,50.40469
2025-09-21 00:00:00-07:00,TH_SP15_GEN-APND,49.27925
2025-09-21 00:00:00-07:00,TH_ZP26_GEN-APND,50.93727
2025-09-21 01:00:00-07:00,TH_NP15_GEN-APND,49.51757
2025-09-21 01:00:00-07:00,TH_SP15_GEN-APND,48.25523
2025-09-21 01:00:00-07:00,TH_ZP26_GEN-APND,50.24669
2025-09-21 02:00:00-07:00,TH_NP15_GEN-APND,47.47138
2025-09-21 02:00:00-07:00,TH_SP15_GEN-APND,45.84971
2025-09-21 02:00:00-07:00,TH_ZP26_GEN-APND,47.86692
2025-09-21 03:00:00-07:00,TH_NP15_GEN-APND,45.72122
2025-09-21 03:00:00-07:00,TH_SP15_GEN-APND,43.93718
2025-09-21 03:00:00-07:00,TH_ZP26_GEN-APND,46.11007
2025-09-21 04:00:00-07:00,TH_NP15_GEN-APND,46.30206
2025-09-21 04:00:00-07:00,TH_SP15_GEN-APND,43.83
2025-09-21 04:00:00-07:00,TH_ZP26_GEN-APND,45.99129
2025-09-21 05:00:00-07:00,TH_NP15_GEN-APND,43.71403
2025-09-21 05:00:00-07:00,TH_SP15_GEN-APND,42.00055
2025-09-21 05:00:00-07:00,TH_ZP26_GEN-APND,43.80623
2025-09-21 06:00:00-07:00,TH_NP15_GEN-APND,45.35855
2025-09-21 06:00:00-07:00,TH_SP15_GEN-APND,43.65497
2025-09-21 06:00:00-07:00,TH_ZP26_GEN-APND,45.18055
2025-09-21 07:00:00-07:00,TH_NP15_GEN-APND,38.65906
2025-09-21 07:00:00-07:00,TH_SP15_GEN-APND,34.84434
2025-09-21 07:00:00-07:00,TH_ZP26_GEN-APND,37.2367
2025-09-21 08:00:00-07:00,TH_NP15_GEN-APND,36.29584
2025-09-21 08:00:00-07:00,TH_SP15_GEN-APND,28.13163
2025-09-21 08:00:00-07:00,TH_ZP26_GEN-APND,27.37683
2025-09-21 09:00:00-07:00,TH_NP15_GEN-APND,36.39631
2025-09-21 09:00:00-07:00,TH_SP15_GEN-APND,25.66135
2025-09-21 09:00:00-07:00,TH_ZP26_GEN-APND,24.55488
2025-09-21 10:00:00-07:00,TH_NP15_GEN-APND,34.4688
2025-09-21 10:00:00-07:00,TH_SP15_GEN-APND,28.69579
2025-09-21 10:00:00-07:00,TH_ZP26_GEN-APND,27.5534
2025-09-21 11:00:00-07:00,TH_NP15_GEN-APND,34.14342
2025-09-21 11:00:00-07:00,TH_SP15_GEN-APND,28.40959
2025-09-21 11:00:00-07:00,TH_ZP26_GEN-APND,27.15298
2025-09-21 12:00:00-07:00,TH_NP15_GEN-APND,34.57517
2025-09-21 12:00:00-07:00,TH_SP15_GEN-APND,28.5115
2025-09-21 12:00:00-07:00,TH_ZP26_GEN-APND,27.04595
2025-09-21 13:00:00-07:00,TH_NP15_GEN-APND,34.88318
2025-09-21 13:00:00-07:00,TH_SP15_GEN-APND,28.67787
2025-09-21 13:00:00-07:00,TH_ZP26_GEN-APND,27.28602
2025-09-21 14:00:00-07:00,TH_NP15_GEN-APND,37.60475
2025-09-21 14:00:00-07:00,TH_SP15_GEN-APND,28.27157
2025-09-21 14:00:00-07:00,TH_ZP26_GEN-APND,26.68471
2025-09-21 15:00:00-07:00,TH_NP15_GEN-APND,40.70987
2025-09-21 15:00:00-07:00,TH_SP15_GEN-APND,30.74949
2025-09-21 15:00:00-07:00,TH_ZP26_GEN-APND,28.97324
2025-09-21 16:00:00-07:00,TH_NP15_GEN-APND,45.56549
2025-09-21 16:00:00-07:00,TH_SP15_GEN-APND,36.92359
2025-09-21 16:00:00-07:00,TH_ZP26_GEN-APND,35.47258
2025-09-21 17:00:00-07:00,TH_NP15_GEN-APND,52.8184
2025-09-21 17:00:00-07:00,TH_SP15_GEN-APND,47.89112
2025-09-21 17:00:00-07:00,TH_ZP26_GEN-APND,47.83422
2025-09-21 18:00:00-07:00,TH_NP15_GEN-APND,51.57103
2025-09-21 18:00:00-07:00,TH_SP15_GEN-APND,48.72494
2025-09-21 18:00:00-07:00,TH_ZP26_GEN-APND,51.02869
2025-09-21 19:00:00-07:00,TH_NP15_GEN-APND,52.36949
2025-09-21 19:00:00-07:00,TH_SP15_GEN-APND,49.28809
2025-09-21 19:00:00-07:00,TH_ZP26_GEN-APND,51.57698
2025-09-21 20:00:00-07:00,TH_NP15_GEN-APND,51.1998
2025-09-21 20:00:00-07:00,TH_SP15_GEN-APND,48.07513
2025-09-21 20:00:00-07:00,TH_ZP26_GEN-APND,50.36877
2025-09-21 21:00:00-07:00,TH_NP15_GEN-APND,49.54818
2025-09-21 21:00:00-07:00,TH_SP15_GEN-APND,48.00446
2025-09-21 21:00:00-07:00,TH_ZP26_GEN-APND,49.73495
2025-09-21 22:00:00-07:00,TH_NP15_GEN-APND,49.94119
2025-09-21 22:00:00-07:00,TH_SP15_GEN-APND,48.28217
2025-09-21 22:00:00-07:00,TH_ZP26_GEN-APND,49.70676
2025-09-21 23:00:00-07:00,TH_NP15_GEN-APND,48.72359
2025-09-21 23:00:00-07:00,TH_SP15_GEN-APND,47.91147
2025-09-21 23:00:00-07:00,TH_ZP26_GEN-APND,49.07014
2025-09-22 00:00:00-07:00,TH_NP15_GEN-APND,45.9174
2025-09-22 00:00:00-07:00,TH_SP15_GEN-APND,45.17749
2025-09-22 00:00:00-07:00,TH_ZP26_GEN-APND,46.71799
2025-09-22 01:00:00-07:00,TH_NP15_GEN-APND,45.31088
2025-09-22 01:00:00-07:00,TH_SP15_GEN-APND,44.56497
2025-09-22 01:00:00-07:00,TH_ZP26_GEN-APND,45.95671
2025-09-22 02:00:00-07:00,TH_NP15_GEN-APND,42.3715
2025-09-22 02:00:00-07:00,TH_SP15_GEN-APND,40.65866
2025-09-22 02:00:00-07:00,TH_ZP26_GEN-APND,42.59311
2025-09-22 03:00:00-07:00,TH_NP15_GEN-APND,42.18756
2025-09-22 03:00:00-07:00,TH_SP15_GEN-APND,40.64146
2025-09-22 03:00:00-07:00,TH_ZP26_GEN-APND,42.55801
2025-09-22 04:00:00-07:00,TH_NP15_GEN-APND,43.21191
2025-09-22 04:00:00-07:00,TH_SP15_GEN-APND,41.30689
2025-09-22 04:00:00-07:00,TH_ZP26_GEN-APND,43.17463
2025-09-22 05:00:00-07:00,TH_NP15_GEN-APND,44.85624
2025-09-22 05:00:00-07:00,TH_SP15_GEN-APND,43.14042
2025-09-22 05:00:00-07:00,TH_ZP26_GEN-APND,44.80064
2025-09-22 06:00:00-07:00,TH_NP15_GEN-APND,52.0717
2025-09-22 06:00:00-07:00,TH_SP15_GEN-APND,50.78564
2025-09-22 06:00:00-07:00,TH_ZP26_GEN-APND,51.82425
2025-09-22 07:00:00-07:00,TH_NP15_GEN-APND,46.61121
2025-09-22 07:00:00-07:00,TH_SP15_GEN-APND,43.06143
2025-09-22 07:00:00-07:00,TH_ZP26_GEN-APND,44.26059
2025-09-22 08:00:00-07:00,TH_NP15_GEN-APND,30.26303
2025-09-22 08:00:00-07:00,TH_SP15_GEN-APND,24.78054
2025-09-22 08:00:00-07:00,TH_ZP26_GEN-APND,22.40993
2025-09-22 09:00:00-07:00,TH_NP15_GEN-APND,26.966
2025-09-22 09:00:00-07:00,TH_SP15_GEN-APND,19.51
2025-09-22 09:00:00-07:00,TH_ZP26_GEN-APND,15.41806
2025-09-22 10:00:00-07:00,TH_NP15_GEN-APND,22.98611
2025-09-22 10:00:00-07:00,TH_SP15_GEN-APND,18.58509
2025-09-22 10:00:00-07:00,TH_ZP26_GEN-APND,14.1958
2025-09-22 11:00:00-07:00,TH_NP15_GEN-APND,36.7984
2025-09-22 11:00:00-07:00,TH_SP15_GEN-APND,31.96183
2025-09-22 11:00:00-07:00,TH_ZP26_GEN-APND,27.91157
2025-09-22 12:00:00-07:00,TH_NP15_GEN-APND,36.81255
2025-09-22 12:00:00-07:00,TH_SP15_GEN-APND,30.93381
2025-09-22 12:00:00-07:00,TH_ZP26_GEN-APND,27.23447
2025-09-22 13:00:00-07:00,TH_NP15_GEN-APND,38.11406
2025-09-22 13:00:00-07:00,TH_SP15_GEN-APND,31.41218
2025-09-22 13:00:00-07:00,TH_ZP26_GEN-APND,27.88657
2025-09-22 14:00:00-07:00,TH_NP15_GEN-APND,42.04514
2025-09-22 14:00:00-07:00,TH_SP15_GEN-APND,29.20149
2025-09-22 14:00:00-07:00,TH_ZP26_GEN-APND,27.72408
2025-09-22 15:00:00-07:00,TH_NP15_GEN-APND,43.24747
2025-09-22 15:00:00-07:00,TH_SP15_GEN-APND,33.57374
2025-09-22 15:00:00-07:00,TH_ZP26_GEN-APND,29.93704
2025-09-22 16:00:00-07:00,TH_NP15_GEN-APND,43.32484
2025-09-22 16:00:00-07:00,TH_SP15_GEN-APND,31.41906
2025-09-22 16:00:00-07:00,TH_ZP26_GEN-APND,35.03351
2025-09-22 17:00:00-07:00,TH_NP15_GEN-APND,56.60909
2025-09-22 17:00:00-07:00,TH_SP15_GEN-APND,50.5699
2025-09-22 17:00:00-07:00,TH_ZP26_GEN-APND,50.868
2025-09-22 18:00:00-07:00,TH_NP15_GEN-APND,62.10878
2025-09-22 18:00:00-07:00,TH_SP15_GEN-APND,57.32013
2025-09-22 18:00:00-07:00,TH_ZP26_GEN-APND,59.5013
2025-09-22 19:00:00-07:00,TH_NP15_GEN-APND,64.91445
2025-09-22 19:00:00-07:00,TH_SP15_GEN-APND,59.54591
2025-09-22 19:00:00-07:00,TH_ZP26_GEN-APND,63.22225
2025-09-22 20:00:00-07:00,TH_NP15_GEN-APND,59.02726
2025-09-22 20:00:00-07:00,TH_SP15_GEN-APND,56.09624
2025-09-22 20:00:00-07:00,TH_ZP26_GEN-APND,58.71728
2025-09-22 21:00:00-07:00,TH_NP15_GEN-APND,54.95655
2025-09-22 21:00:00-07:00,TH_SP15_GEN-APND,56.39406
2025-09-22 21:00:00-07:00,TH_ZP26_GEN-APND,57.02815
2025-09-22 22:00:00-07:00,TH_NP15_GEN-APND,53.53833
2025-09-22 22:00:00-07:00,TH_SP15_GEN-APND,53.66167
2025-09-22 22:00:00-07:00,TH_ZP26_GEN-APND,55.45755
2025-09-22 23:00:00-07:00,TH_NP15_GEN-APND,48.42014
2025-09-22 23:00:00-07:00,TH_SP15_GEN-APND,48.48508
2025-09-22 23:00:00-07:00,TH_ZP26_GEN-APND,50.21703
2025-09-23 00:00:00-07:00,TH_NP15_GEN-APND,49.04758
2025-09-23 00:00:00-07:00,TH_SP15_GEN-APND,48.24308
2025-09-23 00:00:00-07:00,TH_ZP26_GEN-APND,51.64857
2025-09-23 01:00:00-07:00,TH_NP15_GEN-APND,49.64302
2025-09-23 01:00:00-07:00,TH_SP15_GEN-APND,49.08
2025-09-23 01:00:00-07:00,TH_ZP26_GEN-APND,50.70651
2025-09-23 02:00:00-07:00,TH_NP15_GEN-APND,45.33905
2025-09-23 02:00:00-07:00,TH_SP15_GEN-APND,44.76277
2025-09-23 02:00:00-07:00,TH_ZP26_GEN-APND,46.00587
2025-09-23 03:00:00-07:00,TH_NP15_GEN-APND,45.18694
2025-09-23 03:00:00-07:00,TH_SP15_GEN-APND,44.57086
2025-09-23 03:00:00-07:00,TH_ZP26_GEN-APND,45.83051
2025-09-23 04:00:00-07:00,TH_NP15_GEN-APND,46.1779
2025-09-23 04:00:00-07:00,TH_SP15_GEN-APND,45.06615
2025-09-23 04:00:00-07:00,TH_ZP26_GEN-APND,46.30553
2025-09-23 05:00:00-07:00,TH_NP15_GEN-APND,49.98503
2025-09-23 05:00:00-07:00,TH_SP15_GEN-APND,48.73623
2025-09-23 05:00:00-07:00,TH_ZP26_GEN-APND,50.13385
2025-09-23 06:00:00-07:00,TH_NP15_GEN-APND,56.16425
2025-09-23 06:00:00-07:00,TH_SP15_GEN-APND,54.9509
2025-09-23 06:00:00-07:00,TH_ZP26_GEN-APND,55.8288
2025-09-23 07:00:00-07:00,TH_NP15_GEN-APND,50.20947
2025-09-23 07:00:00-07:00,TH_SP15_GEN-APND,46.66406
2025-09-23 07:00:00-07:00,TH_ZP26_GEN-APND,48.46125
2025-09-23 08:00:00-07:00,TH_NP15_GEN-APND,39.35071
2025-09-23 08:00:00-07:00,TH_SP15_GEN-APND,34.46029
2025-09-23 08:00:00-07:00,TH_ZP26_GEN-APND,34.05848
2025-09-23 09:00:00-07:00,TH_NP15_GEN-APND,39.99997
2025-09-23 09:00:00-07:00,TH_SP15_GEN-APND,28.89405
2025-09-23 09:00:00-07:00,TH_ZP26_GEN-APND,25.98568
2025-09-23 10:00:00-07:00,TH_NP15_GEN-APND,36.04099
2025-09-23 10:00:00-07:00,TH_SP15_GEN-APND,31.0675
2025-09-23 10:00:00-07:00,TH_ZP26_GEN-APND,29.07707
2025-09-23 11:00:00-07:00,TH_NP15_GEN-APND,35.9757
2025-09-23 11:00:00-07:00,TH_SP15_GEN-APND,29.04515
2025-09-23 11:00:00-07:00,TH_ZP26_GEN-APND,23.56946
2025-09-23 12:00:00-07:00,TH_NP15_GEN-APND,37.48016
2025-09-23 12:00:00-07:00,TH_SP15_GEN-APND,32.18552
2025-09-23 12:00:00-07:00,TH_ZP26_GEN-APND,28.08432
2025-09-23 13:00:00-07:00,TH_NP15_GEN-APND,39.5
2025-09-23 13:00:00-07:00,TH_SP15_GEN-APND,29.64591
2025-09-23 13:00:00-07:00,TH_ZP26_GEN-APND,26.18309
2025-09-23 14:00:00-07:00,TH_NP15_GEN-APND,42.09274
2025-09-23 14:00:00-07:00,TH_SP15_GEN-APND,32.79878
2025-09-23 14:00:00-07:00,TH_ZP26_GEN-APND,28.66259
2025-09-23 15:00:00-07:00,TH_NP15_GEN-APND,46.96514
2025-09-23 15:00:00-07:00,TH_SP15_GEN-APND,33.86355
2025-09-23 15:00:00-07:00,TH_ZP26_GEN-APND,35.84441
2025-09-23 16:00:00-07:00,TH_NP15_GEN-APND,53.9736
2025-09-23 16:00:00-07:00,TH_SP15_GEN-APND,43.79858
2025-09-23 16:00:00-07:00,TH_ZP26_GEN-APND,47.00242
2025-09-23 17:00:00-07:00,TH_NP15_GEN-APND,72.36862
2025-09-23 17:00:00-07:00,TH_SP15_GEN-APND,63.04947
2025-09-23 17:00:00-07:00,TH_ZP26_GEN-APND,64.04815
2025-09-23 18:00:00-07:00,TH_NP15_GEN-APND,82.56729
2025-09-23 18:00:00-07:00,TH_SP15_GEN-APND,73.9687
2025-09-23 18:00:00-07:00,TH_ZP26_GEN-APND,77.07052
2025-09-23 19:00:00-07:00,TH_NP15_GEN-APND,74.09024
2025-09-23 19:00:00-07:00,TH_SP15_GEN-APND,67.58019
2025-09-23 19:00:00-07:00,TH_ZP26_GEN-APND,69.96466
2025-09-23 20:00:00-07:00,TH_NP15_GEN-APND,69.75686
2025-09-23 20:00:00-07:00,TH_SP15_GEN-APND,66.67249
2025-09-23 20:00:00-07:00,TH_ZP26_GEN-APND,67.94448
2025-09-23 21:00:00-07:00,TH_NP15_GEN-APND,64.43888
2025-09-23 21:00:00-07:00,TH_SP15_GEN-APND,66.34405
2025-09-23 21:00:00-07:00,TH_ZP26_GEN-APND,66.36784
2025-09-23 22:00:00-07:00,TH_NP15_GEN-APND,63.76155
2025-09-23 22:00:00-07:00,TH_SP15_GEN-APND,65.7712
2025-09-23 22:00:00-07:00,TH_ZP26_GEN-APND,66.33334
2025-09-23 23:00:00-07:00,TH_NP15_GEN-APND,58.84602
2025-09-23 23:00:00-07:00,TH_SP15_GEN-APND,61.23839
2025-09-23 23:00:00-07:00,TH_ZP26_GEN-APND,61.60117
2025-09-24 00:00:00-07:00,TH_NP15_GEN-APND,48.37404
2025-09-24 00:00:00-07:00,TH_SP15_GEN-APND,40.0
2025-09-24 00:00:00-07:00,TH_ZP26_GEN-APND,48.86707
2025-09-24 01:00:00-07:00,TH_NP15_GEN-APND,48.35007
2025-09-24 01:00:00-07:00,TH_SP15_GEN-APND,46.51142
2025-09-24 01:00:00-07:00,TH_ZP26_GEN-APND,48.57306
2025-09-24 02:00:00-07:00,TH_NP15_GEN-APND,44.43693
2025-09-24 02:00:00-07:00,TH_SP15_GEN-APND,42.75371
2025-09-24 02:00:00-07:00,TH_ZP26_GEN-APND,44.52441
2025-09-24 03:00:00-07:00,TH_NP15_GEN-APND,43.58221
2025-09-24 03:00:00-07:00,TH_SP15_GEN-APND,41.79058
2025-09-24 03:00:00-07:00,TH_ZP26_GEN-APND,43.68933
2025-09-24 04:00:00-07:00,TH_NP15_GEN-APND,45.02713
2025-09-24 04:00:00-07:00,TH_SP15_GEN-APND,43.06116
2025-09-24 04:00:00-07:00,TH_ZP26_GEN-APND,44.92938
2025-09-24 05:00:00-07:00,TH_NP15_GEN-APND,48.46563
2025-09-24 05:00:00-07:00,TH_SP15_GEN-APND,46.66837
2025-09-24 05:00:00-07:00,TH_ZP26_GEN-APND,48.47787
2025-09-24 06:00:00-07:00,TH_NP15_GEN-APND,53.1757
2025-09-24 06:00:00-07:00,TH_SP15_GEN-APND,52.4711
2025-09-24 06:00:00-07:00,TH_ZP26_GEN-APND,53.2
2025-09-24 07:00:00-07:00,TH_NP15_GEN-APND,49.96114
2025-09-24 07:00:00-07:00,TH_SP15_GEN-APND,46.65648
2025-09-24 07:00:00-07:00,TH_ZP26_GEN-APND,48.27761
2025-09-24 08:00:00-07:00,TH_NP15_GEN-APND,42.0031
2025-09-24 08:00:00-07:00,TH_SP15_GEN-APND,36.21367
2025-09-24 08:00:00-07:00,TH_ZP26_GEN-APND,38.21979
2025-09-24 09:00:00-07:00,TH_NP15_GEN-APND,40.5364
2025-09-24 09:00:00-07:00,TH_SP15_GEN-APND,33.45114
2025-09-24 09:00:00-07:00,TH_ZP26_GEN-APND,35.7931
2025-09-24 10:00:00-07:00,TH_NP15_GEN-APND,39.90628
2025-09-24 10:00:00-07:00,TH_SP15_GEN-APND,34.55837
2025-09-24 10:00:00-07:00,TH_ZP26_GEN-APND,36.40804
2025-09-24 11:00:00-07:00,TH_NP15_GEN-APND,39.2294
2025-09-24 11:00:00-07:00,TH_SP15_GEN-APND,33.8761
2025-09-24 11:00:00-07:00,TH_ZP26_GEN-APND,35.63465
2025-09-24 12:00:00-07:00,TH_NP15_GEN-APND,38.4251
2025-09-24 12:00:00-07:00,TH_SP15_GEN-APND,32.19
2025-09-24 12:00:00-07:00,TH_ZP26_GEN-APND,33.94663
2025-09-24 13:00:00-07:00,TH_NP15_GEN-APND,39.6147
2025-09-24 13:00:00-07:00,TH_SP15_GEN-APND,32.74317
2025-09-24 13:00:00-07:00,TH_ZP26_GEN-APND,33.75652
2025-09-24 14:00:00-07:00,TH_NP15_GEN-APND,41.93971
2025-09-24 14:00:00-07:00,TH_SP15_GEN-APND,34.45869
2025-09-24 14:00:00-07:00,TH_ZP26_GEN-APND,35.44208
2025-09-24 15:00:00-07:00,TH_NP15_GEN-APND,41.46012
2025-09-24 15:00:00-07:00,TH_SP15_GEN-APND,33.36959
2025-09-24 15:00:00-07:00,TH_ZP26_GEN-APND,36.21272
2025-09-24 16:00:00-07:00,TH_NP15_GEN-APND,45.45794
2025-09-24 16:00:00-07:00,TH_SP15_GEN-APND,36.16004
2025-09-24 16:00:00-07:00,TH_ZP26_GEN-APND,41.14187
2025-09-24 17:00:00-07:00,TH_NP15_GEN-APND,56.29356
2025-09-24 17:00:00-07:00,TH_SP15_GEN-APND,52.0905
2025-09-24 17:00:00-07:00,TH_ZP26_GEN-APND,54.03965
2025-09-24 18:00:00-07:00,TH_NP15_GEN-APND,58.12432
2025-09-24 18:00:00-07:00,TH_SP15_GEN-APND,56.60888
2025-09-24 18:00:00-07:00,TH_ZP26_GEN-APND,58.10858
2025-09-24 19:00:00-07:00,TH_NP15_GEN-APND,56.05448
2025-09-24 19:00:00-07:00,TH_SP15_GEN-APND,55.24007
2025-09-24 19:00:00-07:00,TH_ZP26_GEN-APND,56.31664
2025-09-24 20:00:00-07:00,TH_NP15_GEN-APND,54.97046
2025-09-24 20:00:00-07:00,TH_SP15_GEN-APND,55.45464
2025-09-24 20:00:00-07:00,TH_ZP26_GEN-APND,55.53321
2025-09-24 21:00:00-07:00,TH_NP15_GEN-APND,54.216
2025-09-24 21:00:00-07:00,TH_SP15_GEN-APND,54.80419
2025-09-24 21:00:00-07:00,TH_ZP26_GEN-APND,54.88714
2025-09-24 22:00:00-07:00,TH_NP15_GEN-APND,53.951
2025-09-24 22:00:00-07:00,TH_SP15_GEN-APND,52.90968
2025-09-24 22:00:00-07:00,TH_ZP26_GEN-APND,54.57944
2025-09-24 23:00:00-07:00,TH_NP15_GEN-APND,52.37197
2025-09-24 23:00:00-07:00,TH_SP15_GEN-APND,51.66367
2025-09-24 23:00:00-07:00,TH_ZP26_GEN-APND,53.1846
2025-09-25 00:00:00-07:00,TH_NP15_GEN-APND,49.20149
2025-09-25 00:00:00-07:00,TH_SP15_GEN-APND,47.23348
2025-09-25 00:00:00-07:00,TH_ZP26_GEN-APND,48.79434
2025-09-25 01:00:00-07:00,TH_NP15_GEN-APND,48.51204
2025-09-25 01:00:00-07:00,TH_SP15_GEN-APND,46.2371
2025-09-25 01:00:00-07:00,TH_ZP26_GEN-APND,48.12253
2025-09-25 02:00:00-07:00,TH_NP15_GEN-APND,46.8576
2025-09-25 02:00:00-07:00,TH_SP15_GEN-APND,44.59306
2025-09-25 02:00:00-07:00,TH_ZP26_GEN-APND,46.19803
2025-09-25 03:00:00-07:00,TH_NP15_GEN-APND,45.01769
2025-09-25 03:00:00-07:00,TH_SP15_GEN-APND,42.72065
2025-09-25 03:00:00-07:00,TH_ZP26_GEN-APND,44.17728
2025-09-25 04:00:00-07:00,TH_NP15_GEN-APND,46.24969
2025-09-25 04:00:00-07:00,TH_SP15_GEN-APND,43.75394
2025-09-25 04:00:00-07:00,TH_ZP26_GEN-APND,45.30919
2025-09-25 05:00:00-07:00,TH_NP15_GEN-APND,49.47844
2025-09-25 05:00:00-07:00,TH_SP15_GEN-APND,46.86104
2025-09-25 05:00:00-07:00,TH_ZP26_GEN-APND,48.68529
2025-09-25 06:00:00-07:00,TH_NP15_GEN-APND,52.07
2025-09-25 06:00:00-07:00,TH_SP15_GEN-APND,49.77131
2025-09-25 06:00:00-07:00,TH_ZP26_GEN-APND,50.89951
2025-09-25 07:00:00-07:00,TH_NP15_GEN-APND,48.36748
2025-09-25 07:00:00-07:00,TH_SP15_GEN-APND,42.66431
2025-09-25 07:00:00-07:00,TH_ZP26_GEN-APND,44.98955
2025-09-25 08:00:00-07:00,TH_NP15_GEN-APND,44.50719
2025-09-25 08:00:00-07:00,TH_SP15_GEN-APND,22.37109
2025-09-25 08:00:00-07:00,TH_ZP26_GEN-APND,18.71331
2025-09-25 09:00:00-07:00,TH_NP15_GEN-APND,40.95276
2025-09-25 09:00:00-07:00,TH_SP15_GEN-APND,16.08708
2025-09-25 09:00:00-07:00,TH_ZP26_GEN-APND,12.21723
2025-09-25 10:00:00-07:00,TH_NP15_GEN-APND,37.62475
2025-09-25 10:00:00-07:00,TH_SP15_GEN-APND,17.27176
2025-09-25 10:00:00-07:00,TH_ZP26_GEN-APND,13.3596
2025-09-25 11:00:00-07:00,TH_NP15_GEN-APND,36.14752
2025-09-25 11:00:00-07:00,TH_SP15_GEN-APND,16.72463
2025-09-25 11:00:00-07:00,TH_ZP26_GEN-APND,12.51
2025-09-25 12:00:00-07:00,TH_NP15_GEN-APND,35.11098
2025-09-25 12:00:00-07:00,TH_SP15_GEN-APND,16.88
2025-09-25 12:00:00-07:00,TH_ZP26_GEN-APND,13.15
2025-09-25 13:00:00-07:00,TH_NP15_GEN-APND,35.66489
2025-09-25 13:00:00-07:00,TH_SP15_GEN-APND,16.54156
2025-09-25 13:00:00-07:00,TH_ZP26_GEN-APND,12.61942
2025-09-25 14:00:00-07:00,TH_NP15_GEN-APND,38.38731
2025-09-25 14:00:00-07:00,TH_SP15_GEN-APND,15.43598
2025-09-25 14:00:00-07:00,TH_ZP26_GEN-APND,11.5265
2025-09-25 15:00:00-07:00,TH_NP15_GEN-APND,41.71528
2025-09-25 15:00:00-07:00,TH_SP15_GEN-APND,13.152
2025-09-25 15:00:00-07:00,TH_ZP26_GEN-APND,9.00511
2025-09-25 16:00:00-07:00,TH_NP15_GEN-APND,39.65313
2025-09-25 16:00:00-07:00,TH_SP15_GEN-APND,19.87
2025-09-25 16:00:00-07:00,TH_ZP26_GEN-APND,17.86169
2025-09-25 17:00:00-07:00,TH_NP15_GEN-APND,48.54106
2025-09-25 17:00:00-07:00,TH_SP15_GEN-APND,42.91065
2025-09-25 17:00:00-07:00,TH_ZP26_GEN-APND,44.26116
2025-09-25 18:00:00-07:00,TH_NP15_GEN-APND,50.47808
2025-09-25 18:00:00-07:00,TH_SP15_GEN-APND,46.74959
2025-09-25 18:00:00-07:00,TH_ZP26_GEN-APND,48.39441
2025-09-25 19:00:00-07:00,TH_NP15_GEN-APND,49.48963
2025-09-25 19:00:00-07:00,TH_SP15_GEN-APND,46.37112
2025-09-25 19:00:00-07:00,TH_ZP26_GEN-APND,47.90093
2025-09-25 20:00:00-07:00,TH_NP15_GEN-APND,47.43468
2025-09-25 20:00:00-07:00,TH_SP15_GEN-APND,45.61008
2025-09-25 20:00:00-07:00,TH_ZP26_GEN-APND,46.68443
2025-09-25 21:00:00-07:00,TH_NP15_GEN-APND,46.18518
2025-09-25 21:00:00-07:00,TH_SP15_GEN-APND,45.23313
2025-09-25 21:00:00-07:00,TH_ZP26_GEN-APND,45.698
2025-09-25 22:00:00-07:00,TH_NP15_GEN-APND,46.62708
2025-09-25 22:00:00-07:00,TH_SP15_GEN-APND,44.05908
2025-09-25 22:00:00-07:00,TH_ZP26_GEN-APND,45.77631
2025-09-25 23:00:00-07:00,TH_NP15_GEN-APND,45.54622
2025-09-25 23:00:00-07:00,TH_SP15_GEN-APND,43.68554
2025-09-25 23:00:00-07:00,TH_ZP26_GEN-APND,45.01
2025-09-26 00:00:00-07:00,TH_NP15_GEN-APND,40.8702
2025-09-26 00:00:00-07:00,TH_SP15_GEN-APND,38.35249
2025-09-26 00:00:00-07:00,TH_ZP26_GEN-APND,41.02
2025-09-26 01:00:00-07:00,TH_NP15_GEN-APND,39.97778
2025-09-26 01:00:00-07:00,TH_SP15_GEN-APND,36.55796
2025-09-26 01:00:00-07:00,TH_ZP26_GEN-APND,39.09483
2025-09-26 02:00:00-07:00,TH_NP15_GEN-APND,40.10716
2025-09-26 02:00:00-07:00,TH_SP15_GEN-APND,36.87292
2025-09-26 02:00:00-07:00,TH_ZP26_GEN-APND,39.0
2025-09-26 03:00:00-07:00,TH_NP15_GEN-APND,39.8443
2025-09-26 03:00:00-07:00,TH_SP15_GEN-APND,35.87116
2025-09-26 03:00:00-07:00,TH_ZP26_GEN-APND,38.83116
2025-09-26 04:00:00-07:00,TH_NP15_GEN-APND,40.67282
2025-09-26 04:00:00-07:00,TH_SP15_GEN-APND,37.09886
2025-09-26 04:00:00-07:00,TH_ZP26_GEN-APND,39.70402
2025-09-26 05:00:00-07:00,TH_NP15_GEN-APND,42.82284
2025-09-26 05:00:00-07:00,TH_SP15_GEN-APND,39.36865
2025-09-26 05:00:00-07:00,TH_ZP26_GEN-APND,41.94782
2025-09-26 06:00:00-07:00,TH_NP15_GEN-APND,50.05184
2025-09-26 06:00:00-07:00,TH_SP15_GEN-APND,45.84681
2025-09-26 06:00:00-07:00,TH_ZP26_GEN-APND,47.83997
2025-09-26 07:00:00-07:00,TH_NP15_GEN-APND,48.52451
2025-09-26 07:00:00-07:00,TH_SP15_GEN-APND,41.25505
2025-09-26 07:00:00-07:00,TH_ZP26_GEN-APND,43.41407
2025-09-26 08:00:00-07:00,TH_NP15_GEN-APND,39.07439
2025-09-26 08:00:00-07:00,TH_SP15_GEN-APND,18.1201
2025-09-26 08:00:00-07:00,TH_ZP26_GEN-APND,15.05906
2025-09-26 09:00:00-07:00,TH_NP15_GEN-APND,34.50595
2025-09-26 09:00:00-07:00,TH_SP15_GEN-APND,16.82028
2025-09-26 09:00:00-07:00,TH_ZP26_GEN-APND,15.16462
2025-09-26 10:00:00-07:00,TH_NP15_GEN-APND,31.4604
2025-09-26 10:00:00-07:00,TH_SP15_GEN-APND,16.49816
2025-09-26 10:00:00-07:00,TH_ZP26_GEN-APND,16.12795
2025-09-26 11:00:00-07:00,TH_NP15_GEN-APND,30.59695
2025-09-26 11:00:00-07:00,TH_SP15_GEN-APND,16.1934
2025-09-26 11:00:00-07:00,TH_ZP26_GEN-APND,15.53458
2025-09-26 12:00:00-07:00,TH_NP15_GEN-APND,31.31827
2025-09-26 12:00:00-07:00,TH_SP15_GEN-APND,15.48569
2025-09-26 12:00:00-07:00,TH_ZP26_GEN-APND,14.11631
2025-09-26 13:00:00-07:00,TH_NP15_GEN-APND,32.63292
2025-09-26 13:00:00-07:00,TH_SP15_GEN-APND,15.53147
2025-09-26 13:00:00-07:00,TH_ZP26_GEN-APND,14.0635
2025-09-26 14:00:00-07:00,TH_NP15_GEN-APND,38.36895
2025-09-26 14:00:00-07:00,TH_SP15_GEN-APND,13.2865
2025-09-26 14:00:00-07:00,TH_ZP26_GEN-APND,10.40162
2025-09-26 15:00:00-07:00,TH_NP15_GEN-APND,44.01159
2025-09-26 15:00:00-07:00,TH_SP15_GEN-APND,14.1207
2025-09-26 15:00:00-07:00,TH_ZP26_GEN-APND,10.2
2025-09-26 16:00:00-07:00,TH_NP15_GEN-APND,42.6581
2025-09-26 16:00:00-07:00,TH_SP15_GEN-APND,24.50396
2025-09-26 16:00:00-07:00,TH_ZP26_GEN-APND,22.23933
2025-09-26 17:00:00-07:00,TH_NP15_GEN-APND,48.99758
2025-09-26 17:00:00-07:00,TH_SP15_GEN-APND,42.26568
2025-09-26 17:00:00-07:00,TH_ZP26_GEN-APND,43.84387
2025-09-26 18:00:00-07:00,TH_NP15_GEN-APND,52.29108
2025-09-26 18:00:00-07:00,TH_SP15_GEN-APND,45.6783
2025-09-26 18:00:00-07:00,TH_ZP26_GEN-APND,48.63831
2025-09-26 19:00:00-07:00,TH_NP15_GEN-APND,52.89445
2025-09-26 19:00:00-07:00,TH_SP15_GEN-APND,44.24995
2025-09-26 19:00:00-07:00,TH_ZP26_GEN-APND,46.31363
2025-09-26 20:00:00-07:00,TH_NP15_GEN-APND,49.96416
2025-09-26 20:00:00-07:00,TH_SP15_GEN-APND,44.0278
2025-09-26 20:00:00-07:00,TH_ZP26_GEN-APND,46.04865
2025-09-26 21:00:00-07:00,TH_NP15_GEN-APND,47.78224
2025-09-26 21:00:00-07:00,TH_SP15_GEN-APND,44.92137
2025-09-26 21:00:00-07:00,TH_ZP26_GEN-APND,46.43281
2025-09-26 22:00:00-07:00,TH_NP15_GEN-APND,46.8021
2025-09-26 22:00:00-07:00,TH_SP15_GEN-APND,43.81241
2025-09-26 22:00:00-07:00,TH_ZP26_GEN-APND,45.8629
2025-09-26 23:00:00-07:00,TH_NP15_GEN-APND,45.68372
2025-09-26 23:00:00-07:00,TH_SP15_GEN-APND,44.4472
2025-09-26 23:00:00-07:00,TH_ZP26_GEN-APND,45.34658
2025-09-27 00:00:00-07:00,TH_NP15_GEN-APND,47.42186
2025-09-27 00:00:00-07:00,TH_SP15_GEN-APND,45.89485
2025-09-27 00:00:00-07:00,TH_ZP26_GEN-APND,47.57889
2025-09-27 01:00:00-07:00,TH_NP15_GEN-APND,46.50486
2025-09-27 01:00:00-07:00,TH_SP15_GEN-APND,45.49328
2025-09-27 01:00:00-07:00,TH_ZP26_GEN-APND,47.09861
2025-09-27 02:00:00-07:00,TH_NP15_GEN-APND,44.7531
2025-09-27 02:00:00-07:00,TH_SP15_GEN-APND,42.9476
2025-09-27 02:00:00-07:00,TH_ZP26_GEN-APND,44.63501
2025-09-27 03:00:00-07:00,TH_NP15_GEN-APND,44.62194
2025-09-27 03:00:00-07:00,TH_SP15_GEN-APND,42.61831
2025-09-27 03:00:00-07:00,TH_ZP26_GEN-APND,44.38578
2025-09-27 04:00:00-07:00,TH_NP15_GEN-APND,45.01233
2025-09-27 04:00:00-07:00,TH_SP15_GEN-APND,43.08
2025-09-27 04:00:00-07:00,TH_ZP26_GEN-APND,44.80878
2025-09-27 05:00:00-07:00,TH_NP15_GEN-APND,46.63004
2025-09-27 05:00:00-07:00,TH_SP15_GEN-APND,44.78314
2025-09-27 05:00:00-07:00,TH_ZP26_GEN-APND,46.70824
2025-09-27 06:00:00-07:00,TH_NP15_GEN-APND,47.99853
2025-09-27 06:00:00-07:00,TH_SP15_GEN-APND,46.40002
2025-09-27 06:00:00-07:00,TH_ZP26_GEN-APND,47.4
2025-09-27 07:00:00-07:00,TH_NP15_GEN-APND,42.63673
2025-09-27 07:00:00-07:00,TH_SP15_GEN-APND,38.79652
2025-09-27 07:00:00-07:00,TH_ZP26_GEN-APND,40.06635
2025-09-27 08:00:00-07:00,TH_NP15_GEN-APND,31.40322
2025-09-27 08:00:00-07:00,TH_SP15_GEN-APND,23.94249
2025-09-27 08:00:00-07:00,TH_ZP26_GEN-APND,22.08275
2025-09-27 09:00:00-07:00,TH_NP15_GEN-APND,31.93574
2025-09-27 09:00:00-07:00,TH_SP15_GEN-APND,21.62951
2025-09-27 09:00:00-07:00,TH_ZP26_GEN-APND,18.30649
2025-09-27 10:00:00-07:00,TH_NP15_GEN-APND,29.23863
2025-09-27 10:00:00-07:00,TH_SP15_GEN-APND,22.46874
2025-09-27 10:00:00-07:00,TH_ZP26_GEN-APND,18.60835
2025-09-27 11:00:00-07:00,TH_NP15_GEN-APND,26.74845
2025-09-27 11:00:00-07:00,TH_SP15_GEN-APND,20.86402
2025-09-27 11:00:00-07:00,TH_ZP26_GEN-APND,18.76457
2025-09-27 12:00:00-07:00,TH_NP15_GEN-APND,28.8971
2025-09-27 12:00:00-07:00,TH_SP15_GEN-APND,21.60085
2025-09-27 12:00:00-07:00,TH_ZP26_GEN-APND,18.61207
2025-09-27 13:00:00-07:00,TH_NP15_GEN-APND,27.93
2025-09-27 13:00:00-07:00,TH_SP15_GEN-APND,21.62926
2025-09-27 13:00:00-07:00,TH_ZP26_GEN-APND,19.3925
2025-09-27 14:00:00-07:00,TH_NP15_GEN-APND,29.98061
2025-09-27 14:00:00-07:00,TH_SP15_GEN-APND,21.35319
2025-09-27 14:00:00-07:00,TH_ZP26_GEN-APND,16.1
2025-09-27 15:00:00-07:00,TH_NP15_GEN-APND,32.0343
2025-09-27 15:00:00-07:00,TH_SP15_GEN-APND,23.51527
2025-09-27 15:00:00-07:00,TH_ZP26_GEN-APND,21.24938
2025-09-27 16:00:00-07:00,TH_NP15_GEN-APND,36.83057
2025-09-27 16:00:00-07:00,TH_SP15_GEN-APND,29.78933
2025-09-27 16:00:00-07:00,TH_ZP26_GEN-APND,27.05388
2025-09-27 17:00:00-07:00,TH_NP15_GEN-APND,46.72478
2025-09-27 17:00:00-07:00,TH_SP15_GEN-APND,42.53642
2025-09-27 17:00:00-07:00,TH_ZP26_GEN-APND,42.6428
2025-09-27 18:00:00-07:00,TH_NP15_GEN-APND,47.31292
2025-09-27 18:00:00-07:00,TH_SP15_GEN-APND,43.43323
2025-09-27 18:00:00-07:00,TH_ZP26_GEN-APND,44.38687
2025-09-27 19:00:00-07:00,TH_NP15_GEN-APND,47.31382
2025-09-27 19:00:00-07:00,TH_SP15_GEN-APND,43.62167
2025-09-27 19:00:00-07:00,TH_ZP26_GEN-APND,44.5441
2025-09-27 20:00:00-07:00,TH_NP15_GEN-APND,44.1073
2025-09-27 20:00:00-07:00,TH_SP15_GEN-APND,44.6696
2025-09-27 20:00:00-07:00,TH_ZP26_GEN-APND,44.6924
2025-09-27 21:00:00-07:00,TH_NP15_GEN-APND,45.33592
2025-09-27 21:00:00-07:00,TH_SP15_GEN-APND,44.01453
2025-09-27 21:00:00-07:00,TH_ZP26_GEN-APND,44.80753
2025-09-27 22:00:00-07:00,TH_NP15_GEN-APND,44.79473
2025-09-27 22:00:00-07:00,TH_SP15_GEN-APND,43.45511
2025-09-27 22:00:00-07:00,TH_ZP26_GEN-APND,44.40001
2025-09-27 23:00:00-07:00,TH_NP15_GEN-APND,43.70686
2025-09-27 23:00:00-07:00,TH_SP15_GEN-APND,42.88968
2025-09-27 23:00:00-07:00,TH_ZP26_GEN-APND,43.77733
2025-09-28 00:00:00-07:00,TH_NP15_GEN-APND,45.91139
2025-09-28 00:00:00-07:00,TH_SP15_GEN-APND,45.57832
2025-09-28 00:00:00-07:00,TH_ZP26_GEN-APND,46.47242
2025-09-28 01:00:00-07:00,TH_NP15_GEN-APND,45.194
2025-09-28 01:00:00-07:00,TH_SP15_GEN-APND,44.42479
2025-09-28 01:00:00-07:00,TH_ZP26_GEN-APND,45.5895
2025-09-28 02:00:00-07:00,TH_NP15_GEN-APND,42.68791
2025-09-28 02:00:00-07:00,TH_SP15_GEN-APND,42.10598
2025-09-28 02:00:00-07:00,TH_ZP26_GEN-APND,43.21
2025-09-28 03:00:00-07:00,TH_NP15_GEN-APND,42.17717
2025-09-28 03:00:00-07:00,TH_SP15_GEN-APND,41.84183
2025-09-28 03:00:00-07:00,TH_ZP26_GEN-APND,43.13421
2025-09-28 04:00:00-07:00,TH_NP15_GEN-APND,43.42341
2025-09-28 04:00:00-07:00,TH_SP15_GEN-APND,42.79081
2025-09-28 04:00:00-07:00,TH_ZP26_GEN-APND,43.81636
2025-09-28 05:00:00-07:00,TH_NP15_GEN-APND,42.36693
2025-09-28 05:00:00-07:00,TH_SP15_GEN-APND,41.5895
2025-09-28 05:00:00-07:00,TH_ZP26_GEN-APND,42.66
2025-09-28 06:00:00-07:00,TH_NP15_GEN-APND,41.62507
2025-09-28 06:00:00-07:00,TH_SP15_GEN-APND,39.82754
2025-09-28 06:00:00-07:00,TH_ZP26_GEN-APND,41.4271
2025-09-28 07:00:00-07:00,TH_NP15_GEN-APND,40.65463
2025-09-28 07:00:00-07:00,TH_SP15_GEN-APND,31.96551
2025-09-28 07:00:00-07:00,TH_ZP26_GEN-APND,32.79197
2025-09-28 08:00:00-07:00,TH_NP15_GEN-APND,33.80594
2025-09-28 08:00:00-07:00,TH_SP15_GEN-APND,12.67382
2025-09-28 08:00:00-07:00,TH_ZP26_GEN-APND,8.51137
2025-09-28 09:00:00-07:00,TH_NP15_GEN-APND,33.8429
2025-09-28 09:00:00-07:00,TH_SP15_GEN-APND,9.13
2025-09-28 09:00:00-07:00,TH_ZP26_GEN-APND,4.30956
2025-09-28 10:00:00-07:00,TH_NP15_GEN-APND,31.91528
2025-09-28 10:00:00-07:00,TH_SP15_GEN-APND,10.26866
2025-09-28 10:00:00-07:00,TH_ZP26_GEN-APND,5.58048
2025-09-28 11:00:00-07:00,TH_NP15_GEN-APND,29.90714
2025-09-28 11:00:00-07:00,TH_SP15_GEN-APND,11.56226
2025-09-28 11:00:00-07:00,TH_ZP26_GEN-APND,7.25124
2025-09-28 12:00:00-07:00,TH_NP15_GEN-APND,30.33462
2025-09-28 12:00:00-07:00,TH_SP15_GEN-APND,9.11
2025-09-28 12:00:00-07:00,TH_ZP26_GEN-APND,5.31263
2025-09-28 13:00:00-07:00,TH_NP15_GEN-APND,30.78311
2025-09-28 13:00:00-07:00,TH_SP15_GEN-APND,9.27112
2025-09-28 13:00:00-07:00,TH_ZP26_GEN-APND,5.4066
2025-09-28 14:00:00-07:00,TH_NP15_GEN-APND,31.57187
2025-09-28 14:00:00-07:00,TH_SP15_GEN-APND,9.2486
2025-09-28 14:00:00-07:00,TH_ZP26_GEN-APND,5.4046
2025-09-28 15:00:00-07:00,TH_NP15_GEN-APND,35.33515
2025-09-28 15:00:00-07:00,TH_SP15_GEN-APND,8.0
2025-09-28 15:00:00-07:00,TH_ZP26_GEN-APND,3.42708
2025-09-28 16:00:00-07:00,TH_NP15_GEN-APND,34.61995
2025-09-28 16:00:00-07:00,TH_SP15_GEN-APND,12.87075
2025-09-28 16:00:00-07:00,TH_ZP26_GEN-APND,8.58787
2025-09-28 17:00:00-07:00,TH_NP15_GEN-APND,44.81352
2025-09-28 17:00:00-07:00,TH_SP15_GEN-APND,38.66463
2025-09-28 17:00:00-07:00,TH_ZP26_GEN-APND,40.00878
2025-09-28 18:00:00-07:00,TH_NP15_GEN-APND,45.91639
2025-09-28 18:00:00-07:00,TH_SP15_GEN-APND,44.63302
2025-09-28 18:00:00-07:00,TH_ZP26_GEN-APND,44.57204
2025-09-28 19:00:00-07:00,TH_NP15_GEN-APND,46.14402
2025-09-28 19:00:00-07:00,TH_SP15_GEN-APND,45.0345
2025-09-28 19:00:00-07:00,TH_ZP26_GEN-APND,44.86094
2025-09-28 20:00:00-07:00,TH_NP15_GEN-APND,45.53406
2025-09-28 20:00:00-07:00,TH_SP15_GEN-APND,44.97913
2025-09-28 20:00:00-07:00,TH_ZP26_GEN-APND,44.5334
2025-09-28 21:00:00-07:00,TH_NP15_GEN-APND,45.05856
2025-09-28 21:00:00-07:00,TH_SP15_GEN-APND,45.27122
2025-09-28 21:00:00-07:00,TH_ZP26_GEN-APND,44.38177
2025-09-28 22:00:00-07:00,TH_NP15_GEN-APND,45.13738
2025-09-28 22:00:00-07:00,TH_SP15_GEN-APND,45.28481
2025-09-28 22:00:00-07:00,TH_ZP26_GEN-APND,44.37621
2025-09-28 23:00:00-07:00,TH_NP15_GEN-APND,44.19425
2025-09-28 23:00:00-07:00,TH_SP15_GEN-APND,45.01768
2025-09-28 23:00:00-07:00,TH_ZP26_GEN-APND,43.8213
2025-09-29 00:00:00-07:00,TH_NP15_GEN-APND,46.08388
2025-09-29 00:00:00-07:00,TH_SP15_GEN-APND,45.27151
2025-09-29 00:00:00-07:00,TH_ZP26_GEN-APND,46.23546
2025-09-29 01:00:00-07:00,TH_NP15_GEN-APND,45.39131
2025-09-29 01:00:00-07:00,TH_SP15_GEN-APND,44.88255
2025-09-29 01:00:00-07:00,TH_ZP26_GEN-APND,45.85273
2025-09-29 02:00:00-07:00,TH_NP15_GEN-APND,43.09951
2025-09-29 02:00:00-07:00,TH_SP15_GEN-APND,42.02967
2025-09-29 02:00:00-07:00,TH_ZP26_GEN-APND,43.14419
2025-09-29 03:00:00-07:00,TH_NP15_GEN-APND,42.76737
2025-09-29 03:00:00-07:00,TH_SP15_GEN-APND,42.16038
2025-09-29 03:00:00-07:00,TH_ZP26_GEN-APND,43.22042
2025-09-29 04:00:00-07:00,TH_NP15_GEN-APND,45.26895
2025-09-29 04:00:00-07:00,TH_SP15_GEN-APND,44.0
2025-09-29 04:00:00-07:00,TH_ZP26_GEN-APND,45.16323
2025-09-29 05:00:00-07:00,TH_NP15_GEN-APND,47.70479
2025-09-29 05:00:00-07:00,TH_SP15_GEN-APND,46.6481
2025-09-29 05:00:00-07:00,TH_ZP26_GEN-APND,47.82597
2025-09-29 06:00:00-07:00,TH_NP15_GEN-APND,53.55
2025-09-29 06:00:00-07:00,TH_SP15_GEN-APND,50.82781
2025-09-29 06:00:00-07:00,TH_ZP26_GEN-APND,51.93372
2025-09-29 07:00:00-07:00,TH_NP15_GEN-APND,54.47825
2025-09-29 07:00:00-07:00,TH_SP15_GEN-APND,41.40211
2025-09-29 07:00:00-07:00,TH_ZP26_GEN-APND,44.3
2025-09-29 08:00:00-07:00,TH_NP15_GEN-APND,52.52424
2025-09-29 08:00:00-07:00,TH_SP15_GEN-APND,24.59455
2025-09-29 08:00:00-07:00,TH_ZP26_GEN-APND,27.9579
2025-09-29 09:00:00-07:00,TH_NP15_GEN-APND,45.52541
2025-09-29 09:00:00-07:00,TH_SP15_GEN-APND,23.82167
2025-09-29 09:00:00-07:00,TH_ZP26_GEN-APND,23.65018
2025-09-29 10:00:00-07:00,TH_NP15_GEN-APND,42.78728
2025-09-29 10:00:00-07:00,TH_SP15_GEN-APND,23.08978
2025-09-29 10:00:00-07:00,TH_ZP26_GEN-APND,22.40878
2025-09-29 11:00:00-07:00,TH_NP15_GEN-APND,40.85515
2025-09-29 11:00:00-07:00,TH_SP15_GEN-APND,23.04402
2025-09-29 11:00:00-07:00,TH_ZP26_GEN-APND,21.55634
2025-09-29 12:00:00-07:00,TH_NP15_GEN-APND,42.69616
2025-09-29 12:00:00-07:00,TH_SP15_GEN-APND,22.263
2025-09-29 12:00:00-07:00,TH_ZP26_GEN-APND,20.77591
2025-09-29 13:00:00-07:00,TH_NP15_GEN-APND,41.57652
2025-09-29 13:00:00-07:00,TH_SP15_GEN-APND,22.71371
2025-09-29 13:00:00-07:00,TH_ZP26_GEN-APND,21.20688
2025-09-29 14:00:00-07:00,TH_NP15_GEN-APND,44.71834
2025-09-29 14:00:00-07:00,TH_SP15_GEN-APND,23.01138
2025-09-29 14:00:00-07:00,TH_ZP26_GEN-APND,21.82152
2025-09-29 15:00:00-07:00,TH_NP15_GEN-APND,46.0
2025-09-29 15:00:00-07:00,TH_SP15_GEN-APND,23.27967
2025-09-29 15:00:00-07:00,TH_ZP26_GEN-APND,22.82236
2025-09-29 16:00:00-07:00,TH_NP15_GEN-APND,43.42204
2025-09-29 16:00:00-07:00,TH_SP15_GEN-APND,27.86461
2025-09-29 16:00:00-07:00,TH_ZP26_GEN-APND,30.39534
2025-09-29 17:00:00-07:00,TH_NP15_GEN-APND,46.43931
2025-09-29 17:00:00-07:00,TH_SP15_GEN-APND,43.51592
2025-09-29 17:00:00-07:00,TH_ZP26_GEN-APND,44.39526
2025-09-29 18:00:00-07:00,TH_NP15_GEN-APND,47.4084
2025-09-29 18:00:00-07:00,TH_SP15_GEN-APND,45.31461
2025-09-29 18:00:00-07:00,TH_ZP26_GEN-APND,46.46994
2025-09-29 19:00:00-07:00,TH_NP15_GEN-APND,46.89997
2025-09-29 19:00:00-07:00,TH_SP15_GEN-APND,45.30451
2025-09-29 19:00:00-07:00,TH_ZP26_GEN-APND,46.35165
2025-09-29 20:00:00-07:00,TH_NP15_GEN-APND,46.5915
2025-09-29 20:00:00-07:00,TH_SP15_GEN-APND,44.7896
2025-09-29 20:00:00-07:00,TH_ZP26_GEN-APND,46.05214
2025-09-29 21:00:00-07:00,TH_NP15_GEN-APND,46.64995
2025-09-29 21:00:00-07:00,TH_SP15_GEN-APND,45.1846
2025-09-29 21:00:00-07:00,TH_ZP26_GEN-APND,46.1852
2025-09-29 22:00:00-07:00,TH_NP15_GEN-APND,45.72625
2025-09-29 22:00:00-07:00,TH_SP15_GEN-APND,44.09069
2025-09-29 22:00:00-07:00,TH_ZP26_GEN-APND,45.61854
2025-09-29 23:00:00-07:00,TH_NP15_GEN-APND,45.39487
2025-09-29 23:00:00-07:00,TH_SP15_GEN-APND,44.14979
2025-09-29 23:00:00-07:00,TH_ZP26_GEN-APND,45.36692
