time,hub,price
2023-06-01 00:00:00-07:00,TH_NP15_GEN-APND,28.34312
2023-06-01 00:00:00-07:00,TH_SP15_GEN-APND,29.25924
2023-06-01 00:00:00-07:00,TH_ZP26_GEN-APND,28.25092
2023-06-01 01:00:00-07:00,TH_NP15_GEN-APND,27.12248
2023-06-01 01:00:00-07:00,TH_SP15_GEN-APND,28.0769
2023-06-01 01:00:00-07:00,TH_ZP26_GEN-APND,27.12533
2023-06-01 02:00:00-07:00,TH_NP15_GEN-APND,25.21948
2023-06-01 02:00:00-07:00,TH_SP15_GEN-APND,26.0604
2023-06-01 02:00:00-07:00,TH_ZP26_GEN-APND,25.22477
2023-06-01 03:00:00-07:00,TH_NP15_GEN-APND,25.64
2023-06-01 03:00:00-07:00,TH_SP15_GEN-APND,26.38334
2023-06-01 03:00:00-07:00,TH_ZP26_GEN-APND,25.58222
2023-06-01 04:00:00-07:00,TH_NP15_GEN-APND,28.64516
2023-06-01 04:00:00-07:00,TH_SP15_GEN-APND,30.31118
2023-06-01 04:00:00-07:00,TH_ZP26_GEN-APND,29.3825
2023-06-01 05:00:00-07:00,TH_NP15_GEN-APND,34.4533
2023-06-01 05:00:00-07:00,TH_SP15_GEN-APND,36.82161
2023-06-01 05:00:00-07:00,TH_ZP26_GEN-APND,35.6111
2023-06-01 06:00:00-07:00,TH_NP15_GEN-APND,35.26044
2023-06-01 06:00:00-07:00,TH_SP15_GEN-APND,35.85572
2023-06-01 06:00:00-07:00,TH_ZP26_GEN-APND,35.24974
2023-06-01 07:00:00-07:00,TH_NP15_GEN-APND,22.03788
2023-06-01 07:00:00-07:00,TH_SP15_GEN-APND,21.45498
2023-06-01 07:00:00-07:00,TH_ZP26_GEN-APND,21.31319
2023-06-01 08:00:00-07:00,TH_NP15_GEN-APND,10.15427
2023-06-01 08:00:00-07:00,TH_SP15_GEN-APND,9.83433
2023-06-01 08:00:00-07:00,TH_ZP26_GEN-APND,6.52141
2023-06-01 09:00:00-07:00,TH_NP15_GEN-APND,8.15847
2023-06-01 09:00:00-07:00,TH_SP15_GEN-APND,7.85606
2023-06-01 09:00:00-07:00,TH_ZP26_GEN-APND,3.58392
2023-06-01 10:00:00-07:00,TH_NP15_GEN-APND,8.01118
2023-06-01 10:00:00-07:00,TH_SP15_GEN-APND,7.73
2023-06-01 10:00:00-07:00,TH_ZP26_GEN-APND,2.70761
2023-06-01 11:00:00-07:00,TH_NP15_GEN-APND,7.62798
2023-06-01 11:00:00-07:00,TH_SP15_GEN-APND,7.43444
2023-06-01 11:00:00-07:00,TH_ZP26_GEN-APND,2.40519
2023-06-01 12:00:00-07:00,TH_NP15_GEN-APND,7.63873
2023-06-01 12:00:00-07:00,TH_SP15_GEN-APND,7.3785
2023-06-01 12:00:00-07:00,TH_ZP26_GEN-APND,2.37505
2023-06-01 13:00:00-07:00,TH_NP15_GEN-APND,8.07613
2023-06-01 13:00:00-07:00,TH_SP15_GEN-APND,7.73178
2023-06-01 13:00:00-07:00,TH_ZP26_GEN-APND,1.24493
2023-06-01 14:00:00-07:00,TH_NP15_GEN-APND,8.30342
2023-06-01 14:00:00-07:00,TH_SP15_GEN-APND,7.93267
2023-06-01 14:00:00-07:00,TH_ZP26_GEN-APND,2.57679
2023-06-01 15:00:00-07:00,TH_NP15_GEN-APND,8.23498
2023-06-01 15:00:00-07:00,TH_SP15_GEN-APND,7.81605
2023-06-01 15:00:00-07:00,TH_ZP26_GEN-APND,2.81461
2023-06-01 16:00:00-07:00,TH_NP15_GEN-APND,11.89972
2023-06-01 16:00:00-07:00,TH_SP15_GEN-APND,10.74125
2023-06-01 16:00:00-07:00,TH_ZP26_GEN-APND,5.19436
2023-06-01 17:00:00-07:00,TH_NP15_GEN-APND,23.07275
2023-06-01 17:00:00-07:00,TH_SP15_GEN-APND,22.35762
2023-06-01 17:00:00-07:00,TH_ZP26_GEN-APND,18.13386
2023-06-01 18:00:00-07:00,TH_NP15_GEN-APND,37.0349
2023-06-01 18:00:00-07:00,TH_SP15_GEN-APND,36.25203
2023-06-01 18:00:00-07:00,TH_ZP26_GEN-APND,35.52378
2023-06-01 19:00:00-07:00,TH_NP15_GEN-APND,47.79532
2023-06-01 19:00:00-07:00,TH_SP15_GEN-APND,48.29953
2023-06-01 19:00:00-07:00,TH_ZP26_GEN-APND,47.22122
2023-06-01 20:00:00-07:00,TH_NP15_GEN-APND,50.65595
2023-06-01 20:00:00-07:00,TH_SP15_GEN-APND,51.19551
2023-06-01 20:00:00-07:00,TH_ZP26_GEN-APND,50.17986
2023-06-01 21:00:00-07:00,TH_NP15_GEN-APND,41.79765
2023-06-01 21:00:00-07:00,TH_SP15_GEN-APND,42.53613
2023-06-01 21:00:00-07:00,TH_ZP26_GEN-APND,41.44198
2023-06-01 22:00:00-07:00,TH_NP15_GEN-APND,34.96449
2023-06-01 22:00:00-07:00,TH_SP15_GEN-APND,35.65
2023-06-01 22:00:00-07:00,TH_ZP26_GEN-APND,34.69509
2023-06-01 23:00:00-07:00,TH_NP15_GEN-APND,30.68298
2023-06-01 23:00:00-07:00,TH_SP15_GEN-APND,31.24599
2023-06-01 23:00:00-07:00,TH_ZP26_GEN-APND,22.5
2023-06-02 00:00:00-07:00,TH_NP15_GEN-APND,27.22404
2023-06-02 00:00:00-07:00,TH_SP15_GEN-APND,28.30029
2023-06-02 00:00:00-07:00,TH_ZP26_GEN-APND,27.42154
2023-06-02 01:00:00-07:00,TH_NP15_GEN-APND,25.37266
2023-06-02 01:00:00-07:00,TH_SP15_GEN-APND,26.42162
2023-06-02 01:00:00-07:00,TH_ZP26_GEN-APND,25.61288
2023-06-02 02:00:00-07:00,TH_NP15_GEN-APND,23.6602
2023-06-02 02:00:00-07:00,TH_SP15_GEN-APND,25.49529
2023-06-02 02:00:00-07:00,TH_ZP26_GEN-APND,24.69478
2023-06-02 03:00:00-07:00,TH_NP15_GEN-APND,24.25108
2023-06-02 03:00:00-07:00,TH_SP15_GEN-APND,26.25375
2023-06-02 03:00:00-07:00,TH_ZP26_GEN-APND,25.5
2023-06-02 04:00:00-07:00,TH_NP15_GEN-APND,27.62532
2023-06-02 04:00:00-07:00,TH_SP15_GEN-APND,28.48141
2023-06-02 04:00:00-07:00,TH_ZP26_GEN-APND,27.66279
2023-06-02 05:00:00-07:00,TH_NP15_GEN-APND,34.70345
2023-06-02 05:00:00-07:00,TH_SP15_GEN-APND,36.90966
2023-06-02 05:00:00-07:00,TH_ZP26_GEN-APND,35.86043
2023-06-02 06:00:00-07:00,TH_NP15_GEN-APND,27.5146
2023-06-02 06:00:00-07:00,TH_SP15_GEN-APND,27.94581
2023-06-02 06:00:00-07:00,TH_ZP26_GEN-APND,27.58028
2023-06-02 07:00:00-07:00,TH_NP15_GEN-APND,15.71648
2023-06-02 07:00:00-07:00,TH_SP15_GEN-APND,15.54698
2023-06-02 07:00:00-07:00,TH_ZP26_GEN-APND,15.30161
2023-06-02 08:00:00-07:00,TH_NP15_GEN-APND,7.59023
2023-06-02 08:00:00-07:00,TH_SP15_GEN-APND,7.47249
2023-06-02 08:00:00-07:00,TH_ZP26_GEN-APND,5.34711
2023-06-02 09:00:00-07:00,TH_NP15_GEN-APND,5.1031
2023-06-02 09:00:00-07:00,TH_SP15_GEN-APND,5.0
2023-06-02 09:00:00-07:00,TH_ZP26_GEN-APND,1.98619
2023-06-02 10:00:00-07:00,TH_NP15_GEN-APND,4.30178
2023-06-02 10:00:00-07:00,TH_SP15_GEN-APND,4.20586
2023-06-02 10:00:00-07:00,TH_ZP26_GEN-APND,0.41891
2023-06-02 11:00:00-07:00,TH_NP15_GEN-APND,4.78409
2023-06-02 11:00:00-07:00,TH_SP15_GEN-APND,4.72646
2023-06-02 11:00:00-07:00,TH_ZP26_GEN-APND,0.03219
2023-06-02 12:00:00-07:00,TH_NP15_GEN-APND,4.24477
2023-06-02 12:00:00-07:00,TH_SP15_GEN-APND,4.15642
2023-06-02 12:00:00-07:00,TH_ZP26_GEN-APND,-0.85452
2023-06-02 13:00:00-07:00,TH_NP15_GEN-APND,4.90661
2023-06-02 13:00:00-07:00,TH_SP15_GEN-APND,4.76898
2023-06-02 13:00:00-07:00,TH_ZP26_GEN-APND,-0.75705
2023-06-02 14:00:00-07:00,TH_NP15_GEN-APND,6.70578
2023-06-02 14:00:00-07:00,TH_SP15_GEN-APND,6.55928
2023-06-02 14:00:00-07:00,TH_ZP26_GEN-APND,-0.17037
2023-06-02 15:00:00-07:00,TH_NP15_GEN-APND,6.83699
2023-06-02 15:00:00-07:00,TH_SP15_GEN-APND,6.55965
2023-06-02 15:00:00-07:00,TH_ZP26_GEN-APND,0.70983
2023-06-02 16:00:00-07:00,TH_NP15_GEN-APND,10.6545
2023-06-02 16:00:00-07:00,TH_SP15_GEN-APND,10.30689
2023-06-02 16:00:00-07:00,TH_ZP26_GEN-APND,6.23092
2023-06-02 17:00:00-07:00,TH_NP15_GEN-APND,17.63728
2023-06-02 17:00:00-07:00,TH_SP15_GEN-APND,17.40298
2023-06-02 17:00:00-07:00,TH_ZP26_GEN-APND,12.53375
2023-06-02 18:00:00-07:00,TH_NP15_GEN-APND,36.66
2023-06-02 18:00:00-07:00,TH_SP15_GEN-APND,36.48615
2023-06-02 18:00:00-07:00,TH_ZP26_GEN-APND,35.74161
2023-06-02 19:00:00-07:00,TH_NP15_GEN-APND,43.34258
2023-06-02 19:00:00-07:00,TH_SP15_GEN-APND,44.14271
2023-06-02 19:00:00-07:00,TH_ZP26_GEN-APND,43.3697
2023-06-02 20:00:00-07:00,TH_NP15_GEN-APND,46.58285
2023-06-02 20:00:00-07:00,TH_SP15_GEN-APND,47.88197
2023-06-02 20:00:00-07:00,TH_ZP26_GEN-APND,46.95891
2023-06-02 21:00:00-07:00,TH_NP15_GEN-APND,36.54694
2023-06-02 21:00:00-07:00,TH_SP15_GEN-APND,37.85068
2023-06-02 21:00:00-07:00,TH_ZP26_GEN-APND,36.84123
2023-06-02 22:00:00-07:00,TH_NP15_GEN-APND,35.82472
2023-06-02 22:00:00-07:00,TH_SP15_GEN-APND,36.72399
2023-06-02 22:00:00-07:00,TH_ZP26_GEN-APND,35.85095
2023-06-02 23:00:00-07:00,TH_NP15_GEN-APND,32.7351
2023-06-02 23:00:00-07:00,TH_SP15_GEN-APND,33.83301
2023-06-02 23:00:00-07:00,TH_ZP26_GEN-APND,32.88606
2023-06-03 00:00:00-07:00,TH_NP15_GEN-APND,27.96899
2023-06-03 00:00:00-07:00,TH_SP15_GEN-APND,29.58537
2023-06-03 00:00:00-07:00,TH_ZP26_GEN-APND,28.38242
2023-06-03 01:00:00-07:00,TH_NP15_GEN-APND,27.4158
2023-06-03 01:00:00-07:00,TH_SP15_GEN-APND,27.51074
2023-06-03 01:00:00-07:00,TH_ZP26_GEN-APND,27.51074
2023-06-03 02:00:00-07:00,TH_NP15_GEN-APND,26.10135
2023-06-03 02:00:00-07:00,TH_SP15_GEN-APND,27.4167
2023-06-03 02:00:00-07:00,TH_ZP26_GEN-APND,26.44632
2023-06-03 03:00:00-07:00,TH_NP15_GEN-APND,26.08377
2023-06-03 03:00:00-07:00,TH_SP15_GEN-APND,27.40122
2023-06-03 03:00:00-07:00,TH_ZP26_GEN-APND,26.38636
2023-06-03 04:00:00-07:00,TH_NP15_GEN-APND,26.98554
2023-06-03 04:00:00-07:00,TH_SP15_GEN-APND,28.37
2023-06-03 04:00:00-07:00,TH_ZP26_GEN-APND,27.2875
2023-06-03 05:00:00-07:00,TH_NP15_GEN-APND,30.65604
2023-06-03 05:00:00-07:00,TH_SP15_GEN-APND,31.9696
2023-06-03 05:00:00-07:00,TH_ZP26_GEN-APND,30.86853
2023-06-03 06:00:00-07:00,TH_NP15_GEN-APND,24.21402
2023-06-03 06:00:00-07:00,TH_SP15_GEN-APND,25.01
2023-06-03 06:00:00-07:00,TH_ZP26_GEN-APND,24.40668
2023-06-03 07:00:00-07:00,TH_NP15_GEN-APND,5.37019
2023-06-03 07:00:00-07:00,TH_SP15_GEN-APND,5.34535
2023-06-03 07:00:00-07:00,TH_ZP26_GEN-APND,5.18925
2023-06-03 08:00:00-07:00,TH_NP15_GEN-APND,1.0583
2023-06-03 08:00:00-07:00,TH_SP15_GEN-APND,1.01212
2023-06-03 08:00:00-07:00,TH_ZP26_GEN-APND,-2.62839
2023-06-03 09:00:00-07:00,TH_NP15_GEN-APND,0.76668
2023-06-03 09:00:00-07:00,TH_SP15_GEN-APND,0.73239
2023-06-03 09:00:00-07:00,TH_ZP26_GEN-APND,-3.16466
2023-06-03 10:00:00-07:00,TH_NP15_GEN-APND,0.51242
2023-06-03 10:00:00-07:00,TH_SP15_GEN-APND,0.49332
2023-06-03 10:00:00-07:00,TH_ZP26_GEN-APND,-3.45515
2023-06-03 11:00:00-07:00,TH_NP15_GEN-APND,0.72173
2023-06-03 11:00:00-07:00,TH_SP15_GEN-APND,0.69607
2023-06-03 11:00:00-07:00,TH_ZP26_GEN-APND,-3.39292
2023-06-03 12:00:00-07:00,TH_NP15_GEN-APND,0.33422
2023-06-03 12:00:00-07:00,TH_SP15_GEN-APND,0.33185
2023-06-03 12:00:00-07:00,TH_ZP26_GEN-APND,-3.57467
2023-06-03 13:00:00-07:00,TH_NP15_GEN-APND,1.05999
2023-06-03 13:00:00-07:00,TH_SP15_GEN-APND,1.0067
2023-06-03 13:00:00-07:00,TH_ZP26_GEN-APND,-3.01678
2023-06-03 14:00:00-07:00,TH_NP15_GEN-APND,3.04858
2023-06-03 14:00:00-07:00,TH_SP15_GEN-APND,2.91483
2023-06-03 14:00:00-07:00,TH_ZP26_GEN-APND,-1.31711
2023-06-03 15:00:00-07:00,TH_NP15_GEN-APND,7.8268
2023-06-03 15:00:00-07:00,TH_SP15_GEN-APND,7.58092
2023-06-03 15:00:00-07:00,TH_ZP26_GEN-APND,2.64252
2023-06-03 16:00:00-07:00,TH_NP15_GEN-APND,10.17646
2023-06-03 16:00:00-07:00,TH_SP15_GEN-APND,10.0
2023-06-03 16:00:00-07:00,TH_ZP26_GEN-APND,6.99545
2023-06-03 17:00:00-07:00,TH_NP15_GEN-APND,22.48171
2023-06-03 17:00:00-07:00,TH_SP15_GEN-APND,22.43516
2023-06-03 17:00:00-07:00,TH_ZP26_GEN-APND,20.75491
2023-06-03 18:00:00-07:00,TH_NP15_GEN-APND,33.70258
2023-06-03 18:00:00-07:00,TH_SP15_GEN-APND,34.56057
2023-06-03 18:00:00-07:00,TH_ZP26_GEN-APND,33.3764
2023-06-03 19:00:00-07:00,TH_NP15_GEN-APND,47.11084
2023-06-03 19:00:00-07:00,TH_SP15_GEN-APND,49.56286
2023-06-03 19:00:00-07:00,TH_ZP26_GEN-APND,48.19616
2023-06-03 20:00:00-07:00,TH_NP15_GEN-APND,46.03439
2023-06-03 20:00:00-07:00,TH_SP15_GEN-APND,48.15266
2023-06-03 20:00:00-07:00,TH_ZP26_GEN-APND,46.98346
2023-06-03 21:00:00-07:00,TH_NP15_GEN-APND,36.85348
2023-06-03 21:00:00-07:00,TH_SP15_GEN-APND,38.44391
2023-06-03 21:00:00-07:00,TH_ZP26_GEN-APND,37.31068
2023-06-03 22:00:00-07:00,TH_NP15_GEN-APND,33.33846
2023-06-03 22:00:00-07:00,TH_SP15_GEN-APND,34.70612
2023-06-03 22:00:00-07:00,TH_ZP26_GEN-APND,33.63808
2023-06-03 23:00:00-07:00,TH_NP15_GEN-APND,30.77736
2023-06-03 23:00:00-07:00,TH_SP15_GEN-APND,32.3239
2023-06-03 23:00:00-07:00,TH_ZP26_GEN-APND,31.17215
2023-06-04 00:00:00-07:00,TH_NP15_GEN-APND,27.84474
2023-06-04 00:00:00-07:00,TH_SP15_GEN-APND,28.57182
2023-06-04 00:00:00-07:00,TH_ZP26_GEN-APND,27.80832
2023-06-04 01:00:00-07:00,TH_NP15_GEN-APND,27.87807
2023-06-04 01:00:00-07:00,TH_SP15_GEN-APND,28.57121
2023-06-04 01:00:00-07:00,TH_ZP26_GEN-APND,27.93804
2023-06-04 02:00:00-07:00,TH_NP15_GEN-APND,27.22339
2023-06-04 02:00:00-07:00,TH_SP15_GEN-APND,28.07283
2023-06-04 02:00:00-07:00,TH_ZP26_GEN-APND,27.37343
2023-06-04 03:00:00-07:00,TH_NP15_GEN-APND,27.21491
2023-06-04 03:00:00-07:00,TH_SP15_GEN-APND,28.03173
2023-06-04 03:00:00-07:00,TH_ZP26_GEN-APND,27.30503
2023-06-04 04:00:00-07:00,TH_NP15_GEN-APND,27.57978
2023-06-04 04:00:00-07:00,TH_SP15_GEN-APND,28.41666
2023-06-04 04:00:00-07:00,TH_ZP26_GEN-APND,27.66031
2023-06-04 05:00:00-07:00,TH_NP15_GEN-APND,29.87806
2023-06-04 05:00:00-07:00,TH_SP15_GEN-APND,30.48109
2023-06-04 05:00:00-07:00,TH_ZP26_GEN-APND,29.89289
2023-06-04 06:00:00-07:00,TH_NP15_GEN-APND,25.69038
2023-06-04 06:00:00-07:00,TH_SP15_GEN-APND,26.24747
2023-06-04 06:00:00-07:00,TH_ZP26_GEN-APND,25.60241
2023-06-04 07:00:00-07:00,TH_NP15_GEN-APND,8.09482
2023-06-04 07:00:00-07:00,TH_SP15_GEN-APND,8.0
2023-06-04 07:00:00-07:00,TH_ZP26_GEN-APND,7.42843
2023-06-04 08:00:00-07:00,TH_NP15_GEN-APND,4.12792
2023-06-04 08:00:00-07:00,TH_SP15_GEN-APND,4.0
2023-06-04 08:00:00-07:00,TH_ZP26_GEN-APND,-0.15147
2023-06-04 09:00:00-07:00,TH_NP15_GEN-APND,4.28341
2023-06-04 09:00:00-07:00,TH_SP15_GEN-APND,4.12184
2023-06-04 09:00:00-07:00,TH_ZP26_GEN-APND,-0.07794
2023-06-04 10:00:00-07:00,TH_NP15_GEN-APND,4.43386
2023-06-04 10:00:00-07:00,TH_SP15_GEN-APND,4.28473
2023-06-04 10:00:00-07:00,TH_ZP26_GEN-APND,0.04686
2023-06-04 11:00:00-07:00,TH_NP15_GEN-APND,4.99179
2023-06-04 11:00:00-07:00,TH_SP15_GEN-APND,4.80624
2023-06-04 11:00:00-07:00,TH_ZP26_GEN-APND,0.04702
2023-06-04 12:00:00-07:00,TH_NP15_GEN-APND,4.51494
2023-06-04 12:00:00-07:00,TH_SP15_GEN-APND,4.351
2023-06-04 12:00:00-07:00,TH_ZP26_GEN-APND,-1.25053
2023-06-04 13:00:00-07:00,TH_NP15_GEN-APND,5.72939
2023-06-04 13:00:00-07:00,TH_SP15_GEN-APND,5.52844
2023-06-04 13:00:00-07:00,TH_ZP26_GEN-APND,0.90388
2023-06-04 14:00:00-07:00,TH_NP15_GEN-APND,8.34464
2023-06-04 14:00:00-07:00,TH_SP15_GEN-APND,8.09136
2023-06-04 14:00:00-07:00,TH_ZP26_GEN-APND,3.98363
2023-06-04 15:00:00-07:00,TH_NP15_GEN-APND,15.27693
2023-06-04 15:00:00-07:00,TH_SP15_GEN-APND,14.81343
2023-06-04 15:00:00-07:00,TH_ZP26_GEN-APND,11.12979
2023-06-04 16:00:00-07:00,TH_NP15_GEN-APND,21.87687
2023-06-04 16:00:00-07:00,TH_SP15_GEN-APND,21.09357
2023-06-04 16:00:00-07:00,TH_ZP26_GEN-APND,19.58816
2023-06-04 17:00:00-07:00,TH_NP15_GEN-APND,31.18908
2023-06-04 17:00:00-07:00,TH_SP15_GEN-APND,30.48588
2023-06-04 17:00:00-07:00,TH_ZP26_GEN-APND,29.76995
2023-06-04 18:00:00-07:00,TH_NP15_GEN-APND,39.16983
2023-06-04 18:00:00-07:00,TH_SP15_GEN-APND,39.82539
2023-06-04 18:00:00-07:00,TH_ZP26_GEN-APND,38.78878
2023-06-04 19:00:00-07:00,TH_NP15_GEN-APND,58.68607
2023-06-04 19:00:00-07:00,TH_SP15_GEN-APND,61.04319
2023-06-04 19:00:00-07:00,TH_ZP26_GEN-APND,59.5917
2023-06-04 20:00:00-07:00,TH_NP15_GEN-APND,54.21177
2023-06-04 20:00:00-07:00,TH_SP15_GEN-APND,56.90006
2023-06-04 20:00:00-07:00,TH_ZP26_GEN-APND,55.43
2023-06-04 21:00:00-07:00,TH_NP15_GEN-APND,42.85003
2023-06-04 21:00:00-07:00,TH_SP15_GEN-APND,45.10024
2023-06-04 21:00:00-07:00,TH_ZP26_GEN-APND,43.78128
2023-06-04 22:00:00-07:00,TH_NP15_GEN-APND,36.2281
2023-06-04 22:00:00-07:00,TH_SP15_GEN-APND,38.06272
2023-06-04 22:00:00-07:00,TH_ZP26_GEN-APND,36.9464
2023-06-04 23:00:00-07:00,TH_NP15_GEN-APND,33.37224
2023-06-04 23:00:00-07:00,TH_SP15_GEN-APND,34.85693
2023-06-04 23:00:00-07:00,TH_ZP26_GEN-APND,33.9078
2023-06-05 00:00:00-07:00,TH_NP15_GEN-APND,29.15565
2023-06-05 00:00:00-07:00,TH_SP15_GEN-APND,29.88
2023-06-05 00:00:00-07:00,TH_ZP26_GEN-APND,29.2193
2023-06-05 01:00:00-07:00,TH_NP15_GEN-APND,27.08298
2023-06-05 01:00:00-07:00,TH_SP15_GEN-APND,28.15063
2023-06-05 01:00:00-07:00,TH_ZP26_GEN-APND,27.34421
2023-06-05 02:00:00-07:00,TH_NP15_GEN-APND,27.12386
2023-06-05 02:00:00-07:00,TH_SP15_GEN-APND,28.35832
2023-06-05 02:00:00-07:00,TH_ZP26_GEN-APND,27.48023
2023-06-05 03:00:00-07:00,TH_NP15_GEN-APND,27.01111
2023-06-05 03:00:00-07:00,TH_SP15_GEN-APND,28.20833
2023-06-05 03:00:00-07:00,TH_ZP26_GEN-APND,27.34588
2023-06-05 04:00:00-07:00,TH_NP15_GEN-APND,30.07465
2023-06-05 04:00:00-07:00,TH_SP15_GEN-APND,30.1
2023-06-05 04:00:00-07:00,TH_ZP26_GEN-APND,30.1
2023-06-05 05:00:00-07:00,TH_NP15_GEN-APND,35.34829
2023-06-05 05:00:00-07:00,TH_SP15_GEN-APND,36.92955
2023-06-05 05:00:00-07:00,TH_ZP26_GEN-APND,35.79
2023-06-05 06:00:00-07:00,TH_NP15_GEN-APND,40.98797
2023-06-05 06:00:00-07:00,TH_SP15_GEN-APND,42.65
2023-06-05 06:00:00-07:00,TH_ZP26_GEN-APND,41.4813
2023-06-05 07:00:00-07:00,TH_NP15_GEN-APND,29.10387
2023-06-05 07:00:00-07:00,TH_SP15_GEN-APND,28.35011
2023-06-05 07:00:00-07:00,TH_ZP26_GEN-APND,27.96591
2023-06-05 08:00:00-07:00,TH_NP15_GEN-APND,24.36129
2023-06-05 08:00:00-07:00,TH_SP15_GEN-APND,20.15
2023-06-05 08:00:00-07:00,TH_ZP26_GEN-APND,21.41794
2023-06-05 09:00:00-07:00,TH_NP15_GEN-APND,24.54612
2023-06-05 09:00:00-07:00,TH_SP15_GEN-APND,18.41923
2023-06-05 09:00:00-07:00,TH_ZP26_GEN-APND,19.65796
2023-06-05 10:00:00-07:00,TH_NP15_GEN-APND,24.66784
2023-06-05 10:00:00-07:00,TH_SP15_GEN-APND,17.67236
2023-06-05 10:00:00-07:00,TH_ZP26_GEN-APND,19.63053
2023-06-05 11:00:00-07:00,TH_NP15_GEN-APND,23.74026
2023-06-05 11:00:00-07:00,TH_SP15_GEN-APND,17.34639
2023-06-05 11:00:00-07:00,TH_ZP26_GEN-APND,18.6714
2023-06-05 12:00:00-07:00,TH_NP15_GEN-APND,23.94599
2023-06-05 12:00:00-07:00,TH_SP15_GEN-APND,17.5
2023-06-05 12:00:00-07:00,TH_ZP26_GEN-APND,19.14708
2023-06-05 13:00:00-07:00,TH_NP15_GEN-APND,25.03645
2023-06-05 13:00:00-07:00,TH_SP15_GEN-APND,18.74876
2023-06-05 13:00:00-07:00,TH_ZP26_GEN-APND,20.09258
2023-06-05 14:00:00-07:00,TH_NP15_GEN-APND,23.98425
2023-06-05 14:00:00-07:00,TH_SP15_GEN-APND,18.34781
2023-06-05 14:00:00-07:00,TH_ZP26_GEN-APND,18.95168
2023-06-05 15:00:00-07:00,TH_NP15_GEN-APND,25.82834
2023-06-05 15:00:00-07:00,TH_SP15_GEN-APND,20.30547
2023-06-05 15:00:00-07:00,TH_ZP26_GEN-APND,19.72801
2023-06-05 16:00:00-07:00,TH_NP15_GEN-APND,27.93559
2023-06-05 16:00:00-07:00,TH_SP15_GEN-APND,24.91187
2023-06-05 16:00:00-07:00,TH_ZP26_GEN-APND,25.32229
2023-06-05 17:00:00-07:00,TH_NP15_GEN-APND,34.83185
2023-06-05 17:00:00-07:00,TH_SP15_GEN-APND,34.90828
2023-06-05 17:00:00-07:00,TH_ZP26_GEN-APND,34.29626
2023-06-05 18:00:00-07:00,TH_NP15_GEN-APND,45.50012
2023-06-05 18:00:00-07:00,TH_SP15_GEN-APND,47.72838
2023-06-05 18:00:00-07:00,TH_ZP26_GEN-APND,46.48213
2023-06-05 19:00:00-07:00,TH_NP15_GEN-APND,56.7097
2023-06-05 19:00:00-07:00,TH_SP15_GEN-APND,60.27
2023-06-05 19:00:00-07:00,TH_ZP26_GEN-APND,58.83616
2023-06-05 20:00:00-07:00,TH_NP15_GEN-APND,52.95647
2023-06-05 20:00:00-07:00,TH_SP15_GEN-APND,60.25
2023-06-05 20:00:00-07:00,TH_ZP26_GEN-APND,54.76153
2023-06-05 21:00:00-07:00,TH_NP15_GEN-APND,39.41994
2023-06-05 21:00:00-07:00,TH_SP15_GEN-APND,48.10034
2023-06-05 21:00:00-07:00,TH_ZP26_GEN-APND,39.93917
2023-06-05 22:00:00-07:00,TH_NP15_GEN-APND,35.68413
2023-06-05 22:00:00-07:00,TH_SP15_GEN-APND,37.92418
2023-06-05 22:00:00-07:00,TH_ZP26_GEN-APND,36.70094
2023-06-05 23:00:00-07:00,TH_NP15_GEN-APND,32.26934
2023-06-05 23:00:00-07:00,TH_SP15_GEN-APND,33.99787
2023-06-05 23:00:00-07:00,TH_ZP26_GEN-APND,33.09245
2023-06-06 00:00:00-07:00,TH_NP15_GEN-APND,38.09566
2023-06-06 00:00:00-07:00,TH_SP15_GEN-APND,39.75374
2023-06-06 00:00:00-07:00,TH_ZP26_GEN-APND,38.57341
2023-06-06 01:00:00-07:00,TH_NP15_GEN-APND,36.38259
2023-06-06 01:00:00-07:00,TH_SP15_GEN-APND,37.6945
2023-06-06 01:00:00-07:00,TH_ZP26_GEN-APND,36.7487
2023-06-06 02:00:00-07:00,TH_NP15_GEN-APND,33.2044
2023-06-06 02:00:00-07:00,TH_SP15_GEN-APND,34.42247
2023-06-06 02:00:00-07:00,TH_ZP26_GEN-APND,33.5211
2023-06-06 03:00:00-07:00,TH_NP15_GEN-APND,32.35379
2023-06-06 03:00:00-07:00,TH_SP15_GEN-APND,33.92503
2023-06-06 03:00:00-07:00,TH_ZP26_GEN-APND,33.0274
2023-06-06 04:00:00-07:00,TH_NP15_GEN-APND,33.93966
2023-06-06 04:00:00-07:00,TH_SP15_GEN-APND,35.5923
2023-06-06 04:00:00-07:00,TH_ZP26_GEN-APND,34.65774
2023-06-06 05:00:00-07:00,TH_NP15_GEN-APND,39.57592
2023-06-06 05:00:00-07:00,TH_SP15_GEN-APND,41.19101
2023-06-06 05:00:00-07:00,TH_ZP26_GEN-APND,40.28168
2023-06-06 06:00:00-07:00,TH_NP15_GEN-APND,45.70528
2023-06-06 06:00:00-07:00,TH_SP15_GEN-APND,46.61489
2023-06-06 06:00:00-07:00,TH_ZP26_GEN-APND,46.10981
2023-06-06 07:00:00-07:00,TH_NP15_GEN-APND,35.81985
2023-06-06 07:00:00-07:00,TH_SP15_GEN-APND,33.53309
2023-06-06 07:00:00-07:00,TH_ZP26_GEN-APND,34.83381
2023-06-06 08:00:00-07:00,TH_NP15_GEN-APND,32.14
2023-06-06 08:00:00-07:00,TH_SP15_GEN-APND,27.64148
2023-06-06 08:00:00-07:00,TH_ZP26_GEN-APND,30.24284
2023-06-06 09:00:00-07:00,TH_NP15_GEN-APND,27.8902
2023-06-06 09:00:00-07:00,TH_SP15_GEN-APND,24.33058
2023-06-06 09:00:00-07:00,TH_ZP26_GEN-APND,24.45134
2023-06-06 10:00:00-07:00,TH_NP15_GEN-APND,25.59679
2023-06-06 10:00:00-07:00,TH_SP15_GEN-APND,22.62967
2023-06-06 10:00:00-07:00,TH_ZP26_GEN-APND,22.27733
2023-06-06 11:00:00-07:00,TH_NP15_GEN-APND,24.4408
2023-06-06 11:00:00-07:00,TH_SP15_GEN-APND,20.30804
2023-06-06 11:00:00-07:00,TH_ZP26_GEN-APND,21.31167
2023-06-06 12:00:00-07:00,TH_NP15_GEN-APND,23.92124
2023-06-06 12:00:00-07:00,TH_SP15_GEN-APND,19.80158
2023-06-06 12:00:00-07:00,TH_ZP26_GEN-APND,19.94218
2023-06-06 13:00:00-07:00,TH_NP15_GEN-APND,23.60989
2023-06-06 13:00:00-07:00,TH_SP15_GEN-APND,20.18602
2023-06-06 13:00:00-07:00,TH_ZP26_GEN-APND,19.9524
2023-06-06 14:00:00-07:00,TH_NP15_GEN-APND,25.61339
2023-06-06 14:00:00-07:00,TH_SP15_GEN-APND,23.52244
2023-06-06 14:00:00-07:00,TH_ZP26_GEN-APND,22.65932
2023-06-06 15:00:00-07:00,TH_NP15_GEN-APND,27.75666
2023-06-06 15:00:00-07:00,TH_SP15_GEN-APND,25.2402
2023-06-06 15:00:00-07:00,TH_ZP26_GEN-APND,25.42407
2023-06-06 16:00:00-07:00,TH_NP15_GEN-APND,30.03658
2023-06-06 16:00:00-07:00,TH_SP15_GEN-APND,26.25278
2023-06-06 16:00:00-07:00,TH_ZP26_GEN-APND,29.4835
2023-06-06 17:00:00-07:00,TH_NP15_GEN-APND,38.86389
2023-06-06 17:00:00-07:00,TH_SP15_GEN-APND,36.42061
2023-06-06 17:00:00-07:00,TH_ZP26_GEN-APND,38.63575
2023-06-06 18:00:00-07:00,TH_NP15_GEN-APND,47.0804
2023-06-06 18:00:00-07:00,TH_SP15_GEN-APND,47.827
2023-06-06 18:00:00-07:00,TH_ZP26_GEN-APND,47.1246
2023-06-06 19:00:00-07:00,TH_NP15_GEN-APND,59.20472
2023-06-06 19:00:00-07:00,TH_SP15_GEN-APND,61.88131
2023-06-06 19:00:00-07:00,TH_ZP26_GEN-APND,60.44586
2023-06-06 20:00:00-07:00,TH_NP15_GEN-APND,58.25643
2023-06-06 20:00:00-07:00,TH_SP15_GEN-APND,61.75356
2023-06-06 20:00:00-07:00,TH_ZP26_GEN-APND,59.98633
2023-06-06 21:00:00-07:00,TH_NP15_GEN-APND,50.14723
2023-06-06 21:00:00-07:00,TH_SP15_GEN-APND,53.14813
2023-06-06 21:00:00-07:00,TH_ZP26_GEN-APND,51.55122
2023-06-06 22:00:00-07:00,TH_NP15_GEN-APND,39.97943
2023-06-06 22:00:00-07:00,TH_SP15_GEN-APND,42.59162
2023-06-06 22:00:00-07:00,TH_ZP26_GEN-APND,41.05
2023-06-06 23:00:00-07:00,TH_NP15_GEN-APND,37.77492
2023-06-06 23:00:00-07:00,TH_SP15_GEN-APND,39.97615
2023-06-06 23:00:00-07:00,TH_ZP26_GEN-APND,38.62
2023-06-07 00:00:00-07:00,TH_NP15_GEN-APND,37.02802
2023-06-07 00:00:00-07:00,TH_SP15_GEN-APND,36.75346
2023-06-07 00:00:00-07:00,TH_ZP26_GEN-APND,37.76
2023-06-07 01:00:00-07:00,TH_NP15_GEN-APND,35.1151
2023-06-07 01:00:00-07:00,TH_SP15_GEN-APND,34.85875
2023-06-07 01:00:00-07:00,TH_ZP26_GEN-APND,35.74823
2023-06-07 02:00:00-07:00,TH_NP15_GEN-APND,33.67147
2023-06-07 02:00:00-07:00,TH_SP15_GEN-APND,34.01041
2023-06-07 02:00:00-07:00,TH_ZP26_GEN-APND,34.09594
2023-06-07 03:00:00-07:00,TH_NP15_GEN-APND,33.28135
2023-06-07 03:00:00-07:00,TH_SP15_GEN-APND,33.56299
2023-06-07 03:00:00-07:00,TH_ZP26_GEN-APND,33.62159
2023-06-07 04:00:00-07:00,TH_NP15_GEN-APND,33.96905
2023-06-07 04:00:00-07:00,TH_SP15_GEN-APND,34.56998
2023-06-07 04:00:00-07:00,TH_ZP26_GEN-APND,34.34345
2023-06-07 05:00:00-07:00,TH_NP15_GEN-APND,38.1065
2023-06-07 05:00:00-07:00,TH_SP15_GEN-APND,38.6767
2023-06-07 05:00:00-07:00,TH_ZP26_GEN-APND,38.6174
2023-06-07 06:00:00-07:00,TH_NP15_GEN-APND,44.28435
2023-06-07 06:00:00-07:00,TH_SP15_GEN-APND,43.71159
2023-06-07 06:00:00-07:00,TH_ZP26_GEN-APND,45.02904
2023-06-07 07:00:00-07:00,TH_NP15_GEN-APND,38.02385
2023-06-07 07:00:00-07:00,TH_SP15_GEN-APND,34.02831
2023-06-07 07:00:00-07:00,TH_ZP26_GEN-APND,37.67801
2023-06-07 08:00:00-07:00,TH_NP15_GEN-APND,34.00886
2023-06-07 08:00:00-07:00,TH_SP15_GEN-APND,27.30856
2023-06-07 08:00:00-07:00,TH_ZP26_GEN-APND,32.83664
2023-06-07 09:00:00-07:00,TH_NP15_GEN-APND,31.21938
2023-06-07 09:00:00-07:00,TH_SP15_GEN-APND,26.64487
2023-06-07 09:00:00-07:00,TH_ZP26_GEN-APND,28.2901
2023-06-07 10:00:00-07:00,TH_NP15_GEN-APND,30.34319
2023-06-07 10:00:00-07:00,TH_SP15_GEN-APND,25.44546
2023-06-07 10:00:00-07:00,TH_ZP26_GEN-APND,27.4734
2023-06-07 11:00:00-07:00,TH_NP15_GEN-APND,28.28
2023-06-07 11:00:00-07:00,TH_SP15_GEN-APND,22.29973
2023-06-07 11:00:00-07:00,TH_ZP26_GEN-APND,26.06223
2023-06-07 12:00:00-07:00,TH_NP15_GEN-APND,27.0
2023-06-07 12:00:00-07:00,TH_SP15_GEN-APND,21.03735
2023-06-07 12:00:00-07:00,TH_ZP26_GEN-APND,22.94611
2023-06-07 13:00:00-07:00,TH_NP15_GEN-APND,27.46
2023-06-07 13:00:00-07:00,TH_SP15_GEN-APND,22.13701
2023-06-07 13:00:00-07:00,TH_ZP26_GEN-APND,23.66562
2023-06-07 14:00:00-07:00,TH_NP15_GEN-APND,28.8154
2023-06-07 14:00:00-07:00,TH_SP15_GEN-APND,24.80159
2023-06-07 14:00:00-07:00,TH_ZP26_GEN-APND,27.33031
2023-06-07 15:00:00-07:00,TH_NP15_GEN-APND,29.70274
2023-06-07 15:00:00-07:00,TH_SP15_GEN-APND,26.18627
2023-06-07 15:00:00-07:00,TH_ZP26_GEN-APND,28.7197
2023-06-07 16:00:00-07:00,TH_NP15_GEN-APND,31.72874
2023-06-07 16:00:00-07:00,TH_SP15_GEN-APND,30.57785
2023-06-07 16:00:00-07:00,TH_ZP26_GEN-APND,30.15568
2023-06-07 17:00:00-07:00,TH_NP15_GEN-APND,37.31
2023-06-07 17:00:00-07:00,TH_SP15_GEN-APND,36.69904
2023-06-07 17:00:00-07:00,TH_ZP26_GEN-APND,36.16693
2023-06-07 18:00:00-07:00,TH_NP15_GEN-APND,45.78564
2023-06-07 18:00:00-07:00,TH_SP15_GEN-APND,47.6345
2023-06-07 18:00:00-07:00,TH_ZP26_GEN-APND,46.22591
2023-06-07 19:00:00-07:00,TH_NP15_GEN-APND,57.8
2023-06-07 19:00:00-07:00,TH_SP15_GEN-APND,60.96053
2023-06-07 19:00:00-07:00,TH_ZP26_GEN-APND,59.25879
2023-06-07 20:00:00-07:00,TH_NP15_GEN-APND,59.53621
2023-06-07 20:00:00-07:00,TH_SP15_GEN-APND,63.54
2023-06-07 20:00:00-07:00,TH_ZP26_GEN-APND,61.51757
2023-06-07 21:00:00-07:00,TH_NP15_GEN-APND,52.02371
2023-06-07 21:00:00-07:00,TH_SP15_GEN-APND,55.19356
2023-06-07 21:00:00-07:00,TH_ZP26_GEN-APND,53.49504
2023-06-07 22:00:00-07:00,TH_NP15_GEN-APND,41.88799
2023-06-07 22:00:00-07:00,TH_SP15_GEN-APND,43.78138
2023-06-07 22:00:00-07:00,TH_ZP26_GEN-APND,42.58694
2023-06-07 23:00:00-07:00,TH_NP15_GEN-APND,37.85091
2023-06-07 23:00:00-07:00,TH_SP15_GEN-APND,39.82962
2023-06-07 23:00:00-07:00,TH_ZP26_GEN-APND,38.66809
2023-06-08 00:00:00-07:00,TH_NP15_GEN-APND,37.91108
2023-06-08 00:00:00-07:00,TH_SP15_GEN-APND,38.52336
2023-06-08 00:00:00-07:00,TH_ZP26_GEN-APND,37.76
2023-06-08 01:00:00-07:00,TH_NP15_GEN-APND,34.85013
2023-06-08 01:00:00-07:00,TH_SP15_GEN-APND,35.18177
2023-06-08 01:00:00-07:00,TH_ZP26_GEN-APND,34.63739
2023-06-08 02:00:00-07:00,TH_NP15_GEN-APND,33.70213
2023-06-08 02:00:00-07:00,TH_SP15_GEN-APND,33.79898
2023-06-08 02:00:00-07:00,TH_ZP26_GEN-APND,33.38
2023-06-08 03:00:00-07:00,TH_NP15_GEN-APND,33.42668
2023-06-08 03:00:00-07:00,TH_SP15_GEN-APND,33.63089
2023-06-08 03:00:00-07:00,TH_ZP26_GEN-APND,33.20144
2023-06-08 04:00:00-07:00,TH_NP15_GEN-APND,37.46447
2023-06-08 04:00:00-07:00,TH_SP15_GEN-APND,37.65749
2023-06-08 04:00:00-07:00,TH_ZP26_GEN-APND,37.08745
2023-06-08 05:00:00-07:00,TH_NP15_GEN-APND,43.22604
2023-06-08 05:00:00-07:00,TH_SP15_GEN-APND,43.06003
2023-06-08 05:00:00-07:00,TH_ZP26_GEN-APND,42.69306
2023-06-08 06:00:00-07:00,TH_NP15_GEN-APND,43.02365
2023-06-08 06:00:00-07:00,TH_SP15_GEN-APND,42.04174
2023-06-08 06:00:00-07:00,TH_ZP26_GEN-APND,42.03303
2023-06-08 07:00:00-07:00,TH_NP15_GEN-APND,34.09603
2023-06-08 07:00:00-07:00,TH_SP15_GEN-APND,32.73
2023-06-08 07:00:00-07:00,TH_ZP26_GEN-APND,32.08857
2023-06-08 08:00:00-07:00,TH_NP15_GEN-APND,29.00257
2023-06-08 08:00:00-07:00,TH_SP15_GEN-APND,27.40081
2023-06-08 08:00:00-07:00,TH_ZP26_GEN-APND,25.05564
2023-06-08 09:00:00-07:00,TH_NP15_GEN-APND,27.5812
2023-06-08 09:00:00-07:00,TH_SP15_GEN-APND,25.75529
2023-06-08 09:00:00-07:00,TH_ZP26_GEN-APND,22.885
2023-06-08 10:00:00-07:00,TH_NP15_GEN-APND,26.83175
2023-06-08 10:00:00-07:00,TH_SP15_GEN-APND,25.15122
2023-06-08 10:00:00-07:00,TH_ZP26_GEN-APND,22.06867
2023-06-08 11:00:00-07:00,TH_NP15_GEN-APND,26.44677
2023-06-08 11:00:00-07:00,TH_SP15_GEN-APND,24.89
2023-06-08 11:00:00-07:00,TH_ZP26_GEN-APND,22.00039
2023-06-08 12:00:00-07:00,TH_NP15_GEN-APND,26.42613
2023-06-08 12:00:00-07:00,TH_SP15_GEN-APND,24.82577
2023-06-08 12:00:00-07:00,TH_ZP26_GEN-APND,22.03534
2023-06-08 13:00:00-07:00,TH_NP15_GEN-APND,27.30735
2023-06-08 13:00:00-07:00,TH_SP15_GEN-APND,25.52911
2023-06-08 13:00:00-07:00,TH_ZP26_GEN-APND,23.10023
2023-06-08 14:00:00-07:00,TH_NP15_GEN-APND,27.58123
2023-06-08 14:00:00-07:00,TH_SP15_GEN-APND,25.82435
2023-06-08 14:00:00-07:00,TH_ZP26_GEN-APND,23.1436
2023-06-08 15:00:00-07:00,TH_NP15_GEN-APND,29.22047
2023-06-08 15:00:00-07:00,TH_SP15_GEN-APND,27.73677
2023-06-08 15:00:00-07:00,TH_ZP26_GEN-APND,26.04673
2023-06-08 16:00:00-07:00,TH_NP15_GEN-APND,33.17475
2023-06-08 16:00:00-07:00,TH_SP15_GEN-APND,31.52535
2023-06-08 16:00:00-07:00,TH_ZP26_GEN-APND,30.41556
2023-06-08 17:00:00-07:00,TH_NP15_GEN-APND,37.45734
2023-06-08 17:00:00-07:00,TH_SP15_GEN-APND,35.69193
2023-06-08 17:00:00-07:00,TH_ZP26_GEN-APND,35.66609
2023-06-08 18:00:00-07:00,TH_NP15_GEN-APND,46.44145
2023-06-08 18:00:00-07:00,TH_SP15_GEN-APND,46.59442
2023-06-08 18:00:00-07:00,TH_ZP26_GEN-APND,45.90085
2023-06-08 19:00:00-07:00,TH_NP15_GEN-APND,57.5111
2023-06-08 19:00:00-07:00,TH_SP15_GEN-APND,58.08
2023-06-08 19:00:00-07:00,TH_ZP26_GEN-APND,57.45208
2023-06-08 20:00:00-07:00,TH_NP15_GEN-APND,58.34254
2023-06-08 20:00:00-07:00,TH_SP15_GEN-APND,59.4
2023-06-08 20:00:00-07:00,TH_ZP26_GEN-APND,58.72313
2023-06-08 21:00:00-07:00,TH_NP15_GEN-APND,52.16605
2023-06-08 21:00:00-07:00,TH_SP15_GEN-APND,53.07037
2023-06-08 21:00:00-07:00,TH_ZP26_GEN-APND,52.29633
2023-06-08 22:00:00-07:00,TH_NP15_GEN-APND,44.27753
2023-06-08 22:00:00-07:00,TH_SP15_GEN-APND,44.95219
2023-06-08 22:00:00-07:00,TH_ZP26_GEN-APND,44.18177
2023-06-08 23:00:00-07:00,TH_NP15_GEN-APND,38.13841
2023-06-08 23:00:00-07:00,TH_SP15_GEN-APND,38.70532
2023-06-08 23:00:00-07:00,TH_ZP26_GEN-APND,38.07139
2023-06-09 00:00:00-07:00,TH_NP15_GEN-APND,35.47298
2023-06-09 00:00:00-07:00,TH_SP15_GEN-APND,36.10261
2023-06-09 00:00:00-07:00,TH_ZP26_GEN-APND,35.35875
2023-06-09 01:00:00-07:00,TH_NP15_GEN-APND,33.90848
2023-06-09 01:00:00-07:00,TH_SP15_GEN-APND,34.57753
2023-06-09 01:00:00-07:00,TH_ZP26_GEN-APND,33.84806
2023-06-09 02:00:00-07:00,TH_NP15_GEN-APND,34.36543
2023-06-09 02:00:00-07:00,TH_SP15_GEN-APND,35.19681
2023-06-09 02:00:00-07:00,TH_ZP26_GEN-APND,34.30222
2023-06-09 03:00:00-07:00,TH_NP15_GEN-APND,30.82059
2023-06-09 03:00:00-07:00,TH_SP15_GEN-APND,31.40396
2023-06-09 03:00:00-07:00,TH_ZP26_GEN-APND,30.74518
2023-06-09 04:00:00-07:00,TH_NP15_GEN-APND,32.91525
2023-06-09 04:00:00-07:00,TH_SP15_GEN-APND,33.50293
2023-06-09 04:00:00-07:00,TH_ZP26_GEN-APND,32.81
2023-06-09 05:00:00-07:00,TH_NP15_GEN-APND,38.61942
2023-06-09 05:00:00-07:00,TH_SP15_GEN-APND,38.99981
2023-06-09 05:00:00-07:00,TH_ZP26_GEN-APND,38.32967
2023-06-09 06:00:00-07:00,TH_NP15_GEN-APND,37.01589
2023-06-09 06:00:00-07:00,TH_SP15_GEN-APND,36.25918
2023-06-09 06:00:00-07:00,TH_ZP26_GEN-APND,36.20326
2023-06-09 07:00:00-07:00,TH_NP15_GEN-APND,27.17679
2023-06-09 07:00:00-07:00,TH_SP15_GEN-APND,25.86122
2023-06-09 07:00:00-07:00,TH_ZP26_GEN-APND,25.10263
2023-06-09 08:00:00-07:00,TH_NP15_GEN-APND,24.23368
2023-06-09 08:00:00-07:00,TH_SP15_GEN-APND,22.6589
2023-06-09 08:00:00-07:00,TH_ZP26_GEN-APND,20.23977
2023-06-09 09:00:00-07:00,TH_NP15_GEN-APND,24.12108
2023-06-09 09:00:00-07:00,TH_SP15_GEN-APND,21.87399
2023-06-09 09:00:00-07:00,TH_ZP26_GEN-APND,19.35964
2023-06-09 10:00:00-07:00,TH_NP15_GEN-APND,23.46039
2023-06-09 10:00:00-07:00,TH_SP15_GEN-APND,21.58906
2023-06-09 10:00:00-07:00,TH_ZP26_GEN-APND,18.83303
2023-06-09 11:00:00-07:00,TH_NP15_GEN-APND,23.36407
2023-06-09 11:00:00-07:00,TH_SP15_GEN-APND,22.06616
2023-06-09 11:00:00-07:00,TH_ZP26_GEN-APND,19.78393
2023-06-09 12:00:00-07:00,TH_NP15_GEN-APND,22.58228
2023-06-09 12:00:00-07:00,TH_SP15_GEN-APND,20.59661
2023-06-09 12:00:00-07:00,TH_ZP26_GEN-APND,17.91579
2023-06-09 13:00:00-07:00,TH_NP15_GEN-APND,24.02448
2023-06-09 13:00:00-07:00,TH_SP15_GEN-APND,21.95229
2023-06-09 13:00:00-07:00,TH_ZP26_GEN-APND,19.58276
2023-06-09 14:00:00-07:00,TH_NP15_GEN-APND,23.77289
2023-06-09 14:00:00-07:00,TH_SP15_GEN-APND,21.93177
2023-06-09 14:00:00-07:00,TH_ZP26_GEN-APND,20.00973
2023-06-09 15:00:00-07:00,TH_NP15_GEN-APND,23.58387
2023-06-09 15:00:00-07:00,TH_SP15_GEN-APND,21.78843
2023-06-09 15:00:00-07:00,TH_ZP26_GEN-APND,18.67666
2023-06-09 16:00:00-07:00,TH_NP15_GEN-APND,26.41374
2023-06-09 16:00:00-07:00,TH_SP15_GEN-APND,24.74153
2023-06-09 16:00:00-07:00,TH_ZP26_GEN-APND,22.84765
2023-06-09 17:00:00-07:00,TH_NP15_GEN-APND,33.33
2023-06-09 17:00:00-07:00,TH_SP15_GEN-APND,31.72228
2023-06-09 17:00:00-07:00,TH_ZP26_GEN-APND,31.71633
2023-06-09 18:00:00-07:00,TH_NP15_GEN-APND,38.76909
2023-06-09 18:00:00-07:00,TH_SP15_GEN-APND,38.90151
2023-06-09 18:00:00-07:00,TH_ZP26_GEN-APND,38.06799
2023-06-09 19:00:00-07:00,TH_NP15_GEN-APND,45.5254
2023-06-09 19:00:00-07:00,TH_SP15_GEN-APND,49.89332
2023-06-09 19:00:00-07:00,TH_ZP26_GEN-APND,45.23532
2023-06-09 20:00:00-07:00,TH_NP15_GEN-APND,43.52177
2023-06-09 20:00:00-07:00,TH_SP15_GEN-APND,55.97747
2023-06-09 20:00:00-07:00,TH_ZP26_GEN-APND,42.54731
2023-06-09 21:00:00-07:00,TH_NP15_GEN-APND,41.00659
2023-06-09 21:00:00-07:00,TH_SP15_GEN-APND,49.22243
2023-06-09 21:00:00-07:00,TH_ZP26_GEN-APND,40.38631
2023-06-09 22:00:00-07:00,TH_NP15_GEN-APND,36.41684
2023-06-09 22:00:00-07:00,TH_SP15_GEN-APND,41.53363
2023-06-09 22:00:00-07:00,TH_ZP26_GEN-APND,36.06616
2023-06-09 23:00:00-07:00,TH_NP15_GEN-APND,32.20135
2023-06-09 23:00:00-07:00,TH_SP15_GEN-APND,35.42516
2023-06-09 23:00:00-07:00,TH_ZP26_GEN-APND,32.08
2023-06-10 00:00:00-07:00,TH_NP15_GEN-APND,33.61305
2023-06-10 00:00:00-07:00,TH_SP15_GEN-APND,33.52718
2023-06-10 00:00:00-07:00,TH_ZP26_GEN-APND,33.20312
2023-06-10 01:00:00-07:00,TH_NP15_GEN-APND,31.63296
2023-06-10 01:00:00-07:00,TH_SP15_GEN-APND,31.69951
2023-06-10 01:00:00-07:00,TH_ZP26_GEN-APND,31.40136
2023-06-10 02:00:00-07:00,TH_NP15_GEN-APND,30.69529
2023-06-10 02:00:00-07:00,TH_SP15_GEN-APND,30.61327
2023-06-10 02:00:00-07:00,TH_ZP26_GEN-APND,30.27047
2023-06-10 03:00:00-07:00,TH_NP15_GEN-APND,31.08028
2023-06-10 03:00:00-07:00,TH_SP15_GEN-APND,31.04447
2023-06-10 03:00:00-07:00,TH_ZP26_GEN-APND,30.66239
2023-06-10 04:00:00-07:00,TH_NP15_GEN-APND,30.33818
2023-06-10 04:00:00-07:00,TH_SP15_GEN-APND,30.32527
2023-06-10 04:00:00-07:00,TH_ZP26_GEN-APND,29.96474
2023-06-10 05:00:00-07:00,TH_NP15_GEN-APND,32.99839
2023-06-10 05:00:00-07:00,TH_SP15_GEN-APND,33.14233
2023-06-10 05:00:00-07:00,TH_ZP26_GEN-APND,32.68438
2023-06-10 06:00:00-07:00,TH_NP15_GEN-APND,33.70809
2023-06-10 06:00:00-07:00,TH_SP15_GEN-APND,33.25483
2023-06-10 06:00:00-07:00,TH_ZP26_GEN-APND,33.18629
2023-06-10 07:00:00-07:00,TH_NP15_GEN-APND,25.86872
2023-06-10 07:00:00-07:00,TH_SP15_GEN-APND,25.0
2023-06-10 07:00:00-07:00,TH_ZP26_GEN-APND,25.14087
2023-06-10 08:00:00-07:00,TH_NP15_GEN-APND,23.20969
2023-06-10 08:00:00-07:00,TH_SP15_GEN-APND,22.03717
2023-06-10 08:00:00-07:00,TH_ZP26_GEN-APND,20.88035
2023-06-10 09:00:00-07:00,TH_NP15_GEN-APND,24.66297
2023-06-10 09:00:00-07:00,TH_SP15_GEN-APND,22.78738
2023-06-10 09:00:00-07:00,TH_ZP26_GEN-APND,18.33908
2023-06-10 10:00:00-07:00,TH_NP15_GEN-APND,25.44253
2023-06-10 10:00:00-07:00,TH_SP15_GEN-APND,24.11758
2023-06-10 10:00:00-07:00,TH_ZP26_GEN-APND,21.82425
2023-06-10 11:00:00-07:00,TH_NP15_GEN-APND,22.73802
2023-06-10 11:00:00-07:00,TH_SP15_GEN-APND,21.87109
2023-06-10 11:00:00-07:00,TH_ZP26_GEN-APND,18.6674
2023-06-10 12:00:00-07:00,TH_NP15_GEN-APND,22.64102
2023-06-10 12:00:00-07:00,TH_SP15_GEN-APND,21.71318
2023-06-10 12:00:00-07:00,TH_ZP26_GEN-APND,17.7847
2023-06-10 13:00:00-07:00,TH_NP15_GEN-APND,22.47225
2023-06-10 13:00:00-07:00,TH_SP15_GEN-APND,21.43354
2023-06-10 13:00:00-07:00,TH_ZP26_GEN-APND,17.415
2023-06-10 14:00:00-07:00,TH_NP15_GEN-APND,22.85856
2023-06-10 14:00:00-07:00,TH_SP15_GEN-APND,21.91881
2023-06-10 14:00:00-07:00,TH_ZP26_GEN-APND,19.24765
2023-06-10 15:00:00-07:00,TH_NP15_GEN-APND,24.38964
2023-06-10 15:00:00-07:00,TH_SP15_GEN-APND,23.29963
2023-06-10 15:00:00-07:00,TH_ZP26_GEN-APND,22.14186
2023-06-10 16:00:00-07:00,TH_NP15_GEN-APND,27.40618
2023-06-10 16:00:00-07:00,TH_SP15_GEN-APND,26.28532
2023-06-10 16:00:00-07:00,TH_ZP26_GEN-APND,26.06729
2023-06-10 17:00:00-07:00,TH_NP15_GEN-APND,32.19798
2023-06-10 17:00:00-07:00,TH_SP15_GEN-APND,30.92427
2023-06-10 17:00:00-07:00,TH_ZP26_GEN-APND,30.70706
2023-06-10 18:00:00-07:00,TH_NP15_GEN-APND,40.41863
2023-06-10 18:00:00-07:00,TH_SP15_GEN-APND,40.3092
2023-06-10 18:00:00-07:00,TH_ZP26_GEN-APND,39.64362
2023-06-10 19:00:00-07:00,TH_NP15_GEN-APND,45.80315
2023-06-10 19:00:00-07:00,TH_SP15_GEN-APND,46.23244
2023-06-10 19:00:00-07:00,TH_ZP26_GEN-APND,45.38331
2023-06-10 20:00:00-07:00,TH_NP15_GEN-APND,44.5
2023-06-10 20:00:00-07:00,TH_SP15_GEN-APND,44.99816
2023-06-10 20:00:00-07:00,TH_ZP26_GEN-APND,44.22679
2023-06-10 21:00:00-07:00,TH_NP15_GEN-APND,41.14004
2023-06-10 21:00:00-07:00,TH_SP15_GEN-APND,41.61242
2023-06-10 21:00:00-07:00,TH_ZP26_GEN-APND,40.80586
2023-06-10 22:00:00-07:00,TH_NP15_GEN-APND,37.10679
2023-06-10 22:00:00-07:00,TH_SP15_GEN-APND,37.30433
2023-06-10 22:00:00-07:00,TH_ZP26_GEN-APND,36.70093
2023-06-10 23:00:00-07:00,TH_NP15_GEN-APND,35.29665
2023-06-10 23:00:00-07:00,TH_SP15_GEN-APND,35.30259
2023-06-10 23:00:00-07:00,TH_ZP26_GEN-APND,34.86289
2023-06-11 00:00:00-07:00,TH_NP15_GEN-APND,30.0979
2023-06-11 00:00:00-07:00,TH_SP15_GEN-APND,29.5733
2023-06-11 00:00:00-07:00,TH_ZP26_GEN-APND,29.48461
2023-06-11 01:00:00-07:00,TH_NP15_GEN-APND,29.64475
2023-06-11 01:00:00-07:00,TH_SP15_GEN-APND,29.27558
2023-06-11 01:00:00-07:00,TH_ZP26_GEN-APND,29.22427
2023-06-11 02:00:00-07:00,TH_NP15_GEN-APND,28.77861
2023-06-11 02:00:00-07:00,TH_SP15_GEN-APND,28.59334
2023-06-11 02:00:00-07:00,TH_ZP26_GEN-APND,28.43168
2023-06-11 03:00:00-07:00,TH_NP15_GEN-APND,28.71864
2023-06-11 03:00:00-07:00,TH_SP15_GEN-APND,28.5661
2023-06-11 03:00:00-07:00,TH_ZP26_GEN-APND,28.38129
2023-06-11 04:00:00-07:00,TH_NP15_GEN-APND,28.21947
2023-06-11 04:00:00-07:00,TH_SP15_GEN-APND,28.11279
2023-06-11 04:00:00-07:00,TH_ZP26_GEN-APND,28.21947
2023-06-11 05:00:00-07:00,TH_NP15_GEN-APND,29.24348
2023-06-11 05:00:00-07:00,TH_SP15_GEN-APND,28.89853
2023-06-11 05:00:00-07:00,TH_ZP26_GEN-APND,28.80932
2023-06-11 06:00:00-07:00,TH_NP15_GEN-APND,26.07885
2023-06-11 06:00:00-07:00,TH_SP15_GEN-APND,25.8561
2023-06-11 06:00:00-07:00,TH_ZP26_GEN-APND,25.67288
2023-06-11 07:00:00-07:00,TH_NP15_GEN-APND,15.62547
2023-06-11 07:00:00-07:00,TH_SP15_GEN-APND,15.09023
2023-06-11 07:00:00-07:00,TH_ZP26_GEN-APND,13.69105
2023-06-11 08:00:00-07:00,TH_NP15_GEN-APND,12.67656
2023-06-11 08:00:00-07:00,TH_SP15_GEN-APND,12.59358
2023-06-11 08:00:00-07:00,TH_ZP26_GEN-APND,10.12166
2023-06-11 09:00:00-07:00,TH_NP15_GEN-APND,12.64627
2023-06-11 09:00:00-07:00,TH_SP15_GEN-APND,12.56406
2023-06-11 09:00:00-07:00,TH_ZP26_GEN-APND,7.64239
2023-06-11 10:00:00-07:00,TH_NP15_GEN-APND,12.5
2023-06-11 10:00:00-07:00,TH_SP15_GEN-APND,12.0116
2023-06-11 10:00:00-07:00,TH_ZP26_GEN-APND,7.51568
2023-06-11 11:00:00-07:00,TH_NP15_GEN-APND,12.82211
2023-06-11 11:00:00-07:00,TH_SP15_GEN-APND,12.42446
2023-06-11 11:00:00-07:00,TH_ZP26_GEN-APND,7.97388
2023-06-11 12:00:00-07:00,TH_NP15_GEN-APND,12.95552
2023-06-11 12:00:00-07:00,TH_SP15_GEN-APND,12.5
2023-06-11 12:00:00-07:00,TH_ZP26_GEN-APND,7.90238
2023-06-11 13:00:00-07:00,TH_NP15_GEN-APND,12.98513
2023-06-11 13:00:00-07:00,TH_SP15_GEN-APND,12.45188
2023-06-11 13:00:00-07:00,TH_ZP26_GEN-APND,7.73258
2023-06-11 14:00:00-07:00,TH_NP15_GEN-APND,12.5
2023-06-11 14:00:00-07:00,TH_SP15_GEN-APND,11.96343
2023-06-11 14:00:00-07:00,TH_ZP26_GEN-APND,7.78744
2023-06-11 15:00:00-07:00,TH_NP15_GEN-APND,13.2124
2023-06-11 15:00:00-07:00,TH_SP15_GEN-APND,12.5
2023-06-11 15:00:00-07:00,TH_ZP26_GEN-APND,8.79167
2023-06-11 16:00:00-07:00,TH_NP15_GEN-APND,15.0
2023-06-11 16:00:00-07:00,TH_SP15_GEN-APND,14.17127
2023-06-11 16:00:00-07:00,TH_ZP26_GEN-APND,12.33769
2023-06-11 17:00:00-07:00,TH_NP15_GEN-APND,24.4164
2023-06-11 17:00:00-07:00,TH_SP15_GEN-APND,23.11944
2023-06-11 17:00:00-07:00,TH_ZP26_GEN-APND,23.11215
2023-06-11 18:00:00-07:00,TH_NP15_GEN-APND,34.08016
2023-06-11 18:00:00-07:00,TH_SP15_GEN-APND,33.83773
2023-06-11 18:00:00-07:00,TH_ZP26_GEN-APND,33.14902
2023-06-11 19:00:00-07:00,TH_NP15_GEN-APND,40.9417
2023-06-11 19:00:00-07:00,TH_SP15_GEN-APND,40.8202
2023-06-11 19:00:00-07:00,TH_ZP26_GEN-APND,40.14736
2023-06-11 20:00:00-07:00,TH_NP15_GEN-APND,43.08071
2023-06-11 20:00:00-07:00,TH_SP15_GEN-APND,43.22683
2023-06-11 20:00:00-07:00,TH_ZP26_GEN-APND,42.44517
2023-06-11 21:00:00-07:00,TH_NP15_GEN-APND,38.79855
2023-06-11 21:00:00-07:00,TH_SP15_GEN-APND,39.02
2023-06-11 21:00:00-07:00,TH_ZP26_GEN-APND,38.3547
2023-06-11 22:00:00-07:00,TH_NP15_GEN-APND,35.20818
2023-06-11 22:00:00-07:00,TH_SP15_GEN-APND,35.60121
2023-06-11 22:00:00-07:00,TH_ZP26_GEN-APND,34.91201
2023-06-11 23:00:00-07:00,TH_NP15_GEN-APND,32.01784
2023-06-11 23:00:00-07:00,TH_SP15_GEN-APND,31.9295
2023-06-11 23:00:00-07:00,TH_ZP26_GEN-APND,31.60787
2023-06-12 00:00:00-07:00,TH_NP15_GEN-APND,29.05041
2023-06-12 00:00:00-07:00,TH_SP15_GEN-APND,29.41744
2023-06-12 00:00:00-07:00,TH_ZP26_GEN-APND,28.94868
2023-06-12 01:00:00-07:00,TH_NP15_GEN-APND,29.43197
2023-06-12 01:00:00-07:00,TH_SP15_GEN-APND,29.68833
2023-06-12 01:00:00-07:00,TH_ZP26_GEN-APND,29.25103
2023-06-12 02:00:00-07:00,TH_NP15_GEN-APND,27.90377
2023-06-12 02:00:00-07:00,TH_SP15_GEN-APND,28.16163
2023-06-12 02:00:00-07:00,TH_ZP26_GEN-APND,27.7383
2023-06-12 03:00:00-07:00,TH_NP15_GEN-APND,27.58886
2023-06-12 03:00:00-07:00,TH_SP15_GEN-APND,27.76182
2023-06-12 03:00:00-07:00,TH_ZP26_GEN-APND,27.49964
2023-06-12 04:00:00-07:00,TH_NP15_GEN-APND,30.6267
2023-06-12 04:00:00-07:00,TH_SP15_GEN-APND,30.94121
2023-06-12 04:00:00-07:00,TH_ZP26_GEN-APND,30.50426
2023-06-12 05:00:00-07:00,TH_NP15_GEN-APND,36.60472
2023-06-12 05:00:00-07:00,TH_SP15_GEN-APND,36.92594
2023-06-12 05:00:00-07:00,TH_ZP26_GEN-APND,36.48982
2023-06-12 06:00:00-07:00,TH_NP15_GEN-APND,40.12074
2023-06-12 06:00:00-07:00,TH_SP15_GEN-APND,39.90047
2023-06-12 06:00:00-07:00,TH_ZP26_GEN-APND,39.81768
2023-06-12 07:00:00-07:00,TH_NP15_GEN-APND,30.47787
2023-06-12 07:00:00-07:00,TH_SP15_GEN-APND,29.28628
2023-06-12 07:00:00-07:00,TH_ZP26_GEN-APND,29.35729
2023-06-12 08:00:00-07:00,TH_NP15_GEN-APND,29.60923
2023-06-12 08:00:00-07:00,TH_SP15_GEN-APND,27.29781
2023-06-12 08:00:00-07:00,TH_ZP26_GEN-APND,26.64513
2023-06-12 09:00:00-07:00,TH_NP15_GEN-APND,25.0
2023-06-12 09:00:00-07:00,TH_SP15_GEN-APND,23.07927
2023-06-12 09:00:00-07:00,TH_ZP26_GEN-APND,20.8868
2023-06-12 10:00:00-07:00,TH_NP15_GEN-APND,24.68
2023-06-12 10:00:00-07:00,TH_SP15_GEN-APND,22.65485
2023-06-12 10:00:00-07:00,TH_ZP26_GEN-APND,19.54016
2023-06-12 11:00:00-07:00,TH_NP15_GEN-APND,24.53814
2023-06-12 11:00:00-07:00,TH_SP15_GEN-APND,23.27221
2023-06-12 11:00:00-07:00,TH_ZP26_GEN-APND,21.74139
2023-06-12 12:00:00-07:00,TH_NP15_GEN-APND,24.30598
2023-06-12 12:00:00-07:00,TH_SP15_GEN-APND,22.98562
2023-06-12 12:00:00-07:00,TH_ZP26_GEN-APND,21.40396
2023-06-12 13:00:00-07:00,TH_NP15_GEN-APND,23.89708
2023-06-12 13:00:00-07:00,TH_SP15_GEN-APND,22.60982
2023-06-12 13:00:00-07:00,TH_ZP26_GEN-APND,20.56727
2023-06-12 14:00:00-07:00,TH_NP15_GEN-APND,24.5265
2023-06-12 14:00:00-07:00,TH_SP15_GEN-APND,23.15084
2023-06-12 14:00:00-07:00,TH_ZP26_GEN-APND,20.48256
2023-06-12 15:00:00-07:00,TH_NP15_GEN-APND,22.55597
2023-06-12 15:00:00-07:00,TH_SP15_GEN-APND,21.1
2023-06-12 15:00:00-07:00,TH_ZP26_GEN-APND,18.90588
2023-06-12 16:00:00-07:00,TH_NP15_GEN-APND,24.69506
2023-06-12 16:00:00-07:00,TH_SP15_GEN-APND,22.86832
2023-06-12 16:00:00-07:00,TH_ZP26_GEN-APND,21.94827
2023-06-12 17:00:00-07:00,TH_NP15_GEN-APND,27.90875
2023-06-12 17:00:00-07:00,TH_SP15_GEN-APND,26.37582
2023-06-12 17:00:00-07:00,TH_ZP26_GEN-APND,26.18962
2023-06-12 18:00:00-07:00,TH_NP15_GEN-APND,39.0
2023-06-12 18:00:00-07:00,TH_SP15_GEN-APND,38.66784
2023-06-12 18:00:00-07:00,TH_ZP26_GEN-APND,37.92299
2023-06-12 19:00:00-07:00,TH_NP15_GEN-APND,50.42412
2023-06-12 19:00:00-07:00,TH_SP15_GEN-APND,50.17055
2023-06-12 19:00:00-07:00,TH_ZP26_GEN-APND,49.53047
2023-06-12 20:00:00-07:00,TH_NP15_GEN-APND,51.08516
2023-06-12 20:00:00-07:00,TH_SP15_GEN-APND,51.16046
2023-06-12 20:00:00-07:00,TH_ZP26_GEN-APND,50.44608
2023-06-12 21:00:00-07:00,TH_NP15_GEN-APND,45.88782
2023-06-12 21:00:00-07:00,TH_SP15_GEN-APND,46.27571
2023-06-12 21:00:00-07:00,TH_ZP26_GEN-APND,45.46938
2023-06-12 22:00:00-07:00,TH_NP15_GEN-APND,37.74695
2023-06-12 22:00:00-07:00,TH_SP15_GEN-APND,38.25785
2023-06-12 22:00:00-07:00,TH_ZP26_GEN-APND,37.40882
2023-06-12 23:00:00-07:00,TH_NP15_GEN-APND,32.02815
2023-06-12 23:00:00-07:00,TH_SP15_GEN-APND,32.18516
2023-06-12 23:00:00-07:00,TH_ZP26_GEN-APND,31.67533
2023-06-13 00:00:00-07:00,TH_NP15_GEN-APND,31.2897
2023-06-13 00:00:00-07:00,TH_SP15_GEN-APND,31.13379
2023-06-13 00:00:00-07:00,TH_ZP26_GEN-APND,30.72925
2023-06-13 01:00:00-07:00,TH_NP15_GEN-APND,29.44174
2023-06-13 01:00:00-07:00,TH_SP15_GEN-APND,29.29439
2023-06-13 01:00:00-07:00,TH_ZP26_GEN-APND,29.00479
2023-06-13 02:00:00-07:00,TH_NP15_GEN-APND,29.55469
2023-06-13 02:00:00-07:00,TH_SP15_GEN-APND,29.41169
2023-06-13 02:00:00-07:00,TH_ZP26_GEN-APND,29.09986
2023-06-13 03:00:00-07:00,TH_NP15_GEN-APND,29.17359
2023-06-13 03:00:00-07:00,TH_SP15_GEN-APND,29.33644
2023-06-13 03:00:00-07:00,TH_ZP26_GEN-APND,29.0016
2023-06-13 04:00:00-07:00,TH_NP15_GEN-APND,29.32274
2023-06-13 04:00:00-07:00,TH_SP15_GEN-APND,29.30204
2023-06-13 04:00:00-07:00,TH_ZP26_GEN-APND,29.03704
2023-06-13 05:00:00-07:00,TH_NP15_GEN-APND,36.36758
2023-06-13 05:00:00-07:00,TH_SP15_GEN-APND,36.43751
2023-06-13 05:00:00-07:00,TH_ZP26_GEN-APND,36.00253
2023-06-13 06:00:00-07:00,TH_NP15_GEN-APND,31.23439
2023-06-13 06:00:00-07:00,TH_SP15_GEN-APND,30.87834
2023-06-13 06:00:00-07:00,TH_ZP26_GEN-APND,30.63219
2023-06-13 07:00:00-07:00,TH_NP15_GEN-APND,23.8497
2023-06-13 07:00:00-07:00,TH_SP15_GEN-APND,22.36983
2023-06-13 07:00:00-07:00,TH_ZP26_GEN-APND,21.08268
2023-06-13 08:00:00-07:00,TH_NP15_GEN-APND,18.59406
2023-06-13 08:00:00-07:00,TH_SP15_GEN-APND,16.1242
2023-06-13 08:00:00-07:00,TH_ZP26_GEN-APND,12.0103
2023-06-13 09:00:00-07:00,TH_NP15_GEN-APND,16.56429
2023-06-13 09:00:00-07:00,TH_SP15_GEN-APND,11.40442
2023-06-13 09:00:00-07:00,TH_ZP26_GEN-APND,5.35385
2023-06-13 10:00:00-07:00,TH_NP15_GEN-APND,15.2273
2023-06-13 10:00:00-07:00,TH_SP15_GEN-APND,10.91935
2023-06-13 10:00:00-07:00,TH_ZP26_GEN-APND,5.0
2023-06-13 11:00:00-07:00,TH_NP15_GEN-APND,11.61
2023-06-13 11:00:00-07:00,TH_SP15_GEN-APND,10.62818
2023-06-13 11:00:00-07:00,TH_ZP26_GEN-APND,5.85
2023-06-13 12:00:00-07:00,TH_NP15_GEN-APND,11.3693
2023-06-13 12:00:00-07:00,TH_SP15_GEN-APND,10.69
2023-06-13 12:00:00-07:00,TH_ZP26_GEN-APND,6.21
2023-06-13 13:00:00-07:00,TH_NP15_GEN-APND,11.68052
2023-06-13 13:00:00-07:00,TH_SP15_GEN-APND,10.0
2023-06-13 13:00:00-07:00,TH_ZP26_GEN-APND,5.28343
2023-06-13 14:00:00-07:00,TH_NP15_GEN-APND,12.90483
2023-06-13 14:00:00-07:00,TH_SP15_GEN-APND,11.37078
2023-06-13 14:00:00-07:00,TH_ZP26_GEN-APND,7.03486
2023-06-13 15:00:00-07:00,TH_NP15_GEN-APND,15.36482
2023-06-13 15:00:00-07:00,TH_SP15_GEN-APND,14.41683
2023-06-13 15:00:00-07:00,TH_ZP26_GEN-APND,10.11734
2023-06-13 16:00:00-07:00,TH_NP15_GEN-APND,18.40092
2023-06-13 16:00:00-07:00,TH_SP15_GEN-APND,17.25506
2023-06-13 16:00:00-07:00,TH_ZP26_GEN-APND,13.17984
2023-06-13 17:00:00-07:00,TH_NP15_GEN-APND,23.15635
2023-06-13 17:00:00-07:00,TH_SP15_GEN-APND,21.99067
2023-06-13 17:00:00-07:00,TH_ZP26_GEN-APND,19.2146
2023-06-13 18:00:00-07:00,TH_NP15_GEN-APND,35.01739
2023-06-13 18:00:00-07:00,TH_SP15_GEN-APND,35.11862
2023-06-13 18:00:00-07:00,TH_ZP26_GEN-APND,34.13402
2023-06-13 19:00:00-07:00,TH_NP15_GEN-APND,47.00208
2023-06-13 19:00:00-07:00,TH_SP15_GEN-APND,48.49821
2023-06-13 19:00:00-07:00,TH_ZP26_GEN-APND,46.80208
2023-06-13 20:00:00-07:00,TH_NP15_GEN-APND,45.0919
2023-06-13 20:00:00-07:00,TH_SP15_GEN-APND,52.06107
2023-06-13 20:00:00-07:00,TH_ZP26_GEN-APND,44.40796
2023-06-13 21:00:00-07:00,TH_NP15_GEN-APND,44.8628
2023-06-13 21:00:00-07:00,TH_SP15_GEN-APND,46.36088
2023-06-13 21:00:00-07:00,TH_ZP26_GEN-APND,44.68519
2023-06-13 22:00:00-07:00,TH_NP15_GEN-APND,38.53691
2023-06-13 22:00:00-07:00,TH_SP15_GEN-APND,38.76409
2023-06-13 22:00:00-07:00,TH_ZP26_GEN-APND,38.0203
2023-06-13 23:00:00-07:00,TH_NP15_GEN-APND,34.04104
2023-06-13 23:00:00-07:00,TH_SP15_GEN-APND,34.72091
2023-06-13 23:00:00-07:00,TH_ZP26_GEN-APND,33.75969
2023-06-14 00:00:00-07:00,TH_NP15_GEN-APND,27.66107
2023-06-14 00:00:00-07:00,TH_SP15_GEN-APND,28.21721
2023-06-14 00:00:00-07:00,TH_ZP26_GEN-APND,27.43148
2023-06-14 01:00:00-07:00,TH_NP15_GEN-APND,27.24413
2023-06-14 01:00:00-07:00,TH_SP15_GEN-APND,27.51
2023-06-14 01:00:00-07:00,TH_ZP26_GEN-APND,27.0453
2023-06-14 02:00:00-07:00,TH_NP15_GEN-APND,27.04129
2023-06-14 02:00:00-07:00,TH_SP15_GEN-APND,27.28893
2023-06-14 02:00:00-07:00,TH_ZP26_GEN-APND,26.86717
2023-06-14 03:00:00-07:00,TH_NP15_GEN-APND,27.03607
2023-06-14 03:00:00-07:00,TH_SP15_GEN-APND,27.28904
2023-06-14 03:00:00-07:00,TH_ZP26_GEN-APND,26.87299
2023-06-14 04:00:00-07:00,TH_NP15_GEN-APND,28.06451
2023-06-14 04:00:00-07:00,TH_SP15_GEN-APND,28.65696
2023-06-14 04:00:00-07:00,TH_ZP26_GEN-APND,28.06645
2023-06-14 05:00:00-07:00,TH_NP15_GEN-APND,33.25209
2023-06-14 05:00:00-07:00,TH_SP15_GEN-APND,33.67967
2023-06-14 05:00:00-07:00,TH_ZP26_GEN-APND,33.04038
2023-06-14 06:00:00-07:00,TH_NP15_GEN-APND,28.58668
2023-06-14 06:00:00-07:00,TH_SP15_GEN-APND,28.51
2023-06-14 06:00:00-07:00,TH_ZP26_GEN-APND,28.25868
2023-06-14 07:00:00-07:00,TH_NP15_GEN-APND,17.62221
2023-06-14 07:00:00-07:00,TH_SP15_GEN-APND,17.58275
2023-06-14 07:00:00-07:00,TH_ZP26_GEN-APND,15.75889
2023-06-14 08:00:00-07:00,TH_NP15_GEN-APND,14.63931
2023-06-14 08:00:00-07:00,TH_SP15_GEN-APND,13.36504
2023-06-14 08:00:00-07:00,TH_ZP26_GEN-APND,9.47133
2023-06-14 09:00:00-07:00,TH_NP15_GEN-APND,13.04966
2023-06-14 09:00:00-07:00,TH_SP15_GEN-APND,9.79
2023-06-14 09:00:00-07:00,TH_ZP26_GEN-APND,4.48617
2023-06-14 10:00:00-07:00,TH_NP15_GEN-APND,10.0
2023-06-14 10:00:00-07:00,TH_SP15_GEN-APND,9.62221
2023-06-14 10:00:00-07:00,TH_ZP26_GEN-APND,5.20374
2023-06-14 11:00:00-07:00,TH_NP15_GEN-APND,9.76102
2023-06-14 11:00:00-07:00,TH_SP15_GEN-APND,9.11
2023-06-14 11:00:00-07:00,TH_ZP26_GEN-APND,4.88138
2023-06-14 12:00:00-07:00,TH_NP15_GEN-APND,9.56691
2023-06-14 12:00:00-07:00,TH_SP15_GEN-APND,8.92153
2023-06-14 12:00:00-07:00,TH_ZP26_GEN-APND,4.73174
2023-06-14 13:00:00-07:00,TH_NP15_GEN-APND,10.0
2023-06-14 13:00:00-07:00,TH_SP15_GEN-APND,8.55805
2023-06-14 13:00:00-07:00,TH_ZP26_GEN-APND,4.12364
2023-06-14 14:00:00-07:00,TH_NP15_GEN-APND,11.17
2023-06-14 14:00:00-07:00,TH_SP15_GEN-APND,9.05
2023-06-14 14:00:00-07:00,TH_ZP26_GEN-APND,4.70951
2023-06-14 15:00:00-07:00,TH_NP15_GEN-APND,11.60724
2023-06-14 15:00:00-07:00,TH_SP15_GEN-APND,10.09445
2023-06-14 15:00:00-07:00,TH_ZP26_GEN-APND,6.31981
2023-06-14 16:00:00-07:00,TH_NP15_GEN-APND,15.15
2023-06-14 16:00:00-07:00,TH_SP15_GEN-APND,14.0587
2023-06-14 16:00:00-07:00,TH_ZP26_GEN-APND,10.05203
2023-06-14 17:00:00-07:00,TH_NP15_GEN-APND,24.18425
2023-06-14 17:00:00-07:00,TH_SP15_GEN-APND,23.11958
2023-06-14 17:00:00-07:00,TH_ZP26_GEN-APND,22.03136
2023-06-14 18:00:00-07:00,TH_NP15_GEN-APND,35.39291
2023-06-14 18:00:00-07:00,TH_SP15_GEN-APND,35.35579
2023-06-14 18:00:00-07:00,TH_ZP26_GEN-APND,34.45573
2023-06-14 19:00:00-07:00,TH_NP15_GEN-APND,45.86433
2023-06-14 19:00:00-07:00,TH_SP15_GEN-APND,51.38832
2023-06-14 19:00:00-07:00,TH_ZP26_GEN-APND,45.35
2023-06-14 20:00:00-07:00,TH_NP15_GEN-APND,43.30415
2023-06-14 20:00:00-07:00,TH_SP15_GEN-APND,53.19813
2023-06-14 20:00:00-07:00,TH_ZP26_GEN-APND,42.39668
2023-06-14 21:00:00-07:00,TH_NP15_GEN-APND,41.45322
2023-06-14 21:00:00-07:00,TH_SP15_GEN-APND,42.62842
2023-06-14 21:00:00-07:00,TH_ZP26_GEN-APND,41.33095
2023-06-14 22:00:00-07:00,TH_NP15_GEN-APND,34.47067
2023-06-14 22:00:00-07:00,TH_SP15_GEN-APND,35.26378
2023-06-14 22:00:00-07:00,TH_ZP26_GEN-APND,34.29537
2023-06-14 23:00:00-07:00,TH_NP15_GEN-APND,30.0646
2023-06-14 23:00:00-07:00,TH_SP15_GEN-APND,30.28652
2023-06-14 23:00:00-07:00,TH_ZP26_GEN-APND,29.69791
2023-06-15 00:00:00-07:00,TH_NP15_GEN-APND,26.75208
2023-06-15 00:00:00-07:00,TH_SP15_GEN-APND,27.35699
2023-06-15 00:00:00-07:00,TH_ZP26_GEN-APND,26.5
2023-06-15 01:00:00-07:00,TH_NP15_GEN-APND,27.52735
2023-06-15 01:00:00-07:00,TH_SP15_GEN-APND,27.9904
2023-06-15 01:00:00-07:00,TH_ZP26_GEN-APND,27.32865
2023-06-15 02:00:00-07:00,TH_NP15_GEN-APND,26.25562
2023-06-15 02:00:00-07:00,TH_SP15_GEN-APND,26.64608
2023-06-15 02:00:00-07:00,TH_ZP26_GEN-APND,26.07585
2023-06-15 03:00:00-07:00,TH_NP15_GEN-APND,26.30371
2023-06-15 03:00:00-07:00,TH_SP15_GEN-APND,26.65405
2023-06-15 03:00:00-07:00,TH_ZP26_GEN-APND,26.10821
2023-06-15 04:00:00-07:00,TH_NP15_GEN-APND,27.75581
2023-06-15 04:00:00-07:00,TH_SP15_GEN-APND,28.16855
2023-06-15 04:00:00-07:00,TH_ZP26_GEN-APND,27.5625
2023-06-15 05:00:00-07:00,TH_NP15_GEN-APND,31.37068
2023-06-15 05:00:00-07:00,TH_SP15_GEN-APND,31.70078
2023-06-15 05:00:00-07:00,TH_ZP26_GEN-APND,31.06618
2023-06-15 06:00:00-07:00,TH_NP15_GEN-APND,29.03623
2023-06-15 06:00:00-07:00,TH_SP15_GEN-APND,29.30956
2023-06-15 06:00:00-07:00,TH_ZP26_GEN-APND,28.78993
2023-06-15 07:00:00-07:00,TH_NP15_GEN-APND,20.61809
2023-06-15 07:00:00-07:00,TH_SP15_GEN-APND,19.71
2023-06-15 07:00:00-07:00,TH_ZP26_GEN-APND,18.71021
2023-06-15 08:00:00-07:00,TH_NP15_GEN-APND,13.38821
2023-06-15 08:00:00-07:00,TH_SP15_GEN-APND,12.5
2023-06-15 08:00:00-07:00,TH_ZP26_GEN-APND,9.73401
2023-06-15 09:00:00-07:00,TH_NP15_GEN-APND,11.27983
2023-06-15 09:00:00-07:00,TH_SP15_GEN-APND,8.5
2023-06-15 09:00:00-07:00,TH_ZP26_GEN-APND,4.43096
2023-06-15 10:00:00-07:00,TH_NP15_GEN-APND,9.28004
2023-06-15 10:00:00-07:00,TH_SP15_GEN-APND,7.08715
2023-06-15 10:00:00-07:00,TH_ZP26_GEN-APND,2.55194
2023-06-15 11:00:00-07:00,TH_NP15_GEN-APND,9.0
2023-06-15 11:00:00-07:00,TH_SP15_GEN-APND,7.52986
2023-06-15 11:00:00-07:00,TH_ZP26_GEN-APND,3.32031
2023-06-15 12:00:00-07:00,TH_NP15_GEN-APND,10.15724
2023-06-15 12:00:00-07:00,TH_SP15_GEN-APND,7.07428
2023-06-15 12:00:00-07:00,TH_ZP26_GEN-APND,2.52036
2023-06-15 13:00:00-07:00,TH_NP15_GEN-APND,10.64841
2023-06-15 13:00:00-07:00,TH_SP15_GEN-APND,6.88398
2023-06-15 13:00:00-07:00,TH_ZP26_GEN-APND,2.57611
2023-06-15 14:00:00-07:00,TH_NP15_GEN-APND,10.80932
2023-06-15 14:00:00-07:00,TH_SP15_GEN-APND,8.15
2023-06-15 14:00:00-07:00,TH_ZP26_GEN-APND,4.32565
2023-06-15 15:00:00-07:00,TH_NP15_GEN-APND,13.70032
2023-06-15 15:00:00-07:00,TH_SP15_GEN-APND,11.23
2023-06-15 15:00:00-07:00,TH_ZP26_GEN-APND,7.84136
2023-06-15 16:00:00-07:00,TH_NP15_GEN-APND,15.23432
2023-06-15 16:00:00-07:00,TH_SP15_GEN-APND,15.22
2023-06-15 16:00:00-07:00,TH_ZP26_GEN-APND,12.7397
2023-06-15 17:00:00-07:00,TH_NP15_GEN-APND,26.41133
2023-06-15 17:00:00-07:00,TH_SP15_GEN-APND,25.40073
2023-06-15 17:00:00-07:00,TH_ZP26_GEN-APND,24.83628
2023-06-15 18:00:00-07:00,TH_NP15_GEN-APND,38.67968
2023-06-15 18:00:00-07:00,TH_SP15_GEN-APND,38.97044
2023-06-15 18:00:00-07:00,TH_ZP26_GEN-APND,37.73322
2023-06-15 19:00:00-07:00,TH_NP15_GEN-APND,49.03149
2023-06-15 19:00:00-07:00,TH_SP15_GEN-APND,54.14393
2023-06-15 19:00:00-07:00,TH_ZP26_GEN-APND,48.08705
2023-06-15 20:00:00-07:00,TH_NP15_GEN-APND,48.7833
2023-06-15 20:00:00-07:00,TH_SP15_GEN-APND,54.67941
2023-06-15 20:00:00-07:00,TH_ZP26_GEN-APND,47.97756
2023-06-15 21:00:00-07:00,TH_NP15_GEN-APND,41.07705
2023-06-15 21:00:00-07:00,TH_SP15_GEN-APND,45.67
2023-06-15 21:00:00-07:00,TH_ZP26_GEN-APND,40.43204
2023-06-15 22:00:00-07:00,TH_NP15_GEN-APND,35.76635
2023-06-15 22:00:00-07:00,TH_SP15_GEN-APND,36.83514
2023-06-15 22:00:00-07:00,TH_ZP26_GEN-APND,35.71551
2023-06-15 23:00:00-07:00,TH_NP15_GEN-APND,32.74673
2023-06-15 23:00:00-07:00,TH_SP15_GEN-APND,33.74894
2023-06-15 23:00:00-07:00,TH_ZP26_GEN-APND,32.75017
2023-06-16 00:00:00-07:00,TH_NP15_GEN-APND,28.44384
2023-06-16 00:00:00-07:00,TH_SP15_GEN-APND,28.32153
2023-06-16 00:00:00-07:00,TH_ZP26_GEN-APND,27.92837
2023-06-16 01:00:00-07:00,TH_NP15_GEN-APND,27.58735
2023-06-16 01:00:00-07:00,TH_SP15_GEN-APND,27.45465
2023-06-16 01:00:00-07:00,TH_ZP26_GEN-APND,27.22878
2023-06-16 02:00:00-07:00,TH_NP15_GEN-APND,27.39462
2023-06-16 02:00:00-07:00,TH_SP15_GEN-APND,27.31048
2023-06-16 02:00:00-07:00,TH_ZP26_GEN-APND,27.05527
2023-06-16 03:00:00-07:00,TH_NP15_GEN-APND,27.86135
2023-06-16 03:00:00-07:00,TH_SP15_GEN-APND,27.79383
2023-06-16 03:00:00-07:00,TH_ZP26_GEN-APND,27.5
2023-06-16 04:00:00-07:00,TH_NP15_GEN-APND,28.59922
2023-06-16 04:00:00-07:00,TH_SP15_GEN-APND,28.66676
2023-06-16 04:00:00-07:00,TH_ZP26_GEN-APND,28.32615
2023-06-16 05:00:00-07:00,TH_NP15_GEN-APND,32.3961
2023-06-16 05:00:00-07:00,TH_SP15_GEN-APND,32.29
2023-06-16 05:00:00-07:00,TH_ZP26_GEN-APND,31.89877
2023-06-16 06:00:00-07:00,TH_NP15_GEN-APND,32.28136
2023-06-16 06:00:00-07:00,TH_SP15_GEN-APND,32.31788
2023-06-16 06:00:00-07:00,TH_ZP26_GEN-APND,31.96595
2023-06-16 07:00:00-07:00,TH_NP15_GEN-APND,27.30768
2023-06-16 07:00:00-07:00,TH_SP15_GEN-APND,25.35
2023-06-16 07:00:00-07:00,TH_ZP26_GEN-APND,27.19914
2023-06-16 08:00:00-07:00,TH_NP15_GEN-APND,20.96495
2023-06-16 08:00:00-07:00,TH_SP15_GEN-APND,20.11338
2023-06-16 08:00:00-07:00,TH_ZP26_GEN-APND,18.21
2023-06-16 09:00:00-07:00,TH_NP15_GEN-APND,15.0
2023-06-16 09:00:00-07:00,TH_SP15_GEN-APND,14.97014
2023-06-16 09:00:00-07:00,TH_ZP26_GEN-APND,11.96676
2023-06-16 10:00:00-07:00,TH_NP15_GEN-APND,14.44554
2023-06-16 10:00:00-07:00,TH_SP15_GEN-APND,14.38599
2023-06-16 10:00:00-07:00,TH_ZP26_GEN-APND,11.24717
2023-06-16 11:00:00-07:00,TH_NP15_GEN-APND,13.13084
2023-06-16 11:00:00-07:00,TH_SP15_GEN-APND,13.09619
2023-06-16 11:00:00-07:00,TH_ZP26_GEN-APND,9.72
2023-06-16 12:00:00-07:00,TH_NP15_GEN-APND,14.51318
2023-06-16 12:00:00-07:00,TH_SP15_GEN-APND,14.41355
2023-06-16 12:00:00-07:00,TH_ZP26_GEN-APND,11.37511
2023-06-16 13:00:00-07:00,TH_NP15_GEN-APND,15.32651
2023-06-16 13:00:00-07:00,TH_SP15_GEN-APND,14.41963
2023-06-16 13:00:00-07:00,TH_ZP26_GEN-APND,10.45732
2023-06-16 14:00:00-07:00,TH_NP15_GEN-APND,15.72708
2023-06-16 14:00:00-07:00,TH_SP15_GEN-APND,14.93519
2023-06-16 14:00:00-07:00,TH_ZP26_GEN-APND,11.63045
2023-06-16 15:00:00-07:00,TH_NP15_GEN-APND,19.35327
2023-06-16 15:00:00-07:00,TH_SP15_GEN-APND,18.35395
2023-06-16 15:00:00-07:00,TH_ZP26_GEN-APND,14.36564
2023-06-16 16:00:00-07:00,TH_NP15_GEN-APND,19.96649
2023-06-16 16:00:00-07:00,TH_SP15_GEN-APND,20.0
2023-06-16 16:00:00-07:00,TH_ZP26_GEN-APND,17.98996
2023-06-16 17:00:00-07:00,TH_NP15_GEN-APND,28.74689
2023-06-16 17:00:00-07:00,TH_SP15_GEN-APND,27.86265
2023-06-16 17:00:00-07:00,TH_ZP26_GEN-APND,27.12532
2023-06-16 18:00:00-07:00,TH_NP15_GEN-APND,37.51797
2023-06-16 18:00:00-07:00,TH_SP15_GEN-APND,37.73646
2023-06-16 18:00:00-07:00,TH_ZP26_GEN-APND,36.82348
2023-06-16 19:00:00-07:00,TH_NP15_GEN-APND,51.16574
2023-06-16 19:00:00-07:00,TH_SP15_GEN-APND,56.64176
2023-06-16 19:00:00-07:00,TH_ZP26_GEN-APND,50.70549
2023-06-16 20:00:00-07:00,TH_NP15_GEN-APND,48.53834
2023-06-16 20:00:00-07:00,TH_SP15_GEN-APND,58.38516
2023-06-16 20:00:00-07:00,TH_ZP26_GEN-APND,47.75488
2023-06-16 21:00:00-07:00,TH_NP15_GEN-APND,39.11427
2023-06-16 21:00:00-07:00,TH_SP15_GEN-APND,46.22
2023-06-16 21:00:00-07:00,TH_ZP26_GEN-APND,38.28475
2023-06-16 22:00:00-07:00,TH_NP15_GEN-APND,36.12356
2023-06-16 22:00:00-07:00,TH_SP15_GEN-APND,36.7796
2023-06-16 22:00:00-07:00,TH_ZP26_GEN-APND,35.78423
2023-06-16 23:00:00-07:00,TH_NP15_GEN-APND,33.43434
2023-06-16 23:00:00-07:00,TH_SP15_GEN-APND,33.77738
2023-06-16 23:00:00-07:00,TH_ZP26_GEN-APND,33.07744
2023-06-17 00:00:00-07:00,TH_NP15_GEN-APND,30.61796
2023-06-17 00:00:00-07:00,TH_SP15_GEN-APND,30.50457
2023-06-17 00:00:00-07:00,TH_ZP26_GEN-APND,30.74032
2023-06-17 01:00:00-07:00,TH_NP15_GEN-APND,28.3452
2023-06-17 01:00:00-07:00,TH_SP15_GEN-APND,29.08
2023-06-17 01:00:00-07:00,TH_ZP26_GEN-APND,28.36391
2023-06-17 02:00:00-07:00,TH_NP15_GEN-APND,29.87061
2023-06-17 02:00:00-07:00,TH_SP15_GEN-APND,29.76329
2023-06-17 02:00:00-07:00,TH_ZP26_GEN-APND,28.98
2023-06-17 03:00:00-07:00,TH_NP15_GEN-APND,28.57166
2023-06-17 03:00:00-07:00,TH_SP15_GEN-APND,28.63
2023-06-17 03:00:00-07:00,TH_ZP26_GEN-APND,28.76518
2023-06-17 04:00:00-07:00,TH_NP15_GEN-APND,30.0
2023-06-17 04:00:00-07:00,TH_SP15_GEN-APND,30.11711
2023-06-17 04:00:00-07:00,TH_ZP26_GEN-APND,30.11711
2023-06-17 05:00:00-07:00,TH_NP15_GEN-APND,29.37
2023-06-17 05:00:00-07:00,TH_SP15_GEN-APND,29.42311
2023-06-17 05:00:00-07:00,TH_ZP26_GEN-APND,29.42311
2023-06-17 06:00:00-07:00,TH_NP15_GEN-APND,25.37053
2023-06-17 06:00:00-07:00,TH_SP15_GEN-APND,25.36932
2023-06-17 06:00:00-07:00,TH_ZP26_GEN-APND,25.36932
2023-06-17 07:00:00-07:00,TH_NP15_GEN-APND,11.29937
2023-06-17 07:00:00-07:00,TH_SP15_GEN-APND,11.3
2023-06-17 07:00:00-07:00,TH_ZP26_GEN-APND,9.80468
2023-06-17 08:00:00-07:00,TH_NP15_GEN-APND,4.53
2023-06-17 08:00:00-07:00,TH_SP15_GEN-APND,4.48737
2023-06-17 08:00:00-07:00,TH_ZP26_GEN-APND,1.31114
2023-06-17 09:00:00-07:00,TH_NP15_GEN-APND,4.24663
2023-06-17 09:00:00-07:00,TH_SP15_GEN-APND,4.26979
2023-06-17 09:00:00-07:00,TH_ZP26_GEN-APND,0.59429
2023-06-17 10:00:00-07:00,TH_NP15_GEN-APND,4.18888
2023-06-17 10:00:00-07:00,TH_SP15_GEN-APND,4.03416
2023-06-17 10:00:00-07:00,TH_ZP26_GEN-APND,0.22977
2023-06-17 11:00:00-07:00,TH_NP15_GEN-APND,4.23703
2023-06-17 11:00:00-07:00,TH_SP15_GEN-APND,3.92127
2023-06-17 11:00:00-07:00,TH_ZP26_GEN-APND,0.0
2023-06-17 12:00:00-07:00,TH_NP15_GEN-APND,3.28251
2023-06-17 12:00:00-07:00,TH_SP15_GEN-APND,3.03654
2023-06-17 12:00:00-07:00,TH_ZP26_GEN-APND,-0.59305
2023-06-17 13:00:00-07:00,TH_NP15_GEN-APND,2.72506
2023-06-17 13:00:00-07:00,TH_SP15_GEN-APND,2.64
2023-06-17 13:00:00-07:00,TH_ZP26_GEN-APND,-1.22209
2023-06-17 14:00:00-07:00,TH_NP15_GEN-APND,4.28372
2023-06-17 14:00:00-07:00,TH_SP15_GEN-APND,4.14088
2023-06-17 14:00:00-07:00,TH_ZP26_GEN-APND,0.36791
2023-06-17 15:00:00-07:00,TH_NP15_GEN-APND,7.68425
2023-06-17 15:00:00-07:00,TH_SP15_GEN-APND,7.49587
2023-06-17 15:00:00-07:00,TH_ZP26_GEN-APND,4.48301
2023-06-17 16:00:00-07:00,TH_NP15_GEN-APND,10.14722
2023-06-17 16:00:00-07:00,TH_SP15_GEN-APND,9.81713
2023-06-17 16:00:00-07:00,TH_ZP26_GEN-APND,6.34289
2023-06-17 17:00:00-07:00,TH_NP15_GEN-APND,20.0
2023-06-17 17:00:00-07:00,TH_SP15_GEN-APND,19.9523
2023-06-17 17:00:00-07:00,TH_ZP26_GEN-APND,15.61151
2023-06-17 18:00:00-07:00,TH_NP15_GEN-APND,35.39418
2023-06-17 18:00:00-07:00,TH_SP15_GEN-APND,35.80114
2023-06-17 18:00:00-07:00,TH_ZP26_GEN-APND,34.78744
2023-06-17 19:00:00-07:00,TH_NP15_GEN-APND,39.34912
2023-06-17 19:00:00-07:00,TH_SP15_GEN-APND,57.20863
2023-06-17 19:00:00-07:00,TH_ZP26_GEN-APND,37.52
2023-06-17 20:00:00-07:00,TH_NP15_GEN-APND,39.08161
2023-06-17 20:00:00-07:00,TH_SP15_GEN-APND,68.18067
2023-06-17 20:00:00-07:00,TH_ZP26_GEN-APND,36.3
2023-06-17 21:00:00-07:00,TH_NP15_GEN-APND,37.59799
2023-06-17 21:00:00-07:00,TH_SP15_GEN-APND,55.08366
2023-06-17 21:00:00-07:00,TH_ZP26_GEN-APND,36.02954
2023-06-17 22:00:00-07:00,TH_NP15_GEN-APND,34.64002
2023-06-17 22:00:00-07:00,TH_SP15_GEN-APND,35.41109
2023-06-17 22:00:00-07:00,TH_ZP26_GEN-APND,34.62916
2023-06-17 23:00:00-07:00,TH_NP15_GEN-APND,30.75967
2023-06-17 23:00:00-07:00,TH_SP15_GEN-APND,30.88854
2023-06-17 23:00:00-07:00,TH_ZP26_GEN-APND,31.0
2023-06-18 00:00:00-07:00,TH_NP15_GEN-APND,29.20588
2023-06-18 00:00:00-07:00,TH_SP15_GEN-APND,29.9787
2023-06-18 00:00:00-07:00,TH_ZP26_GEN-APND,29.10548
2023-06-18 01:00:00-07:00,TH_NP15_GEN-APND,27.18987
2023-06-18 01:00:00-07:00,TH_SP15_GEN-APND,27.29451
2023-06-18 01:00:00-07:00,TH_ZP26_GEN-APND,27.29451
2023-06-18 02:00:00-07:00,TH_NP15_GEN-APND,24.65545
2023-06-18 02:00:00-07:00,TH_SP15_GEN-APND,24.87067
2023-06-18 02:00:00-07:00,TH_ZP26_GEN-APND,24.87067
2023-06-18 03:00:00-07:00,TH_NP15_GEN-APND,23.4
2023-06-18 03:00:00-07:00,TH_SP15_GEN-APND,23.54673
2023-06-18 03:00:00-07:00,TH_ZP26_GEN-APND,23.54673
2023-06-18 04:00:00-07:00,TH_NP15_GEN-APND,23.9493
2023-06-18 04:00:00-07:00,TH_SP15_GEN-APND,24.09803
2023-06-18 04:00:00-07:00,TH_ZP26_GEN-APND,24.09803
2023-06-18 05:00:00-07:00,TH_NP15_GEN-APND,23.83
2023-06-18 05:00:00-07:00,TH_SP15_GEN-APND,23.96329
2023-06-18 05:00:00-07:00,TH_ZP26_GEN-APND,20.94
2023-06-18 06:00:00-07:00,TH_NP15_GEN-APND,14.43559
2023-06-18 06:00:00-07:00,TH_SP15_GEN-APND,14.66665
2023-06-18 06:00:00-07:00,TH_ZP26_GEN-APND,14.2582
2023-06-18 07:00:00-07:00,TH_NP15_GEN-APND,0.12
2023-06-18 07:00:00-07:00,TH_SP15_GEN-APND,0.12
2023-06-18 07:00:00-07:00,TH_ZP26_GEN-APND,-0.78943
2023-06-18 08:00:00-07:00,TH_NP15_GEN-APND,-7.16656
2023-06-18 08:00:00-07:00,TH_SP15_GEN-APND,-7.15917
2023-06-18 08:00:00-07:00,TH_ZP26_GEN-APND,-9.83027
2023-06-18 09:00:00-07:00,TH_NP15_GEN-APND,-10.46962
2023-06-18 09:00:00-07:00,TH_SP15_GEN-APND,-10.47
2023-06-18 09:00:00-07:00,TH_ZP26_GEN-APND,-13.97463
2023-06-18 10:00:00-07:00,TH_NP15_GEN-APND,-11.01022
2023-06-18 10:00:00-07:00,TH_SP15_GEN-APND,-11.02584
2023-06-18 10:00:00-07:00,TH_ZP26_GEN-APND,-14.49683
2023-06-18 11:00:00-07:00,TH_NP15_GEN-APND,-11.5
2023-06-18 11:00:00-07:00,TH_SP15_GEN-APND,-11.59067
2023-06-18 11:00:00-07:00,TH_ZP26_GEN-APND,-15.24771
2023-06-18 12:00:00-07:00,TH_NP15_GEN-APND,-11.50125
2023-06-18 12:00:00-07:00,TH_SP15_GEN-APND,-11.59317
2023-06-18 12:00:00-07:00,TH_ZP26_GEN-APND,-15.26449
2023-06-18 13:00:00-07:00,TH_NP15_GEN-APND,-11.65341
2023-06-18 13:00:00-07:00,TH_SP15_GEN-APND,-11.16333
2023-06-18 13:00:00-07:00,TH_ZP26_GEN-APND,-14.62326
2023-06-18 14:00:00-07:00,TH_NP15_GEN-APND,-10.91968
2023-06-18 14:00:00-07:00,TH_SP15_GEN-APND,-10.42765
2023-06-18 14:00:00-07:00,TH_ZP26_GEN-APND,-13.61063
2023-06-18 15:00:00-07:00,TH_NP15_GEN-APND,-7.98184
2023-06-18 15:00:00-07:00,TH_SP15_GEN-APND,-8.02
2023-06-18 15:00:00-07:00,TH_ZP26_GEN-APND,-10.73242
2023-06-18 16:00:00-07:00,TH_NP15_GEN-APND,0.0
2023-06-18 16:00:00-07:00,TH_SP15_GEN-APND,-0.0468
2023-06-18 16:00:00-07:00,TH_ZP26_GEN-APND,-3.37401
2023-06-18 17:00:00-07:00,TH_NP15_GEN-APND,7.40423
2023-06-18 17:00:00-07:00,TH_SP15_GEN-APND,7.31013
2023-06-18 17:00:00-07:00,TH_ZP26_GEN-APND,4.89746
2023-06-18 18:00:00-07:00,TH_NP15_GEN-APND,21.9481
2023-06-18 18:00:00-07:00,TH_SP15_GEN-APND,31.95585
2023-06-18 18:00:00-07:00,TH_ZP26_GEN-APND,20.27531
2023-06-18 19:00:00-07:00,TH_NP15_GEN-APND,29.94181
2023-06-18 19:00:00-07:00,TH_SP15_GEN-APND,52.44091
2023-06-18 19:00:00-07:00,TH_ZP26_GEN-APND,27.90984
2023-06-18 20:00:00-07:00,TH_NP15_GEN-APND,33.32875
2023-06-18 20:00:00-07:00,TH_SP15_GEN-APND,51.60671
2023-06-18 20:00:00-07:00,TH_ZP26_GEN-APND,31.83939
2023-06-18 21:00:00-07:00,TH_NP15_GEN-APND,29.68674
2023-06-18 21:00:00-07:00,TH_SP15_GEN-APND,50.42172
2023-06-18 21:00:00-07:00,TH_ZP26_GEN-APND,27.19039
2023-06-18 22:00:00-07:00,TH_NP15_GEN-APND,28.35554
2023-06-18 22:00:00-07:00,TH_SP15_GEN-APND,36.5843
2023-06-18 22:00:00-07:00,TH_ZP26_GEN-APND,27.23899
2023-06-18 23:00:00-07:00,TH_NP15_GEN-APND,26.74556
2023-06-18 23:00:00-07:00,TH_SP15_GEN-APND,31.61101
2023-06-18 23:00:00-07:00,TH_ZP26_GEN-APND,26.08497
2023-06-19 00:00:00-07:00,TH_NP15_GEN-APND,30.0
2023-06-19 00:00:00-07:00,TH_SP15_GEN-APND,30.49664
2023-06-19 00:00:00-07:00,TH_ZP26_GEN-APND,29.86081
2023-06-19 01:00:00-07:00,TH_NP15_GEN-APND,28.58269
2023-06-19 01:00:00-07:00,TH_SP15_GEN-APND,29.14577
2023-06-19 01:00:00-07:00,TH_ZP26_GEN-APND,28.5
2023-06-19 02:00:00-07:00,TH_NP15_GEN-APND,28.03851
2023-06-19 02:00:00-07:00,TH_SP15_GEN-APND,28.4982
2023-06-19 02:00:00-07:00,TH_ZP26_GEN-APND,27.86471
2023-06-19 03:00:00-07:00,TH_NP15_GEN-APND,26.65756
2023-06-19 03:00:00-07:00,TH_SP15_GEN-APND,27.05543
2023-06-19 03:00:00-07:00,TH_ZP26_GEN-APND,26.51173
2023-06-19 04:00:00-07:00,TH_NP15_GEN-APND,28.37217
2023-06-19 04:00:00-07:00,TH_SP15_GEN-APND,28.89469
2023-06-19 04:00:00-07:00,TH_ZP26_GEN-APND,28.25618
2023-06-19 05:00:00-07:00,TH_NP15_GEN-APND,32.76499
2023-06-19 05:00:00-07:00,TH_SP15_GEN-APND,33.07859
2023-06-19 05:00:00-07:00,TH_ZP26_GEN-APND,32.48706
2023-06-19 06:00:00-07:00,TH_NP15_GEN-APND,25.8205
2023-06-19 06:00:00-07:00,TH_SP15_GEN-APND,25.93758
2023-06-19 06:00:00-07:00,TH_ZP26_GEN-APND,25.51181
2023-06-19 07:00:00-07:00,TH_NP15_GEN-APND,9.22982
2023-06-19 07:00:00-07:00,TH_SP15_GEN-APND,8.84814
2023-06-19 07:00:00-07:00,TH_ZP26_GEN-APND,6.63845
2023-06-19 08:00:00-07:00,TH_NP15_GEN-APND,3.0
2023-06-19 08:00:00-07:00,TH_SP15_GEN-APND,0.17538
2023-06-19 08:00:00-07:00,TH_ZP26_GEN-APND,-3.87618
2023-06-19 09:00:00-07:00,TH_NP15_GEN-APND,2.35107
2023-06-19 09:00:00-07:00,TH_SP15_GEN-APND,-3.68797
2023-06-19 09:00:00-07:00,TH_ZP26_GEN-APND,-8.19361
2023-06-19 10:00:00-07:00,TH_NP15_GEN-APND,0.7632
2023-06-19 10:00:00-07:00,TH_SP15_GEN-APND,-5.16454
2023-06-19 10:00:00-07:00,TH_ZP26_GEN-APND,-9.78541
2023-06-19 11:00:00-07:00,TH_NP15_GEN-APND,-2.44472
2023-06-19 11:00:00-07:00,TH_SP15_GEN-APND,-4.35374
2023-06-19 11:00:00-07:00,TH_ZP26_GEN-APND,-11.16557
2023-06-19 12:00:00-07:00,TH_NP15_GEN-APND,0.0
2023-06-19 12:00:00-07:00,TH_SP15_GEN-APND,-6.25443
2023-06-19 12:00:00-07:00,TH_ZP26_GEN-APND,-11.12819
2023-06-19 13:00:00-07:00,TH_NP15_GEN-APND,0.03234
2023-06-19 13:00:00-07:00,TH_SP15_GEN-APND,-4.84037
2023-06-19 13:00:00-07:00,TH_ZP26_GEN-APND,-9.34922
2023-06-19 14:00:00-07:00,TH_NP15_GEN-APND,0.08
2023-06-19 14:00:00-07:00,TH_SP15_GEN-APND,-3.65951
2023-06-19 14:00:00-07:00,TH_ZP26_GEN-APND,-8.13264
2023-06-19 15:00:00-07:00,TH_NP15_GEN-APND,0.10583
2023-06-19 15:00:00-07:00,TH_SP15_GEN-APND,-0.02
2023-06-19 15:00:00-07:00,TH_ZP26_GEN-APND,-4.15739
2023-06-19 16:00:00-07:00,TH_NP15_GEN-APND,2.26886
2023-06-19 16:00:00-07:00,TH_SP15_GEN-APND,2.16934
2023-06-19 16:00:00-07:00,TH_ZP26_GEN-APND,-1.66532
2023-06-19 17:00:00-07:00,TH_NP15_GEN-APND,11.85111
2023-06-19 17:00:00-07:00,TH_SP15_GEN-APND,11.51709
2023-06-19 17:00:00-07:00,TH_ZP26_GEN-APND,7.52375
2023-06-19 18:00:00-07:00,TH_NP15_GEN-APND,31.08
2023-06-19 18:00:00-07:00,TH_SP15_GEN-APND,31.90975
2023-06-19 18:00:00-07:00,TH_ZP26_GEN-APND,30.56312
2023-06-19 19:00:00-07:00,TH_NP15_GEN-APND,40.0
2023-06-19 19:00:00-07:00,TH_SP15_GEN-APND,49.76578
2023-06-19 19:00:00-07:00,TH_ZP26_GEN-APND,39.50405
2023-06-19 20:00:00-07:00,TH_NP15_GEN-APND,42.64
2023-06-19 20:00:00-07:00,TH_SP15_GEN-APND,51.08
2023-06-19 20:00:00-07:00,TH_ZP26_GEN-APND,42.45198
2023-06-19 21:00:00-07:00,TH_NP15_GEN-APND,37.74959
2023-06-19 21:00:00-07:00,TH_SP15_GEN-APND,40.98
2023-06-19 21:00:00-07:00,TH_ZP26_GEN-APND,37.44115
2023-06-19 22:00:00-07:00,TH_NP15_GEN-APND,35.46437
2023-06-19 22:00:00-07:00,TH_SP15_GEN-APND,35.96457
2023-06-19 22:00:00-07:00,TH_ZP26_GEN-APND,29.04
2023-06-19 23:00:00-07:00,TH_NP15_GEN-APND,33.18251
2023-06-19 23:00:00-07:00,TH_SP15_GEN-APND,33.77598
2023-06-19 23:00:00-07:00,TH_ZP26_GEN-APND,28.16
2023-06-20 00:00:00-07:00,TH_NP15_GEN-APND,26.49093
2023-06-20 00:00:00-07:00,TH_SP15_GEN-APND,26.92214
2023-06-20 00:00:00-07:00,TH_ZP26_GEN-APND,26.22176
2023-06-20 01:00:00-07:00,TH_NP15_GEN-APND,24.40075
2023-06-20 01:00:00-07:00,TH_SP15_GEN-APND,24.63491
2023-06-20 01:00:00-07:00,TH_ZP26_GEN-APND,24.15399
2023-06-20 02:00:00-07:00,TH_NP15_GEN-APND,21.67936
2023-06-20 02:00:00-07:00,TH_SP15_GEN-APND,21.84467
2023-06-20 02:00:00-07:00,TH_ZP26_GEN-APND,21.42917
2023-06-20 03:00:00-07:00,TH_NP15_GEN-APND,21.61308
2023-06-20 03:00:00-07:00,TH_SP15_GEN-APND,21.66634
2023-06-20 03:00:00-07:00,TH_ZP26_GEN-APND,21.30905
2023-06-20 04:00:00-07:00,TH_NP15_GEN-APND,24.92542
2023-06-20 04:00:00-07:00,TH_SP15_GEN-APND,24.96889
2023-06-20 04:00:00-07:00,TH_ZP26_GEN-APND,24.60065
2023-06-20 05:00:00-07:00,TH_NP15_GEN-APND,30.99096
2023-06-20 05:00:00-07:00,TH_SP15_GEN-APND,30.47578
2023-06-20 05:00:00-07:00,TH_ZP26_GEN-APND,30.5
2023-06-20 06:00:00-07:00,TH_NP15_GEN-APND,25.14349
2023-06-20 06:00:00-07:00,TH_SP15_GEN-APND,21.91
2023-06-20 06:00:00-07:00,TH_ZP26_GEN-APND,24.77204
2023-06-20 07:00:00-07:00,TH_NP15_GEN-APND,9.10639
2023-06-20 07:00:00-07:00,TH_SP15_GEN-APND,4.77333
2023-06-20 07:00:00-07:00,TH_ZP26_GEN-APND,5.56193
2023-06-20 08:00:00-07:00,TH_NP15_GEN-APND,3.36652
2023-06-20 08:00:00-07:00,TH_SP15_GEN-APND,-2.11192
2023-06-20 08:00:00-07:00,TH_ZP26_GEN-APND,3.16489
2023-06-20 09:00:00-07:00,TH_NP15_GEN-APND,1.55637
2023-06-20 09:00:00-07:00,TH_SP15_GEN-APND,-6.1991
2023-06-20 09:00:00-07:00,TH_ZP26_GEN-APND,-13.88
2023-06-20 10:00:00-07:00,TH_NP15_GEN-APND,1.50379
2023-06-20 10:00:00-07:00,TH_SP15_GEN-APND,-8.29632
2023-06-20 10:00:00-07:00,TH_ZP26_GEN-APND,-12.04002
2023-06-20 11:00:00-07:00,TH_NP15_GEN-APND,0.0
2023-06-20 11:00:00-07:00,TH_SP15_GEN-APND,-10.88
2023-06-20 11:00:00-07:00,TH_ZP26_GEN-APND,-13.00652
2023-06-20 12:00:00-07:00,TH_NP15_GEN-APND,0.58499
2023-06-20 12:00:00-07:00,TH_SP15_GEN-APND,-8.06882
2023-06-20 12:00:00-07:00,TH_ZP26_GEN-APND,-14.2015
2023-06-20 13:00:00-07:00,TH_NP15_GEN-APND,1.05491
2023-06-20 13:00:00-07:00,TH_SP15_GEN-APND,-7.67318
2023-06-20 13:00:00-07:00,TH_ZP26_GEN-APND,-10.0
2023-06-20 14:00:00-07:00,TH_NP15_GEN-APND,1.02317
2023-06-20 14:00:00-07:00,TH_SP15_GEN-APND,-6.99961
2023-06-20 14:00:00-07:00,TH_ZP26_GEN-APND,-11.80317
2023-06-20 15:00:00-07:00,TH_NP15_GEN-APND,1.0582
2023-06-20 15:00:00-07:00,TH_SP15_GEN-APND,-2.9514
2023-06-20 15:00:00-07:00,TH_ZP26_GEN-APND,-9.46578
2023-06-20 16:00:00-07:00,TH_NP15_GEN-APND,0.49358
2023-06-20 16:00:00-07:00,TH_SP15_GEN-APND,0.46721
2023-06-20 16:00:00-07:00,TH_ZP26_GEN-APND,-3.74283
2023-06-20 17:00:00-07:00,TH_NP15_GEN-APND,8.07426
2023-06-20 17:00:00-07:00,TH_SP15_GEN-APND,7.76576
2023-06-20 17:00:00-07:00,TH_ZP26_GEN-APND,4.0755
2023-06-20 18:00:00-07:00,TH_NP15_GEN-APND,28.65685
2023-06-20 18:00:00-07:00,TH_SP15_GEN-APND,30.0
2023-06-20 18:00:00-07:00,TH_ZP26_GEN-APND,27.59185
2023-06-20 19:00:00-07:00,TH_NP15_GEN-APND,39.24451
2023-06-20 19:00:00-07:00,TH_SP15_GEN-APND,52.46561
2023-06-20 19:00:00-07:00,TH_ZP26_GEN-APND,37.67854
2023-06-20 20:00:00-07:00,TH_NP15_GEN-APND,42.64
2023-06-20 20:00:00-07:00,TH_SP15_GEN-APND,65.72079
2023-06-20 20:00:00-07:00,TH_ZP26_GEN-APND,40.51559
2023-06-20 21:00:00-07:00,TH_NP15_GEN-APND,39.37313
2023-06-20 21:00:00-07:00,TH_SP15_GEN-APND,45.7458
2023-06-20 21:00:00-07:00,TH_ZP26_GEN-APND,38.44
2023-06-20 22:00:00-07:00,TH_NP15_GEN-APND,38.83639
2023-06-20 22:00:00-07:00,TH_SP15_GEN-APND,39.16994
2023-06-20 22:00:00-07:00,TH_ZP26_GEN-APND,29.01
2023-06-20 23:00:00-07:00,TH_NP15_GEN-APND,36.49063
2023-06-20 23:00:00-07:00,TH_SP15_GEN-APND,37.24729
2023-06-20 23:00:00-07:00,TH_ZP26_GEN-APND,28.13
2023-06-21 00:00:00-07:00,TH_NP15_GEN-APND,32.22
2023-06-21 00:00:00-07:00,TH_SP15_GEN-APND,35.81735
2023-06-21 00:00:00-07:00,TH_ZP26_GEN-APND,32.1
2023-06-21 01:00:00-07:00,TH_NP15_GEN-APND,31.42278
2023-06-21 01:00:00-07:00,TH_SP15_GEN-APND,32.30678
2023-06-21 01:00:00-07:00,TH_ZP26_GEN-APND,31.24922
2023-06-21 02:00:00-07:00,TH_NP15_GEN-APND,29.44525
2023-06-21 02:00:00-07:00,TH_SP15_GEN-APND,30.21934
2023-06-21 02:00:00-07:00,TH_ZP26_GEN-APND,29.29179
2023-06-21 03:00:00-07:00,TH_NP15_GEN-APND,28.45
2023-06-21 03:00:00-07:00,TH_SP15_GEN-APND,29.32262
2023-06-21 03:00:00-07:00,TH_ZP26_GEN-APND,28.3926
2023-06-21 04:00:00-07:00,TH_NP15_GEN-APND,31.87
2023-06-21 04:00:00-07:00,TH_SP15_GEN-APND,32.45585
2023-06-21 04:00:00-07:00,TH_ZP26_GEN-APND,31.63201
2023-06-21 05:00:00-07:00,TH_NP15_GEN-APND,38.62046
2023-06-21 05:00:00-07:00,TH_SP15_GEN-APND,39.33966
2023-06-21 05:00:00-07:00,TH_ZP26_GEN-APND,38.10641
2023-06-21 06:00:00-07:00,TH_NP15_GEN-APND,34.28
2023-06-21 06:00:00-07:00,TH_SP15_GEN-APND,32.48428
2023-06-21 06:00:00-07:00,TH_ZP26_GEN-APND,33.46612
2023-06-21 07:00:00-07:00,TH_NP15_GEN-APND,16.63925
2023-06-21 07:00:00-07:00,TH_SP15_GEN-APND,13.59
2023-06-21 07:00:00-07:00,TH_ZP26_GEN-APND,12.63504
2023-06-21 08:00:00-07:00,TH_NP15_GEN-APND,10.83374
2023-06-21 08:00:00-07:00,TH_SP15_GEN-APND,0.82688
2023-06-21 08:00:00-07:00,TH_ZP26_GEN-APND,4.99229
2023-06-21 09:00:00-07:00,TH_NP15_GEN-APND,11.93
2023-06-21 09:00:00-07:00,TH_SP15_GEN-APND,-2.69312
2023-06-21 09:00:00-07:00,TH_ZP26_GEN-APND,1.17712
2023-06-21 10:00:00-07:00,TH_NP15_GEN-APND,9.61426
2023-06-21 10:00:00-07:00,TH_SP15_GEN-APND,-2.42509
2023-06-21 10:00:00-07:00,TH_ZP26_GEN-APND,-2.47558
2023-06-21 11:00:00-07:00,TH_NP15_GEN-APND,5.64
2023-06-21 11:00:00-07:00,TH_SP15_GEN-APND,-2.96722
2023-06-21 11:00:00-07:00,TH_ZP26_GEN-APND,0.42563
2023-06-21 12:00:00-07:00,TH_NP15_GEN-APND,7.01866
2023-06-21 12:00:00-07:00,TH_SP15_GEN-APND,-2.12154
2023-06-21 12:00:00-07:00,TH_ZP26_GEN-APND,1.49546
2023-06-21 13:00:00-07:00,TH_NP15_GEN-APND,7.05903
2023-06-21 13:00:00-07:00,TH_SP15_GEN-APND,-1.02805
2023-06-21 13:00:00-07:00,TH_ZP26_GEN-APND,2.48215
2023-06-21 14:00:00-07:00,TH_NP15_GEN-APND,6.80066
2023-06-21 14:00:00-07:00,TH_SP15_GEN-APND,0.4307
2023-06-21 14:00:00-07:00,TH_ZP26_GEN-APND,1.28608
2023-06-21 15:00:00-07:00,TH_NP15_GEN-APND,6.84794
2023-06-21 15:00:00-07:00,TH_SP15_GEN-APND,5.13959
2023-06-21 15:00:00-07:00,TH_ZP26_GEN-APND,1.6822
2023-06-21 16:00:00-07:00,TH_NP15_GEN-APND,8.75083
2023-06-21 16:00:00-07:00,TH_SP15_GEN-APND,8.4033
2023-06-21 16:00:00-07:00,TH_ZP26_GEN-APND,4.44553
2023-06-21 17:00:00-07:00,TH_NP15_GEN-APND,23.4324
2023-06-21 17:00:00-07:00,TH_SP15_GEN-APND,22.90218
2023-06-21 17:00:00-07:00,TH_ZP26_GEN-APND,20.69903
2023-06-21 18:00:00-07:00,TH_NP15_GEN-APND,37.92184
2023-06-21 18:00:00-07:00,TH_SP15_GEN-APND,40.0
2023-06-21 18:00:00-07:00,TH_ZP26_GEN-APND,36.73188
2023-06-21 19:00:00-07:00,TH_NP15_GEN-APND,44.26072
2023-06-21 19:00:00-07:00,TH_SP15_GEN-APND,61.21754
2023-06-21 19:00:00-07:00,TH_ZP26_GEN-APND,42.26774
2023-06-21 20:00:00-07:00,TH_NP15_GEN-APND,51.46599
2023-06-21 20:00:00-07:00,TH_SP15_GEN-APND,69.24221
2023-06-21 20:00:00-07:00,TH_ZP26_GEN-APND,49.53252
2023-06-21 21:00:00-07:00,TH_NP15_GEN-APND,39.69222
2023-06-21 21:00:00-07:00,TH_SP15_GEN-APND,60.95528
2023-06-21 21:00:00-07:00,TH_ZP26_GEN-APND,37.0316
2023-06-21 22:00:00-07:00,TH_NP15_GEN-APND,40.0
2023-06-21 22:00:00-07:00,TH_SP15_GEN-APND,45.49596
2023-06-21 22:00:00-07:00,TH_ZP26_GEN-APND,29.04
2023-06-21 23:00:00-07:00,TH_NP15_GEN-APND,36.6785
2023-06-21 23:00:00-07:00,TH_SP15_GEN-APND,43.65553
2023-06-21 23:00:00-07:00,TH_ZP26_GEN-APND,35.75169
2023-06-22 00:00:00-07:00,TH_NP15_GEN-APND,36.89734
2023-06-22 00:00:00-07:00,TH_SP15_GEN-APND,37.85752
2023-06-22 00:00:00-07:00,TH_ZP26_GEN-APND,36.72565
2023-06-22 01:00:00-07:00,TH_NP15_GEN-APND,34.32643
2023-06-22 01:00:00-07:00,TH_SP15_GEN-APND,34.98176
2023-06-22 01:00:00-07:00,TH_ZP26_GEN-APND,34.07
2023-06-22 02:00:00-07:00,TH_NP15_GEN-APND,32.41893
2023-06-22 02:00:00-07:00,TH_SP15_GEN-APND,33.0
2023-06-22 02:00:00-07:00,TH_ZP26_GEN-APND,32.16702
2023-06-22 03:00:00-07:00,TH_NP15_GEN-APND,31.50854
2023-06-22 03:00:00-07:00,TH_SP15_GEN-APND,32.11637
2023-06-22 03:00:00-07:00,TH_ZP26_GEN-APND,30.5
2023-06-22 04:00:00-07:00,TH_NP15_GEN-APND,36.02748
2023-06-22 04:00:00-07:00,TH_SP15_GEN-APND,36.55533
2023-06-22 04:00:00-07:00,TH_ZP26_GEN-APND,35.77397
2023-06-22 05:00:00-07:00,TH_NP15_GEN-APND,40.91915
2023-06-22 05:00:00-07:00,TH_SP15_GEN-APND,41.44319
2023-06-22 05:00:00-07:00,TH_ZP26_GEN-APND,40.59901
2023-06-22 06:00:00-07:00,TH_NP15_GEN-APND,37.33803
2023-06-22 06:00:00-07:00,TH_SP15_GEN-APND,34.74711
2023-06-22 06:00:00-07:00,TH_ZP26_GEN-APND,36.85769
2023-06-22 07:00:00-07:00,TH_NP15_GEN-APND,30.0591
2023-06-22 07:00:00-07:00,TH_SP15_GEN-APND,22.55743
2023-06-22 07:00:00-07:00,TH_ZP26_GEN-APND,23.03
2023-06-22 08:00:00-07:00,TH_NP15_GEN-APND,23.18754
2023-06-22 08:00:00-07:00,TH_SP15_GEN-APND,8.46752
2023-06-22 08:00:00-07:00,TH_ZP26_GEN-APND,15.20433
2023-06-22 09:00:00-07:00,TH_NP15_GEN-APND,20.62868
2023-06-22 09:00:00-07:00,TH_SP15_GEN-APND,0.794
2023-06-22 09:00:00-07:00,TH_ZP26_GEN-APND,-0.55789
2023-06-22 10:00:00-07:00,TH_NP15_GEN-APND,17.64
2023-06-22 10:00:00-07:00,TH_SP15_GEN-APND,-0.37763
2023-06-22 10:00:00-07:00,TH_ZP26_GEN-APND,-3.65255
2023-06-22 11:00:00-07:00,TH_NP15_GEN-APND,10.80421
2023-06-22 11:00:00-07:00,TH_SP15_GEN-APND,-1.1881
2023-06-22 11:00:00-07:00,TH_ZP26_GEN-APND,-3.67561
2023-06-22 12:00:00-07:00,TH_NP15_GEN-APND,8.30842
2023-06-22 12:00:00-07:00,TH_SP15_GEN-APND,-0.63182
2023-06-22 12:00:00-07:00,TH_ZP26_GEN-APND,-2.58767
2023-06-22 13:00:00-07:00,TH_NP15_GEN-APND,8.0
2023-06-22 13:00:00-07:00,TH_SP15_GEN-APND,0.14763
2023-06-22 13:00:00-07:00,TH_ZP26_GEN-APND,-2.272
2023-06-22 14:00:00-07:00,TH_NP15_GEN-APND,8.0
2023-06-22 14:00:00-07:00,TH_SP15_GEN-APND,0.1739
2023-06-22 14:00:00-07:00,TH_ZP26_GEN-APND,-3.27141
2023-06-22 15:00:00-07:00,TH_NP15_GEN-APND,12.9875
2023-06-22 15:00:00-07:00,TH_SP15_GEN-APND,1.64319
2023-06-22 15:00:00-07:00,TH_ZP26_GEN-APND,0.00283
2023-06-22 16:00:00-07:00,TH_NP15_GEN-APND,13.15164
2023-06-22 16:00:00-07:00,TH_SP15_GEN-APND,9.11147
2023-06-22 16:00:00-07:00,TH_ZP26_GEN-APND,6.35143
2023-06-22 17:00:00-07:00,TH_NP15_GEN-APND,21.66134
2023-06-22 17:00:00-07:00,TH_SP15_GEN-APND,20.57225
2023-06-22 17:00:00-07:00,TH_ZP26_GEN-APND,18.64472
2023-06-22 18:00:00-07:00,TH_NP15_GEN-APND,35.62641
2023-06-22 18:00:00-07:00,TH_SP15_GEN-APND,36.08419
2023-06-22 18:00:00-07:00,TH_ZP26_GEN-APND,34.59444
2023-06-22 19:00:00-07:00,TH_NP15_GEN-APND,40.41638
2023-06-22 19:00:00-07:00,TH_SP15_GEN-APND,59.19306
2023-06-22 19:00:00-07:00,TH_ZP26_GEN-APND,38.21251
2023-06-22 20:00:00-07:00,TH_NP15_GEN-APND,44.01645
2023-06-22 20:00:00-07:00,TH_SP15_GEN-APND,75.0
2023-06-22 20:00:00-07:00,TH_ZP26_GEN-APND,40.29878
2023-06-22 21:00:00-07:00,TH_NP15_GEN-APND,41.3655
2023-06-22 21:00:00-07:00,TH_SP15_GEN-APND,61.68202
2023-06-22 21:00:00-07:00,TH_ZP26_GEN-APND,38.96814
2023-06-22 22:00:00-07:00,TH_NP15_GEN-APND,37.60848
2023-06-22 22:00:00-07:00,TH_SP15_GEN-APND,39.54
2023-06-22 22:00:00-07:00,TH_ZP26_GEN-APND,30.98
2023-06-22 23:00:00-07:00,TH_NP15_GEN-APND,35.48495
2023-06-22 23:00:00-07:00,TH_SP15_GEN-APND,36.22807
2023-06-22 23:00:00-07:00,TH_ZP26_GEN-APND,35.14688
2023-06-23 00:00:00-07:00,TH_NP15_GEN-APND,33.9769
2023-06-23 00:00:00-07:00,TH_SP15_GEN-APND,34.81623
2023-06-23 00:00:00-07:00,TH_ZP26_GEN-APND,33.85698
2023-06-23 01:00:00-07:00,TH_NP15_GEN-APND,32.99936
2023-06-23 01:00:00-07:00,TH_SP15_GEN-APND,33.53619
2023-06-23 01:00:00-07:00,TH_ZP26_GEN-APND,32.77385
2023-06-23 02:00:00-07:00,TH_NP15_GEN-APND,31.92752
2023-06-23 02:00:00-07:00,TH_SP15_GEN-APND,32.2998
2023-06-23 02:00:00-07:00,TH_ZP26_GEN-APND,31.68702
2023-06-23 03:00:00-07:00,TH_NP15_GEN-APND,32.13135
2023-06-23 03:00:00-07:00,TH_SP15_GEN-APND,32.27071
2023-06-23 03:00:00-07:00,TH_ZP26_GEN-APND,31.7458
2023-06-23 04:00:00-07:00,TH_NP15_GEN-APND,34.69351
2023-06-23 04:00:00-07:00,TH_SP15_GEN-APND,34.66915
2023-06-23 04:00:00-07:00,TH_ZP26_GEN-APND,34.15854
2023-06-23 05:00:00-07:00,TH_NP15_GEN-APND,40.0
2023-06-23 05:00:00-07:00,TH_SP15_GEN-APND,39.51641
2023-06-23 05:00:00-07:00,TH_ZP26_GEN-APND,39.03282
2023-06-23 06:00:00-07:00,TH_NP15_GEN-APND,34.52056
2023-06-23 06:00:00-07:00,TH_SP15_GEN-APND,33.70979
2023-06-23 06:00:00-07:00,TH_ZP26_GEN-APND,33.39876
2023-06-23 07:00:00-07:00,TH_NP15_GEN-APND,30.53121
2023-06-23 07:00:00-07:00,TH_SP15_GEN-APND,15.0
2023-06-23 07:00:00-07:00,TH_ZP26_GEN-APND,10.48614
2023-06-23 08:00:00-07:00,TH_NP15_GEN-APND,35.97
2023-06-23 08:00:00-07:00,TH_SP15_GEN-APND,-1.51848
2023-06-23 08:00:00-07:00,TH_ZP26_GEN-APND,-5.27416
2023-06-23 09:00:00-07:00,TH_NP15_GEN-APND,31.69
2023-06-23 09:00:00-07:00,TH_SP15_GEN-APND,-5.32145
2023-06-23 09:00:00-07:00,TH_ZP26_GEN-APND,-11.81505
2023-06-23 10:00:00-07:00,TH_NP15_GEN-APND,27.64037
2023-06-23 10:00:00-07:00,TH_SP15_GEN-APND,-7.32106
2023-06-23 10:00:00-07:00,TH_ZP26_GEN-APND,-14.53601
2023-06-23 11:00:00-07:00,TH_NP15_GEN-APND,25.0
2023-06-23 11:00:00-07:00,TH_SP15_GEN-APND,-7.82869
2023-06-23 11:00:00-07:00,TH_ZP26_GEN-APND,-14.64537
2023-06-23 12:00:00-07:00,TH_NP15_GEN-APND,22.0
2023-06-23 12:00:00-07:00,TH_SP15_GEN-APND,-8.0
2023-06-23 12:00:00-07:00,TH_ZP26_GEN-APND,-13.99532
2023-06-23 13:00:00-07:00,TH_NP15_GEN-APND,21.75
2023-06-23 13:00:00-07:00,TH_SP15_GEN-APND,-7.07044
2023-06-23 13:00:00-07:00,TH_ZP26_GEN-APND,-13.37638
2023-06-23 14:00:00-07:00,TH_NP15_GEN-APND,22.19672
2023-06-23 14:00:00-07:00,TH_SP15_GEN-APND,-7.12184
2023-06-23 14:00:00-07:00,TH_ZP26_GEN-APND,-13.18423
2023-06-23 15:00:00-07:00,TH_NP15_GEN-APND,20.14345
2023-06-23 15:00:00-07:00,TH_SP15_GEN-APND,-5.00151
2023-06-23 15:00:00-07:00,TH_ZP26_GEN-APND,-10.1016
2023-06-23 16:00:00-07:00,TH_NP15_GEN-APND,19.63639
2023-06-23 16:00:00-07:00,TH_SP15_GEN-APND,0.62227
2023-06-23 16:00:00-07:00,TH_ZP26_GEN-APND,-4.66
2023-06-23 17:00:00-07:00,TH_NP15_GEN-APND,16.24539
2023-06-23 17:00:00-07:00,TH_SP15_GEN-APND,12.70442
2023-06-23 17:00:00-07:00,TH_ZP26_GEN-APND,7.13409
2023-06-23 18:00:00-07:00,TH_NP15_GEN-APND,31.0
2023-06-23 18:00:00-07:00,TH_SP15_GEN-APND,30.88798
2023-06-23 18:00:00-07:00,TH_ZP26_GEN-APND,30.17107
2023-06-23 19:00:00-07:00,TH_NP15_GEN-APND,40.0
2023-06-23 19:00:00-07:00,TH_SP15_GEN-APND,45.55845
2023-06-23 19:00:00-07:00,TH_ZP26_GEN-APND,39.23563
2023-06-23 20:00:00-07:00,TH_NP15_GEN-APND,49.92532
2023-06-23 20:00:00-07:00,TH_SP15_GEN-APND,52.05
2023-06-23 20:00:00-07:00,TH_ZP26_GEN-APND,49.80577
2023-06-23 21:00:00-07:00,TH_NP15_GEN-APND,46.49636
2023-06-23 21:00:00-07:00,TH_SP15_GEN-APND,52.3342
2023-06-23 21:00:00-07:00,TH_ZP26_GEN-APND,46.025
2023-06-23 22:00:00-07:00,TH_NP15_GEN-APND,37.462
2023-06-23 22:00:00-07:00,TH_SP15_GEN-APND,38.18207
2023-06-23 22:00:00-07:00,TH_ZP26_GEN-APND,37.22068
2023-06-23 23:00:00-07:00,TH_NP15_GEN-APND,35.2583
2023-06-23 23:00:00-07:00,TH_SP15_GEN-APND,36.13705
2023-06-23 23:00:00-07:00,TH_ZP26_GEN-APND,35.15063
2023-06-24 00:00:00-07:00,TH_NP15_GEN-APND,32.39636
2023-06-24 00:00:00-07:00,TH_SP15_GEN-APND,33.56658
2023-06-24 00:00:00-07:00,TH_ZP26_GEN-APND,32.48641
2023-06-24 01:00:00-07:00,TH_NP15_GEN-APND,30.30878
2023-06-24 01:00:00-07:00,TH_SP15_GEN-APND,31.15273
2023-06-24 01:00:00-07:00,TH_ZP26_GEN-APND,30.46106
2023-06-24 02:00:00-07:00,TH_NP15_GEN-APND,30.32179
2023-06-24 02:00:00-07:00,TH_SP15_GEN-APND,31.10583
2023-06-24 02:00:00-07:00,TH_ZP26_GEN-APND,30.52858
2023-06-24 03:00:00-07:00,TH_NP15_GEN-APND,30.13261
2023-06-24 03:00:00-07:00,TH_SP15_GEN-APND,33.83094
2023-06-24 03:00:00-07:00,TH_ZP26_GEN-APND,30.2662
2023-06-24 04:00:00-07:00,TH_NP15_GEN-APND,32.22
2023-06-24 04:00:00-07:00,TH_SP15_GEN-APND,36.16705
2023-06-24 04:00:00-07:00,TH_ZP26_GEN-APND,32.32868
2023-06-24 05:00:00-07:00,TH_NP15_GEN-APND,35.08935
2023-06-24 05:00:00-07:00,TH_SP15_GEN-APND,37.21917
2023-06-24 05:00:00-07:00,TH_ZP26_GEN-APND,35.18216
2023-06-24 06:00:00-07:00,TH_NP15_GEN-APND,30.39457
2023-06-24 06:00:00-07:00,TH_SP15_GEN-APND,30.98397
2023-06-24 06:00:00-07:00,TH_ZP26_GEN-APND,30.34127
2023-06-24 07:00:00-07:00,TH_NP15_GEN-APND,16.8621
2023-06-24 07:00:00-07:00,TH_SP15_GEN-APND,16.10171
2023-06-24 07:00:00-07:00,TH_ZP26_GEN-APND,15.42
2023-06-24 08:00:00-07:00,TH_NP15_GEN-APND,8.06647
2023-06-24 08:00:00-07:00,TH_SP15_GEN-APND,4.76356
2023-06-24 08:00:00-07:00,TH_ZP26_GEN-APND,0.80817
2023-06-24 09:00:00-07:00,TH_NP15_GEN-APND,8.51
2023-06-24 09:00:00-07:00,TH_SP15_GEN-APND,0.99906
2023-06-24 09:00:00-07:00,TH_ZP26_GEN-APND,-4.12294
2023-06-24 10:00:00-07:00,TH_NP15_GEN-APND,5.32569
2023-06-24 10:00:00-07:00,TH_SP15_GEN-APND,0.20991
2023-06-24 10:00:00-07:00,TH_ZP26_GEN-APND,-4.91053
2023-06-24 11:00:00-07:00,TH_NP15_GEN-APND,1.53635
2023-06-24 11:00:00-07:00,TH_SP15_GEN-APND,0.3818
2023-06-24 11:00:00-07:00,TH_ZP26_GEN-APND,-7.23065
2023-06-24 12:00:00-07:00,TH_NP15_GEN-APND,1.54945
2023-06-24 12:00:00-07:00,TH_SP15_GEN-APND,0.42968
2023-06-24 12:00:00-07:00,TH_ZP26_GEN-APND,-5.73523
2023-06-24 13:00:00-07:00,TH_NP15_GEN-APND,1.4897
2023-06-24 13:00:00-07:00,TH_SP15_GEN-APND,0.3076
2023-06-24 13:00:00-07:00,TH_ZP26_GEN-APND,-5.86331
2023-06-24 14:00:00-07:00,TH_NP15_GEN-APND,1.32633
2023-06-24 14:00:00-07:00,TH_SP15_GEN-APND,1.19932
2023-06-24 14:00:00-07:00,TH_ZP26_GEN-APND,-3.64425
2023-06-24 15:00:00-07:00,TH_NP15_GEN-APND,4.90781
2023-06-24 15:00:00-07:00,TH_SP15_GEN-APND,4.57711
2023-06-24 15:00:00-07:00,TH_ZP26_GEN-APND,-0.06197
2023-06-24 16:00:00-07:00,TH_NP15_GEN-APND,9.14373
2023-06-24 16:00:00-07:00,TH_SP15_GEN-APND,8.74966
2023-06-24 16:00:00-07:00,TH_ZP26_GEN-APND,5.45844
2023-06-24 17:00:00-07:00,TH_NP15_GEN-APND,22.64284
2023-06-24 17:00:00-07:00,TH_SP15_GEN-APND,22.42419
2023-06-24 17:00:00-07:00,TH_ZP26_GEN-APND,19.0032
2023-06-24 18:00:00-07:00,TH_NP15_GEN-APND,34.38901
2023-06-24 18:00:00-07:00,TH_SP15_GEN-APND,37.67036
2023-06-24 18:00:00-07:00,TH_ZP26_GEN-APND,33.67715
2023-06-24 19:00:00-07:00,TH_NP15_GEN-APND,41.77521
2023-06-24 19:00:00-07:00,TH_SP15_GEN-APND,51.51531
2023-06-24 19:00:00-07:00,TH_ZP26_GEN-APND,40.97942
2023-06-24 20:00:00-07:00,TH_NP15_GEN-APND,47.83743
2023-06-24 20:00:00-07:00,TH_SP15_GEN-APND,65.72891
2023-06-24 20:00:00-07:00,TH_ZP26_GEN-APND,46.61
2023-06-24 21:00:00-07:00,TH_NP15_GEN-APND,41.83542
2023-06-24 21:00:00-07:00,TH_SP15_GEN-APND,52.78223
2023-06-24 21:00:00-07:00,TH_ZP26_GEN-APND,41.05915
2023-06-24 22:00:00-07:00,TH_NP15_GEN-APND,34.91551
2023-06-24 22:00:00-07:00,TH_SP15_GEN-APND,38.93017
2023-06-24 22:00:00-07:00,TH_ZP26_GEN-APND,34.65
2023-06-24 23:00:00-07:00,TH_NP15_GEN-APND,33.68832
2023-06-24 23:00:00-07:00,TH_SP15_GEN-APND,38.19663
2023-06-24 23:00:00-07:00,TH_ZP26_GEN-APND,33.90702
2023-06-25 00:00:00-07:00,TH_NP15_GEN-APND,33.39968
2023-06-25 00:00:00-07:00,TH_SP15_GEN-APND,35.68213
2023-06-25 00:00:00-07:00,TH_ZP26_GEN-APND,33.75449
2023-06-25 01:00:00-07:00,TH_NP15_GEN-APND,30.10115
2023-06-25 01:00:00-07:00,TH_SP15_GEN-APND,33.40183
2023-06-25 01:00:00-07:00,TH_ZP26_GEN-APND,30.38677
2023-06-25 02:00:00-07:00,TH_NP15_GEN-APND,30.13667
2023-06-25 02:00:00-07:00,TH_SP15_GEN-APND,31.43172
2023-06-25 02:00:00-07:00,TH_ZP26_GEN-APND,30.57596
2023-06-25 03:00:00-07:00,TH_NP15_GEN-APND,28.72178
2023-06-25 03:00:00-07:00,TH_SP15_GEN-APND,29.95703
2023-06-25 03:00:00-07:00,TH_ZP26_GEN-APND,29.09973
2023-06-25 04:00:00-07:00,TH_NP15_GEN-APND,30.17341
2023-06-25 04:00:00-07:00,TH_SP15_GEN-APND,31.38352
2023-06-25 04:00:00-07:00,TH_ZP26_GEN-APND,30.50274
2023-06-25 05:00:00-07:00,TH_NP15_GEN-APND,30.17258
2023-06-25 05:00:00-07:00,TH_SP15_GEN-APND,31.32777
2023-06-25 05:00:00-07:00,TH_ZP26_GEN-APND,30.43909
2023-06-25 06:00:00-07:00,TH_NP15_GEN-APND,26.76271
2023-06-25 06:00:00-07:00,TH_SP15_GEN-APND,27.04851
2023-06-25 06:00:00-07:00,TH_ZP26_GEN-APND,26.53717
2023-06-25 07:00:00-07:00,TH_NP15_GEN-APND,3.14002
2023-06-25 07:00:00-07:00,TH_SP15_GEN-APND,2.96772
2023-06-25 07:00:00-07:00,TH_ZP26_GEN-APND,2.22471
2023-06-25 08:00:00-07:00,TH_NP15_GEN-APND,1.33261
2023-06-25 08:00:00-07:00,TH_SP15_GEN-APND,-3.53626
2023-06-25 08:00:00-07:00,TH_ZP26_GEN-APND,-7.93063
2023-06-25 09:00:00-07:00,TH_NP15_GEN-APND,2.17775
2023-06-25 09:00:00-07:00,TH_SP15_GEN-APND,-4.94837
2023-06-25 09:00:00-07:00,TH_ZP26_GEN-APND,-10.88
2023-06-25 10:00:00-07:00,TH_NP15_GEN-APND,1.71105
2023-06-25 10:00:00-07:00,TH_SP15_GEN-APND,-6.3443
2023-06-25 10:00:00-07:00,TH_ZP26_GEN-APND,-11.97188
2023-06-25 11:00:00-07:00,TH_NP15_GEN-APND,0.91892
2023-06-25 11:00:00-07:00,TH_SP15_GEN-APND,-6.31927
2023-06-25 11:00:00-07:00,TH_ZP26_GEN-APND,-12.14144
2023-06-25 12:00:00-07:00,TH_NP15_GEN-APND,0.84634
2023-06-25 12:00:00-07:00,TH_SP15_GEN-APND,-5.53768
2023-06-25 12:00:00-07:00,TH_ZP26_GEN-APND,-10.40283
2023-06-25 13:00:00-07:00,TH_NP15_GEN-APND,0.7134
2023-06-25 13:00:00-07:00,TH_SP15_GEN-APND,-5.04228
2023-06-25 13:00:00-07:00,TH_ZP26_GEN-APND,-9.44379
2023-06-25 14:00:00-07:00,TH_NP15_GEN-APND,0.62373
2023-06-25 14:00:00-07:00,TH_SP15_GEN-APND,-3.45893
2023-06-25 14:00:00-07:00,TH_ZP26_GEN-APND,-7.94972
2023-06-25 15:00:00-07:00,TH_NP15_GEN-APND,0.10909
2023-06-25 15:00:00-07:00,TH_SP15_GEN-APND,-0.10814
2023-06-25 15:00:00-07:00,TH_ZP26_GEN-APND,-4.26888
2023-06-25 16:00:00-07:00,TH_NP15_GEN-APND,1.35418
2023-06-25 16:00:00-07:00,TH_SP15_GEN-APND,1.26801
2023-06-25 16:00:00-07:00,TH_ZP26_GEN-APND,-2.57294
2023-06-25 17:00:00-07:00,TH_NP15_GEN-APND,13.87812
2023-06-25 17:00:00-07:00,TH_SP15_GEN-APND,13.52664
2023-06-25 17:00:00-07:00,TH_ZP26_GEN-APND,10.37862
2023-06-25 18:00:00-07:00,TH_NP15_GEN-APND,30.1362
2023-06-25 18:00:00-07:00,TH_SP15_GEN-APND,31.09
2023-06-25 18:00:00-07:00,TH_ZP26_GEN-APND,29.90082
2023-06-25 19:00:00-07:00,TH_NP15_GEN-APND,36.30419
2023-06-25 19:00:00-07:00,TH_SP15_GEN-APND,50.7295
2023-06-25 19:00:00-07:00,TH_ZP26_GEN-APND,35.1026
2023-06-25 20:00:00-07:00,TH_NP15_GEN-APND,44.75287
2023-06-25 20:00:00-07:00,TH_SP15_GEN-APND,64.72
2023-06-25 20:00:00-07:00,TH_ZP26_GEN-APND,43.51962
2023-06-25 21:00:00-07:00,TH_NP15_GEN-APND,42.75294
2023-06-25 21:00:00-07:00,TH_SP15_GEN-APND,44.45137
2023-06-25 21:00:00-07:00,TH_ZP26_GEN-APND,43.34765
2023-06-25 22:00:00-07:00,TH_NP15_GEN-APND,33.38784
2023-06-25 22:00:00-07:00,TH_SP15_GEN-APND,34.64847
2023-06-25 22:00:00-07:00,TH_ZP26_GEN-APND,33.774
2023-06-25 23:00:00-07:00,TH_NP15_GEN-APND,32.99666
2023-06-25 23:00:00-07:00,TH_SP15_GEN-APND,34.35148
2023-06-25 23:00:00-07:00,TH_ZP26_GEN-APND,33.4274
2023-06-26 00:00:00-07:00,TH_NP15_GEN-APND,31.62645
2023-06-26 00:00:00-07:00,TH_SP15_GEN-APND,32.30023
2023-06-26 00:00:00-07:00,TH_ZP26_GEN-APND,31.4808
2023-06-26 01:00:00-07:00,TH_NP15_GEN-APND,30.29228
2023-06-26 01:00:00-07:00,TH_SP15_GEN-APND,30.68392
2023-06-26 01:00:00-07:00,TH_ZP26_GEN-APND,29.98591
2023-06-26 02:00:00-07:00,TH_NP15_GEN-APND,29.72128
2023-06-26 02:00:00-07:00,TH_SP15_GEN-APND,29.92933
2023-06-26 02:00:00-07:00,TH_ZP26_GEN-APND,29.33822
2023-06-26 03:00:00-07:00,TH_NP15_GEN-APND,29.66401
2023-06-26 03:00:00-07:00,TH_SP15_GEN-APND,29.85725
2023-06-26 03:00:00-07:00,TH_ZP26_GEN-APND,29.31034
2023-06-26 04:00:00-07:00,TH_NP15_GEN-APND,31.03414
2023-06-26 04:00:00-07:00,TH_SP15_GEN-APND,31.22355
2023-06-26 04:00:00-07:00,TH_ZP26_GEN-APND,30.61051
2023-06-26 05:00:00-07:00,TH_NP15_GEN-APND,37.68
2023-06-26 05:00:00-07:00,TH_SP15_GEN-APND,37.82426
2023-06-26 05:00:00-07:00,TH_ZP26_GEN-APND,37.07219
2023-06-26 06:00:00-07:00,TH_NP15_GEN-APND,34.53733
2023-06-26 06:00:00-07:00,TH_SP15_GEN-APND,34.16122
2023-06-26 06:00:00-07:00,TH_ZP26_GEN-APND,33.6311
2023-06-26 07:00:00-07:00,TH_NP15_GEN-APND,29.88735
2023-06-26 07:00:00-07:00,TH_SP15_GEN-APND,18.96008
2023-06-26 07:00:00-07:00,TH_ZP26_GEN-APND,17.68727
2023-06-26 08:00:00-07:00,TH_NP15_GEN-APND,31.26
2023-06-26 08:00:00-07:00,TH_SP15_GEN-APND,2.05082
2023-06-26 08:00:00-07:00,TH_ZP26_GEN-APND,-1.92667
2023-06-26 09:00:00-07:00,TH_NP15_GEN-APND,27.96188
2023-06-26 09:00:00-07:00,TH_SP15_GEN-APND,1.42981
2023-06-26 09:00:00-07:00,TH_ZP26_GEN-APND,-3.59411
2023-06-26 10:00:00-07:00,TH_NP15_GEN-APND,28.74832
2023-06-26 10:00:00-07:00,TH_SP15_GEN-APND,1.1776
2023-06-26 10:00:00-07:00,TH_ZP26_GEN-APND,-3.80538
2023-06-26 11:00:00-07:00,TH_NP15_GEN-APND,20.97
2023-06-26 11:00:00-07:00,TH_SP15_GEN-APND,0.73226
2023-06-26 11:00:00-07:00,TH_ZP26_GEN-APND,-5.66692
2023-06-26 12:00:00-07:00,TH_NP15_GEN-APND,25.27252
2023-06-26 12:00:00-07:00,TH_SP15_GEN-APND,0.87095
2023-06-26 12:00:00-07:00,TH_ZP26_GEN-APND,-4.49178
2023-06-26 13:00:00-07:00,TH_NP15_GEN-APND,23.83742
2023-06-26 13:00:00-07:00,TH_SP15_GEN-APND,1.56282
2023-06-26 13:00:00-07:00,TH_ZP26_GEN-APND,-3.0189
2023-06-26 14:00:00-07:00,TH_NP15_GEN-APND,24.41719
2023-06-26 14:00:00-07:00,TH_SP15_GEN-APND,1.62129
2023-06-26 14:00:00-07:00,TH_ZP26_GEN-APND,-1.92946
2023-06-26 15:00:00-07:00,TH_NP15_GEN-APND,25.63871
2023-06-26 15:00:00-07:00,TH_SP15_GEN-APND,4.56566
2023-06-26 15:00:00-07:00,TH_ZP26_GEN-APND,1.43722
2023-06-26 16:00:00-07:00,TH_NP15_GEN-APND,23.5
2023-06-26 16:00:00-07:00,TH_SP15_GEN-APND,12.15011
2023-06-26 16:00:00-07:00,TH_ZP26_GEN-APND,9.78864
2023-06-26 17:00:00-07:00,TH_NP15_GEN-APND,27.22788
2023-06-26 17:00:00-07:00,TH_SP15_GEN-APND,26.26036
2023-06-26 17:00:00-07:00,TH_ZP26_GEN-APND,26.03789
2023-06-26 18:00:00-07:00,TH_NP15_GEN-APND,40.57562
2023-06-26 18:00:00-07:00,TH_SP15_GEN-APND,40.19607
2023-06-26 18:00:00-07:00,TH_ZP26_GEN-APND,40.61038
2023-06-26 19:00:00-07:00,TH_NP15_GEN-APND,55.64281
2023-06-26 19:00:00-07:00,TH_SP15_GEN-APND,58.50038
2023-06-26 19:00:00-07:00,TH_ZP26_GEN-APND,55.46751
2023-06-26 20:00:00-07:00,TH_NP15_GEN-APND,60.72452
2023-06-26 20:00:00-07:00,TH_SP15_GEN-APND,65.53
2023-06-26 20:00:00-07:00,TH_ZP26_GEN-APND,60.75725
2023-06-26 21:00:00-07:00,TH_NP15_GEN-APND,50.71702
2023-06-26 21:00:00-07:00,TH_SP15_GEN-APND,58.96864
2023-06-26 21:00:00-07:00,TH_ZP26_GEN-APND,50.34133
2023-06-26 22:00:00-07:00,TH_NP15_GEN-APND,39.60218
2023-06-26 22:00:00-07:00,TH_SP15_GEN-APND,40.27974
2023-06-26 22:00:00-07:00,TH_ZP26_GEN-APND,39.36223
2023-06-26 23:00:00-07:00,TH_NP15_GEN-APND,38.15026
2023-06-26 23:00:00-07:00,TH_SP15_GEN-APND,38.65427
2023-06-26 23:00:00-07:00,TH_ZP26_GEN-APND,37.92106
2023-06-27 00:00:00-07:00,TH_NP15_GEN-APND,35.17827
2023-06-27 00:00:00-07:00,TH_SP15_GEN-APND,34.97606
2023-06-27 00:00:00-07:00,TH_ZP26_GEN-APND,35.2
2023-06-27 01:00:00-07:00,TH_NP15_GEN-APND,35.08617
2023-06-27 01:00:00-07:00,TH_SP15_GEN-APND,35.64442
2023-06-27 01:00:00-07:00,TH_ZP26_GEN-APND,34.75923
2023-06-27 02:00:00-07:00,TH_NP15_GEN-APND,32.77401
2023-06-27 02:00:00-07:00,TH_SP15_GEN-APND,33.0478
2023-06-27 02:00:00-07:00,TH_ZP26_GEN-APND,32.3098
2023-06-27 03:00:00-07:00,TH_NP15_GEN-APND,33.00309
2023-06-27 03:00:00-07:00,TH_SP15_GEN-APND,33.21304
2023-06-27 03:00:00-07:00,TH_ZP26_GEN-APND,32.51203
2023-06-27 04:00:00-07:00,TH_NP15_GEN-APND,32.34516
2023-06-27 04:00:00-07:00,TH_SP15_GEN-APND,32.5895
2023-06-27 04:00:00-07:00,TH_ZP26_GEN-APND,31.91556
2023-06-27 05:00:00-07:00,TH_NP15_GEN-APND,37.20865
2023-06-27 05:00:00-07:00,TH_SP15_GEN-APND,37.47333
2023-06-27 05:00:00-07:00,TH_ZP26_GEN-APND,36.51818
2023-06-27 06:00:00-07:00,TH_NP15_GEN-APND,33.47588
2023-06-27 06:00:00-07:00,TH_SP15_GEN-APND,33.81629
2023-06-27 06:00:00-07:00,TH_ZP26_GEN-APND,33.10715
2023-06-27 07:00:00-07:00,TH_NP15_GEN-APND,22.68684
2023-06-27 07:00:00-07:00,TH_SP15_GEN-APND,21.11481
2023-06-27 07:00:00-07:00,TH_ZP26_GEN-APND,18.02143
2023-06-27 08:00:00-07:00,TH_NP15_GEN-APND,19.21407
2023-06-27 08:00:00-07:00,TH_SP15_GEN-APND,10.16
2023-06-27 08:00:00-07:00,TH_ZP26_GEN-APND,4.5476
2023-06-27 09:00:00-07:00,TH_NP15_GEN-APND,20.32712
2023-06-27 09:00:00-07:00,TH_SP15_GEN-APND,9.2188
2023-06-27 09:00:00-07:00,TH_ZP26_GEN-APND,5.09118
2023-06-27 10:00:00-07:00,TH_NP15_GEN-APND,16.06307
2023-06-27 10:00:00-07:00,TH_SP15_GEN-APND,7.62847
2023-06-27 10:00:00-07:00,TH_ZP26_GEN-APND,2.62361
2023-06-27 11:00:00-07:00,TH_NP15_GEN-APND,12.24223
2023-06-27 11:00:00-07:00,TH_SP15_GEN-APND,11.71467
2023-06-27 11:00:00-07:00,TH_ZP26_GEN-APND,6.97557
2023-06-27 12:00:00-07:00,TH_NP15_GEN-APND,12.23826
2023-06-27 12:00:00-07:00,TH_SP15_GEN-APND,11.72498
2023-06-27 12:00:00-07:00,TH_ZP26_GEN-APND,7.16829
2023-06-27 13:00:00-07:00,TH_NP15_GEN-APND,13.92211
2023-06-27 13:00:00-07:00,TH_SP15_GEN-APND,12.26242
2023-06-27 13:00:00-07:00,TH_ZP26_GEN-APND,7.7361
2023-06-27 14:00:00-07:00,TH_NP15_GEN-APND,14.88049
2023-06-27 14:00:00-07:00,TH_SP15_GEN-APND,13.79289
2023-06-27 14:00:00-07:00,TH_ZP26_GEN-APND,9.20471
2023-06-27 15:00:00-07:00,TH_NP15_GEN-APND,18.17735
2023-06-27 15:00:00-07:00,TH_SP15_GEN-APND,17.06272
2023-06-27 15:00:00-07:00,TH_ZP26_GEN-APND,13.28783
2023-06-27 16:00:00-07:00,TH_NP15_GEN-APND,25.77404
2023-06-27 16:00:00-07:00,TH_SP15_GEN-APND,24.37501
2023-06-27 16:00:00-07:00,TH_ZP26_GEN-APND,18.85098
2023-06-27 17:00:00-07:00,TH_NP15_GEN-APND,37.60833
2023-06-27 17:00:00-07:00,TH_SP15_GEN-APND,36.06939
2023-06-27 17:00:00-07:00,TH_ZP26_GEN-APND,34.43319
2023-06-27 18:00:00-07:00,TH_NP15_GEN-APND,47.94516
2023-06-27 18:00:00-07:00,TH_SP15_GEN-APND,52.06466
2023-06-27 18:00:00-07:00,TH_ZP26_GEN-APND,46.25069
2023-06-27 19:00:00-07:00,TH_NP15_GEN-APND,55.0
2023-06-27 19:00:00-07:00,TH_SP15_GEN-APND,70.76102
2023-06-27 19:00:00-07:00,TH_ZP26_GEN-APND,52.72872
2023-06-27 20:00:00-07:00,TH_NP15_GEN-APND,60.78997
2023-06-27 20:00:00-07:00,TH_SP15_GEN-APND,82.19728
2023-06-27 20:00:00-07:00,TH_ZP26_GEN-APND,58.19262
2023-06-27 21:00:00-07:00,TH_NP15_GEN-APND,47.19
2023-06-27 21:00:00-07:00,TH_SP15_GEN-APND,71.07255
2023-06-27 21:00:00-07:00,TH_ZP26_GEN-APND,45.13826
2023-06-27 22:00:00-07:00,TH_NP15_GEN-APND,42.87933
2023-06-27 22:00:00-07:00,TH_SP15_GEN-APND,51.9104
2023-06-27 22:00:00-07:00,TH_ZP26_GEN-APND,42.23879
2023-06-27 23:00:00-07:00,TH_NP15_GEN-APND,40.0
2023-06-27 23:00:00-07:00,TH_SP15_GEN-APND,41.37498
2023-06-27 23:00:00-07:00,TH_ZP26_GEN-APND,40.11758
2023-06-28 00:00:00-07:00,TH_NP15_GEN-APND,37.41448
2023-06-28 00:00:00-07:00,TH_SP15_GEN-APND,38.59718
2023-06-28 00:00:00-07:00,TH_ZP26_GEN-APND,37.24
2023-06-28 01:00:00-07:00,TH_NP15_GEN-APND,35.86721
2023-06-28 01:00:00-07:00,TH_SP15_GEN-APND,36.39806
2023-06-28 01:00:00-07:00,TH_ZP26_GEN-APND,35.40177
2023-06-28 02:00:00-07:00,TH_NP15_GEN-APND,34.1619
2023-06-28 02:00:00-07:00,TH_SP15_GEN-APND,34.60604
2023-06-28 02:00:00-07:00,TH_ZP26_GEN-APND,33.79648
2023-06-28 03:00:00-07:00,TH_NP15_GEN-APND,34.06514
2023-06-28 03:00:00-07:00,TH_SP15_GEN-APND,34.26859
2023-06-28 03:00:00-07:00,TH_ZP26_GEN-APND,33.58455
2023-06-28 04:00:00-07:00,TH_NP15_GEN-APND,34.77642
2023-06-28 04:00:00-07:00,TH_SP15_GEN-APND,34.90322
2023-06-28 04:00:00-07:00,TH_ZP26_GEN-APND,34.24156
2023-06-28 05:00:00-07:00,TH_NP15_GEN-APND,36.28693
2023-06-28 05:00:00-07:00,TH_SP15_GEN-APND,36.62199
2023-06-28 05:00:00-07:00,TH_ZP26_GEN-APND,35.81744
2023-06-28 06:00:00-07:00,TH_NP15_GEN-APND,34.38961
2023-06-28 06:00:00-07:00,TH_SP15_GEN-APND,34.63502
2023-06-28 06:00:00-07:00,TH_ZP26_GEN-APND,33.81309
2023-06-28 07:00:00-07:00,TH_NP15_GEN-APND,28.06
2023-06-28 07:00:00-07:00,TH_SP15_GEN-APND,26.58402
2023-06-28 07:00:00-07:00,TH_ZP26_GEN-APND,25.16455
2023-06-28 08:00:00-07:00,TH_NP15_GEN-APND,18.33574
2023-06-28 08:00:00-07:00,TH_SP15_GEN-APND,16.90693
2023-06-28 08:00:00-07:00,TH_ZP26_GEN-APND,12.84785
2023-06-28 09:00:00-07:00,TH_NP15_GEN-APND,16.17875
2023-06-28 09:00:00-07:00,TH_SP15_GEN-APND,14.35
2023-06-28 09:00:00-07:00,TH_ZP26_GEN-APND,10.18
2023-06-28 10:00:00-07:00,TH_NP15_GEN-APND,15.70259
2023-06-28 10:00:00-07:00,TH_SP15_GEN-APND,12.9686
2023-06-28 10:00:00-07:00,TH_ZP26_GEN-APND,8.504
2023-06-28 11:00:00-07:00,TH_NP15_GEN-APND,15.27375
2023-06-28 11:00:00-07:00,TH_SP15_GEN-APND,13.04869
2023-06-28 11:00:00-07:00,TH_ZP26_GEN-APND,8.9333
2023-06-28 12:00:00-07:00,TH_NP15_GEN-APND,14.84755
2023-06-28 12:00:00-07:00,TH_SP15_GEN-APND,13.06162
2023-06-28 12:00:00-07:00,TH_ZP26_GEN-APND,8.90652
2023-06-28 13:00:00-07:00,TH_NP15_GEN-APND,18.04706
2023-06-28 13:00:00-07:00,TH_SP15_GEN-APND,14.99441
2023-06-28 13:00:00-07:00,TH_ZP26_GEN-APND,11.3913
2023-06-28 14:00:00-07:00,TH_NP15_GEN-APND,20.0
2023-06-28 14:00:00-07:00,TH_SP15_GEN-APND,16.48091
2023-06-28 14:00:00-07:00,TH_ZP26_GEN-APND,12.30097
2023-06-28 15:00:00-07:00,TH_NP15_GEN-APND,28.13364
2023-06-28 15:00:00-07:00,TH_SP15_GEN-APND,20.61567
2023-06-28 15:00:00-07:00,TH_ZP26_GEN-APND,17.13021
2023-06-28 16:00:00-07:00,TH_NP15_GEN-APND,30.0
2023-06-28 16:00:00-07:00,TH_SP15_GEN-APND,24.4289
2023-06-28 16:00:00-07:00,TH_ZP26_GEN-APND,17.19945
2023-06-28 17:00:00-07:00,TH_NP15_GEN-APND,34.54708
2023-06-28 17:00:00-07:00,TH_SP15_GEN-APND,33.0851
2023-06-28 17:00:00-07:00,TH_ZP26_GEN-APND,27.01836
2023-06-28 18:00:00-07:00,TH_NP15_GEN-APND,44.99384
2023-06-28 18:00:00-07:00,TH_SP15_GEN-APND,45.17371
2023-06-28 18:00:00-07:00,TH_ZP26_GEN-APND,43.91849
2023-06-28 19:00:00-07:00,TH_NP15_GEN-APND,57.31842
2023-06-28 19:00:00-07:00,TH_SP15_GEN-APND,67.44
2023-06-28 19:00:00-07:00,TH_ZP26_GEN-APND,56.57473
2023-06-28 20:00:00-07:00,TH_NP15_GEN-APND,57.38676
2023-06-28 20:00:00-07:00,TH_SP15_GEN-APND,68.81836
2023-06-28 20:00:00-07:00,TH_ZP26_GEN-APND,56.98185
2023-06-28 21:00:00-07:00,TH_NP15_GEN-APND,46.04525
2023-06-28 21:00:00-07:00,TH_SP15_GEN-APND,66.33
2023-06-28 21:00:00-07:00,TH_ZP26_GEN-APND,44.64282
2023-06-28 22:00:00-07:00,TH_NP15_GEN-APND,40.16208
2023-06-28 22:00:00-07:00,TH_SP15_GEN-APND,41.8136
2023-06-28 22:00:00-07:00,TH_ZP26_GEN-APND,40.40406
2023-06-28 23:00:00-07:00,TH_NP15_GEN-APND,38.01995
2023-06-28 23:00:00-07:00,TH_SP15_GEN-APND,39.05574
2023-06-28 23:00:00-07:00,TH_ZP26_GEN-APND,38.05125
2023-06-29 00:00:00-07:00,TH_NP15_GEN-APND,37.32
2023-06-29 00:00:00-07:00,TH_SP15_GEN-APND,37.65122
2023-06-29 00:00:00-07:00,TH_ZP26_GEN-APND,30.56
2023-06-29 01:00:00-07:00,TH_NP15_GEN-APND,36.68586
2023-06-29 01:00:00-07:00,TH_SP15_GEN-APND,36.58541
2023-06-29 01:00:00-07:00,TH_ZP26_GEN-APND,29.32
2023-06-29 02:00:00-07:00,TH_NP15_GEN-APND,37.58458
2023-06-29 02:00:00-07:00,TH_SP15_GEN-APND,37.6477
2023-06-29 02:00:00-07:00,TH_ZP26_GEN-APND,27.31
2023-06-29 03:00:00-07:00,TH_NP15_GEN-APND,33.55
2023-06-29 03:00:00-07:00,TH_SP15_GEN-APND,35.98556
2023-06-29 03:00:00-07:00,TH_ZP26_GEN-APND,26.23
2023-06-29 04:00:00-07:00,TH_NP15_GEN-APND,37.09559
2023-06-29 04:00:00-07:00,TH_SP15_GEN-APND,36.75334
2023-06-29 04:00:00-07:00,TH_ZP26_GEN-APND,36.25361
2023-06-29 05:00:00-07:00,TH_NP15_GEN-APND,41.80696
2023-06-29 05:00:00-07:00,TH_SP15_GEN-APND,41.42301
2023-06-29 05:00:00-07:00,TH_ZP26_GEN-APND,33.95
2023-06-29 06:00:00-07:00,TH_NP15_GEN-APND,43.46878
2023-06-29 06:00:00-07:00,TH_SP15_GEN-APND,42.82025
2023-06-29 06:00:00-07:00,TH_ZP26_GEN-APND,42.26644
2023-06-29 07:00:00-07:00,TH_NP15_GEN-APND,31.78932
2023-06-29 07:00:00-07:00,TH_SP15_GEN-APND,28.91
2023-06-29 07:00:00-07:00,TH_ZP26_GEN-APND,28.23601
2023-06-29 08:00:00-07:00,TH_NP15_GEN-APND,27.5832
2023-06-29 08:00:00-07:00,TH_SP15_GEN-APND,24.41224
2023-06-29 08:00:00-07:00,TH_ZP26_GEN-APND,23.24999
2023-06-29 09:00:00-07:00,TH_NP15_GEN-APND,27.70799
2023-06-29 09:00:00-07:00,TH_SP15_GEN-APND,23.60102
2023-06-29 09:00:00-07:00,TH_ZP26_GEN-APND,22.12917
2023-06-29 10:00:00-07:00,TH_NP15_GEN-APND,28.80942
2023-06-29 10:00:00-07:00,TH_SP15_GEN-APND,23.07175
2023-06-29 10:00:00-07:00,TH_ZP26_GEN-APND,21.38939
2023-06-29 11:00:00-07:00,TH_NP15_GEN-APND,28.50064
2023-06-29 11:00:00-07:00,TH_SP15_GEN-APND,24.26108
2023-06-29 11:00:00-07:00,TH_ZP26_GEN-APND,22.66735
2023-06-29 12:00:00-07:00,TH_NP15_GEN-APND,28.87302
2023-06-29 12:00:00-07:00,TH_SP15_GEN-APND,26.31363
2023-06-29 12:00:00-07:00,TH_ZP26_GEN-APND,25.28621
2023-06-29 13:00:00-07:00,TH_NP15_GEN-APND,32.76806
2023-06-29 13:00:00-07:00,TH_SP15_GEN-APND,28.42926
2023-06-29 13:00:00-07:00,TH_ZP26_GEN-APND,26.75139
2023-06-29 14:00:00-07:00,TH_NP15_GEN-APND,36.76826
2023-06-29 14:00:00-07:00,TH_SP15_GEN-APND,32.71862
2023-06-29 14:00:00-07:00,TH_ZP26_GEN-APND,30.09632
2023-06-29 15:00:00-07:00,TH_NP15_GEN-APND,42.36588
2023-06-29 15:00:00-07:00,TH_SP15_GEN-APND,38.10105
2023-06-29 15:00:00-07:00,TH_ZP26_GEN-APND,37.48472
2023-06-29 16:00:00-07:00,TH_NP15_GEN-APND,44.48
2023-06-29 16:00:00-07:00,TH_SP15_GEN-APND,42.32588
2023-06-29 16:00:00-07:00,TH_ZP26_GEN-APND,41.08966
2023-06-29 17:00:00-07:00,TH_NP15_GEN-APND,48.09
2023-06-29 17:00:00-07:00,TH_SP15_GEN-APND,46.62282
2023-06-29 17:00:00-07:00,TH_ZP26_GEN-APND,45.29539
2023-06-29 18:00:00-07:00,TH_NP15_GEN-APND,58.25761
2023-06-29 18:00:00-07:00,TH_SP15_GEN-APND,66.05379
2023-06-29 18:00:00-07:00,TH_ZP26_GEN-APND,56.53822
2023-06-29 19:00:00-07:00,TH_NP15_GEN-APND,62.47927
2023-06-29 19:00:00-07:00,TH_SP15_GEN-APND,82.62692
2023-06-29 19:00:00-07:00,TH_ZP26_GEN-APND,60.90793
2023-06-29 20:00:00-07:00,TH_NP15_GEN-APND,61.92413
2023-06-29 20:00:00-07:00,TH_SP15_GEN-APND,85.47818
2023-06-29 20:00:00-07:00,TH_ZP26_GEN-APND,60.25854
2023-06-29 21:00:00-07:00,TH_NP15_GEN-APND,53.11916
2023-06-29 21:00:00-07:00,TH_SP15_GEN-APND,73.59
2023-06-29 21:00:00-07:00,TH_ZP26_GEN-APND,51.64
2023-06-29 22:00:00-07:00,TH_NP15_GEN-APND,49.33818
2023-06-29 22:00:00-07:00,TH_SP15_GEN-APND,60.39549
2023-06-29 22:00:00-07:00,TH_ZP26_GEN-APND,48.74551
2023-06-29 23:00:00-07:00,TH_NP15_GEN-APND,44.86344
2023-06-29 23:00:00-07:00,TH_SP15_GEN-APND,46.85201
2023-06-29 23:00:00-07:00,TH_ZP26_GEN-APND,44.99
2023-06-30 00:00:00-07:00,TH_NP15_GEN-APND,45.1654
2023-06-30 00:00:00-07:00,TH_SP15_GEN-APND,46.6658
2023-06-30 00:00:00-07:00,TH_ZP26_GEN-APND,45.23
2023-06-30 01:00:00-07:00,TH_NP15_GEN-APND,42.75659
2023-06-30 01:00:00-07:00,TH_SP15_GEN-APND,43.76739
2023-06-30 01:00:00-07:00,TH_ZP26_GEN-APND,42.62171
2023-06-30 02:00:00-07:00,TH_NP15_GEN-APND,42.73966
2023-06-30 02:00:00-07:00,TH_SP15_GEN-APND,43.79929
2023-06-30 02:00:00-07:00,TH_ZP26_GEN-APND,42.64973
2023-06-30 03:00:00-07:00,TH_NP15_GEN-APND,42.15272
2023-06-30 03:00:00-07:00,TH_SP15_GEN-APND,42.95406
2023-06-30 03:00:00-07:00,TH_ZP26_GEN-APND,41.98737
2023-06-30 04:00:00-07:00,TH_NP15_GEN-APND,43.23
2023-06-30 04:00:00-07:00,TH_SP15_GEN-APND,44.27031
2023-06-30 04:00:00-07:00,TH_ZP26_GEN-APND,43.15387
2023-06-30 05:00:00-07:00,TH_NP15_GEN-APND,47.66577
2023-06-30 05:00:00-07:00,TH_SP15_GEN-APND,48.40138
2023-06-30 05:00:00-07:00,TH_ZP26_GEN-APND,47.23265
2023-06-30 06:00:00-07:00,TH_NP15_GEN-APND,43.89845
2023-06-30 06:00:00-07:00,TH_SP15_GEN-APND,44.74168
2023-06-30 06:00:00-07:00,TH_ZP26_GEN-APND,43.46999
2023-06-30 07:00:00-07:00,TH_NP15_GEN-APND,39.28124
2023-06-30 07:00:00-07:00,TH_SP15_GEN-APND,36.9044
2023-06-30 07:00:00-07:00,TH_ZP26_GEN-APND,36.39691
2023-06-30 08:00:00-07:00,TH_NP15_GEN-APND,35.31322
2023-06-30 08:00:00-07:00,TH_SP15_GEN-APND,32.47912
2023-06-30 08:00:00-07:00,TH_ZP26_GEN-APND,31.03873
2023-06-30 09:00:00-07:00,TH_NP15_GEN-APND,35.64
2023-06-30 09:00:00-07:00,TH_SP15_GEN-APND,32.02819
2023-06-30 09:00:00-07:00,TH_ZP26_GEN-APND,30.84466
2023-06-30 10:00:00-07:00,TH_NP15_GEN-APND,35.3354
2023-06-30 10:00:00-07:00,TH_SP15_GEN-APND,30.06766
2023-06-30 10:00:00-07:00,TH_ZP26_GEN-APND,28.64
2023-06-30 11:00:00-07:00,TH_NP15_GEN-APND,34.94361
2023-06-30 11:00:00-07:00,TH_SP15_GEN-APND,30.73703
2023-06-30 11:00:00-07:00,TH_ZP26_GEN-APND,29.67042
2023-06-30 12:00:00-07:00,TH_NP15_GEN-APND,37.75256
2023-06-30 12:00:00-07:00,TH_SP15_GEN-APND,34.06121
2023-06-30 12:00:00-07:00,TH_ZP26_GEN-APND,33.00034
2023-06-30 13:00:00-07:00,TH_NP15_GEN-APND,41.20591
2023-06-30 13:00:00-07:00,TH_SP15_GEN-APND,37.14257
2023-06-30 13:00:00-07:00,TH_ZP26_GEN-APND,35.04708
2023-06-30 14:00:00-07:00,TH_NP15_GEN-APND,46.97902
2023-06-30 14:00:00-07:00,TH_SP15_GEN-APND,42.96382
2023-06-30 14:00:00-07:00,TH_ZP26_GEN-APND,40.64448
2023-06-30 15:00:00-07:00,TH_NP15_GEN-APND,53.26311
2023-06-30 15:00:00-07:00,TH_SP15_GEN-APND,50.31917
2023-06-30 15:00:00-07:00,TH_ZP26_GEN-APND,49.97301
2023-06-30 16:00:00-07:00,TH_NP15_GEN-APND,54.32259
2023-06-30 16:00:00-07:00,TH_SP15_GEN-APND,53.19934
2023-06-30 16:00:00-07:00,TH_ZP26_GEN-APND,50.1243
2023-06-30 17:00:00-07:00,TH_NP15_GEN-APND,66.45264
2023-06-30 17:00:00-07:00,TH_SP15_GEN-APND,66.33401
2023-06-30 17:00:00-07:00,TH_ZP26_GEN-APND,63.58996
2023-06-30 18:00:00-07:00,TH_NP15_GEN-APND,76.52272
2023-06-30 18:00:00-07:00,TH_SP15_GEN-APND,77.00835
2023-06-30 18:00:00-07:00,TH_ZP26_GEN-APND,74.84291
2023-06-30 19:00:00-07:00,TH_NP15_GEN-APND,97.12686
2023-06-30 19:00:00-07:00,TH_SP15_GEN-APND,100.87
2023-06-30 19:00:00-07:00,TH_ZP26_GEN-APND,97.7114
2023-06-30 20:00:00-07:00,TH_NP15_GEN-APND,86.77503
2023-06-30 20:00:00-07:00,TH_SP15_GEN-APND,91.18888
2023-06-30 20:00:00-07:00,TH_ZP26_GEN-APND,88.1941
2023-06-30 21:00:00-07:00,TH_NP15_GEN-APND,72.12316
2023-06-30 21:00:00-07:00,TH_SP15_GEN-APND,75.88
2023-06-30 21:00:00-07:00,TH_ZP26_GEN-APND,72.70933
2023-06-30 22:00:00-07:00,TH_NP15_GEN-APND,52.28396
2023-06-30 22:00:00-07:00,TH_SP15_GEN-APND,55.08708
2023-06-30 22:00:00-07:00,TH_ZP26_GEN-APND,53.00201
2023-06-30 23:00:00-07:00,TH_NP15_GEN-APND,48.14453
2023-06-30 23:00:00-07:00,TH_SP15_GEN-APND,50.96007
2023-06-30 23:00:00-07:00,TH_ZP26_GEN-APND,48.86843
2023-07-01 00:00:00-07:00,TH_NP15_GEN-APND,40.14784
2023-07-01 00:00:00-07:00,TH_SP15_GEN-APND,40.5663
2023-07-01 00:00:00-07:00,TH_ZP26_GEN-APND,39.84953
2023-07-01 01:00:00-07:00,TH_NP15_GEN-APND,40.02
2023-07-01 01:00:00-07:00,TH_SP15_GEN-APND,39.98317
2023-07-01 01:00:00-07:00,TH_ZP26_GEN-APND,39.41432
2023-07-01 02:00:00-07:00,TH_NP15_GEN-APND,39.80398
2023-07-01 02:00:00-07:00,TH_SP15_GEN-APND,39.40715
2023-07-01 02:00:00-07:00,TH_ZP26_GEN-APND,38.98603
2023-07-01 03:00:00-07:00,TH_NP15_GEN-APND,39.44
2023-07-01 03:00:00-07:00,TH_SP15_GEN-APND,39.00351
2023-07-01 03:00:00-07:00,TH_ZP26_GEN-APND,38.59906
2023-07-01 04:00:00-07:00,TH_NP15_GEN-APND,40.8321
2023-07-01 04:00:00-07:00,TH_SP15_GEN-APND,40.61033
2023-07-01 04:00:00-07:00,TH_ZP26_GEN-APND,40.18522
2023-07-01 05:00:00-07:00,TH_NP15_GEN-APND,41.45528
2023-07-01 05:00:00-07:00,TH_SP15_GEN-APND,41.29266
2023-07-01 05:00:00-07:00,TH_ZP26_GEN-APND,40.83098
2023-07-01 06:00:00-07:00,TH_NP15_GEN-APND,39.9057
2023-07-01 06:00:00-07:00,TH_SP15_GEN-APND,40.04843
2023-07-01 06:00:00-07:00,TH_ZP26_GEN-APND,39.20832
2023-07-01 07:00:00-07:00,TH_NP15_GEN-APND,29.26767
2023-07-01 07:00:00-07:00,TH_SP15_GEN-APND,28.17739
2023-07-01 07:00:00-07:00,TH_ZP26_GEN-APND,26.08622
2023-07-01 08:00:00-07:00,TH_NP15_GEN-APND,25.10226
2023-07-01 08:00:00-07:00,TH_SP15_GEN-APND,23.81781
2023-07-01 08:00:00-07:00,TH_ZP26_GEN-APND,20.52641
2023-07-01 09:00:00-07:00,TH_NP15_GEN-APND,25.0
2023-07-01 09:00:00-07:00,TH_SP15_GEN-APND,23.1033
2023-07-01 09:00:00-07:00,TH_ZP26_GEN-APND,19.47533
2023-07-01 10:00:00-07:00,TH_NP15_GEN-APND,24.64
2023-07-01 10:00:00-07:00,TH_SP15_GEN-APND,23.03336
2023-07-01 10:00:00-07:00,TH_ZP26_GEN-APND,19.35413
2023-07-01 11:00:00-07:00,TH_NP15_GEN-APND,29.78455
2023-07-01 11:00:00-07:00,TH_SP15_GEN-APND,27.83856
2023-07-01 11:00:00-07:00,TH_ZP26_GEN-APND,25.10623
2023-07-01 12:00:00-07:00,TH_NP15_GEN-APND,33.95671
2023-07-01 12:00:00-07:00,TH_SP15_GEN-APND,32.265
2023-07-01 12:00:00-07:00,TH_ZP26_GEN-APND,29.30831
2023-07-01 13:00:00-07:00,TH_NP15_GEN-APND,37.72056
2023-07-01 13:00:00-07:00,TH_SP15_GEN-APND,36.58983
2023-07-01 13:00:00-07:00,TH_ZP26_GEN-APND,33.54751
2023-07-01 14:00:00-07:00,TH_NP15_GEN-APND,40.98
2023-07-01 14:00:00-07:00,TH_SP15_GEN-APND,39.75093
2023-07-01 14:00:00-07:00,TH_ZP26_GEN-APND,35.98505
2023-07-01 15:00:00-07:00,TH_NP15_GEN-APND,43.64097
2023-07-01 15:00:00-07:00,TH_SP15_GEN-APND,42.39599
2023-07-01 15:00:00-07:00,TH_ZP26_GEN-APND,39.00842
2023-07-01 16:00:00-07:00,TH_NP15_GEN-APND,47.73011
2023-07-01 16:00:00-07:00,TH_SP15_GEN-APND,46.96058
2023-07-01 16:00:00-07:00,TH_ZP26_GEN-APND,44.13497
2023-07-01 17:00:00-07:00,TH_NP15_GEN-APND,53.18
2023-07-01 17:00:00-07:00,TH_SP15_GEN-APND,52.71385
2023-07-01 17:00:00-07:00,TH_ZP26_GEN-APND,50.91504
2023-07-01 18:00:00-07:00,TH_NP15_GEN-APND,60.57944
2023-07-01 18:00:00-07:00,TH_SP15_GEN-APND,61.94544
2023-07-01 18:00:00-07:00,TH_ZP26_GEN-APND,59.45797
2023-07-01 19:00:00-07:00,TH_NP15_GEN-APND,76.83301
2023-07-01 19:00:00-07:00,TH_SP15_GEN-APND,79.42506
2023-07-01 19:00:00-07:00,TH_ZP26_GEN-APND,76.92183
2023-07-01 20:00:00-07:00,TH_NP15_GEN-APND,69.42117
2023-07-01 20:00:00-07:00,TH_SP15_GEN-APND,72.0884
2023-07-01 20:00:00-07:00,TH_ZP26_GEN-APND,69.94
2023-07-01 21:00:00-07:00,TH_NP15_GEN-APND,58.4416
2023-07-01 21:00:00-07:00,TH_SP15_GEN-APND,61.20748
2023-07-01 21:00:00-07:00,TH_ZP26_GEN-APND,58.86142
2023-07-01 22:00:00-07:00,TH_NP15_GEN-APND,48.96745
2023-07-01 22:00:00-07:00,TH_SP15_GEN-APND,50.22421
2023-07-01 22:00:00-07:00,TH_ZP26_GEN-APND,48.67115
2023-07-01 23:00:00-07:00,TH_NP15_GEN-APND,44.26874
2023-07-01 23:00:00-07:00,TH_SP15_GEN-APND,44.40988
2023-07-01 23:00:00-07:00,TH_ZP26_GEN-APND,43.53571
2023-07-02 00:00:00-07:00,TH_NP15_GEN-APND,42.40374
2023-07-02 00:00:00-07:00,TH_SP15_GEN-APND,42.62014
2023-07-02 00:00:00-07:00,TH_ZP26_GEN-APND,41.96108
2023-07-02 01:00:00-07:00,TH_NP15_GEN-APND,42.33
2023-07-02 01:00:00-07:00,TH_SP15_GEN-APND,42.69272
2023-07-02 01:00:00-07:00,TH_ZP26_GEN-APND,41.88505
2023-07-02 02:00:00-07:00,TH_NP15_GEN-APND,40.22948
2023-07-02 02:00:00-07:00,TH_SP15_GEN-APND,40.1999
2023-07-02 02:00:00-07:00,TH_ZP26_GEN-APND,39.62326
2023-07-02 03:00:00-07:00,TH_NP15_GEN-APND,41.57208
2023-07-02 03:00:00-07:00,TH_SP15_GEN-APND,41.34752
2023-07-02 03:00:00-07:00,TH_ZP26_GEN-APND,40.80894
2023-07-02 04:00:00-07:00,TH_NP15_GEN-APND,40.53371
2023-07-02 04:00:00-07:00,TH_SP15_GEN-APND,40.19922
2023-07-02 04:00:00-07:00,TH_ZP26_GEN-APND,39.79479
2023-07-02 05:00:00-07:00,TH_NP15_GEN-APND,42.61435
2023-07-02 05:00:00-07:00,TH_SP15_GEN-APND,42.46245
2023-07-02 05:00:00-07:00,TH_ZP26_GEN-APND,41.87136
2023-07-02 06:00:00-07:00,TH_NP15_GEN-APND,38.4013
2023-07-02 06:00:00-07:00,TH_SP15_GEN-APND,38.08856
2023-07-02 06:00:00-07:00,TH_ZP26_GEN-APND,37.37845
2023-07-02 07:00:00-07:00,TH_NP15_GEN-APND,31.44009
2023-07-02 07:00:00-07:00,TH_SP15_GEN-APND,27.93524
2023-07-02 07:00:00-07:00,TH_ZP26_GEN-APND,25.18
2023-07-02 08:00:00-07:00,TH_NP15_GEN-APND,26.39264
2023-07-02 08:00:00-07:00,TH_SP15_GEN-APND,22.14944
2023-07-02 08:00:00-07:00,TH_ZP26_GEN-APND,18.48837
2023-07-02 09:00:00-07:00,TH_NP15_GEN-APND,28.97606
2023-07-02 09:00:00-07:00,TH_SP15_GEN-APND,21.5
2023-07-02 09:00:00-07:00,TH_ZP26_GEN-APND,17.43608
2023-07-02 10:00:00-07:00,TH_NP15_GEN-APND,29.22756
2023-07-02 10:00:00-07:00,TH_SP15_GEN-APND,24.28355
2023-07-02 10:00:00-07:00,TH_ZP26_GEN-APND,20.10449
2023-07-02 11:00:00-07:00,TH_NP15_GEN-APND,32.10368
2023-07-02 11:00:00-07:00,TH_SP15_GEN-APND,27.58928
2023-07-02 11:00:00-07:00,TH_ZP26_GEN-APND,24.12989
2023-07-02 12:00:00-07:00,TH_NP15_GEN-APND,35.12557
2023-07-02 12:00:00-07:00,TH_SP15_GEN-APND,30.68
2023-07-02 12:00:00-07:00,TH_ZP26_GEN-APND,27.1618
2023-07-02 13:00:00-07:00,TH_NP15_GEN-APND,37.88492
2023-07-02 13:00:00-07:00,TH_SP15_GEN-APND,34.36046
2023-07-02 13:00:00-07:00,TH_ZP26_GEN-APND,30.95898
2023-07-02 14:00:00-07:00,TH_NP15_GEN-APND,39.65873
2023-07-02 14:00:00-07:00,TH_SP15_GEN-APND,37.60747
2023-07-02 14:00:00-07:00,TH_ZP26_GEN-APND,35.26804
2023-07-02 15:00:00-07:00,TH_NP15_GEN-APND,45.03739
2023-07-02 15:00:00-07:00,TH_SP15_GEN-APND,41.53112
2023-07-02 15:00:00-07:00,TH_ZP26_GEN-APND,38.79811
2023-07-02 16:00:00-07:00,TH_NP15_GEN-APND,47.5363
2023-07-02 16:00:00-07:00,TH_SP15_GEN-APND,46.53595
2023-07-02 16:00:00-07:00,TH_ZP26_GEN-APND,45.07912
2023-07-02 17:00:00-07:00,TH_NP15_GEN-APND,53.48778
2023-07-02 17:00:00-07:00,TH_SP15_GEN-APND,53.90449
2023-07-02 17:00:00-07:00,TH_ZP26_GEN-APND,51.41539
2023-07-02 18:00:00-07:00,TH_NP15_GEN-APND,60.31663
2023-07-02 18:00:00-07:00,TH_SP15_GEN-APND,62.50603
2023-07-02 18:00:00-07:00,TH_ZP26_GEN-APND,59.49561
2023-07-02 19:00:00-07:00,TH_NP15_GEN-APND,89.57801
2023-07-02 19:00:00-07:00,TH_SP15_GEN-APND,93.73847
2023-07-02 19:00:00-07:00,TH_ZP26_GEN-APND,90.1182
2023-07-02 20:00:00-07:00,TH_NP15_GEN-APND,73.81046
2023-07-02 20:00:00-07:00,TH_SP15_GEN-APND,77.56393
2023-07-02 20:00:00-07:00,TH_ZP26_GEN-APND,74.5377
2023-07-02 21:00:00-07:00,TH_NP15_GEN-APND,59.04658
2023-07-02 21:00:00-07:00,TH_SP15_GEN-APND,62.14638
2023-07-02 21:00:00-07:00,TH_ZP26_GEN-APND,59.59765
2023-07-02 22:00:00-07:00,TH_NP15_GEN-APND,53.53576
2023-07-02 22:00:00-07:00,TH_SP15_GEN-APND,55.59589
2023-07-02 22:00:00-07:00,TH_ZP26_GEN-APND,53.83774
2023-07-02 23:00:00-07:00,TH_NP15_GEN-APND,44.46123
2023-07-02 23:00:00-07:00,TH_SP15_GEN-APND,44.93705
2023-07-02 23:00:00-07:00,TH_ZP26_GEN-APND,44.05774
2023-07-03 00:00:00-07:00,TH_NP15_GEN-APND,41.57781
2023-07-03 00:00:00-07:00,TH_SP15_GEN-APND,42.2317
2023-07-03 00:00:00-07:00,TH_ZP26_GEN-APND,41.3197
2023-07-03 01:00:00-07:00,TH_NP15_GEN-APND,40.31346
2023-07-03 01:00:00-07:00,TH_SP15_GEN-APND,41.03595
2023-07-03 01:00:00-07:00,TH_ZP26_GEN-APND,40.05871
2023-07-03 02:00:00-07:00,TH_NP15_GEN-APND,39.83
2023-07-03 02:00:00-07:00,TH_SP15_GEN-APND,40.3026
2023-07-03 02:00:00-07:00,TH_ZP26_GEN-APND,39.46836
2023-07-03 03:00:00-07:00,TH_NP15_GEN-APND,39.81884
2023-07-03 03:00:00-07:00,TH_SP15_GEN-APND,40.30016
2023-07-03 03:00:00-07:00,TH_ZP26_GEN-APND,39.51069
2023-07-03 04:00:00-07:00,TH_NP15_GEN-APND,40.0
2023-07-03 04:00:00-07:00,TH_SP15_GEN-APND,40.50811
2023-07-03 04:00:00-07:00,TH_ZP26_GEN-APND,39.69018
2023-07-03 05:00:00-07:00,TH_NP15_GEN-APND,42.05878
2023-07-03 05:00:00-07:00,TH_SP15_GEN-APND,42.73286
2023-07-03 05:00:00-07:00,TH_ZP26_GEN-APND,41.75
2023-07-03 06:00:00-07:00,TH_NP15_GEN-APND,45.32
2023-07-03 06:00:00-07:00,TH_SP15_GEN-APND,45.70859
2023-07-03 06:00:00-07:00,TH_ZP26_GEN-APND,44.66784
2023-07-03 07:00:00-07:00,TH_NP15_GEN-APND,35.51718
2023-07-03 07:00:00-07:00,TH_SP15_GEN-APND,34.26814
2023-07-03 07:00:00-07:00,TH_ZP26_GEN-APND,33.57
2023-07-03 08:00:00-07:00,TH_NP15_GEN-APND,36.21
2023-07-03 08:00:00-07:00,TH_SP15_GEN-APND,33.91008
2023-07-03 08:00:00-07:00,TH_ZP26_GEN-APND,32.23423
2023-07-03 09:00:00-07:00,TH_NP15_GEN-APND,38.23745
2023-07-03 09:00:00-07:00,TH_SP15_GEN-APND,32.01885
2023-07-03 09:00:00-07:00,TH_ZP26_GEN-APND,30.14501
2023-07-03 10:00:00-07:00,TH_NP15_GEN-APND,37.60078
2023-07-03 10:00:00-07:00,TH_SP15_GEN-APND,33.60524
2023-07-03 10:00:00-07:00,TH_ZP26_GEN-APND,31.58767
2023-07-03 11:00:00-07:00,TH_NP15_GEN-APND,40.88
2023-07-03 11:00:00-07:00,TH_SP15_GEN-APND,33.84602
2023-07-03 11:00:00-07:00,TH_ZP26_GEN-APND,31.11097
2023-07-03 12:00:00-07:00,TH_NP15_GEN-APND,39.98555
2023-07-03 12:00:00-07:00,TH_SP15_GEN-APND,35.63361
2023-07-03 12:00:00-07:00,TH_ZP26_GEN-APND,33.86789
2023-07-03 13:00:00-07:00,TH_NP15_GEN-APND,40.58629
2023-07-03 13:00:00-07:00,TH_SP15_GEN-APND,39.48131
2023-07-03 13:00:00-07:00,TH_ZP26_GEN-APND,36.82426
2023-07-03 14:00:00-07:00,TH_NP15_GEN-APND,44.38972
2023-07-03 14:00:00-07:00,TH_SP15_GEN-APND,43.16114
2023-07-03 14:00:00-07:00,TH_ZP26_GEN-APND,41.60967
2023-07-03 15:00:00-07:00,TH_NP15_GEN-APND,50.63942
2023-07-03 15:00:00-07:00,TH_SP15_GEN-APND,49.11271
2023-07-03 15:00:00-07:00,TH_ZP26_GEN-APND,47.44402
2023-07-03 16:00:00-07:00,TH_NP15_GEN-APND,53.95742
2023-07-03 16:00:00-07:00,TH_SP15_GEN-APND,53.93502
2023-07-03 16:00:00-07:00,TH_ZP26_GEN-APND,51.43176
2023-07-03 17:00:00-07:00,TH_NP15_GEN-APND,60.52366
2023-07-03 17:00:00-07:00,TH_SP15_GEN-APND,60.43635
2023-07-03 17:00:00-07:00,TH_ZP26_GEN-APND,60.48315
2023-07-03 18:00:00-07:00,TH_NP15_GEN-APND,68.97892
2023-07-03 18:00:00-07:00,TH_SP15_GEN-APND,73.22218
2023-07-03 18:00:00-07:00,TH_ZP26_GEN-APND,68.92717
2023-07-03 19:00:00-07:00,TH_NP15_GEN-APND,95.11637
2023-07-03 19:00:00-07:00,TH_SP15_GEN-APND,101.20406
2023-07-03 19:00:00-07:00,TH_ZP26_GEN-APND,96.51887
2023-07-03 20:00:00-07:00,TH_NP15_GEN-APND,73.58792
2023-07-03 20:00:00-07:00,TH_SP15_GEN-APND,83.32567
2023-07-03 20:00:00-07:00,TH_ZP26_GEN-APND,74.49294
2023-07-03 21:00:00-07:00,TH_NP15_GEN-APND,64.31541
2023-07-03 21:00:00-07:00,TH_SP15_GEN-APND,74.01885
2023-07-03 21:00:00-07:00,TH_ZP26_GEN-APND,64.87075
2023-07-03 22:00:00-07:00,TH_NP15_GEN-APND,50.8487
2023-07-03 22:00:00-07:00,TH_SP15_GEN-APND,52.76984
2023-07-03 22:00:00-07:00,TH_ZP26_GEN-APND,50.86476
2023-07-03 23:00:00-07:00,TH_NP15_GEN-APND,48.76449
2023-07-03 23:00:00-07:00,TH_SP15_GEN-APND,50.63
2023-07-03 23:00:00-07:00,TH_ZP26_GEN-APND,48.87724
2023-07-04 00:00:00-07:00,TH_NP15_GEN-APND,41.72512
2023-07-04 00:00:00-07:00,TH_SP15_GEN-APND,42.64758
2023-07-04 00:00:00-07:00,TH_ZP26_GEN-APND,39.49
2023-07-04 01:00:00-07:00,TH_NP15_GEN-APND,41.06755
2023-07-04 01:00:00-07:00,TH_SP15_GEN-APND,41.76
2023-07-04 01:00:00-07:00,TH_ZP26_GEN-APND,39.05
2023-07-04 02:00:00-07:00,TH_NP15_GEN-APND,40.65442
2023-07-04 02:00:00-07:00,TH_SP15_GEN-APND,41.18073
2023-07-04 02:00:00-07:00,TH_ZP26_GEN-APND,38.63
2023-07-04 03:00:00-07:00,TH_NP15_GEN-APND,40.201
2023-07-04 03:00:00-07:00,TH_SP15_GEN-APND,40.31772
2023-07-04 03:00:00-07:00,TH_ZP26_GEN-APND,39.70529
2023-07-04 04:00:00-07:00,TH_NP15_GEN-APND,40.46783
2023-07-04 04:00:00-07:00,TH_SP15_GEN-APND,40.63
2023-07-04 04:00:00-07:00,TH_ZP26_GEN-APND,40.03378
2023-07-04 05:00:00-07:00,TH_NP15_GEN-APND,42.05643
2023-07-04 05:00:00-07:00,TH_SP15_GEN-APND,42.00579
2023-07-04 05:00:00-07:00,TH_ZP26_GEN-APND,41.3455
2023-07-04 06:00:00-07:00,TH_NP15_GEN-APND,38.10947
2023-07-04 06:00:00-07:00,TH_SP15_GEN-APND,37.83825
2023-07-04 06:00:00-07:00,TH_ZP26_GEN-APND,37.26483
2023-07-04 07:00:00-07:00,TH_NP15_GEN-APND,31.12688
2023-07-04 07:00:00-07:00,TH_SP15_GEN-APND,27.50672
2023-07-04 07:00:00-07:00,TH_ZP26_GEN-APND,27.05906
2023-07-04 08:00:00-07:00,TH_NP15_GEN-APND,30.33267
2023-07-04 08:00:00-07:00,TH_SP15_GEN-APND,16.44715
2023-07-04 08:00:00-07:00,TH_ZP26_GEN-APND,13.09
2023-07-04 09:00:00-07:00,TH_NP15_GEN-APND,31.04102
2023-07-04 09:00:00-07:00,TH_SP15_GEN-APND,10.84143
2023-07-04 09:00:00-07:00,TH_ZP26_GEN-APND,7.24634
2023-07-04 10:00:00-07:00,TH_NP15_GEN-APND,34.8701
2023-07-04 10:00:00-07:00,TH_SP15_GEN-APND,12.07286
2023-07-04 10:00:00-07:00,TH_ZP26_GEN-APND,8.91869
2023-07-04 11:00:00-07:00,TH_NP15_GEN-APND,31.70531
2023-07-04 11:00:00-07:00,TH_SP15_GEN-APND,14.27148
2023-07-04 11:00:00-07:00,TH_ZP26_GEN-APND,10.94546
2023-07-04 12:00:00-07:00,TH_NP15_GEN-APND,35.28778
2023-07-04 12:00:00-07:00,TH_SP15_GEN-APND,16.5484
2023-07-04 12:00:00-07:00,TH_ZP26_GEN-APND,12.5274
2023-07-04 13:00:00-07:00,TH_NP15_GEN-APND,33.96809
2023-07-04 13:00:00-07:00,TH_SP15_GEN-APND,19.66381
2023-07-04 13:00:00-07:00,TH_ZP26_GEN-APND,16.22915
2023-07-04 14:00:00-07:00,TH_NP15_GEN-APND,33.16805
2023-07-04 14:00:00-07:00,TH_SP15_GEN-APND,25.30746
2023-07-04 14:00:00-07:00,TH_ZP26_GEN-APND,22.60318
2023-07-04 15:00:00-07:00,TH_NP15_GEN-APND,35.22326
2023-07-04 15:00:00-07:00,TH_SP15_GEN-APND,32.78184
2023-07-04 15:00:00-07:00,TH_ZP26_GEN-APND,30.61894
2023-07-04 16:00:00-07:00,TH_NP15_GEN-APND,37.7444
2023-07-04 16:00:00-07:00,TH_SP15_GEN-APND,34.10629
2023-07-04 16:00:00-07:00,TH_ZP26_GEN-APND,33.14576
2023-07-04 17:00:00-07:00,TH_NP15_GEN-APND,41.39128
2023-07-04 17:00:00-07:00,TH_SP15_GEN-APND,40.49
2023-07-04 17:00:00-07:00,TH_ZP26_GEN-APND,39.1802
2023-07-04 18:00:00-07:00,TH_NP15_GEN-APND,50.43
2023-07-04 18:00:00-07:00,TH_SP15_GEN-APND,51.55172
2023-07-04 18:00:00-07:00,TH_ZP26_GEN-APND,49.33461
2023-07-04 19:00:00-07:00,TH_NP15_GEN-APND,64.57271
2023-07-04 19:00:00-07:00,TH_SP15_GEN-APND,68.02536
2023-07-04 19:00:00-07:00,TH_ZP26_GEN-APND,64.87413
2023-07-04 20:00:00-07:00,TH_NP15_GEN-APND,61.8115
2023-07-04 20:00:00-07:00,TH_SP15_GEN-APND,65.22541
2023-07-04 20:00:00-07:00,TH_ZP26_GEN-APND,62.50085
2023-07-04 21:00:00-07:00,TH_NP15_GEN-APND,54.1616
2023-07-04 21:00:00-07:00,TH_SP15_GEN-APND,57.01493
2023-07-04 21:00:00-07:00,TH_ZP26_GEN-APND,54.76442
2023-07-04 22:00:00-07:00,TH_NP15_GEN-APND,44.42612
2023-07-04 22:00:00-07:00,TH_SP15_GEN-APND,46.30993
2023-07-04 22:00:00-07:00,TH_ZP26_GEN-APND,44.75334
2023-07-04 23:00:00-07:00,TH_NP15_GEN-APND,41.77197
2023-07-04 23:00:00-07:00,TH_SP15_GEN-APND,42.73
2023-07-04 23:00:00-07:00,TH_ZP26_GEN-APND,41.64625
2023-07-05 00:00:00-07:00,TH_NP15_GEN-APND,39.45856
2023-07-05 00:00:00-07:00,TH_SP15_GEN-APND,40.02
2023-07-05 00:00:00-07:00,TH_ZP26_GEN-APND,39.25783
2023-07-05 01:00:00-07:00,TH_NP15_GEN-APND,38.39255
2023-07-05 01:00:00-07:00,TH_SP15_GEN-APND,39.14568
2023-07-05 01:00:00-07:00,TH_ZP26_GEN-APND,38.327
2023-07-05 02:00:00-07:00,TH_NP15_GEN-APND,38.05703
2023-07-05 02:00:00-07:00,TH_SP15_GEN-APND,38.65502
2023-07-05 02:00:00-07:00,TH_ZP26_GEN-APND,37.94784
2023-07-05 03:00:00-07:00,TH_NP15_GEN-APND,37.22334
2023-07-05 03:00:00-07:00,TH_SP15_GEN-APND,37.61068
2023-07-05 03:00:00-07:00,TH_ZP26_GEN-APND,36.97561
2023-07-05 04:00:00-07:00,TH_NP15_GEN-APND,38.20012
2023-07-05 04:00:00-07:00,TH_SP15_GEN-APND,38.59397
2023-07-05 04:00:00-07:00,TH_ZP26_GEN-APND,37.93045
2023-07-05 05:00:00-07:00,TH_NP15_GEN-APND,39.03402
2023-07-05 05:00:00-07:00,TH_SP15_GEN-APND,39.39025
2023-07-05 05:00:00-07:00,TH_ZP26_GEN-APND,38.66845
2023-07-05 06:00:00-07:00,TH_NP15_GEN-APND,40.1222
2023-07-05 06:00:00-07:00,TH_SP15_GEN-APND,39.76793
2023-07-05 06:00:00-07:00,TH_ZP26_GEN-APND,39.09196
2023-07-05 07:00:00-07:00,TH_NP15_GEN-APND,32.31219
2023-07-05 07:00:00-07:00,TH_SP15_GEN-APND,31.0396
2023-07-05 07:00:00-07:00,TH_ZP26_GEN-APND,29.70693
2023-07-05 08:00:00-07:00,TH_NP15_GEN-APND,29.88294
2023-07-05 08:00:00-07:00,TH_SP15_GEN-APND,23.6835
2023-07-05 08:00:00-07:00,TH_ZP26_GEN-APND,21.56315
2023-07-05 09:00:00-07:00,TH_NP15_GEN-APND,31.55275
2023-07-05 09:00:00-07:00,TH_SP15_GEN-APND,22.16157
2023-07-05 09:00:00-07:00,TH_ZP26_GEN-APND,19.11571
2023-07-05 10:00:00-07:00,TH_NP15_GEN-APND,32.79352
2023-07-05 10:00:00-07:00,TH_SP15_GEN-APND,21.35835
2023-07-05 10:00:00-07:00,TH_ZP26_GEN-APND,18.77
2023-07-05 11:00:00-07:00,TH_NP15_GEN-APND,31.35233
2023-07-05 11:00:00-07:00,TH_SP15_GEN-APND,21.51774
2023-07-05 11:00:00-07:00,TH_ZP26_GEN-APND,18.64
2023-07-05 12:00:00-07:00,TH_NP15_GEN-APND,32.08061
2023-07-05 12:00:00-07:00,TH_SP15_GEN-APND,22.92534
2023-07-05 12:00:00-07:00,TH_ZP26_GEN-APND,19.09596
2023-07-05 13:00:00-07:00,TH_NP15_GEN-APND,34.77087
2023-07-05 13:00:00-07:00,TH_SP15_GEN-APND,27.66004
2023-07-05 13:00:00-07:00,TH_ZP26_GEN-APND,25.21
2023-07-05 14:00:00-07:00,TH_NP15_GEN-APND,34.07622
2023-07-05 14:00:00-07:00,TH_SP15_GEN-APND,31.63719
2023-07-05 14:00:00-07:00,TH_ZP26_GEN-APND,30.80819
2023-07-05 15:00:00-07:00,TH_NP15_GEN-APND,38.15502
2023-07-05 15:00:00-07:00,TH_SP15_GEN-APND,36.1216
2023-07-05 15:00:00-07:00,TH_ZP26_GEN-APND,35.07361
2023-07-05 16:00:00-07:00,TH_NP15_GEN-APND,39.07586
2023-07-05 16:00:00-07:00,TH_SP15_GEN-APND,37.95929
2023-07-05 16:00:00-07:00,TH_ZP26_GEN-APND,37.00731
2023-07-05 17:00:00-07:00,TH_NP15_GEN-APND,46.68813
2023-07-05 17:00:00-07:00,TH_SP15_GEN-APND,45.97617
2023-07-05 17:00:00-07:00,TH_ZP26_GEN-APND,44.67649
2023-07-05 18:00:00-07:00,TH_NP15_GEN-APND,55.9879
2023-07-05 18:00:00-07:00,TH_SP15_GEN-APND,56.92638
2023-07-05 18:00:00-07:00,TH_ZP26_GEN-APND,54.6822
2023-07-05 19:00:00-07:00,TH_NP15_GEN-APND,67.75357
2023-07-05 19:00:00-07:00,TH_SP15_GEN-APND,70.76992
2023-07-05 19:00:00-07:00,TH_ZP26_GEN-APND,67.76786
2023-07-05 20:00:00-07:00,TH_NP15_GEN-APND,67.85795
2023-07-05 20:00:00-07:00,TH_SP15_GEN-APND,71.03879
2023-07-05 20:00:00-07:00,TH_ZP26_GEN-APND,68.20899
2023-07-05 21:00:00-07:00,TH_NP15_GEN-APND,60.59867
2023-07-05 21:00:00-07:00,TH_SP15_GEN-APND,63.56329
2023-07-05 21:00:00-07:00,TH_ZP26_GEN-APND,60.93163
2023-07-05 22:00:00-07:00,TH_NP15_GEN-APND,44.46458
2023-07-05 22:00:00-07:00,TH_SP15_GEN-APND,45.51394
2023-07-05 22:00:00-07:00,TH_ZP26_GEN-APND,44.2314
2023-07-05 23:00:00-07:00,TH_NP15_GEN-APND,42.55147
2023-07-05 23:00:00-07:00,TH_SP15_GEN-APND,43.75973
2023-07-05 23:00:00-07:00,TH_ZP26_GEN-APND,42.3806
2023-07-06 00:00:00-07:00,TH_NP15_GEN-APND,39.64004
2023-07-06 00:00:00-07:00,TH_SP15_GEN-APND,38.97256
2023-07-06 00:00:00-07:00,TH_ZP26_GEN-APND,38.80369
2023-07-06 01:00:00-07:00,TH_NP15_GEN-APND,38.86395
2023-07-06 01:00:00-07:00,TH_SP15_GEN-APND,38.21695
2023-07-06 01:00:00-07:00,TH_ZP26_GEN-APND,38.0003
2023-07-06 02:00:00-07:00,TH_NP15_GEN-APND,38.20252
2023-07-06 02:00:00-07:00,TH_SP15_GEN-APND,37.71462
2023-07-06 02:00:00-07:00,TH_ZP26_GEN-APND,37.41986
2023-07-06 03:00:00-07:00,TH_NP15_GEN-APND,37.2516
2023-07-06 03:00:00-07:00,TH_SP15_GEN-APND,36.73194
2023-07-06 03:00:00-07:00,TH_ZP26_GEN-APND,36.42235
2023-07-06 04:00:00-07:00,TH_NP15_GEN-APND,38.2809
2023-07-06 04:00:00-07:00,TH_SP15_GEN-APND,37.62506
2023-07-06 04:00:00-07:00,TH_ZP26_GEN-APND,37.36948
2023-07-06 05:00:00-07:00,TH_NP15_GEN-APND,40.2297
2023-07-06 05:00:00-07:00,TH_SP15_GEN-APND,39.78031
2023-07-06 05:00:00-07:00,TH_ZP26_GEN-APND,39.35985
2023-07-06 06:00:00-07:00,TH_NP15_GEN-APND,38.31458
2023-07-06 06:00:00-07:00,TH_SP15_GEN-APND,37.43
2023-07-06 06:00:00-07:00,TH_ZP26_GEN-APND,37.09039
2023-07-06 07:00:00-07:00,TH_NP15_GEN-APND,34.15679
2023-07-06 07:00:00-07:00,TH_SP15_GEN-APND,27.60451
2023-07-06 07:00:00-07:00,TH_ZP26_GEN-APND,26.88004
2023-07-06 08:00:00-07:00,TH_NP15_GEN-APND,36.4
2023-07-06 08:00:00-07:00,TH_SP15_GEN-APND,17.82641
2023-07-06 08:00:00-07:00,TH_ZP26_GEN-APND,14.64
2023-07-06 09:00:00-07:00,TH_NP15_GEN-APND,37.46006
2023-07-06 09:00:00-07:00,TH_SP15_GEN-APND,14.08028
2023-07-06 09:00:00-07:00,TH_ZP26_GEN-APND,10.88
2023-07-06 10:00:00-07:00,TH_NP15_GEN-APND,35.81696
2023-07-06 10:00:00-07:00,TH_SP15_GEN-APND,15.61567
2023-07-06 10:00:00-07:00,TH_ZP26_GEN-APND,12.32371
2023-07-06 11:00:00-07:00,TH_NP15_GEN-APND,33.38675
2023-07-06 11:00:00-07:00,TH_SP15_GEN-APND,14.59975
2023-07-06 11:00:00-07:00,TH_ZP26_GEN-APND,11.04726
2023-07-06 12:00:00-07:00,TH_NP15_GEN-APND,33.25939
2023-07-06 12:00:00-07:00,TH_SP15_GEN-APND,15.64736
2023-07-06 12:00:00-07:00,TH_ZP26_GEN-APND,12.41396
2023-07-06 13:00:00-07:00,TH_NP15_GEN-APND,36.0
2023-07-06 13:00:00-07:00,TH_SP15_GEN-APND,16.66
2023-07-06 13:00:00-07:00,TH_ZP26_GEN-APND,13.20445
2023-07-06 14:00:00-07:00,TH_NP15_GEN-APND,36.0
2023-07-06 14:00:00-07:00,TH_SP15_GEN-APND,20.97464
2023-07-06 14:00:00-07:00,TH_ZP26_GEN-APND,18.70862
2023-07-06 15:00:00-07:00,TH_NP15_GEN-APND,34.25799
2023-07-06 15:00:00-07:00,TH_SP15_GEN-APND,27.84426
2023-07-06 15:00:00-07:00,TH_ZP26_GEN-APND,26.56152
2023-07-06 16:00:00-07:00,TH_NP15_GEN-APND,33.02013
2023-07-06 16:00:00-07:00,TH_SP15_GEN-APND,30.0
2023-07-06 16:00:00-07:00,TH_ZP26_GEN-APND,29.10977
2023-07-06 17:00:00-07:00,TH_NP15_GEN-APND,38.48644
2023-07-06 17:00:00-07:00,TH_SP15_GEN-APND,37.38617
2023-07-06 17:00:00-07:00,TH_ZP26_GEN-APND,36.14606
2023-07-06 18:00:00-07:00,TH_NP15_GEN-APND,45.35184
2023-07-06 18:00:00-07:00,TH_SP15_GEN-APND,45.70067
2023-07-06 18:00:00-07:00,TH_ZP26_GEN-APND,43.91659
2023-07-06 19:00:00-07:00,TH_NP15_GEN-APND,58.70925
2023-07-06 19:00:00-07:00,TH_SP15_GEN-APND,59.28644
2023-07-06 19:00:00-07:00,TH_ZP26_GEN-APND,57.78575
2023-07-06 20:00:00-07:00,TH_NP15_GEN-APND,58.69925
2023-07-06 20:00:00-07:00,TH_SP15_GEN-APND,59.83916
2023-07-06 20:00:00-07:00,TH_ZP26_GEN-APND,58.29685
2023-07-06 21:00:00-07:00,TH_NP15_GEN-APND,53.67872
2023-07-06 21:00:00-07:00,TH_SP15_GEN-APND,55.16289
2023-07-06 21:00:00-07:00,TH_ZP26_GEN-APND,53.3932
2023-07-06 22:00:00-07:00,TH_NP15_GEN-APND,44.5229
2023-07-06 22:00:00-07:00,TH_SP15_GEN-APND,44.90787
2023-07-06 22:00:00-07:00,TH_ZP26_GEN-APND,43.8325
2023-07-06 23:00:00-07:00,TH_NP15_GEN-APND,42.09924
2023-07-06 23:00:00-07:00,TH_SP15_GEN-APND,41.91515
2023-07-06 23:00:00-07:00,TH_ZP26_GEN-APND,41.38986
2023-07-07 00:00:00-07:00,TH_NP15_GEN-APND,40.0
2023-07-07 00:00:00-07:00,TH_SP15_GEN-APND,39.80952
2023-07-07 00:00:00-07:00,TH_ZP26_GEN-APND,39.39232
2023-07-07 01:00:00-07:00,TH_NP15_GEN-APND,37.83199
2023-07-07 01:00:00-07:00,TH_SP15_GEN-APND,37.36637
2023-07-07 01:00:00-07:00,TH_ZP26_GEN-APND,37.15098
2023-07-07 02:00:00-07:00,TH_NP15_GEN-APND,36.67898
2023-07-07 02:00:00-07:00,TH_SP15_GEN-APND,36.29559
2023-07-07 02:00:00-07:00,TH_ZP26_GEN-APND,36.06802
2023-07-07 03:00:00-07:00,TH_NP15_GEN-APND,36.14542
2023-07-07 03:00:00-07:00,TH_SP15_GEN-APND,35.638
2023-07-07 03:00:00-07:00,TH_ZP26_GEN-APND,35.462
2023-07-07 04:00:00-07:00,TH_NP15_GEN-APND,36.63565
2023-07-07 04:00:00-07:00,TH_SP15_GEN-APND,36.17276
2023-07-07 04:00:00-07:00,TH_ZP26_GEN-APND,35.94215
2023-07-07 05:00:00-07:00,TH_NP15_GEN-APND,37.69846
2023-07-07 05:00:00-07:00,TH_SP15_GEN-APND,37.41689
2023-07-07 05:00:00-07:00,TH_ZP26_GEN-APND,37.01373
2023-07-07 06:00:00-07:00,TH_NP15_GEN-APND,37.60784
2023-07-07 06:00:00-07:00,TH_SP15_GEN-APND,36.91933
2023-07-07 06:00:00-07:00,TH_ZP26_GEN-APND,36.5582
2023-07-07 07:00:00-07:00,TH_NP15_GEN-APND,31.98502
2023-07-07 07:00:00-07:00,TH_SP15_GEN-APND,28.50435
2023-07-07 07:00:00-07:00,TH_ZP26_GEN-APND,28.35179
2023-07-07 08:00:00-07:00,TH_NP15_GEN-APND,26.68734
2023-07-07 08:00:00-07:00,TH_SP15_GEN-APND,19.27667
2023-07-07 08:00:00-07:00,TH_ZP26_GEN-APND,16.4194
2023-07-07 09:00:00-07:00,TH_NP15_GEN-APND,24.98679
2023-07-07 09:00:00-07:00,TH_SP15_GEN-APND,17.81428
2023-07-07 09:00:00-07:00,TH_ZP26_GEN-APND,14.87
2023-07-07 10:00:00-07:00,TH_NP15_GEN-APND,26.15591
2023-07-07 10:00:00-07:00,TH_SP15_GEN-APND,17.51789
2023-07-07 10:00:00-07:00,TH_ZP26_GEN-APND,14.68121
2023-07-07 11:00:00-07:00,TH_NP15_GEN-APND,29.87484
2023-07-07 11:00:00-07:00,TH_SP15_GEN-APND,16.25646
2023-07-07 11:00:00-07:00,TH_ZP26_GEN-APND,13.18375
2023-07-07 12:00:00-07:00,TH_NP15_GEN-APND,30.52429
2023-07-07 12:00:00-07:00,TH_SP15_GEN-APND,16.39299
2023-07-07 12:00:00-07:00,TH_ZP26_GEN-APND,12.84456
2023-07-07 13:00:00-07:00,TH_NP15_GEN-APND,32.14804
2023-07-07 13:00:00-07:00,TH_SP15_GEN-APND,17.68
2023-07-07 13:00:00-07:00,TH_ZP26_GEN-APND,12.92313
2023-07-07 14:00:00-07:00,TH_NP15_GEN-APND,34.5902
2023-07-07 14:00:00-07:00,TH_SP15_GEN-APND,21.32273
2023-07-07 14:00:00-07:00,TH_ZP26_GEN-APND,19.55299
2023-07-07 15:00:00-07:00,TH_NP15_GEN-APND,31.54
2023-07-07 15:00:00-07:00,TH_SP15_GEN-APND,27.99091
2023-07-07 15:00:00-07:00,TH_ZP26_GEN-APND,27.07816
2023-07-07 16:00:00-07:00,TH_NP15_GEN-APND,30.0
2023-07-07 16:00:00-07:00,TH_SP15_GEN-APND,26.1484
2023-07-07 16:00:00-07:00,TH_ZP26_GEN-APND,25.41223
2023-07-07 17:00:00-07:00,TH_NP15_GEN-APND,32.95356
2023-07-07 17:00:00-07:00,TH_SP15_GEN-APND,31.92306
2023-07-07 17:00:00-07:00,TH_ZP26_GEN-APND,31.11332
2023-07-07 18:00:00-07:00,TH_NP15_GEN-APND,41.34908
2023-07-07 18:00:00-07:00,TH_SP15_GEN-APND,41.69817
2023-07-07 18:00:00-07:00,TH_ZP26_GEN-APND,40.24055
2023-07-07 19:00:00-07:00,TH_NP15_GEN-APND,51.58482
2023-07-07 19:00:00-07:00,TH_SP15_GEN-APND,52.79117
2023-07-07 19:00:00-07:00,TH_ZP26_GEN-APND,51.1052
2023-07-07 20:00:00-07:00,TH_NP15_GEN-APND,52.37923
2023-07-07 20:00:00-07:00,TH_SP15_GEN-APND,53.80975
2023-07-07 20:00:00-07:00,TH_ZP26_GEN-APND,52.19917
2023-07-07 21:00:00-07:00,TH_NP15_GEN-APND,49.55194
2023-07-07 21:00:00-07:00,TH_SP15_GEN-APND,50.67999
2023-07-07 21:00:00-07:00,TH_ZP26_GEN-APND,49.22728
2023-07-07 22:00:00-07:00,TH_NP15_GEN-APND,42.1262
2023-07-07 22:00:00-07:00,TH_SP15_GEN-APND,42.00913
2023-07-07 22:00:00-07:00,TH_ZP26_GEN-APND,41.4135
2023-07-07 23:00:00-07:00,TH_NP15_GEN-APND,39.46989
2023-07-07 23:00:00-07:00,TH_SP15_GEN-APND,39.43346
2023-07-07 23:00:00-07:00,TH_ZP26_GEN-APND,38.96026
2023-07-08 00:00:00-07:00,TH_NP15_GEN-APND,33.56175
2023-07-08 00:00:00-07:00,TH_SP15_GEN-APND,33.33876
2023-07-08 00:00:00-07:00,TH_ZP26_GEN-APND,33.07517
2023-07-08 01:00:00-07:00,TH_NP15_GEN-APND,32.75899
2023-07-08 01:00:00-07:00,TH_SP15_GEN-APND,32.08
2023-07-08 01:00:00-07:00,TH_ZP26_GEN-APND,31.99061
2023-07-08 02:00:00-07:00,TH_NP15_GEN-APND,32.00934
2023-07-08 02:00:00-07:00,TH_SP15_GEN-APND,31.42206
2023-07-08 02:00:00-07:00,TH_ZP26_GEN-APND,31.41558
2023-07-08 03:00:00-07:00,TH_NP15_GEN-APND,31.35165
2023-07-08 03:00:00-07:00,TH_SP15_GEN-APND,30.72428
2023-07-08 03:00:00-07:00,TH_ZP26_GEN-APND,30.68002
2023-07-08 04:00:00-07:00,TH_NP15_GEN-APND,31.37738
2023-07-08 04:00:00-07:00,TH_SP15_GEN-APND,30.80449
2023-07-08 04:00:00-07:00,TH_ZP26_GEN-APND,30.72532
2023-07-08 05:00:00-07:00,TH_NP15_GEN-APND,32.855
2023-07-08 05:00:00-07:00,TH_SP15_GEN-APND,32.20027
2023-07-08 05:00:00-07:00,TH_ZP26_GEN-APND,32.0844
2023-07-08 06:00:00-07:00,TH_NP15_GEN-APND,31.51898
2023-07-08 06:00:00-07:00,TH_SP15_GEN-APND,30.82246
2023-07-08 06:00:00-07:00,TH_ZP26_GEN-APND,30.51854
2023-07-08 07:00:00-07:00,TH_NP15_GEN-APND,27.23493
2023-07-08 07:00:00-07:00,TH_SP15_GEN-APND,19.22864
2023-07-08 07:00:00-07:00,TH_ZP26_GEN-APND,18.39335
2023-07-08 08:00:00-07:00,TH_NP15_GEN-APND,27.29745
2023-07-08 08:00:00-07:00,TH_SP15_GEN-APND,10.0
2023-07-08 08:00:00-07:00,TH_ZP26_GEN-APND,6.47122
2023-07-08 09:00:00-07:00,TH_NP15_GEN-APND,29.89908
2023-07-08 09:00:00-07:00,TH_SP15_GEN-APND,9.88251
2023-07-08 09:00:00-07:00,TH_ZP26_GEN-APND,6.51413
2023-07-08 10:00:00-07:00,TH_NP15_GEN-APND,26.95354
2023-07-08 10:00:00-07:00,TH_SP15_GEN-APND,10.61
2023-07-08 10:00:00-07:00,TH_ZP26_GEN-APND,7.33371
2023-07-08 11:00:00-07:00,TH_NP15_GEN-APND,26.04139
2023-07-08 11:00:00-07:00,TH_SP15_GEN-APND,10.86023
2023-07-08 11:00:00-07:00,TH_ZP26_GEN-APND,7.03721
2023-07-08 12:00:00-07:00,TH_NP15_GEN-APND,26.0
2023-07-08 12:00:00-07:00,TH_SP15_GEN-APND,12.64784
2023-07-08 12:00:00-07:00,TH_ZP26_GEN-APND,8.37087
2023-07-08 13:00:00-07:00,TH_NP15_GEN-APND,28.0
2023-07-08 13:00:00-07:00,TH_SP15_GEN-APND,13.48036
2023-07-08 13:00:00-07:00,TH_ZP26_GEN-APND,9.31952
2023-07-08 14:00:00-07:00,TH_NP15_GEN-APND,25.0
2023-07-08 14:00:00-07:00,TH_SP15_GEN-APND,17.55281
2023-07-08 14:00:00-07:00,TH_ZP26_GEN-APND,16.24372
2023-07-08 15:00:00-07:00,TH_NP15_GEN-APND,24.69714
2023-07-08 15:00:00-07:00,TH_SP15_GEN-APND,23.7601
2023-07-08 15:00:00-07:00,TH_ZP26_GEN-APND,22.97024
2023-07-08 16:00:00-07:00,TH_NP15_GEN-APND,25.76267
2023-07-08 16:00:00-07:00,TH_SP15_GEN-APND,23.48041
2023-07-08 16:00:00-07:00,TH_ZP26_GEN-APND,22.8764
2023-07-08 17:00:00-07:00,TH_NP15_GEN-APND,30.31938
2023-07-08 17:00:00-07:00,TH_SP15_GEN-APND,29.5226
2023-07-08 17:00:00-07:00,TH_ZP26_GEN-APND,28.68408
2023-07-08 18:00:00-07:00,TH_NP15_GEN-APND,37.68057
2023-07-08 18:00:00-07:00,TH_SP15_GEN-APND,38.11
2023-07-08 18:00:00-07:00,TH_ZP26_GEN-APND,36.61908
2023-07-08 19:00:00-07:00,TH_NP15_GEN-APND,48.79215
2023-07-08 19:00:00-07:00,TH_SP15_GEN-APND,50.17271
2023-07-08 19:00:00-07:00,TH_ZP26_GEN-APND,48.51671
2023-07-08 20:00:00-07:00,TH_NP15_GEN-APND,50.39419
2023-07-08 20:00:00-07:00,TH_SP15_GEN-APND,51.66038
2023-07-08 20:00:00-07:00,TH_ZP26_GEN-APND,50.26189
2023-07-08 21:00:00-07:00,TH_NP15_GEN-APND,46.01251
2023-07-08 21:00:00-07:00,TH_SP15_GEN-APND,47.0713
2023-07-08 21:00:00-07:00,TH_ZP26_GEN-APND,45.76722
2023-07-08 22:00:00-07:00,TH_NP15_GEN-APND,37.80244
2023-07-08 22:00:00-07:00,TH_SP15_GEN-APND,38.01495
2023-07-08 22:00:00-07:00,TH_ZP26_GEN-APND,37.3459
2023-07-08 23:00:00-07:00,TH_NP15_GEN-APND,36.44653
2023-07-08 23:00:00-07:00,TH_SP15_GEN-APND,36.95982
2023-07-08 23:00:00-07:00,TH_ZP26_GEN-APND,36.22951
2023-07-09 00:00:00-07:00,TH_NP15_GEN-APND,32.58332
2023-07-09 00:00:00-07:00,TH_SP15_GEN-APND,33.10903
2023-07-09 00:00:00-07:00,TH_ZP26_GEN-APND,32.25473
2023-07-09 01:00:00-07:00,TH_NP15_GEN-APND,32.40116
2023-07-09 01:00:00-07:00,TH_SP15_GEN-APND,32.78557
2023-07-09 01:00:00-07:00,TH_ZP26_GEN-APND,32.14873
2023-07-09 02:00:00-07:00,TH_NP15_GEN-APND,31.20371
2023-07-09 02:00:00-07:00,TH_SP15_GEN-APND,31.88868
2023-07-09 02:00:00-07:00,TH_ZP26_GEN-APND,31.05655
2023-07-09 03:00:00-07:00,TH_NP15_GEN-APND,31.30427
2023-07-09 03:00:00-07:00,TH_SP15_GEN-APND,31.69792
2023-07-09 03:00:00-07:00,TH_ZP26_GEN-APND,30.97459
2023-07-09 04:00:00-07:00,TH_NP15_GEN-APND,31.81009
2023-07-09 04:00:00-07:00,TH_SP15_GEN-APND,31.84056
2023-07-09 04:00:00-07:00,TH_ZP26_GEN-APND,31.23092
2023-07-09 05:00:00-07:00,TH_NP15_GEN-APND,33.5886
2023-07-09 05:00:00-07:00,TH_SP15_GEN-APND,33.90654
2023-07-09 05:00:00-07:00,TH_ZP26_GEN-APND,33.13946
2023-07-09 06:00:00-07:00,TH_NP15_GEN-APND,30.43812
2023-07-09 06:00:00-07:00,TH_SP15_GEN-APND,30.55035
2023-07-09 06:00:00-07:00,TH_ZP26_GEN-APND,29.73088
2023-07-09 07:00:00-07:00,TH_NP15_GEN-APND,23.05053
2023-07-09 07:00:00-07:00,TH_SP15_GEN-APND,19.96072
2023-07-09 07:00:00-07:00,TH_ZP26_GEN-APND,19.58859
2023-07-09 08:00:00-07:00,TH_NP15_GEN-APND,26.33
2023-07-09 08:00:00-07:00,TH_SP15_GEN-APND,10.68931
2023-07-09 08:00:00-07:00,TH_ZP26_GEN-APND,7.91017
2023-07-09 09:00:00-07:00,TH_NP15_GEN-APND,30.0
2023-07-09 09:00:00-07:00,TH_SP15_GEN-APND,9.51758
2023-07-09 09:00:00-07:00,TH_ZP26_GEN-APND,4.87216
2023-07-09 10:00:00-07:00,TH_NP15_GEN-APND,29.27
2023-07-09 10:00:00-07:00,TH_SP15_GEN-APND,9.43297
2023-07-09 10:00:00-07:00,TH_ZP26_GEN-APND,4.26314
2023-07-09 11:00:00-07:00,TH_NP15_GEN-APND,27.39
2023-07-09 11:00:00-07:00,TH_SP15_GEN-APND,9.79444
2023-07-09 11:00:00-07:00,TH_ZP26_GEN-APND,4.81851
2023-07-09 12:00:00-07:00,TH_NP15_GEN-APND,26.24522
2023-07-09 12:00:00-07:00,TH_SP15_GEN-APND,11.25804
2023-07-09 12:00:00-07:00,TH_ZP26_GEN-APND,9.84199
2023-07-09 13:00:00-07:00,TH_NP15_GEN-APND,24.96601
2023-07-09 13:00:00-07:00,TH_SP15_GEN-APND,12.85706
2023-07-09 13:00:00-07:00,TH_ZP26_GEN-APND,11.58958
2023-07-09 14:00:00-07:00,TH_NP15_GEN-APND,21.62967
2023-07-09 14:00:00-07:00,TH_SP15_GEN-APND,17.24829
2023-07-09 14:00:00-07:00,TH_ZP26_GEN-APND,16.66
2023-07-09 15:00:00-07:00,TH_NP15_GEN-APND,24.54346
2023-07-09 15:00:00-07:00,TH_SP15_GEN-APND,21.49
2023-07-09 15:00:00-07:00,TH_ZP26_GEN-APND,20.55459
2023-07-09 16:00:00-07:00,TH_NP15_GEN-APND,25.97697
2023-07-09 16:00:00-07:00,TH_SP15_GEN-APND,24.21545
2023-07-09 16:00:00-07:00,TH_ZP26_GEN-APND,23.10637
2023-07-09 17:00:00-07:00,TH_NP15_GEN-APND,28.64908
2023-07-09 17:00:00-07:00,TH_SP15_GEN-APND,28.47185
2023-07-09 17:00:00-07:00,TH_ZP26_GEN-APND,26.86445
2023-07-09 18:00:00-07:00,TH_NP15_GEN-APND,37.43417
2023-07-09 18:00:00-07:00,TH_SP15_GEN-APND,39.46913
2023-07-09 18:00:00-07:00,TH_ZP26_GEN-APND,36.81905
2023-07-09 19:00:00-07:00,TH_NP15_GEN-APND,50.41338
2023-07-09 19:00:00-07:00,TH_SP15_GEN-APND,53.97815
2023-07-09 19:00:00-07:00,TH_ZP26_GEN-APND,50.36636
2023-07-09 20:00:00-07:00,TH_NP15_GEN-APND,52.43
2023-07-09 20:00:00-07:00,TH_SP15_GEN-APND,55.71485
2023-07-09 20:00:00-07:00,TH_ZP26_GEN-APND,52.81268
2023-07-09 21:00:00-07:00,TH_NP15_GEN-APND,47.14407
2023-07-09 21:00:00-07:00,TH_SP15_GEN-APND,49.92455
2023-07-09 21:00:00-07:00,TH_ZP26_GEN-APND,47.35829
2023-07-09 22:00:00-07:00,TH_NP15_GEN-APND,38.00245
2023-07-09 22:00:00-07:00,TH_SP15_GEN-APND,39.36584
2023-07-09 22:00:00-07:00,TH_ZP26_GEN-APND,37.85544
2023-07-09 23:00:00-07:00,TH_NP15_GEN-APND,35.13627
2023-07-09 23:00:00-07:00,TH_SP15_GEN-APND,35.94389
2023-07-09 23:00:00-07:00,TH_ZP26_GEN-APND,34.87622
2023-07-10 00:00:00-07:00,TH_NP15_GEN-APND,34.9881
2023-07-10 00:00:00-07:00,TH_SP15_GEN-APND,35.79543
2023-07-10 00:00:00-07:00,TH_ZP26_GEN-APND,34.88912
2023-07-10 01:00:00-07:00,TH_NP15_GEN-APND,33.67
2023-07-10 01:00:00-07:00,TH_SP15_GEN-APND,34.18949
2023-07-10 01:00:00-07:00,TH_ZP26_GEN-APND,33.45046
2023-07-10 02:00:00-07:00,TH_NP15_GEN-APND,33.49372
2023-07-10 02:00:00-07:00,TH_SP15_GEN-APND,34.10726
2023-07-10 02:00:00-07:00,TH_ZP26_GEN-APND,33.30989
2023-07-10 03:00:00-07:00,TH_NP15_GEN-APND,33.47637
2023-07-10 03:00:00-07:00,TH_SP15_GEN-APND,34.03674
2023-07-10 03:00:00-07:00,TH_ZP26_GEN-APND,33.26161
2023-07-10 04:00:00-07:00,TH_NP15_GEN-APND,34.52716
2023-07-10 04:00:00-07:00,TH_SP15_GEN-APND,35.30006
2023-07-10 04:00:00-07:00,TH_ZP26_GEN-APND,34.3984
2023-07-10 05:00:00-07:00,TH_NP15_GEN-APND,37.41808
2023-07-10 05:00:00-07:00,TH_SP15_GEN-APND,37.94072
2023-07-10 05:00:00-07:00,TH_ZP26_GEN-APND,37.07546
2023-07-10 06:00:00-07:00,TH_NP15_GEN-APND,38.15696
2023-07-10 06:00:00-07:00,TH_SP15_GEN-APND,39.39758
2023-07-10 06:00:00-07:00,TH_ZP26_GEN-APND,37.98188
2023-07-10 07:00:00-07:00,TH_NP15_GEN-APND,33.47945
2023-07-10 07:00:00-07:00,TH_SP15_GEN-APND,29.86874
2023-07-10 07:00:00-07:00,TH_ZP26_GEN-APND,28.76131
2023-07-10 08:00:00-07:00,TH_NP15_GEN-APND,28.52147
2023-07-10 08:00:00-07:00,TH_SP15_GEN-APND,24.75528
2023-07-10 08:00:00-07:00,TH_ZP26_GEN-APND,23.69862
2023-07-10 09:00:00-07:00,TH_NP15_GEN-APND,29.36296
2023-07-10 09:00:00-07:00,TH_SP15_GEN-APND,23.48
2023-07-10 09:00:00-07:00,TH_ZP26_GEN-APND,22.20303
2023-07-10 10:00:00-07:00,TH_NP15_GEN-APND,28.17321
2023-07-10 10:00:00-07:00,TH_SP15_GEN-APND,24.36241
2023-07-10 10:00:00-07:00,TH_ZP26_GEN-APND,23.20783
2023-07-10 11:00:00-07:00,TH_NP15_GEN-APND,28.57601
2023-07-10 11:00:00-07:00,TH_SP15_GEN-APND,24.43336
2023-07-10 11:00:00-07:00,TH_ZP26_GEN-APND,23.28188
2023-07-10 12:00:00-07:00,TH_NP15_GEN-APND,30.01818
2023-07-10 12:00:00-07:00,TH_SP15_GEN-APND,26.43322
2023-07-10 12:00:00-07:00,TH_ZP26_GEN-APND,25.1235
2023-07-10 13:00:00-07:00,TH_NP15_GEN-APND,32.22473
2023-07-10 13:00:00-07:00,TH_SP15_GEN-APND,29.68537
2023-07-10 13:00:00-07:00,TH_ZP26_GEN-APND,28.12681
2023-07-10 14:00:00-07:00,TH_NP15_GEN-APND,34.36594
2023-07-10 14:00:00-07:00,TH_SP15_GEN-APND,33.8939
2023-07-10 14:00:00-07:00,TH_ZP26_GEN-APND,32.11174
2023-07-10 15:00:00-07:00,TH_NP15_GEN-APND,36.91017
2023-07-10 15:00:00-07:00,TH_SP15_GEN-APND,37.55539
2023-07-10 15:00:00-07:00,TH_ZP26_GEN-APND,35.35078
2023-07-10 16:00:00-07:00,TH_NP15_GEN-APND,37.63271
2023-07-10 16:00:00-07:00,TH_SP15_GEN-APND,38.84934
2023-07-10 16:00:00-07:00,TH_ZP26_GEN-APND,36.35258
2023-07-10 17:00:00-07:00,TH_NP15_GEN-APND,45.08359
2023-07-10 17:00:00-07:00,TH_SP15_GEN-APND,45.0
2023-07-10 17:00:00-07:00,TH_ZP26_GEN-APND,44.95642
2023-07-10 18:00:00-07:00,TH_NP15_GEN-APND,50.28
2023-07-10 18:00:00-07:00,TH_SP15_GEN-APND,58.66867
2023-07-10 18:00:00-07:00,TH_ZP26_GEN-APND,49.42601
2023-07-10 19:00:00-07:00,TH_NP15_GEN-APND,56.07259
2023-07-10 19:00:00-07:00,TH_SP15_GEN-APND,78.14167
2023-07-10 19:00:00-07:00,TH_ZP26_GEN-APND,56.33
2023-07-10 20:00:00-07:00,TH_NP15_GEN-APND,56.22478
2023-07-10 20:00:00-07:00,TH_SP15_GEN-APND,74.39
2023-07-10 20:00:00-07:00,TH_ZP26_GEN-APND,57.00162
2023-07-10 21:00:00-07:00,TH_NP15_GEN-APND,52.38365
2023-07-10 21:00:00-07:00,TH_SP15_GEN-APND,64.99453
2023-07-10 21:00:00-07:00,TH_ZP26_GEN-APND,53.48373
2023-07-10 22:00:00-07:00,TH_NP15_GEN-APND,51.11744
2023-07-10 22:00:00-07:00,TH_SP15_GEN-APND,54.8583
2023-07-10 22:00:00-07:00,TH_ZP26_GEN-APND,52.63387
2023-07-10 23:00:00-07:00,TH_NP15_GEN-APND,42.79778
2023-07-10 23:00:00-07:00,TH_SP15_GEN-APND,46.0936
2023-07-10 23:00:00-07:00,TH_ZP26_GEN-APND,44.24378
2023-07-11 00:00:00-07:00,TH_NP15_GEN-APND,38.75664
2023-07-11 00:00:00-07:00,TH_SP15_GEN-APND,40.10517
2023-07-11 00:00:00-07:00,TH_ZP26_GEN-APND,39.04894
2023-07-11 01:00:00-07:00,TH_NP15_GEN-APND,38.07545
2023-07-11 01:00:00-07:00,TH_SP15_GEN-APND,38.7485
2023-07-11 01:00:00-07:00,TH_ZP26_GEN-APND,37.96061
2023-07-11 02:00:00-07:00,TH_NP15_GEN-APND,37.68355
2023-07-11 02:00:00-07:00,TH_SP15_GEN-APND,37.9595
2023-07-11 02:00:00-07:00,TH_ZP26_GEN-APND,37.3826
2023-07-11 03:00:00-07:00,TH_NP15_GEN-APND,37.94
2023-07-11 03:00:00-07:00,TH_SP15_GEN-APND,37.80404
2023-07-11 03:00:00-07:00,TH_ZP26_GEN-APND,37.32825
2023-07-11 04:00:00-07:00,TH_NP15_GEN-APND,40.41102
2023-07-11 04:00:00-07:00,TH_SP15_GEN-APND,40.0
2023-07-11 04:00:00-07:00,TH_ZP26_GEN-APND,39.51159
2023-07-11 05:00:00-07:00,TH_NP15_GEN-APND,44.10735
2023-07-11 05:00:00-07:00,TH_SP15_GEN-APND,43.75178
2023-07-11 05:00:00-07:00,TH_ZP26_GEN-APND,43.16406
2023-07-11 06:00:00-07:00,TH_NP15_GEN-APND,43.83123
2023-07-11 06:00:00-07:00,TH_SP15_GEN-APND,43.83
2023-07-11 06:00:00-07:00,TH_ZP26_GEN-APND,42.88925
2023-07-11 07:00:00-07:00,TH_NP15_GEN-APND,36.84182
2023-07-11 07:00:00-07:00,TH_SP15_GEN-APND,34.83299
2023-07-11 07:00:00-07:00,TH_ZP26_GEN-APND,35.1
2023-07-11 08:00:00-07:00,TH_NP15_GEN-APND,31.99729
2023-07-11 08:00:00-07:00,TH_SP15_GEN-APND,29.37722
2023-07-11 08:00:00-07:00,TH_ZP26_GEN-APND,26.83319
2023-07-11 09:00:00-07:00,TH_NP15_GEN-APND,30.97594
2023-07-11 09:00:00-07:00,TH_SP15_GEN-APND,28.03281
2023-07-11 09:00:00-07:00,TH_ZP26_GEN-APND,25.59458
2023-07-11 10:00:00-07:00,TH_NP15_GEN-APND,30.59795
2023-07-11 10:00:00-07:00,TH_SP15_GEN-APND,27.7732
2023-07-11 10:00:00-07:00,TH_ZP26_GEN-APND,24.56548
2023-07-11 11:00:00-07:00,TH_NP15_GEN-APND,29.15981
2023-07-11 11:00:00-07:00,TH_SP15_GEN-APND,27.96222
2023-07-11 11:00:00-07:00,TH_ZP26_GEN-APND,27.71474
2023-07-11 12:00:00-07:00,TH_NP15_GEN-APND,31.9246
2023-07-11 12:00:00-07:00,TH_SP15_GEN-APND,30.93722
2023-07-11 12:00:00-07:00,TH_ZP26_GEN-APND,30.63871
2023-07-11 13:00:00-07:00,TH_NP15_GEN-APND,36.28
2023-07-11 13:00:00-07:00,TH_SP15_GEN-APND,33.33
2023-07-11 13:00:00-07:00,TH_ZP26_GEN-APND,34.76958
2023-07-11 14:00:00-07:00,TH_NP15_GEN-APND,40.29462
2023-07-11 14:00:00-07:00,TH_SP15_GEN-APND,39.22
2023-07-11 14:00:00-07:00,TH_ZP26_GEN-APND,37.93762
2023-07-11 15:00:00-07:00,TH_NP15_GEN-APND,41.82
2023-07-11 15:00:00-07:00,TH_SP15_GEN-APND,41.34171
2023-07-11 15:00:00-07:00,TH_ZP26_GEN-APND,42.29464
2023-07-11 16:00:00-07:00,TH_NP15_GEN-APND,46.20504
2023-07-11 16:00:00-07:00,TH_SP15_GEN-APND,45.43399
2023-07-11 16:00:00-07:00,TH_ZP26_GEN-APND,46.54454
2023-07-11 17:00:00-07:00,TH_NP15_GEN-APND,52.4652
2023-07-11 17:00:00-07:00,TH_SP15_GEN-APND,52.27
2023-07-11 17:00:00-07:00,TH_ZP26_GEN-APND,52.95276
2023-07-11 18:00:00-07:00,TH_NP15_GEN-APND,60.91938
2023-07-11 18:00:00-07:00,TH_SP15_GEN-APND,67.32457
2023-07-11 18:00:00-07:00,TH_ZP26_GEN-APND,61.3913
2023-07-11 19:00:00-07:00,TH_NP15_GEN-APND,62.88
2023-07-11 19:00:00-07:00,TH_SP15_GEN-APND,88.81571
2023-07-11 19:00:00-07:00,TH_ZP26_GEN-APND,64.95
2023-07-11 20:00:00-07:00,TH_NP15_GEN-APND,61.02843
2023-07-11 20:00:00-07:00,TH_SP15_GEN-APND,87.65085
2023-07-11 20:00:00-07:00,TH_ZP26_GEN-APND,60.47823
2023-07-11 21:00:00-07:00,TH_NP15_GEN-APND,55.2683
2023-07-11 21:00:00-07:00,TH_SP15_GEN-APND,77.0
2023-07-11 21:00:00-07:00,TH_ZP26_GEN-APND,55.88968
2023-07-11 22:00:00-07:00,TH_NP15_GEN-APND,52.77692
2023-07-11 22:00:00-07:00,TH_SP15_GEN-APND,56.38108
2023-07-11 22:00:00-07:00,TH_ZP26_GEN-APND,53.9163
2023-07-11 23:00:00-07:00,TH_NP15_GEN-APND,45.7
2023-07-11 23:00:00-07:00,TH_SP15_GEN-APND,48.14831
2023-07-11 23:00:00-07:00,TH_ZP26_GEN-APND,46.51666
2023-07-12 00:00:00-07:00,TH_NP15_GEN-APND,41.4388
2023-07-12 00:00:00-07:00,TH_SP15_GEN-APND,42.88472
2023-07-12 00:00:00-07:00,TH_ZP26_GEN-APND,41.63005
2023-07-12 01:00:00-07:00,TH_NP15_GEN-APND,40.98177
2023-07-12 01:00:00-07:00,TH_SP15_GEN-APND,41.37871
2023-07-12 01:00:00-07:00,TH_ZP26_GEN-APND,40.60642
2023-07-12 02:00:00-07:00,TH_NP15_GEN-APND,40.46393
2023-07-12 02:00:00-07:00,TH_SP15_GEN-APND,40.7216
2023-07-12 02:00:00-07:00,TH_ZP26_GEN-APND,39.99013
2023-07-12 03:00:00-07:00,TH_NP15_GEN-APND,40.32917
2023-07-12 03:00:00-07:00,TH_SP15_GEN-APND,40.177
2023-07-12 03:00:00-07:00,TH_ZP26_GEN-APND,39.6259
2023-07-12 04:00:00-07:00,TH_NP15_GEN-APND,40.36411
2023-07-12 04:00:00-07:00,TH_SP15_GEN-APND,40.12975
2023-07-12 04:00:00-07:00,TH_ZP26_GEN-APND,39.53767
2023-07-12 05:00:00-07:00,TH_NP15_GEN-APND,43.15417
2023-07-12 05:00:00-07:00,TH_SP15_GEN-APND,43.04445
2023-07-12 05:00:00-07:00,TH_ZP26_GEN-APND,42.28264
2023-07-12 06:00:00-07:00,TH_NP15_GEN-APND,42.81435
2023-07-12 06:00:00-07:00,TH_SP15_GEN-APND,43.28219
2023-07-12 06:00:00-07:00,TH_ZP26_GEN-APND,42.00504
2023-07-12 07:00:00-07:00,TH_NP15_GEN-APND,37.36409
2023-07-12 07:00:00-07:00,TH_SP15_GEN-APND,35.34077
2023-07-12 07:00:00-07:00,TH_ZP26_GEN-APND,34.75114
2023-07-12 08:00:00-07:00,TH_NP15_GEN-APND,31.44
2023-07-12 08:00:00-07:00,TH_SP15_GEN-APND,29.43453
2023-07-12 08:00:00-07:00,TH_ZP26_GEN-APND,26.9485
2023-07-12 09:00:00-07:00,TH_NP15_GEN-APND,29.76956
2023-07-12 09:00:00-07:00,TH_SP15_GEN-APND,28.89
2023-07-12 09:00:00-07:00,TH_ZP26_GEN-APND,23.49283
2023-07-12 10:00:00-07:00,TH_NP15_GEN-APND,29.91839
2023-07-12 10:00:00-07:00,TH_SP15_GEN-APND,29.31666
2023-07-12 10:00:00-07:00,TH_ZP26_GEN-APND,26.08218
2023-07-12 11:00:00-07:00,TH_NP15_GEN-APND,30.4429
2023-07-12 11:00:00-07:00,TH_SP15_GEN-APND,29.15837
2023-07-12 11:00:00-07:00,TH_ZP26_GEN-APND,28.95738
2023-07-12 12:00:00-07:00,TH_NP15_GEN-APND,33.09666
2023-07-12 12:00:00-07:00,TH_SP15_GEN-APND,30.0
2023-07-12 12:00:00-07:00,TH_ZP26_GEN-APND,31.73091
2023-07-12 13:00:00-07:00,TH_NP15_GEN-APND,36.09827
2023-07-12 13:00:00-07:00,TH_SP15_GEN-APND,32.40358
2023-07-12 13:00:00-07:00,TH_ZP26_GEN-APND,34.0713
2023-07-12 14:00:00-07:00,TH_NP15_GEN-APND,40.20797
2023-07-12 14:00:00-07:00,TH_SP15_GEN-APND,39.15181
2023-07-12 14:00:00-07:00,TH_ZP26_GEN-APND,36.39495
2023-07-12 15:00:00-07:00,TH_NP15_GEN-APND,41.70698
2023-07-12 15:00:00-07:00,TH_SP15_GEN-APND,40.95494
2023-07-12 15:00:00-07:00,TH_ZP26_GEN-APND,40.26067
2023-07-12 16:00:00-07:00,TH_NP15_GEN-APND,44.66214
2023-07-12 16:00:00-07:00,TH_SP15_GEN-APND,43.76326
2023-07-12 16:00:00-07:00,TH_ZP26_GEN-APND,44.63306
2023-07-12 17:00:00-07:00,TH_NP15_GEN-APND,50.28959
2023-07-12 17:00:00-07:00,TH_SP15_GEN-APND,55.25215
2023-07-12 17:00:00-07:00,TH_ZP26_GEN-APND,49.81786
2023-07-12 18:00:00-07:00,TH_NP15_GEN-APND,57.5066
2023-07-12 18:00:00-07:00,TH_SP15_GEN-APND,75.44652
2023-07-12 18:00:00-07:00,TH_ZP26_GEN-APND,55.58578
2023-07-12 19:00:00-07:00,TH_NP15_GEN-APND,63.68021
2023-07-12 19:00:00-07:00,TH_SP15_GEN-APND,104.48231
2023-07-12 19:00:00-07:00,TH_ZP26_GEN-APND,59.61949
2023-07-12 20:00:00-07:00,TH_NP15_GEN-APND,63.4806
2023-07-12 20:00:00-07:00,TH_SP15_GEN-APND,93.4773
2023-07-12 20:00:00-07:00,TH_ZP26_GEN-APND,60.50086
2023-07-12 21:00:00-07:00,TH_NP15_GEN-APND,57.66441
2023-07-12 21:00:00-07:00,TH_SP15_GEN-APND,74.90203
2023-07-12 21:00:00-07:00,TH_ZP26_GEN-APND,57.48
2023-07-12 22:00:00-07:00,TH_NP15_GEN-APND,53.18375
2023-07-12 22:00:00-07:00,TH_SP15_GEN-APND,56.41
2023-07-12 22:00:00-07:00,TH_ZP26_GEN-APND,53.68472
2023-07-12 23:00:00-07:00,TH_NP15_GEN-APND,45.88
2023-07-12 23:00:00-07:00,TH_SP15_GEN-APND,48.71777
2023-07-12 23:00:00-07:00,TH_ZP26_GEN-APND,46.61069
2023-07-13 00:00:00-07:00,TH_NP15_GEN-APND,45.63382
2023-07-13 00:00:00-07:00,TH_SP15_GEN-APND,47.07643
2023-07-13 00:00:00-07:00,TH_ZP26_GEN-APND,45.72457
2023-07-13 01:00:00-07:00,TH_NP15_GEN-APND,42.17205
2023-07-13 01:00:00-07:00,TH_SP15_GEN-APND,42.55493
2023-07-13 01:00:00-07:00,TH_ZP26_GEN-APND,41.61593
2023-07-13 02:00:00-07:00,TH_NP15_GEN-APND,42.15551
2023-07-13 02:00:00-07:00,TH_SP15_GEN-APND,41.99192
2023-07-13 02:00:00-07:00,TH_ZP26_GEN-APND,41.23
2023-07-13 03:00:00-07:00,TH_NP15_GEN-APND,42.22655
2023-07-13 03:00:00-07:00,TH_SP15_GEN-APND,41.75536
2023-07-13 03:00:00-07:00,TH_ZP26_GEN-APND,41.15021
2023-07-13 04:00:00-07:00,TH_NP15_GEN-APND,42.25751
2023-07-13 04:00:00-07:00,TH_SP15_GEN-APND,41.60667
2023-07-13 04:00:00-07:00,TH_ZP26_GEN-APND,41.09713
2023-07-13 05:00:00-07:00,TH_NP15_GEN-APND,43.70706
2023-07-13 05:00:00-07:00,TH_SP15_GEN-APND,43.35
2023-07-13 05:00:00-07:00,TH_ZP26_GEN-APND,42.55389
2023-07-13 06:00:00-07:00,TH_NP15_GEN-APND,44.9
2023-07-13 06:00:00-07:00,TH_SP15_GEN-APND,44.21368
2023-07-13 06:00:00-07:00,TH_ZP26_GEN-APND,43.36315
2023-07-13 07:00:00-07:00,TH_NP15_GEN-APND,37.40713
2023-07-13 07:00:00-07:00,TH_SP15_GEN-APND,34.63862
2023-07-13 07:00:00-07:00,TH_ZP26_GEN-APND,34.13546
2023-07-13 08:00:00-07:00,TH_NP15_GEN-APND,31.64
2023-07-13 08:00:00-07:00,TH_SP15_GEN-APND,31.28
2023-07-13 08:00:00-07:00,TH_ZP26_GEN-APND,29.19162
2023-07-13 09:00:00-07:00,TH_NP15_GEN-APND,31.1848
2023-07-13 09:00:00-07:00,TH_SP15_GEN-APND,31.14447
2023-07-13 09:00:00-07:00,TH_ZP26_GEN-APND,28.87955
2023-07-13 10:00:00-07:00,TH_NP15_GEN-APND,31.66044
2023-07-13 10:00:00-07:00,TH_SP15_GEN-APND,31.46742
2023-07-13 10:00:00-07:00,TH_ZP26_GEN-APND,29.4122
2023-07-13 11:00:00-07:00,TH_NP15_GEN-APND,32.36416
2023-07-13 11:00:00-07:00,TH_SP15_GEN-APND,31.89187
2023-07-13 11:00:00-07:00,TH_ZP26_GEN-APND,28.98267
2023-07-13 12:00:00-07:00,TH_NP15_GEN-APND,35.19991
2023-07-13 12:00:00-07:00,TH_SP15_GEN-APND,32.95538
2023-07-13 12:00:00-07:00,TH_ZP26_GEN-APND,33.32329
2023-07-13 13:00:00-07:00,TH_NP15_GEN-APND,38.82742
2023-07-13 13:00:00-07:00,TH_SP15_GEN-APND,36.93543
2023-07-13 13:00:00-07:00,TH_ZP26_GEN-APND,37.259
2023-07-13 14:00:00-07:00,TH_NP15_GEN-APND,40.70973
2023-07-13 14:00:00-07:00,TH_SP15_GEN-APND,40.24673
2023-07-13 14:00:00-07:00,TH_ZP26_GEN-APND,40.2013
2023-07-13 15:00:00-07:00,TH_NP15_GEN-APND,44.02208
2023-07-13 15:00:00-07:00,TH_SP15_GEN-APND,43.83213
2023-07-13 15:00:00-07:00,TH_ZP26_GEN-APND,43.86
2023-07-13 16:00:00-07:00,TH_NP15_GEN-APND,46.93725
2023-07-13 16:00:00-07:00,TH_SP15_GEN-APND,46.93234
2023-07-13 16:00:00-07:00,TH_ZP26_GEN-APND,46.91684
2023-07-13 17:00:00-07:00,TH_NP15_GEN-APND,51.88361
2023-07-13 17:00:00-07:00,TH_SP15_GEN-APND,57.46
2023-07-13 17:00:00-07:00,TH_ZP26_GEN-APND,51.2053
2023-07-13 18:00:00-07:00,TH_NP15_GEN-APND,60.24574
2023-07-13 18:00:00-07:00,TH_SP15_GEN-APND,72.91396
2023-07-13 18:00:00-07:00,TH_ZP26_GEN-APND,58.75774
2023-07-13 19:00:00-07:00,TH_NP15_GEN-APND,70.64421
2023-07-13 19:00:00-07:00,TH_SP15_GEN-APND,101.85
2023-07-13 19:00:00-07:00,TH_ZP26_GEN-APND,68.52996
2023-07-13 20:00:00-07:00,TH_NP15_GEN-APND,65.1342
2023-07-13 20:00:00-07:00,TH_SP15_GEN-APND,85.5
2023-07-13 20:00:00-07:00,TH_ZP26_GEN-APND,64.56451
2023-07-13 21:00:00-07:00,TH_NP15_GEN-APND,59.88
2023-07-13 21:00:00-07:00,TH_SP15_GEN-APND,73.85
2023-07-13 21:00:00-07:00,TH_ZP26_GEN-APND,60.0539
2023-07-13 22:00:00-07:00,TH_NP15_GEN-APND,53.2578
2023-07-13 22:00:00-07:00,TH_SP15_GEN-APND,56.96848
2023-07-13 22:00:00-07:00,TH_ZP26_GEN-APND,54.14803
2023-07-13 23:00:00-07:00,TH_NP15_GEN-APND,46.64963
2023-07-13 23:00:00-07:00,TH_SP15_GEN-APND,49.65394
2023-07-13 23:00:00-07:00,TH_ZP26_GEN-APND,47.33969
2023-07-14 00:00:00-07:00,TH_NP15_GEN-APND,46.47232
2023-07-14 00:00:00-07:00,TH_SP15_GEN-APND,49.01
2023-07-14 00:00:00-07:00,TH_ZP26_GEN-APND,46.85833
2023-07-14 01:00:00-07:00,TH_NP15_GEN-APND,43.93976
2023-07-14 01:00:00-07:00,TH_SP15_GEN-APND,45.70224
2023-07-14 01:00:00-07:00,TH_ZP26_GEN-APND,43.98921
2023-07-14 02:00:00-07:00,TH_NP15_GEN-APND,42.73602
2023-07-14 02:00:00-07:00,TH_SP15_GEN-APND,44.22
2023-07-14 02:00:00-07:00,TH_ZP26_GEN-APND,42.69113
2023-07-14 03:00:00-07:00,TH_NP15_GEN-APND,42.10697
2023-07-14 03:00:00-07:00,TH_SP15_GEN-APND,43.37597
2023-07-14 03:00:00-07:00,TH_ZP26_GEN-APND,42.06795
2023-07-14 04:00:00-07:00,TH_NP15_GEN-APND,43.01404
2023-07-14 04:00:00-07:00,TH_SP15_GEN-APND,44.0723
2023-07-14 04:00:00-07:00,TH_ZP26_GEN-APND,42.85824
2023-07-14 05:00:00-07:00,TH_NP15_GEN-APND,43.665
2023-07-14 05:00:00-07:00,TH_SP15_GEN-APND,44.7367
2023-07-14 05:00:00-07:00,TH_ZP26_GEN-APND,43.51953
2023-07-14 06:00:00-07:00,TH_NP15_GEN-APND,43.82658
2023-07-14 06:00:00-07:00,TH_SP15_GEN-APND,44.95026
2023-07-14 06:00:00-07:00,TH_ZP26_GEN-APND,43.48358
2023-07-14 07:00:00-07:00,TH_NP15_GEN-APND,38.66538
2023-07-14 07:00:00-07:00,TH_SP15_GEN-APND,37.09544
2023-07-14 07:00:00-07:00,TH_ZP26_GEN-APND,36.07478
2023-07-14 08:00:00-07:00,TH_NP15_GEN-APND,37.53361
2023-07-14 08:00:00-07:00,TH_SP15_GEN-APND,34.53363
2023-07-14 08:00:00-07:00,TH_ZP26_GEN-APND,33.47388
2023-07-14 09:00:00-07:00,TH_NP15_GEN-APND,35.75516
2023-07-14 09:00:00-07:00,TH_SP15_GEN-APND,34.41511
2023-07-14 09:00:00-07:00,TH_ZP26_GEN-APND,31.16029
2023-07-14 10:00:00-07:00,TH_NP15_GEN-APND,37.91417
2023-07-14 10:00:00-07:00,TH_SP15_GEN-APND,37.10491
2023-07-14 10:00:00-07:00,TH_ZP26_GEN-APND,33.7357
2023-07-14 11:00:00-07:00,TH_NP15_GEN-APND,42.19916
2023-07-14 11:00:00-07:00,TH_SP15_GEN-APND,40.0
2023-07-14 11:00:00-07:00,TH_ZP26_GEN-APND,38.50648
2023-07-14 12:00:00-07:00,TH_NP15_GEN-APND,44.01673
2023-07-14 12:00:00-07:00,TH_SP15_GEN-APND,43.8163
2023-07-14 12:00:00-07:00,TH_ZP26_GEN-APND,41.56047
2023-07-14 13:00:00-07:00,TH_NP15_GEN-APND,47.52562
2023-07-14 13:00:00-07:00,TH_SP15_GEN-APND,49.23204
2023-07-14 13:00:00-07:00,TH_ZP26_GEN-APND,44.82947
2023-07-14 14:00:00-07:00,TH_NP15_GEN-APND,49.28673
2023-07-14 14:00:00-07:00,TH_SP15_GEN-APND,53.16
2023-07-14 14:00:00-07:00,TH_ZP26_GEN-APND,46.64762
2023-07-14 15:00:00-07:00,TH_NP15_GEN-APND,54.47053
2023-07-14 15:00:00-07:00,TH_SP15_GEN-APND,62.48507
2023-07-14 15:00:00-07:00,TH_ZP26_GEN-APND,51.05795
2023-07-14 16:00:00-07:00,TH_NP15_GEN-APND,60.59
2023-07-14 16:00:00-07:00,TH_SP15_GEN-APND,68.56438
2023-07-14 16:00:00-07:00,TH_ZP26_GEN-APND,57.3007
2023-07-14 17:00:00-07:00,TH_NP15_GEN-APND,70.10739
2023-07-14 17:00:00-07:00,TH_SP15_GEN-APND,77.26609
2023-07-14 17:00:00-07:00,TH_ZP26_GEN-APND,66.95374
2023-07-14 18:00:00-07:00,TH_NP15_GEN-APND,79.89459
2023-07-14 18:00:00-07:00,TH_SP15_GEN-APND,105.34353
2023-07-14 18:00:00-07:00,TH_ZP26_GEN-APND,75.48758
2023-07-14 19:00:00-07:00,TH_NP15_GEN-APND,102.72812
2023-07-14 19:00:00-07:00,TH_SP15_GEN-APND,158.74478
2023-07-14 19:00:00-07:00,TH_ZP26_GEN-APND,97.27073
2023-07-14 20:00:00-07:00,TH_NP15_GEN-APND,93.64335
2023-07-14 20:00:00-07:00,TH_SP15_GEN-APND,122.13783
2023-07-14 20:00:00-07:00,TH_ZP26_GEN-APND,91.61856
2023-07-14 21:00:00-07:00,TH_NP15_GEN-APND,78.33834
2023-07-14 21:00:00-07:00,TH_SP15_GEN-APND,84.05089
2023-07-14 21:00:00-07:00,TH_ZP26_GEN-APND,78.62244
2023-07-14 22:00:00-07:00,TH_NP15_GEN-APND,64.51084
2023-07-14 22:00:00-07:00,TH_SP15_GEN-APND,68.32619
2023-07-14 22:00:00-07:00,TH_ZP26_GEN-APND,64.88823
2023-07-14 23:00:00-07:00,TH_NP15_GEN-APND,57.46064
2023-07-14 23:00:00-07:00,TH_SP15_GEN-APND,61.27077
2023-07-14 23:00:00-07:00,TH_ZP26_GEN-APND,58.14333
2023-07-15 00:00:00-07:00,TH_NP15_GEN-APND,51.47899
2023-07-15 00:00:00-07:00,TH_SP15_GEN-APND,55.05657
2023-07-15 00:00:00-07:00,TH_ZP26_GEN-APND,52.33575
2023-07-15 01:00:00-07:00,TH_NP15_GEN-APND,49.62578
2023-07-15 01:00:00-07:00,TH_SP15_GEN-APND,52.50905
2023-07-15 01:00:00-07:00,TH_ZP26_GEN-APND,50.16771
2023-07-15 02:00:00-07:00,TH_NP15_GEN-APND,49.1718
2023-07-15 02:00:00-07:00,TH_SP15_GEN-APND,51.47956
2023-07-15 02:00:00-07:00,TH_ZP26_GEN-APND,49.37877
2023-07-15 03:00:00-07:00,TH_NP15_GEN-APND,48.20663
2023-07-15 03:00:00-07:00,TH_SP15_GEN-APND,50.49157
2023-07-15 03:00:00-07:00,TH_ZP26_GEN-APND,48.42448
2023-07-15 04:00:00-07:00,TH_NP15_GEN-APND,49.27
2023-07-15 04:00:00-07:00,TH_SP15_GEN-APND,51.24327
2023-07-15 04:00:00-07:00,TH_ZP26_GEN-APND,49.29576
2023-07-15 05:00:00-07:00,TH_NP15_GEN-APND,49.68318
2023-07-15 05:00:00-07:00,TH_SP15_GEN-APND,51.68796
2023-07-15 05:00:00-07:00,TH_ZP26_GEN-APND,49.64683
2023-07-15 06:00:00-07:00,TH_NP15_GEN-APND,48.65522
2023-07-15 06:00:00-07:00,TH_SP15_GEN-APND,50.71408
2023-07-15 06:00:00-07:00,TH_ZP26_GEN-APND,48.44679
2023-07-15 07:00:00-07:00,TH_NP15_GEN-APND,38.56919
2023-07-15 07:00:00-07:00,TH_SP15_GEN-APND,37.94843
2023-07-15 07:00:00-07:00,TH_ZP26_GEN-APND,36.75766
2023-07-15 08:00:00-07:00,TH_NP15_GEN-APND,35.00792
2023-07-15 08:00:00-07:00,TH_SP15_GEN-APND,34.95261
2023-07-15 08:00:00-07:00,TH_ZP26_GEN-APND,32.45817
2023-07-15 09:00:00-07:00,TH_NP15_GEN-APND,35.01677
2023-07-15 09:00:00-07:00,TH_SP15_GEN-APND,34.96867
2023-07-15 09:00:00-07:00,TH_ZP26_GEN-APND,31.76543
2023-07-15 10:00:00-07:00,TH_NP15_GEN-APND,38.28139
2023-07-15 10:00:00-07:00,TH_SP15_GEN-APND,38.06886
2023-07-15 10:00:00-07:00,TH_ZP26_GEN-APND,36.11496
2023-07-15 11:00:00-07:00,TH_NP15_GEN-APND,41.74314
2023-07-15 11:00:00-07:00,TH_SP15_GEN-APND,41.37065
2023-07-15 11:00:00-07:00,TH_ZP26_GEN-APND,40.04
2023-07-15 12:00:00-07:00,TH_NP15_GEN-APND,47.96361
2023-07-15 12:00:00-07:00,TH_SP15_GEN-APND,47.94385
2023-07-15 12:00:00-07:00,TH_ZP26_GEN-APND,45.58515
2023-07-15 13:00:00-07:00,TH_NP15_GEN-APND,49.9584
2023-07-15 13:00:00-07:00,TH_SP15_GEN-APND,50.55642
2023-07-15 13:00:00-07:00,TH_ZP26_GEN-APND,47.5091
2023-07-15 14:00:00-07:00,TH_NP15_GEN-APND,56.49955
2023-07-15 14:00:00-07:00,TH_SP15_GEN-APND,56.08414
2023-07-15 14:00:00-07:00,TH_ZP26_GEN-APND,56.31978
2023-07-15 15:00:00-07:00,TH_NP15_GEN-APND,64.90576
2023-07-15 15:00:00-07:00,TH_SP15_GEN-APND,64.71862
2023-07-15 15:00:00-07:00,TH_ZP26_GEN-APND,64.78241
2023-07-15 16:00:00-07:00,TH_NP15_GEN-APND,74.54846
2023-07-15 16:00:00-07:00,TH_SP15_GEN-APND,75.42855
2023-07-15 16:00:00-07:00,TH_ZP26_GEN-APND,74.31815
2023-07-15 17:00:00-07:00,TH_NP15_GEN-APND,81.75116
2023-07-15 17:00:00-07:00,TH_SP15_GEN-APND,81.66999
2023-07-15 17:00:00-07:00,TH_ZP26_GEN-APND,81.75096
2023-07-15 18:00:00-07:00,TH_NP15_GEN-APND,118.00218
2023-07-15 18:00:00-07:00,TH_SP15_GEN-APND,123.96698
2023-07-15 18:00:00-07:00,TH_ZP26_GEN-APND,117.32568
2023-07-15 19:00:00-07:00,TH_NP15_GEN-APND,197.96602
2023-07-15 19:00:00-07:00,TH_SP15_GEN-APND,200.2
2023-07-15 19:00:00-07:00,TH_ZP26_GEN-APND,197.72897
2023-07-15 20:00:00-07:00,TH_NP15_GEN-APND,138.0
2023-07-15 20:00:00-07:00,TH_SP15_GEN-APND,137.98338
2023-07-15 20:00:00-07:00,TH_ZP26_GEN-APND,137.98299
2023-07-15 21:00:00-07:00,TH_NP15_GEN-APND,92.81841
2023-07-15 21:00:00-07:00,TH_SP15_GEN-APND,96.11668
2023-07-15 21:00:00-07:00,TH_ZP26_GEN-APND,92.45843
2023-07-15 22:00:00-07:00,TH_NP15_GEN-APND,73.97318
2023-07-15 22:00:00-07:00,TH_SP15_GEN-APND,78.27752
2023-07-15 22:00:00-07:00,TH_ZP26_GEN-APND,74.64
2023-07-15 23:00:00-07:00,TH_NP15_GEN-APND,67.47472
2023-07-15 23:00:00-07:00,TH_SP15_GEN-APND,71.9501
2023-07-15 23:00:00-07:00,TH_ZP26_GEN-APND,68.58712
2023-07-16 00:00:00-07:00,TH_NP15_GEN-APND,55.44675
2023-07-16 00:00:00-07:00,TH_SP15_GEN-APND,57.89628
2023-07-16 00:00:00-07:00,TH_ZP26_GEN-APND,55.62172
2023-07-16 01:00:00-07:00,TH_NP15_GEN-APND,51.02498
2023-07-16 01:00:00-07:00,TH_SP15_GEN-APND,53.87289
2023-07-16 01:00:00-07:00,TH_ZP26_GEN-APND,51.61805
2023-07-16 02:00:00-07:00,TH_NP15_GEN-APND,49.36928
2023-07-16 02:00:00-07:00,TH_SP15_GEN-APND,52.17815
2023-07-16 02:00:00-07:00,TH_ZP26_GEN-APND,49.86527
2023-07-16 03:00:00-07:00,TH_NP15_GEN-APND,48.37132
2023-07-16 03:00:00-07:00,TH_SP15_GEN-APND,51.12648
2023-07-16 03:00:00-07:00,TH_ZP26_GEN-APND,48.88759
2023-07-16 04:00:00-07:00,TH_NP15_GEN-APND,49.89632
2023-07-16 04:00:00-07:00,TH_SP15_GEN-APND,52.55345
2023-07-16 04:00:00-07:00,TH_ZP26_GEN-APND,50.36986
2023-07-16 05:00:00-07:00,TH_NP15_GEN-APND,49.93588
2023-07-16 05:00:00-07:00,TH_SP15_GEN-APND,52.7419
2023-07-16 05:00:00-07:00,TH_ZP26_GEN-APND,50.42815
2023-07-16 06:00:00-07:00,TH_NP15_GEN-APND,48.64127
2023-07-16 06:00:00-07:00,TH_SP15_GEN-APND,51.35
2023-07-16 06:00:00-07:00,TH_ZP26_GEN-APND,48.81173
2023-07-16 07:00:00-07:00,TH_NP15_GEN-APND,41.33536
2023-07-16 07:00:00-07:00,TH_SP15_GEN-APND,41.40125
2023-07-16 07:00:00-07:00,TH_ZP26_GEN-APND,40.0236
2023-07-16 08:00:00-07:00,TH_NP15_GEN-APND,39.51322
2023-07-16 08:00:00-07:00,TH_SP15_GEN-APND,38.49704
2023-07-16 08:00:00-07:00,TH_ZP26_GEN-APND,36.96693
2023-07-16 09:00:00-07:00,TH_NP15_GEN-APND,41.67601
2023-07-16 09:00:00-07:00,TH_SP15_GEN-APND,39.23011
2023-07-16 09:00:00-07:00,TH_ZP26_GEN-APND,36.15485
2023-07-16 10:00:00-07:00,TH_NP15_GEN-APND,42.76379
2023-07-16 10:00:00-07:00,TH_SP15_GEN-APND,40.70577
2023-07-16 10:00:00-07:00,TH_ZP26_GEN-APND,37.77907
2023-07-16 11:00:00-07:00,TH_NP15_GEN-APND,45.50451
2023-07-16 11:00:00-07:00,TH_SP15_GEN-APND,44.3433
2023-07-16 11:00:00-07:00,TH_ZP26_GEN-APND,41.93793
2023-07-16 12:00:00-07:00,TH_NP15_GEN-APND,49.21441
2023-07-16 12:00:00-07:00,TH_SP15_GEN-APND,49.41197
2023-07-16 12:00:00-07:00,TH_ZP26_GEN-APND,46.56441
2023-07-16 13:00:00-07:00,TH_NP15_GEN-APND,51.61596
2023-07-16 13:00:00-07:00,TH_SP15_GEN-APND,52.29935
2023-07-16 13:00:00-07:00,TH_ZP26_GEN-APND,49.10714
2023-07-16 14:00:00-07:00,TH_NP15_GEN-APND,61.17482
2023-07-16 14:00:00-07:00,TH_SP15_GEN-APND,62.02118
2023-07-16 14:00:00-07:00,TH_ZP26_GEN-APND,58.3883
2023-07-16 15:00:00-07:00,TH_NP15_GEN-APND,70.7
2023-07-16 15:00:00-07:00,TH_SP15_GEN-APND,70.46061
2023-07-16 15:00:00-07:00,TH_ZP26_GEN-APND,70.59517
2023-07-16 16:00:00-07:00,TH_NP15_GEN-APND,76.36
2023-07-16 16:00:00-07:00,TH_SP15_GEN-APND,78.48
2023-07-16 16:00:00-07:00,TH_ZP26_GEN-APND,75.94133
2023-07-16 17:00:00-07:00,TH_NP15_GEN-APND,87.16848
2023-07-16 17:00:00-07:00,TH_SP15_GEN-APND,95.17055
2023-07-16 17:00:00-07:00,TH_ZP26_GEN-APND,86.17937
2023-07-16 18:00:00-07:00,TH_NP15_GEN-APND,116.12064
2023-07-16 18:00:00-07:00,TH_SP15_GEN-APND,148.08768
2023-07-16 18:00:00-07:00,TH_ZP26_GEN-APND,112.20715
2023-07-16 19:00:00-07:00,TH_NP15_GEN-APND,167.43
2023-07-16 19:00:00-07:00,TH_SP15_GEN-APND,243.3437
2023-07-16 19:00:00-07:00,TH_ZP26_GEN-APND,159.48787
2023-07-16 20:00:00-07:00,TH_NP15_GEN-APND,110.62921
2023-07-16 20:00:00-07:00,TH_SP15_GEN-APND,170.05965
2023-07-16 20:00:00-07:00,TH_ZP26_GEN-APND,104.39946
2023-07-16 21:00:00-07:00,TH_NP15_GEN-APND,86.94584
2023-07-16 21:00:00-07:00,TH_SP15_GEN-APND,107.2522
2023-07-16 21:00:00-07:00,TH_ZP26_GEN-APND,85.51874
2023-07-16 22:00:00-07:00,TH_NP15_GEN-APND,70.85758
2023-07-16 22:00:00-07:00,TH_SP15_GEN-APND,78.17189
2023-07-16 22:00:00-07:00,TH_ZP26_GEN-APND,71.42586
2023-07-16 23:00:00-07:00,TH_NP15_GEN-APND,65.12453
2023-07-16 23:00:00-07:00,TH_SP15_GEN-APND,69.1017
2023-07-16 23:00:00-07:00,TH_ZP26_GEN-APND,65.85899
2023-07-17 00:00:00-07:00,TH_NP15_GEN-APND,53.34025
2023-07-17 00:00:00-07:00,TH_SP15_GEN-APND,56.48
2023-07-17 00:00:00-07:00,TH_ZP26_GEN-APND,53.95299
2023-07-17 01:00:00-07:00,TH_NP15_GEN-APND,47.63567
2023-07-17 01:00:00-07:00,TH_SP15_GEN-APND,49.68085
2023-07-17 01:00:00-07:00,TH_ZP26_GEN-APND,47.89633
2023-07-17 02:00:00-07:00,TH_NP15_GEN-APND,47.64817
2023-07-17 02:00:00-07:00,TH_SP15_GEN-APND,50.53103
2023-07-17 02:00:00-07:00,TH_ZP26_GEN-APND,48.25003
2023-07-17 03:00:00-07:00,TH_NP15_GEN-APND,46.82543
2023-07-17 03:00:00-07:00,TH_SP15_GEN-APND,49.79376
2023-07-17 03:00:00-07:00,TH_ZP26_GEN-APND,47.57527
2023-07-17 04:00:00-07:00,TH_NP15_GEN-APND,48.15511
2023-07-17 04:00:00-07:00,TH_SP15_GEN-APND,50.6134
2023-07-17 04:00:00-07:00,TH_ZP26_GEN-APND,48.59699
2023-07-17 05:00:00-07:00,TH_NP15_GEN-APND,50.29502
2023-07-17 05:00:00-07:00,TH_SP15_GEN-APND,52.76688
2023-07-17 05:00:00-07:00,TH_ZP26_GEN-APND,50.61584
2023-07-17 06:00:00-07:00,TH_NP15_GEN-APND,50.07417
2023-07-17 06:00:00-07:00,TH_SP15_GEN-APND,63.36578
2023-07-17 06:00:00-07:00,TH_ZP26_GEN-APND,48.92126
2023-07-17 07:00:00-07:00,TH_NP15_GEN-APND,46.9899
2023-07-17 07:00:00-07:00,TH_SP15_GEN-APND,48.10591
2023-07-17 07:00:00-07:00,TH_ZP26_GEN-APND,46.19694
2023-07-17 08:00:00-07:00,TH_NP15_GEN-APND,44.7655
2023-07-17 08:00:00-07:00,TH_SP15_GEN-APND,45.56206
2023-07-17 08:00:00-07:00,TH_ZP26_GEN-APND,43.66616
2023-07-17 09:00:00-07:00,TH_NP15_GEN-APND,47.06036
2023-07-17 09:00:00-07:00,TH_SP15_GEN-APND,47.46589
2023-07-17 09:00:00-07:00,TH_ZP26_GEN-APND,45.4627
2023-07-17 10:00:00-07:00,TH_NP15_GEN-APND,47.96015
2023-07-17 10:00:00-07:00,TH_SP15_GEN-APND,48.2093
2023-07-17 10:00:00-07:00,TH_ZP26_GEN-APND,45.93711
2023-07-17 11:00:00-07:00,TH_NP15_GEN-APND,48.5371
2023-07-17 11:00:00-07:00,TH_SP15_GEN-APND,48.77439
2023-07-17 11:00:00-07:00,TH_ZP26_GEN-APND,46.25514
2023-07-17 12:00:00-07:00,TH_NP15_GEN-APND,50.29093
2023-07-17 12:00:00-07:00,TH_SP15_GEN-APND,53.93438
2023-07-17 12:00:00-07:00,TH_ZP26_GEN-APND,47.43992
2023-07-17 13:00:00-07:00,TH_NP15_GEN-APND,52.41158
2023-07-17 13:00:00-07:00,TH_SP15_GEN-APND,66.86895
2023-07-17 13:00:00-07:00,TH_ZP26_GEN-APND,50.75314
2023-07-17 14:00:00-07:00,TH_NP15_GEN-APND,56.97043
2023-07-17 14:00:00-07:00,TH_SP15_GEN-APND,76.71473
2023-07-17 14:00:00-07:00,TH_ZP26_GEN-APND,54.56
2023-07-17 15:00:00-07:00,TH_NP15_GEN-APND,68.93417
2023-07-17 15:00:00-07:00,TH_SP15_GEN-APND,79.30816
2023-07-17 15:00:00-07:00,TH_ZP26_GEN-APND,67.61905
2023-07-17 16:00:00-07:00,TH_NP15_GEN-APND,72.99757
2023-07-17 16:00:00-07:00,TH_SP15_GEN-APND,88.98248
2023-07-17 16:00:00-07:00,TH_ZP26_GEN-APND,70.86692
2023-07-17 17:00:00-07:00,TH_NP15_GEN-APND,86.79116
2023-07-17 17:00:00-07:00,TH_SP15_GEN-APND,114.28
2023-07-17 17:00:00-07:00,TH_ZP26_GEN-APND,83.47191
2023-07-17 18:00:00-07:00,TH_NP15_GEN-APND,107.0
2023-07-17 18:00:00-07:00,TH_SP15_GEN-APND,188.68835
2023-07-17 18:00:00-07:00,TH_ZP26_GEN-APND,97.84896
2023-07-17 19:00:00-07:00,TH_NP15_GEN-APND,191.1806
2023-07-17 19:00:00-07:00,TH_SP15_GEN-APND,283.3703
2023-07-17 19:00:00-07:00,TH_ZP26_GEN-APND,180.64
2023-07-17 20:00:00-07:00,TH_NP15_GEN-APND,121.52509
2023-07-17 20:00:00-07:00,TH_SP15_GEN-APND,184.24
2023-07-17 20:00:00-07:00,TH_ZP26_GEN-APND,115.83588
2023-07-17 21:00:00-07:00,TH_NP15_GEN-APND,85.97476
2023-07-17 21:00:00-07:00,TH_SP15_GEN-APND,104.20764
2023-07-17 21:00:00-07:00,TH_ZP26_GEN-APND,85.07745
2023-07-17 22:00:00-07:00,TH_NP15_GEN-APND,72.682
2023-07-17 22:00:00-07:00,TH_SP15_GEN-APND,81.11704
2023-07-17 22:00:00-07:00,TH_ZP26_GEN-APND,72.66
2023-07-17 23:00:00-07:00,TH_NP15_GEN-APND,60.16191
2023-07-17 23:00:00-07:00,TH_SP15_GEN-APND,70.5
2023-07-17 23:00:00-07:00,TH_ZP26_GEN-APND,59.92464
2023-07-18 00:00:00-07:00,TH_NP15_GEN-APND,57.62081
2023-07-18 00:00:00-07:00,TH_SP15_GEN-APND,60.18623
2023-07-18 00:00:00-07:00,TH_ZP26_GEN-APND,57.88774
2023-07-18 01:00:00-07:00,TH_NP15_GEN-APND,55.51236
2023-07-18 01:00:00-07:00,TH_SP15_GEN-APND,57.90635
2023-07-18 01:00:00-07:00,TH_ZP26_GEN-APND,55.74414
2023-07-18 02:00:00-07:00,TH_NP15_GEN-APND,51.2935
2023-07-18 02:00:00-07:00,TH_SP15_GEN-APND,53.77011
2023-07-18 02:00:00-07:00,TH_ZP26_GEN-APND,51.74095
2023-07-18 03:00:00-07:00,TH_NP15_GEN-APND,50.43273
2023-07-18 03:00:00-07:00,TH_SP15_GEN-APND,53.27741
2023-07-18 03:00:00-07:00,TH_ZP26_GEN-APND,51.15466
2023-07-18 04:00:00-07:00,TH_NP15_GEN-APND,50.93116
2023-07-18 04:00:00-07:00,TH_SP15_GEN-APND,53.53357
2023-07-18 04:00:00-07:00,TH_ZP26_GEN-APND,51.4901
2023-07-18 05:00:00-07:00,TH_NP15_GEN-APND,55.05277
2023-07-18 05:00:00-07:00,TH_SP15_GEN-APND,57.56227
2023-07-18 05:00:00-07:00,TH_ZP26_GEN-APND,55.63753
2023-07-18 06:00:00-07:00,TH_NP15_GEN-APND,58.4575
2023-07-18 06:00:00-07:00,TH_SP15_GEN-APND,61.92724
2023-07-18 06:00:00-07:00,TH_ZP26_GEN-APND,59.70027
2023-07-18 07:00:00-07:00,TH_NP15_GEN-APND,48.51832
2023-07-18 07:00:00-07:00,TH_SP15_GEN-APND,49.89101
2023-07-18 07:00:00-07:00,TH_ZP26_GEN-APND,48.25266
2023-07-18 08:00:00-07:00,TH_NP15_GEN-APND,46.0581
2023-07-18 08:00:00-07:00,TH_SP15_GEN-APND,46.39119
2023-07-18 08:00:00-07:00,TH_ZP26_GEN-APND,44.73997
2023-07-18 09:00:00-07:00,TH_NP15_GEN-APND,47.45873
2023-07-18 09:00:00-07:00,TH_SP15_GEN-APND,47.87689
2023-07-18 09:00:00-07:00,TH_ZP26_GEN-APND,45.92876
2023-07-18 10:00:00-07:00,TH_NP15_GEN-APND,47.61232
2023-07-18 10:00:00-07:00,TH_SP15_GEN-APND,48.28201
2023-07-18 10:00:00-07:00,TH_ZP26_GEN-APND,46.0646
2023-07-18 11:00:00-07:00,TH_NP15_GEN-APND,48.48036
2023-07-18 11:00:00-07:00,TH_SP15_GEN-APND,49.64865
2023-07-18 11:00:00-07:00,TH_ZP26_GEN-APND,46.71642
2023-07-18 12:00:00-07:00,TH_NP15_GEN-APND,48.34885
2023-07-18 12:00:00-07:00,TH_SP15_GEN-APND,53.01908
2023-07-18 12:00:00-07:00,TH_ZP26_GEN-APND,45.89247
2023-07-18 13:00:00-07:00,TH_NP15_GEN-APND,49.00532
2023-07-18 13:00:00-07:00,TH_SP15_GEN-APND,64.23527
2023-07-18 13:00:00-07:00,TH_ZP26_GEN-APND,47.40955
2023-07-18 14:00:00-07:00,TH_NP15_GEN-APND,52.21088
2023-07-18 14:00:00-07:00,TH_SP15_GEN-APND,75.64
2023-07-18 14:00:00-07:00,TH_ZP26_GEN-APND,47.60015
2023-07-18 15:00:00-07:00,TH_NP15_GEN-APND,59.80284
2023-07-18 15:00:00-07:00,TH_SP15_GEN-APND,81.39115
2023-07-18 15:00:00-07:00,TH_ZP26_GEN-APND,55.3065
2023-07-18 16:00:00-07:00,TH_NP15_GEN-APND,64.60632
2023-07-18 16:00:00-07:00,TH_SP15_GEN-APND,89.0059
2023-07-18 16:00:00-07:00,TH_ZP26_GEN-APND,61.83594
2023-07-18 17:00:00-07:00,TH_NP15_GEN-APND,70.59279
2023-07-18 17:00:00-07:00,TH_SP15_GEN-APND,94.61715
2023-07-18 17:00:00-07:00,TH_ZP26_GEN-APND,67.94182
2023-07-18 18:00:00-07:00,TH_NP15_GEN-APND,84.34
2023-07-18 18:00:00-07:00,TH_SP15_GEN-APND,133.44
2023-07-18 18:00:00-07:00,TH_ZP26_GEN-APND,79.51082
2023-07-18 19:00:00-07:00,TH_NP15_GEN-APND,124.89405
2023-07-18 19:00:00-07:00,TH_SP15_GEN-APND,210.92725
2023-07-18 19:00:00-07:00,TH_ZP26_GEN-APND,117.32638
2023-07-18 20:00:00-07:00,TH_NP15_GEN-APND,91.36956
2023-07-18 20:00:00-07:00,TH_SP15_GEN-APND,151.10492
2023-07-18 20:00:00-07:00,TH_ZP26_GEN-APND,86.45507
2023-07-18 21:00:00-07:00,TH_NP15_GEN-APND,75.87797
2023-07-18 21:00:00-07:00,TH_SP15_GEN-APND,110.76154
2023-07-18 21:00:00-07:00,TH_ZP26_GEN-APND,73.55407
2023-07-18 22:00:00-07:00,TH_NP15_GEN-APND,67.7885
2023-07-18 22:00:00-07:00,TH_SP15_GEN-APND,92.27427
2023-07-18 22:00:00-07:00,TH_ZP26_GEN-APND,65.84868
2023-07-18 23:00:00-07:00,TH_NP15_GEN-APND,57.94443
2023-07-18 23:00:00-07:00,TH_SP15_GEN-APND,82.68613
2023-07-18 23:00:00-07:00,TH_ZP26_GEN-APND,56.51482
2023-07-19 00:00:00-07:00,TH_NP15_GEN-APND,63.98529
2023-07-19 00:00:00-07:00,TH_SP15_GEN-APND,67.12572
2023-07-19 00:00:00-07:00,TH_ZP26_GEN-APND,64.91643
2023-07-19 01:00:00-07:00,TH_NP15_GEN-APND,56.20053
2023-07-19 01:00:00-07:00,TH_SP15_GEN-APND,58.46939
2023-07-19 01:00:00-07:00,TH_ZP26_GEN-APND,57.12051
2023-07-19 02:00:00-07:00,TH_NP15_GEN-APND,53.95174
2023-07-19 02:00:00-07:00,TH_SP15_GEN-APND,55.74838
2023-07-19 02:00:00-07:00,TH_ZP26_GEN-APND,54.56249
2023-07-19 03:00:00-07:00,TH_NP15_GEN-APND,49.95864
2023-07-19 03:00:00-07:00,TH_SP15_GEN-APND,51.89277
2023-07-19 03:00:00-07:00,TH_ZP26_GEN-APND,50.73307
2023-07-19 04:00:00-07:00,TH_NP15_GEN-APND,50.69467
2023-07-19 04:00:00-07:00,TH_SP15_GEN-APND,52.42422
2023-07-19 04:00:00-07:00,TH_ZP26_GEN-APND,51.30497
2023-07-19 05:00:00-07:00,TH_NP15_GEN-APND,56.37579
2023-07-19 05:00:00-07:00,TH_SP15_GEN-APND,58.38251
2023-07-19 05:00:00-07:00,TH_ZP26_GEN-APND,57.09497
2023-07-19 06:00:00-07:00,TH_NP15_GEN-APND,59.38433
2023-07-19 06:00:00-07:00,TH_SP15_GEN-APND,61.69776
2023-07-19 06:00:00-07:00,TH_ZP26_GEN-APND,60.01244
2023-07-19 07:00:00-07:00,TH_NP15_GEN-APND,49.23769
2023-07-19 07:00:00-07:00,TH_SP15_GEN-APND,50.2998
2023-07-19 07:00:00-07:00,TH_ZP26_GEN-APND,48.82809
2023-07-19 08:00:00-07:00,TH_NP15_GEN-APND,47.99474
2023-07-19 08:00:00-07:00,TH_SP15_GEN-APND,47.86175
2023-07-19 08:00:00-07:00,TH_ZP26_GEN-APND,46.43333
2023-07-19 09:00:00-07:00,TH_NP15_GEN-APND,49.58939
2023-07-19 09:00:00-07:00,TH_SP15_GEN-APND,49.64561
2023-07-19 09:00:00-07:00,TH_ZP26_GEN-APND,47.86707
2023-07-19 10:00:00-07:00,TH_NP15_GEN-APND,50.15435
2023-07-19 10:00:00-07:00,TH_SP15_GEN-APND,49.81968
2023-07-19 10:00:00-07:00,TH_ZP26_GEN-APND,48.11028
2023-07-19 11:00:00-07:00,TH_NP15_GEN-APND,50.78293
2023-07-19 11:00:00-07:00,TH_SP15_GEN-APND,50.69383
2023-07-19 11:00:00-07:00,TH_ZP26_GEN-APND,48.74406
2023-07-19 12:00:00-07:00,TH_NP15_GEN-APND,53.50671
2023-07-19 12:00:00-07:00,TH_SP15_GEN-APND,54.27293
2023-07-19 12:00:00-07:00,TH_ZP26_GEN-APND,51.80649
2023-07-19 13:00:00-07:00,TH_NP15_GEN-APND,56.20295
2023-07-19 13:00:00-07:00,TH_SP15_GEN-APND,62.16109
2023-07-19 13:00:00-07:00,TH_ZP26_GEN-APND,54.17346
2023-07-19 14:00:00-07:00,TH_NP15_GEN-APND,61.67913
2023-07-19 14:00:00-07:00,TH_SP15_GEN-APND,71.8
2023-07-19 14:00:00-07:00,TH_ZP26_GEN-APND,59.01201
2023-07-19 15:00:00-07:00,TH_NP15_GEN-APND,67.0
2023-07-19 15:00:00-07:00,TH_SP15_GEN-APND,81.14397
2023-07-19 15:00:00-07:00,TH_ZP26_GEN-APND,63.84945
2023-07-19 16:00:00-07:00,TH_NP15_GEN-APND,69.92889
2023-07-19 16:00:00-07:00,TH_SP15_GEN-APND,82.46342
2023-07-19 16:00:00-07:00,TH_ZP26_GEN-APND,66.12608
2023-07-19 17:00:00-07:00,TH_NP15_GEN-APND,74.88235
2023-07-19 17:00:00-07:00,TH_SP15_GEN-APND,87.11474
2023-07-19 17:00:00-07:00,TH_ZP26_GEN-APND,73.73633
2023-07-19 18:00:00-07:00,TH_NP15_GEN-APND,90.03453
2023-07-19 18:00:00-07:00,TH_SP15_GEN-APND,125.71152
2023-07-19 18:00:00-07:00,TH_ZP26_GEN-APND,86.35117
2023-07-19 19:00:00-07:00,TH_NP15_GEN-APND,124.6847
2023-07-19 19:00:00-07:00,TH_SP15_GEN-APND,187.19858
2023-07-19 19:00:00-07:00,TH_ZP26_GEN-APND,121.1073
2023-07-19 20:00:00-07:00,TH_NP15_GEN-APND,104.02
2023-07-19 20:00:00-07:00,TH_SP15_GEN-APND,142.0987
2023-07-19 20:00:00-07:00,TH_ZP26_GEN-APND,101.00596
2023-07-19 21:00:00-07:00,TH_NP15_GEN-APND,87.63239
2023-07-19 21:00:00-07:00,TH_SP15_GEN-APND,104.56
2023-07-19 21:00:00-07:00,TH_ZP26_GEN-APND,87.07046
2023-07-19 22:00:00-07:00,TH_NP15_GEN-APND,74.62416
2023-07-19 22:00:00-07:00,TH_SP15_GEN-APND,82.80954
2023-07-19 22:00:00-07:00,TH_ZP26_GEN-APND,75.18403
2023-07-19 23:00:00-07:00,TH_NP15_GEN-APND,66.92724
2023-07-19 23:00:00-07:00,TH_SP15_GEN-APND,74.73512
2023-07-19 23:00:00-07:00,TH_ZP26_GEN-APND,67.53399
2023-07-20 00:00:00-07:00,TH_NP15_GEN-APND,58.13982
2023-07-20 00:00:00-07:00,TH_SP15_GEN-APND,61.32557
2023-07-20 00:00:00-07:00,TH_ZP26_GEN-APND,58.70165
2023-07-20 01:00:00-07:00,TH_NP15_GEN-APND,54.18327
2023-07-20 01:00:00-07:00,TH_SP15_GEN-APND,56.58
2023-07-20 01:00:00-07:00,TH_ZP26_GEN-APND,54.45718
2023-07-20 02:00:00-07:00,TH_NP15_GEN-APND,50.10408
2023-07-20 02:00:00-07:00,TH_SP15_GEN-APND,52.51314
2023-07-20 02:00:00-07:00,TH_ZP26_GEN-APND,50.45276
2023-07-20 03:00:00-07:00,TH_NP15_GEN-APND,49.53733
2023-07-20 03:00:00-07:00,TH_SP15_GEN-APND,51.50471
2023-07-20 03:00:00-07:00,TH_ZP26_GEN-APND,49.68787
2023-07-20 04:00:00-07:00,TH_NP15_GEN-APND,49.69451
2023-07-20 04:00:00-07:00,TH_SP15_GEN-APND,51.66751
2023-07-20 04:00:00-07:00,TH_ZP26_GEN-APND,49.83507
2023-07-20 05:00:00-07:00,TH_NP15_GEN-APND,51.22327
2023-07-20 05:00:00-07:00,TH_SP15_GEN-APND,52.97371
2023-07-20 05:00:00-07:00,TH_ZP26_GEN-APND,51.27144
2023-07-20 06:00:00-07:00,TH_NP15_GEN-APND,63.08394
2023-07-20 06:00:00-07:00,TH_SP15_GEN-APND,65.73586
2023-07-20 06:00:00-07:00,TH_ZP26_GEN-APND,63.20298
2023-07-20 07:00:00-07:00,TH_NP15_GEN-APND,50.03391
2023-07-20 07:00:00-07:00,TH_SP15_GEN-APND,51.07866
2023-07-20 07:00:00-07:00,TH_ZP26_GEN-APND,49.16588
2023-07-20 08:00:00-07:00,TH_NP15_GEN-APND,49.15004
2023-07-20 08:00:00-07:00,TH_SP15_GEN-APND,49.23095
2023-07-20 08:00:00-07:00,TH_ZP26_GEN-APND,47.3499
2023-07-20 09:00:00-07:00,TH_NP15_GEN-APND,51.01599
2023-07-20 09:00:00-07:00,TH_SP15_GEN-APND,51.26351
2023-07-20 09:00:00-07:00,TH_ZP26_GEN-APND,48.97788
2023-07-20 10:00:00-07:00,TH_NP15_GEN-APND,52.06423
2023-07-20 10:00:00-07:00,TH_SP15_GEN-APND,52.23091
2023-07-20 10:00:00-07:00,TH_ZP26_GEN-APND,49.82745
2023-07-20 11:00:00-07:00,TH_NP15_GEN-APND,55.0
2023-07-20 11:00:00-07:00,TH_SP15_GEN-APND,58.0791
2023-07-20 11:00:00-07:00,TH_ZP26_GEN-APND,54.58604
2023-07-20 12:00:00-07:00,TH_NP15_GEN-APND,58.03292
2023-07-20 12:00:00-07:00,TH_SP15_GEN-APND,65.90632
2023-07-20 12:00:00-07:00,TH_ZP26_GEN-APND,57.12139
2023-07-20 13:00:00-07:00,TH_NP15_GEN-APND,63.11208
2023-07-20 13:00:00-07:00,TH_SP15_GEN-APND,75.0
2023-07-20 13:00:00-07:00,TH_ZP26_GEN-APND,61.6823
2023-07-20 14:00:00-07:00,TH_NP15_GEN-APND,68.48224
2023-07-20 14:00:00-07:00,TH_SP15_GEN-APND,80.92
2023-07-20 14:00:00-07:00,TH_ZP26_GEN-APND,64.53173
2023-07-20 15:00:00-07:00,TH_NP15_GEN-APND,76.97
2023-07-20 15:00:00-07:00,TH_SP15_GEN-APND,85.23541
2023-07-20 15:00:00-07:00,TH_ZP26_GEN-APND,73.85786
2023-07-20 16:00:00-07:00,TH_NP15_GEN-APND,79.04534
2023-07-20 16:00:00-07:00,TH_SP15_GEN-APND,88.96
2023-07-20 16:00:00-07:00,TH_ZP26_GEN-APND,76.33931
2023-07-20 17:00:00-07:00,TH_NP15_GEN-APND,92.2297
2023-07-20 17:00:00-07:00,TH_SP15_GEN-APND,96.11
2023-07-20 17:00:00-07:00,TH_ZP26_GEN-APND,90.19141
2023-07-20 18:00:00-07:00,TH_NP15_GEN-APND,110.78385
2023-07-20 18:00:00-07:00,TH_SP15_GEN-APND,130.5
2023-07-20 18:00:00-07:00,TH_ZP26_GEN-APND,108.57272
2023-07-20 19:00:00-07:00,TH_NP15_GEN-APND,160.05493
2023-07-20 19:00:00-07:00,TH_SP15_GEN-APND,226.27274
2023-07-20 19:00:00-07:00,TH_ZP26_GEN-APND,156.51762
2023-07-20 20:00:00-07:00,TH_NP15_GEN-APND,119.66468
2023-07-20 20:00:00-07:00,TH_SP15_GEN-APND,174.39684
2023-07-20 20:00:00-07:00,TH_ZP26_GEN-APND,115.8884
2023-07-20 21:00:00-07:00,TH_NP15_GEN-APND,92.47507
2023-07-20 21:00:00-07:00,TH_SP15_GEN-APND,111.09238
2023-07-20 21:00:00-07:00,TH_ZP26_GEN-APND,92.04456
2023-07-20 22:00:00-07:00,TH_NP15_GEN-APND,75.94872
2023-07-20 22:00:00-07:00,TH_SP15_GEN-APND,82.88715
2023-07-20 22:00:00-07:00,TH_ZP26_GEN-APND,76.4831
2023-07-20 23:00:00-07:00,TH_NP15_GEN-APND,68.47739
2023-07-20 23:00:00-07:00,TH_SP15_GEN-APND,71.92924
2023-07-20 23:00:00-07:00,TH_ZP26_GEN-APND,68.92068
2023-07-21 00:00:00-07:00,TH_NP15_GEN-APND,62.87131
2023-07-21 00:00:00-07:00,TH_SP15_GEN-APND,65.64759
2023-07-21 00:00:00-07:00,TH_ZP26_GEN-APND,63.18348
2023-07-21 01:00:00-07:00,TH_NP15_GEN-APND,56.35823
2023-07-21 01:00:00-07:00,TH_SP15_GEN-APND,58.10874
2023-07-21 01:00:00-07:00,TH_ZP26_GEN-APND,56.26392
2023-07-21 02:00:00-07:00,TH_NP15_GEN-APND,54.88196
2023-07-21 02:00:00-07:00,TH_SP15_GEN-APND,56.65345
2023-07-21 02:00:00-07:00,TH_ZP26_GEN-APND,54.88769
2023-07-21 03:00:00-07:00,TH_NP15_GEN-APND,54.02632
2023-07-21 03:00:00-07:00,TH_SP15_GEN-APND,56.39826
2023-07-21 03:00:00-07:00,TH_ZP26_GEN-APND,54.45114
2023-07-21 04:00:00-07:00,TH_NP15_GEN-APND,54.50147
2023-07-21 04:00:00-07:00,TH_SP15_GEN-APND,56.42231
2023-07-21 04:00:00-07:00,TH_ZP26_GEN-APND,54.97456
2023-07-21 05:00:00-07:00,TH_NP15_GEN-APND,54.65804
2023-07-21 05:00:00-07:00,TH_SP15_GEN-APND,56.52606
2023-07-21 05:00:00-07:00,TH_ZP26_GEN-APND,54.72088
2023-07-21 06:00:00-07:00,TH_NP15_GEN-APND,59.58187
2023-07-21 06:00:00-07:00,TH_SP15_GEN-APND,62.94916
2023-07-21 06:00:00-07:00,TH_ZP26_GEN-APND,60.21499
2023-07-21 07:00:00-07:00,TH_NP15_GEN-APND,53.8806
2023-07-21 07:00:00-07:00,TH_SP15_GEN-APND,55.68489
2023-07-21 07:00:00-07:00,TH_ZP26_GEN-APND,53.7622
2023-07-21 08:00:00-07:00,TH_NP15_GEN-APND,51.00424
2023-07-21 08:00:00-07:00,TH_SP15_GEN-APND,51.67
2023-07-21 08:00:00-07:00,TH_ZP26_GEN-APND,49.79426
2023-07-21 09:00:00-07:00,TH_NP15_GEN-APND,54.12809
2023-07-21 09:00:00-07:00,TH_SP15_GEN-APND,55.23976
2023-07-21 09:00:00-07:00,TH_ZP26_GEN-APND,52.87533
2023-07-21 10:00:00-07:00,TH_NP15_GEN-APND,55.21728
2023-07-21 10:00:00-07:00,TH_SP15_GEN-APND,56.35441
2023-07-21 10:00:00-07:00,TH_ZP26_GEN-APND,53.90121
2023-07-21 11:00:00-07:00,TH_NP15_GEN-APND,56.3357
2023-07-21 11:00:00-07:00,TH_SP15_GEN-APND,63.57879
2023-07-21 11:00:00-07:00,TH_ZP26_GEN-APND,53.89845
2023-07-21 12:00:00-07:00,TH_NP15_GEN-APND,58.5466
2023-07-21 12:00:00-07:00,TH_SP15_GEN-APND,75.55066
2023-07-21 12:00:00-07:00,TH_ZP26_GEN-APND,54.70741
2023-07-21 13:00:00-07:00,TH_NP15_GEN-APND,65.28294
2023-07-21 13:00:00-07:00,TH_SP15_GEN-APND,85.97848
2023-07-21 13:00:00-07:00,TH_ZP26_GEN-APND,62.86239
2023-07-21 14:00:00-07:00,TH_NP15_GEN-APND,78.90667
2023-07-21 14:00:00-07:00,TH_SP15_GEN-APND,93.26468
2023-07-21 14:00:00-07:00,TH_ZP26_GEN-APND,74.75721
2023-07-21 15:00:00-07:00,TH_NP15_GEN-APND,82.41477
2023-07-21 15:00:00-07:00,TH_SP15_GEN-APND,99.91831
2023-07-21 15:00:00-07:00,TH_ZP26_GEN-APND,78.07499
2023-07-21 16:00:00-07:00,TH_NP15_GEN-APND,92.08626
2023-07-21 16:00:00-07:00,TH_SP15_GEN-APND,110.00467
2023-07-21 16:00:00-07:00,TH_ZP26_GEN-APND,87.89628
2023-07-21 17:00:00-07:00,TH_NP15_GEN-APND,100.04435
2023-07-21 17:00:00-07:00,TH_SP15_GEN-APND,113.92624
2023-07-21 17:00:00-07:00,TH_ZP26_GEN-APND,96.33913
2023-07-21 18:00:00-07:00,TH_NP15_GEN-APND,128.15442
2023-07-21 18:00:00-07:00,TH_SP15_GEN-APND,158.08966
2023-07-21 18:00:00-07:00,TH_ZP26_GEN-APND,124.6038
2023-07-21 19:00:00-07:00,TH_NP15_GEN-APND,193.15805
2023-07-21 19:00:00-07:00,TH_SP15_GEN-APND,266.61365
2023-07-21 19:00:00-07:00,TH_ZP26_GEN-APND,188.14545
2023-07-21 20:00:00-07:00,TH_NP15_GEN-APND,134.25
2023-07-21 20:00:00-07:00,TH_SP15_GEN-APND,170.67
2023-07-21 20:00:00-07:00,TH_ZP26_GEN-APND,132.09917
2023-07-21 21:00:00-07:00,TH_NP15_GEN-APND,99.93682
2023-07-21 21:00:00-07:00,TH_SP15_GEN-APND,121.7599
2023-07-21 21:00:00-07:00,TH_ZP26_GEN-APND,98.81096
2023-07-21 22:00:00-07:00,TH_NP15_GEN-APND,88.67592
2023-07-21 22:00:00-07:00,TH_SP15_GEN-APND,99.83067
2023-07-21 22:00:00-07:00,TH_ZP26_GEN-APND,88.95666
2023-07-21 23:00:00-07:00,TH_NP15_GEN-APND,80.41056
2023-07-21 23:00:00-07:00,TH_SP15_GEN-APND,85.32015
2023-07-21 23:00:00-07:00,TH_ZP26_GEN-APND,81.76908
2023-07-22 00:00:00-07:00,TH_NP15_GEN-APND,71.24442
2023-07-22 00:00:00-07:00,TH_SP15_GEN-APND,74.59127
2023-07-22 00:00:00-07:00,TH_ZP26_GEN-APND,71.92453
2023-07-22 01:00:00-07:00,TH_NP15_GEN-APND,66.08234
2023-07-22 01:00:00-07:00,TH_SP15_GEN-APND,68.6203
2023-07-22 01:00:00-07:00,TH_ZP26_GEN-APND,66.77483
2023-07-22 02:00:00-07:00,TH_NP15_GEN-APND,58.82476
2023-07-22 02:00:00-07:00,TH_SP15_GEN-APND,61.12625
2023-07-22 02:00:00-07:00,TH_ZP26_GEN-APND,59.71107
2023-07-22 03:00:00-07:00,TH_NP15_GEN-APND,55.78649
2023-07-22 03:00:00-07:00,TH_SP15_GEN-APND,58.57595
2023-07-22 03:00:00-07:00,TH_ZP26_GEN-APND,56.89192
2023-07-22 04:00:00-07:00,TH_NP15_GEN-APND,56.21991
2023-07-22 04:00:00-07:00,TH_SP15_GEN-APND,59.05605
2023-07-22 04:00:00-07:00,TH_ZP26_GEN-APND,57.36508
2023-07-22 05:00:00-07:00,TH_NP15_GEN-APND,57.95206
2023-07-22 05:00:00-07:00,TH_SP15_GEN-APND,60.89508
2023-07-22 05:00:00-07:00,TH_ZP26_GEN-APND,59.15071
2023-07-22 06:00:00-07:00,TH_NP15_GEN-APND,58.14657
2023-07-22 06:00:00-07:00,TH_SP15_GEN-APND,61.44826
2023-07-22 06:00:00-07:00,TH_ZP26_GEN-APND,59.26426
2023-07-22 07:00:00-07:00,TH_NP15_GEN-APND,49.67494
2023-07-22 07:00:00-07:00,TH_SP15_GEN-APND,51.26821
2023-07-22 07:00:00-07:00,TH_ZP26_GEN-APND,49.64213
2023-07-22 08:00:00-07:00,TH_NP15_GEN-APND,47.9179
2023-07-22 08:00:00-07:00,TH_SP15_GEN-APND,48.77233
2023-07-22 08:00:00-07:00,TH_ZP26_GEN-APND,47.0457
2023-07-22 09:00:00-07:00,TH_NP15_GEN-APND,48.47316
2023-07-22 09:00:00-07:00,TH_SP15_GEN-APND,49.50412
2023-07-22 09:00:00-07:00,TH_ZP26_GEN-APND,47.4322
2023-07-22 10:00:00-07:00,TH_NP15_GEN-APND,51.75731
2023-07-22 10:00:00-07:00,TH_SP15_GEN-APND,52.73829
2023-07-22 10:00:00-07:00,TH_ZP26_GEN-APND,50.51234
2023-07-22 11:00:00-07:00,TH_NP15_GEN-APND,54.64531
2023-07-22 11:00:00-07:00,TH_SP15_GEN-APND,56.58942
2023-07-22 11:00:00-07:00,TH_ZP26_GEN-APND,53.56732
2023-07-22 12:00:00-07:00,TH_NP15_GEN-APND,56.37689
2023-07-22 12:00:00-07:00,TH_SP15_GEN-APND,59.724
2023-07-22 12:00:00-07:00,TH_ZP26_GEN-APND,55.04548
2023-07-22 13:00:00-07:00,TH_NP15_GEN-APND,64.10879
2023-07-22 13:00:00-07:00,TH_SP15_GEN-APND,66.1
2023-07-22 13:00:00-07:00,TH_ZP26_GEN-APND,62.86917
2023-07-22 14:00:00-07:00,TH_NP15_GEN-APND,74.3699
2023-07-22 14:00:00-07:00,TH_SP15_GEN-APND,77.133
2023-07-22 14:00:00-07:00,TH_ZP26_GEN-APND,72.9937
2023-07-22 15:00:00-07:00,TH_NP15_GEN-APND,76.83896
2023-07-22 15:00:00-07:00,TH_SP15_GEN-APND,88.12153
2023-07-22 15:00:00-07:00,TH_ZP26_GEN-APND,74.17033
2023-07-22 16:00:00-07:00,TH_NP15_GEN-APND,79.59454
2023-07-22 16:00:00-07:00,TH_SP15_GEN-APND,92.75508
2023-07-22 16:00:00-07:00,TH_ZP26_GEN-APND,76.92157
2023-07-22 17:00:00-07:00,TH_NP15_GEN-APND,88.49024
2023-07-22 17:00:00-07:00,TH_SP15_GEN-APND,109.60207
2023-07-22 17:00:00-07:00,TH_ZP26_GEN-APND,85.66948
2023-07-22 18:00:00-07:00,TH_NP15_GEN-APND,109.18408
2023-07-22 18:00:00-07:00,TH_SP15_GEN-APND,160.19592
2023-07-22 18:00:00-07:00,TH_ZP26_GEN-APND,104.60432
2023-07-22 19:00:00-07:00,TH_NP15_GEN-APND,147.67
2023-07-22 19:00:00-07:00,TH_SP15_GEN-APND,264.0181
2023-07-22 19:00:00-07:00,TH_ZP26_GEN-APND,139.45221
2023-07-22 20:00:00-07:00,TH_NP15_GEN-APND,118.04223
2023-07-22 20:00:00-07:00,TH_SP15_GEN-APND,167.49
2023-07-22 20:00:00-07:00,TH_ZP26_GEN-APND,115.49303
2023-07-22 21:00:00-07:00,TH_NP15_GEN-APND,94.7049
2023-07-22 21:00:00-07:00,TH_SP15_GEN-APND,114.23205
2023-07-22 21:00:00-07:00,TH_ZP26_GEN-APND,94.51369
2023-07-22 22:00:00-07:00,TH_NP15_GEN-APND,87.2974
2023-07-22 22:00:00-07:00,TH_SP15_GEN-APND,93.73122
2023-07-22 22:00:00-07:00,TH_ZP26_GEN-APND,88.51791
2023-07-22 23:00:00-07:00,TH_NP15_GEN-APND,79.58698
2023-07-22 23:00:00-07:00,TH_SP15_GEN-APND,84.79153
2023-07-22 23:00:00-07:00,TH_ZP26_GEN-APND,81.15821
2023-07-23 00:00:00-07:00,TH_NP15_GEN-APND,65.72632
2023-07-23 00:00:00-07:00,TH_SP15_GEN-APND,69.83485
2023-07-23 00:00:00-07:00,TH_ZP26_GEN-APND,67.25564
2023-07-23 01:00:00-07:00,TH_NP15_GEN-APND,60.77579
2023-07-23 01:00:00-07:00,TH_SP15_GEN-APND,65.29606
2023-07-23 01:00:00-07:00,TH_ZP26_GEN-APND,62.67404
2023-07-23 02:00:00-07:00,TH_NP15_GEN-APND,55.8184
2023-07-23 02:00:00-07:00,TH_SP15_GEN-APND,59.31122
2023-07-23 02:00:00-07:00,TH_ZP26_GEN-APND,57.09231
2023-07-23 03:00:00-07:00,TH_NP15_GEN-APND,55.2332
2023-07-23 03:00:00-07:00,TH_SP15_GEN-APND,58.43216
2023-07-23 03:00:00-07:00,TH_ZP26_GEN-APND,56.41322
2023-07-23 04:00:00-07:00,TH_NP15_GEN-APND,57.40723
2023-07-23 04:00:00-07:00,TH_SP15_GEN-APND,61.7593
2023-07-23 04:00:00-07:00,TH_ZP26_GEN-APND,58.95485
2023-07-23 05:00:00-07:00,TH_NP15_GEN-APND,55.49309
2023-07-23 05:00:00-07:00,TH_SP15_GEN-APND,59.95881
2023-07-23 05:00:00-07:00,TH_ZP26_GEN-APND,57.32758
2023-07-23 06:00:00-07:00,TH_NP15_GEN-APND,60.0
2023-07-23 06:00:00-07:00,TH_SP15_GEN-APND,64.44622
2023-07-23 06:00:00-07:00,TH_ZP26_GEN-APND,61.52761
2023-07-23 07:00:00-07:00,TH_NP15_GEN-APND,50.30833
2023-07-23 07:00:00-07:00,TH_SP15_GEN-APND,52.71529
2023-07-23 07:00:00-07:00,TH_ZP26_GEN-APND,50.56817
2023-07-23 08:00:00-07:00,TH_NP15_GEN-APND,48.15701
2023-07-23 08:00:00-07:00,TH_SP15_GEN-APND,49.33422
2023-07-23 08:00:00-07:00,TH_ZP26_GEN-APND,47.38543
2023-07-23 09:00:00-07:00,TH_NP15_GEN-APND,47.78741
2023-07-23 09:00:00-07:00,TH_SP15_GEN-APND,48.83598
2023-07-23 09:00:00-07:00,TH_ZP26_GEN-APND,46.67961
2023-07-23 10:00:00-07:00,TH_NP15_GEN-APND,48.70337
2023-07-23 10:00:00-07:00,TH_SP15_GEN-APND,49.47306
2023-07-23 10:00:00-07:00,TH_ZP26_GEN-APND,46.6473
2023-07-23 11:00:00-07:00,TH_NP15_GEN-APND,50.26068
2023-07-23 11:00:00-07:00,TH_SP15_GEN-APND,51.73425
2023-07-23 11:00:00-07:00,TH_ZP26_GEN-APND,48.7697
2023-07-23 12:00:00-07:00,TH_NP15_GEN-APND,51.97
2023-07-23 12:00:00-07:00,TH_SP15_GEN-APND,53.75214
2023-07-23 12:00:00-07:00,TH_ZP26_GEN-APND,50.89444
2023-07-23 13:00:00-07:00,TH_NP15_GEN-APND,56.58
2023-07-23 13:00:00-07:00,TH_SP15_GEN-APND,60.28375
2023-07-23 13:00:00-07:00,TH_ZP26_GEN-APND,55.38072
2023-07-23 14:00:00-07:00,TH_NP15_GEN-APND,58.34179
2023-07-23 14:00:00-07:00,TH_SP15_GEN-APND,73.91592
2023-07-23 14:00:00-07:00,TH_ZP26_GEN-APND,56.0
2023-07-23 15:00:00-07:00,TH_NP15_GEN-APND,55.4784
2023-07-23 15:00:00-07:00,TH_SP15_GEN-APND,88.03357
2023-07-23 15:00:00-07:00,TH_ZP26_GEN-APND,51.63103
2023-07-23 16:00:00-07:00,TH_NP15_GEN-APND,62.02624
2023-07-23 16:00:00-07:00,TH_SP15_GEN-APND,98.94379
2023-07-23 16:00:00-07:00,TH_ZP26_GEN-APND,57.73322
2023-07-23 17:00:00-07:00,TH_NP15_GEN-APND,70.54227
2023-07-23 17:00:00-07:00,TH_SP15_GEN-APND,111.30414
2023-07-23 17:00:00-07:00,TH_ZP26_GEN-APND,65.85864
2023-07-23 18:00:00-07:00,TH_NP15_GEN-APND,77.58
2023-07-23 18:00:00-07:00,TH_SP15_GEN-APND,152.90823
2023-07-23 18:00:00-07:00,TH_ZP26_GEN-APND,68.96896
2023-07-23 19:00:00-07:00,TH_NP15_GEN-APND,107.17396
2023-07-23 19:00:00-07:00,TH_SP15_GEN-APND,283.78873
2023-07-23 19:00:00-07:00,TH_ZP26_GEN-APND,87.23
2023-07-23 20:00:00-07:00,TH_NP15_GEN-APND,84.96547
2023-07-23 20:00:00-07:00,TH_SP15_GEN-APND,163.88
2023-07-23 20:00:00-07:00,TH_ZP26_GEN-APND,80.10184
2023-07-23 21:00:00-07:00,TH_NP15_GEN-APND,73.62425
2023-07-23 21:00:00-07:00,TH_SP15_GEN-APND,114.61721
2023-07-23 21:00:00-07:00,TH_ZP26_GEN-APND,72.09529
2023-07-23 22:00:00-07:00,TH_NP15_GEN-APND,73.24063
2023-07-23 22:00:00-07:00,TH_SP15_GEN-APND,90.42898
2023-07-23 22:00:00-07:00,TH_ZP26_GEN-APND,73.64608
2023-07-23 23:00:00-07:00,TH_NP15_GEN-APND,61.57255
2023-07-23 23:00:00-07:00,TH_SP15_GEN-APND,75.90911
2023-07-23 23:00:00-07:00,TH_ZP26_GEN-APND,61.80494
2023-07-24 00:00:00-07:00,TH_NP15_GEN-APND,62.12925
2023-07-24 00:00:00-07:00,TH_SP15_GEN-APND,65.10881
2023-07-24 00:00:00-07:00,TH_ZP26_GEN-APND,63.12386
2023-07-24 01:00:00-07:00,TH_NP15_GEN-APND,58.48266
2023-07-24 01:00:00-07:00,TH_SP15_GEN-APND,61.9772
2023-07-24 01:00:00-07:00,TH_ZP26_GEN-APND,59.68221
2023-07-24 02:00:00-07:00,TH_NP15_GEN-APND,54.30473
2023-07-24 02:00:00-07:00,TH_SP15_GEN-APND,57.87128
2023-07-24 02:00:00-07:00,TH_ZP26_GEN-APND,55.58628
2023-07-24 03:00:00-07:00,TH_NP15_GEN-APND,53.88608
2023-07-24 03:00:00-07:00,TH_SP15_GEN-APND,57.73089
2023-07-24 03:00:00-07:00,TH_ZP26_GEN-APND,55.32999
2023-07-24 04:00:00-07:00,TH_NP15_GEN-APND,53.97684
2023-07-24 04:00:00-07:00,TH_SP15_GEN-APND,57.62875
2023-07-24 04:00:00-07:00,TH_ZP26_GEN-APND,55.28243
2023-07-24 05:00:00-07:00,TH_NP15_GEN-APND,58.04825
2023-07-24 05:00:00-07:00,TH_SP15_GEN-APND,62.05678
2023-07-24 05:00:00-07:00,TH_ZP26_GEN-APND,59.4618
2023-07-24 06:00:00-07:00,TH_NP15_GEN-APND,60.73107
2023-07-24 06:00:00-07:00,TH_SP15_GEN-APND,65.4384
2023-07-24 06:00:00-07:00,TH_ZP26_GEN-APND,62.40776
2023-07-24 07:00:00-07:00,TH_NP15_GEN-APND,53.65426
2023-07-24 07:00:00-07:00,TH_SP15_GEN-APND,57.01315
2023-07-24 07:00:00-07:00,TH_ZP26_GEN-APND,54.29252
2023-07-24 08:00:00-07:00,TH_NP15_GEN-APND,52.66861
2023-07-24 08:00:00-07:00,TH_SP15_GEN-APND,54.60378
2023-07-24 08:00:00-07:00,TH_ZP26_GEN-APND,52.07373
2023-07-24 09:00:00-07:00,TH_NP15_GEN-APND,51.41297
2023-07-24 09:00:00-07:00,TH_SP15_GEN-APND,52.94857
2023-07-24 09:00:00-07:00,TH_ZP26_GEN-APND,50.41127
2023-07-24 10:00:00-07:00,TH_NP15_GEN-APND,53.0266
2023-07-24 10:00:00-07:00,TH_SP15_GEN-APND,55.34796
2023-07-24 10:00:00-07:00,TH_ZP26_GEN-APND,52.22643
2023-07-24 11:00:00-07:00,TH_NP15_GEN-APND,54.56249
2023-07-24 11:00:00-07:00,TH_SP15_GEN-APND,56.9547
2023-07-24 11:00:00-07:00,TH_ZP26_GEN-APND,53.44
2023-07-24 12:00:00-07:00,TH_NP15_GEN-APND,53.56
2023-07-24 12:00:00-07:00,TH_SP15_GEN-APND,57.73028
2023-07-24 12:00:00-07:00,TH_ZP26_GEN-APND,51.99987
2023-07-24 13:00:00-07:00,TH_NP15_GEN-APND,60.65852
2023-07-24 13:00:00-07:00,TH_SP15_GEN-APND,71.12067
2023-07-24 13:00:00-07:00,TH_ZP26_GEN-APND,57.98553
2023-07-24 14:00:00-07:00,TH_NP15_GEN-APND,63.79995
2023-07-24 14:00:00-07:00,TH_SP15_GEN-APND,84.14356
2023-07-24 14:00:00-07:00,TH_ZP26_GEN-APND,60.51925
2023-07-24 15:00:00-07:00,TH_NP15_GEN-APND,60.27383
2023-07-24 15:00:00-07:00,TH_SP15_GEN-APND,91.83344
2023-07-24 15:00:00-07:00,TH_ZP26_GEN-APND,54.55859
2023-07-24 16:00:00-07:00,TH_NP15_GEN-APND,63.02469
2023-07-24 16:00:00-07:00,TH_SP15_GEN-APND,99.7254
2023-07-24 16:00:00-07:00,TH_ZP26_GEN-APND,55.71128
2023-07-24 17:00:00-07:00,TH_NP15_GEN-APND,75.19184
2023-07-24 17:00:00-07:00,TH_SP15_GEN-APND,114.95762
2023-07-24 17:00:00-07:00,TH_ZP26_GEN-APND,69.0823
2023-07-24 18:00:00-07:00,TH_NP15_GEN-APND,83.65826
2023-07-24 18:00:00-07:00,TH_SP15_GEN-APND,179.21526
2023-07-24 18:00:00-07:00,TH_ZP26_GEN-APND,73.40271
2023-07-24 19:00:00-07:00,TH_NP15_GEN-APND,108.84083
2023-07-24 19:00:00-07:00,TH_SP15_GEN-APND,310.25
2023-07-24 19:00:00-07:00,TH_ZP26_GEN-APND,87.54568
2023-07-24 20:00:00-07:00,TH_NP15_GEN-APND,84.87667
2023-07-24 20:00:00-07:00,TH_SP15_GEN-APND,201.03156
2023-07-24 20:00:00-07:00,TH_ZP26_GEN-APND,72.66838
2023-07-24 21:00:00-07:00,TH_NP15_GEN-APND,76.17836
2023-07-24 21:00:00-07:00,TH_SP15_GEN-APND,117.66963
2023-07-24 21:00:00-07:00,TH_ZP26_GEN-APND,73.61417
2023-07-24 22:00:00-07:00,TH_NP15_GEN-APND,77.0059
2023-07-24 22:00:00-07:00,TH_SP15_GEN-APND,90.88483
2023-07-24 22:00:00-07:00,TH_ZP26_GEN-APND,76.90934
2023-07-24 23:00:00-07:00,TH_NP15_GEN-APND,72.35353
2023-07-24 23:00:00-07:00,TH_SP15_GEN-APND,82.09
2023-07-24 23:00:00-07:00,TH_ZP26_GEN-APND,72.84205
2023-07-25 00:00:00-07:00,TH_NP15_GEN-APND,63.40993
2023-07-25 00:00:00-07:00,TH_SP15_GEN-APND,68.76551
2023-07-25 00:00:00-07:00,TH_ZP26_GEN-APND,65.01469
2023-07-25 01:00:00-07:00,TH_NP15_GEN-APND,56.97847
2023-07-25 01:00:00-07:00,TH_SP15_GEN-APND,60.9
2023-07-25 01:00:00-07:00,TH_ZP26_GEN-APND,58.42672
2023-07-25 02:00:00-07:00,TH_NP15_GEN-APND,54.67421
2023-07-25 02:00:00-07:00,TH_SP15_GEN-APND,58.77156
2023-07-25 02:00:00-07:00,TH_ZP26_GEN-APND,56.26366
2023-07-25 03:00:00-07:00,TH_NP15_GEN-APND,54.19012
2023-07-25 03:00:00-07:00,TH_SP15_GEN-APND,58.12307
2023-07-25 03:00:00-07:00,TH_ZP26_GEN-APND,55.69065
2023-07-25 04:00:00-07:00,TH_NP15_GEN-APND,56.43131
2023-07-25 04:00:00-07:00,TH_SP15_GEN-APND,60.42578
2023-07-25 04:00:00-07:00,TH_ZP26_GEN-APND,57.91356
2023-07-25 05:00:00-07:00,TH_NP15_GEN-APND,57.59423
2023-07-25 05:00:00-07:00,TH_SP15_GEN-APND,60.88994
2023-07-25 05:00:00-07:00,TH_ZP26_GEN-APND,58.80229
2023-07-25 06:00:00-07:00,TH_NP15_GEN-APND,59.95459
2023-07-25 06:00:00-07:00,TH_SP15_GEN-APND,71.39207
2023-07-25 06:00:00-07:00,TH_ZP26_GEN-APND,60.97797
2023-07-25 07:00:00-07:00,TH_NP15_GEN-APND,54.3206
2023-07-25 07:00:00-07:00,TH_SP15_GEN-APND,58.0
2023-07-25 07:00:00-07:00,TH_ZP26_GEN-APND,55.24362
2023-07-25 08:00:00-07:00,TH_NP15_GEN-APND,53.29005
2023-07-25 08:00:00-07:00,TH_SP15_GEN-APND,55.67072
2023-07-25 08:00:00-07:00,TH_ZP26_GEN-APND,53.05456
2023-07-25 09:00:00-07:00,TH_NP15_GEN-APND,53.82056
2023-07-25 09:00:00-07:00,TH_SP15_GEN-APND,56.23708
2023-07-25 09:00:00-07:00,TH_ZP26_GEN-APND,53.30901
2023-07-25 10:00:00-07:00,TH_NP15_GEN-APND,54.11937
2023-07-25 10:00:00-07:00,TH_SP15_GEN-APND,57.95956
2023-07-25 10:00:00-07:00,TH_ZP26_GEN-APND,53.4729
2023-07-25 11:00:00-07:00,TH_NP15_GEN-APND,54.33202
2023-07-25 11:00:00-07:00,TH_SP15_GEN-APND,60.03026
2023-07-25 11:00:00-07:00,TH_ZP26_GEN-APND,53.15595
2023-07-25 12:00:00-07:00,TH_NP15_GEN-APND,55.0
2023-07-25 12:00:00-07:00,TH_SP15_GEN-APND,71.76564
2023-07-25 12:00:00-07:00,TH_ZP26_GEN-APND,52.53202
2023-07-25 13:00:00-07:00,TH_NP15_GEN-APND,62.0
2023-07-25 13:00:00-07:00,TH_SP15_GEN-APND,83.52302
2023-07-25 13:00:00-07:00,TH_ZP26_GEN-APND,58.41134
2023-07-25 14:00:00-07:00,TH_NP15_GEN-APND,66.39725
2023-07-25 14:00:00-07:00,TH_SP15_GEN-APND,93.4668
2023-07-25 14:00:00-07:00,TH_ZP26_GEN-APND,62.04
2023-07-25 15:00:00-07:00,TH_NP15_GEN-APND,72.28216
2023-07-25 15:00:00-07:00,TH_SP15_GEN-APND,97.5336
2023-07-25 15:00:00-07:00,TH_ZP26_GEN-APND,67.80344
2023-07-25 16:00:00-07:00,TH_NP15_GEN-APND,80.07
2023-07-25 16:00:00-07:00,TH_SP15_GEN-APND,102.72878
2023-07-25 16:00:00-07:00,TH_ZP26_GEN-APND,76.1571
2023-07-25 17:00:00-07:00,TH_NP15_GEN-APND,86.11127
2023-07-25 17:00:00-07:00,TH_SP15_GEN-APND,115.40587
2023-07-25 17:00:00-07:00,TH_ZP26_GEN-APND,80.57889
2023-07-25 18:00:00-07:00,TH_NP15_GEN-APND,100.04238
2023-07-25 18:00:00-07:00,TH_SP15_GEN-APND,180.71161
2023-07-25 18:00:00-07:00,TH_ZP26_GEN-APND,90.9
2023-07-25 19:00:00-07:00,TH_NP15_GEN-APND,151.56139
2023-07-25 19:00:00-07:00,TH_SP15_GEN-APND,334.38562
2023-07-25 19:00:00-07:00,TH_ZP26_GEN-APND,135.58
2023-07-25 20:00:00-07:00,TH_NP15_GEN-APND,115.38304
2023-07-25 20:00:00-07:00,TH_SP15_GEN-APND,220.7302
2023-07-25 20:00:00-07:00,TH_ZP26_GEN-APND,106.86838
2023-07-25 21:00:00-07:00,TH_NP15_GEN-APND,89.50546
2023-07-25 21:00:00-07:00,TH_SP15_GEN-APND,127.61871
2023-07-25 21:00:00-07:00,TH_ZP26_GEN-APND,88.22856
2023-07-25 22:00:00-07:00,TH_NP15_GEN-APND,79.49475
2023-07-25 22:00:00-07:00,TH_SP15_GEN-APND,102.54
2023-07-25 22:00:00-07:00,TH_ZP26_GEN-APND,80.37116
2023-07-25 23:00:00-07:00,TH_NP15_GEN-APND,77.18305
2023-07-25 23:00:00-07:00,TH_SP15_GEN-APND,91.34252
2023-07-25 23:00:00-07:00,TH_ZP26_GEN-APND,77.9849
2023-07-26 00:00:00-07:00,TH_NP15_GEN-APND,54.92004
2023-07-26 00:00:00-07:00,TH_SP15_GEN-APND,78.25853
2023-07-26 00:00:00-07:00,TH_ZP26_GEN-APND,56.24311
2023-07-26 01:00:00-07:00,TH_NP15_GEN-APND,55.29198
2023-07-26 01:00:00-07:00,TH_SP15_GEN-APND,73.61114
2023-07-26 01:00:00-07:00,TH_ZP26_GEN-APND,56.71147
2023-07-26 02:00:00-07:00,TH_NP15_GEN-APND,51.63984
2023-07-26 02:00:00-07:00,TH_SP15_GEN-APND,60.69337
2023-07-26 02:00:00-07:00,TH_ZP26_GEN-APND,52.75406
2023-07-26 03:00:00-07:00,TH_NP15_GEN-APND,51.52514
2023-07-26 03:00:00-07:00,TH_SP15_GEN-APND,58.44789
2023-07-26 03:00:00-07:00,TH_ZP26_GEN-APND,52.56143
2023-07-26 04:00:00-07:00,TH_NP15_GEN-APND,51.58925
2023-07-26 04:00:00-07:00,TH_SP15_GEN-APND,58.36777
2023-07-26 04:00:00-07:00,TH_ZP26_GEN-APND,52.59459
2023-07-26 05:00:00-07:00,TH_NP15_GEN-APND,53.75277
2023-07-26 05:00:00-07:00,TH_SP15_GEN-APND,60.62038
2023-07-26 05:00:00-07:00,TH_ZP26_GEN-APND,54.67501
2023-07-26 06:00:00-07:00,TH_NP15_GEN-APND,63.005
2023-07-26 06:00:00-07:00,TH_SP15_GEN-APND,71.0
2023-07-26 06:00:00-07:00,TH_ZP26_GEN-APND,64.11601
2023-07-26 07:00:00-07:00,TH_NP15_GEN-APND,54.88915
2023-07-26 07:00:00-07:00,TH_SP15_GEN-APND,56.45725
2023-07-26 07:00:00-07:00,TH_ZP26_GEN-APND,54.72318
2023-07-26 08:00:00-07:00,TH_NP15_GEN-APND,50.82213
2023-07-26 08:00:00-07:00,TH_SP15_GEN-APND,52.09374
2023-07-26 08:00:00-07:00,TH_ZP26_GEN-APND,49.96379
2023-07-26 09:00:00-07:00,TH_NP15_GEN-APND,51.24708
2023-07-26 09:00:00-07:00,TH_SP15_GEN-APND,52.69625
2023-07-26 09:00:00-07:00,TH_ZP26_GEN-APND,50.34
2023-07-26 10:00:00-07:00,TH_NP15_GEN-APND,51.14262
2023-07-26 10:00:00-07:00,TH_SP15_GEN-APND,53.0102
2023-07-26 10:00:00-07:00,TH_ZP26_GEN-APND,50.31678
2023-07-26 11:00:00-07:00,TH_NP15_GEN-APND,51.63918
2023-07-26 11:00:00-07:00,TH_SP15_GEN-APND,57.07742
2023-07-26 11:00:00-07:00,TH_ZP26_GEN-APND,50.24902
2023-07-26 12:00:00-07:00,TH_NP15_GEN-APND,51.88599
2023-07-26 12:00:00-07:00,TH_SP15_GEN-APND,62.34
2023-07-26 12:00:00-07:00,TH_ZP26_GEN-APND,49.85416
2023-07-26 13:00:00-07:00,TH_NP15_GEN-APND,54.89192
2023-07-26 13:00:00-07:00,TH_SP15_GEN-APND,73.28008
2023-07-26 13:00:00-07:00,TH_ZP26_GEN-APND,51.76077
2023-07-26 14:00:00-07:00,TH_NP15_GEN-APND,57.02398
2023-07-26 14:00:00-07:00,TH_SP15_GEN-APND,86.0
2023-07-26 14:00:00-07:00,TH_ZP26_GEN-APND,52.35018
2023-07-26 15:00:00-07:00,TH_NP15_GEN-APND,57.83
2023-07-26 15:00:00-07:00,TH_SP15_GEN-APND,93.26782
2023-07-26 15:00:00-07:00,TH_ZP26_GEN-APND,54.08826
2023-07-26 16:00:00-07:00,TH_NP15_GEN-APND,62.0001
2023-07-26 16:00:00-07:00,TH_SP15_GEN-APND,96.10754
2023-07-26 16:00:00-07:00,TH_ZP26_GEN-APND,58.25391
2023-07-26 17:00:00-07:00,TH_NP15_GEN-APND,70.75885
2023-07-26 17:00:00-07:00,TH_SP15_GEN-APND,107.28
2023-07-26 17:00:00-07:00,TH_ZP26_GEN-APND,65.80542
2023-07-26 18:00:00-07:00,TH_NP15_GEN-APND,77.00165
2023-07-26 18:00:00-07:00,TH_SP15_GEN-APND,150.65073
2023-07-26 18:00:00-07:00,TH_ZP26_GEN-APND,70.0
2023-07-26 19:00:00-07:00,TH_NP15_GEN-APND,97.15444
2023-07-26 19:00:00-07:00,TH_SP15_GEN-APND,319.93732
2023-07-26 19:00:00-07:00,TH_ZP26_GEN-APND,77.82767
2023-07-26 20:00:00-07:00,TH_NP15_GEN-APND,78.89002
2023-07-26 20:00:00-07:00,TH_SP15_GEN-APND,181.67946
2023-07-26 20:00:00-07:00,TH_ZP26_GEN-APND,72.02
2023-07-26 21:00:00-07:00,TH_NP15_GEN-APND,79.36135
2023-07-26 21:00:00-07:00,TH_SP15_GEN-APND,113.61324
2023-07-26 21:00:00-07:00,TH_ZP26_GEN-APND,81.67829
2023-07-26 22:00:00-07:00,TH_NP15_GEN-APND,60.8737
2023-07-26 22:00:00-07:00,TH_SP15_GEN-APND,93.35902
2023-07-26 22:00:00-07:00,TH_ZP26_GEN-APND,61.72306
2023-07-26 23:00:00-07:00,TH_NP15_GEN-APND,59.71018
2023-07-26 23:00:00-07:00,TH_SP15_GEN-APND,84.68332
2023-07-26 23:00:00-07:00,TH_ZP26_GEN-APND,61.14942
2023-07-27 00:00:00-07:00,TH_NP15_GEN-APND,58.31957
2023-07-27 00:00:00-07:00,TH_SP15_GEN-APND,115.20583
2023-07-27 00:00:00-07:00,TH_ZP26_GEN-APND,55.0
2023-07-27 01:00:00-07:00,TH_NP15_GEN-APND,52.98469
2023-07-27 01:00:00-07:00,TH_SP15_GEN-APND,107.06769
2023-07-27 01:00:00-07:00,TH_ZP26_GEN-APND,50.08035
2023-07-27 02:00:00-07:00,TH_NP15_GEN-APND,51.89527
2023-07-27 02:00:00-07:00,TH_SP15_GEN-APND,93.78074
2023-07-27 02:00:00-07:00,TH_ZP26_GEN-APND,49.88431
2023-07-27 03:00:00-07:00,TH_NP15_GEN-APND,51.89815
2023-07-27 03:00:00-07:00,TH_SP15_GEN-APND,94.01149
2023-07-27 03:00:00-07:00,TH_ZP26_GEN-APND,49.88248
2023-07-27 04:00:00-07:00,TH_NP15_GEN-APND,53.13558
2023-07-27 04:00:00-07:00,TH_SP15_GEN-APND,91.92131
2023-07-27 04:00:00-07:00,TH_ZP26_GEN-APND,51.44006
2023-07-27 05:00:00-07:00,TH_NP15_GEN-APND,60.17977
2023-07-27 05:00:00-07:00,TH_SP15_GEN-APND,97.80595
2023-07-27 05:00:00-07:00,TH_ZP26_GEN-APND,58.61489
2023-07-27 06:00:00-07:00,TH_NP15_GEN-APND,55.90874
2023-07-27 06:00:00-07:00,TH_SP15_GEN-APND,117.99535
2023-07-27 06:00:00-07:00,TH_ZP26_GEN-APND,57.70328
2023-07-27 07:00:00-07:00,TH_NP15_GEN-APND,55.17147
2023-07-27 07:00:00-07:00,TH_SP15_GEN-APND,82.98212
2023-07-27 07:00:00-07:00,TH_ZP26_GEN-APND,56.38636
2023-07-27 08:00:00-07:00,TH_NP15_GEN-APND,51.62431
2023-07-27 08:00:00-07:00,TH_SP15_GEN-APND,73.91
2023-07-27 08:00:00-07:00,TH_ZP26_GEN-APND,49.18851
2023-07-27 09:00:00-07:00,TH_NP15_GEN-APND,49.82288
2023-07-27 09:00:00-07:00,TH_SP15_GEN-APND,77.48838
2023-07-27 09:00:00-07:00,TH_ZP26_GEN-APND,46.4017
2023-07-27 10:00:00-07:00,TH_NP15_GEN-APND,49.10169
2023-07-27 10:00:00-07:00,TH_SP15_GEN-APND,82.76433
2023-07-27 10:00:00-07:00,TH_ZP26_GEN-APND,44.78281
2023-07-27 11:00:00-07:00,TH_NP15_GEN-APND,49.2528
2023-07-27 11:00:00-07:00,TH_SP15_GEN-APND,95.56325
2023-07-27 11:00:00-07:00,TH_ZP26_GEN-APND,43.3297
2023-07-27 12:00:00-07:00,TH_NP15_GEN-APND,49.31462
2023-07-27 12:00:00-07:00,TH_SP15_GEN-APND,100.78935
2023-07-27 12:00:00-07:00,TH_ZP26_GEN-APND,42.72904
2023-07-27 13:00:00-07:00,TH_NP15_GEN-APND,51.60494
2023-07-27 13:00:00-07:00,TH_SP15_GEN-APND,113.23453
2023-07-27 13:00:00-07:00,TH_ZP26_GEN-APND,43.88053
2023-07-27 14:00:00-07:00,TH_NP15_GEN-APND,50.8212
2023-07-27 14:00:00-07:00,TH_SP15_GEN-APND,130.92319
2023-07-27 14:00:00-07:00,TH_ZP26_GEN-APND,40.62665
2023-07-27 15:00:00-07:00,TH_NP15_GEN-APND,53.11
2023-07-27 15:00:00-07:00,TH_SP15_GEN-APND,145.0687
2023-07-27 15:00:00-07:00,TH_ZP26_GEN-APND,41.63578
2023-07-27 16:00:00-07:00,TH_NP15_GEN-APND,56.51087
2023-07-27 16:00:00-07:00,TH_SP15_GEN-APND,153.88744
2023-07-27 16:00:00-07:00,TH_ZP26_GEN-APND,46.31867
2023-07-27 17:00:00-07:00,TH_NP15_GEN-APND,68.09389
2023-07-27 17:00:00-07:00,TH_SP15_GEN-APND,169.30096
2023-07-27 17:00:00-07:00,TH_ZP26_GEN-APND,56.06052
2023-07-27 18:00:00-07:00,TH_NP15_GEN-APND,76.62012
2023-07-27 18:00:00-07:00,TH_SP15_GEN-APND,303.03156
2023-07-27 18:00:00-07:00,TH_ZP26_GEN-APND,62.45839
2023-07-27 19:00:00-07:00,TH_NP15_GEN-APND,103.62
2023-07-27 19:00:00-07:00,TH_SP15_GEN-APND,507.70923
2023-07-27 19:00:00-07:00,TH_ZP26_GEN-APND,70.1742
2023-07-27 20:00:00-07:00,TH_NP15_GEN-APND,81.12279
2023-07-27 20:00:00-07:00,TH_SP15_GEN-APND,534.33
2023-07-27 20:00:00-07:00,TH_ZP26_GEN-APND,37.05461
2023-07-27 21:00:00-07:00,TH_NP15_GEN-APND,77.17449
2023-07-27 21:00:00-07:00,TH_SP15_GEN-APND,268.52075
2023-07-27 21:00:00-07:00,TH_ZP26_GEN-APND,59.19821
2023-07-27 22:00:00-07:00,TH_NP15_GEN-APND,65.30972
2023-07-27 22:00:00-07:00,TH_SP15_GEN-APND,161.21983
2023-07-27 22:00:00-07:00,TH_ZP26_GEN-APND,56.0
2023-07-27 23:00:00-07:00,TH_NP15_GEN-APND,67.46
2023-07-27 23:00:00-07:00,TH_SP15_GEN-APND,130.4336
2023-07-27 23:00:00-07:00,TH_ZP26_GEN-APND,63.15497
2023-07-28 00:00:00-07:00,TH_NP15_GEN-APND,68.94752
2023-07-28 00:00:00-07:00,TH_SP15_GEN-APND,78.86954
2023-07-28 00:00:00-07:00,TH_ZP26_GEN-APND,70.72034
2023-07-28 01:00:00-07:00,TH_NP15_GEN-APND,62.89549
2023-07-28 01:00:00-07:00,TH_SP15_GEN-APND,70.20595
2023-07-28 01:00:00-07:00,TH_ZP26_GEN-APND,64.67183
2023-07-28 02:00:00-07:00,TH_NP15_GEN-APND,59.64425
2023-07-28 02:00:00-07:00,TH_SP15_GEN-APND,70.53385
2023-07-28 02:00:00-07:00,TH_ZP26_GEN-APND,60.96198
2023-07-28 03:00:00-07:00,TH_NP15_GEN-APND,57.21724
2023-07-28 03:00:00-07:00,TH_SP15_GEN-APND,67.81168
2023-07-28 03:00:00-07:00,TH_ZP26_GEN-APND,58.55185
2023-07-28 04:00:00-07:00,TH_NP15_GEN-APND,59.69045
2023-07-28 04:00:00-07:00,TH_SP15_GEN-APND,69.09369
2023-07-28 04:00:00-07:00,TH_ZP26_GEN-APND,61.1484
2023-07-28 05:00:00-07:00,TH_NP15_GEN-APND,66.03544
2023-07-28 05:00:00-07:00,TH_SP15_GEN-APND,71.17338
2023-07-28 05:00:00-07:00,TH_ZP26_GEN-APND,67.91837
2023-07-28 06:00:00-07:00,TH_NP15_GEN-APND,66.28937
2023-07-28 06:00:00-07:00,TH_SP15_GEN-APND,93.77497
2023-07-28 06:00:00-07:00,TH_ZP26_GEN-APND,66.24928
2023-07-28 07:00:00-07:00,TH_NP15_GEN-APND,57.61413
2023-07-28 07:00:00-07:00,TH_SP15_GEN-APND,67.60071
2023-07-28 07:00:00-07:00,TH_ZP26_GEN-APND,58.65678
2023-07-28 08:00:00-07:00,TH_NP15_GEN-APND,54.78
2023-07-28 08:00:00-07:00,TH_SP15_GEN-APND,57.67451
2023-07-28 08:00:00-07:00,TH_ZP26_GEN-APND,54.54163
2023-07-28 09:00:00-07:00,TH_NP15_GEN-APND,54.44318
2023-07-28 09:00:00-07:00,TH_SP15_GEN-APND,58.34398
2023-07-28 09:00:00-07:00,TH_ZP26_GEN-APND,54.07828
2023-07-28 10:00:00-07:00,TH_NP15_GEN-APND,53.12713
2023-07-28 10:00:00-07:00,TH_SP15_GEN-APND,67.15092
2023-07-28 10:00:00-07:00,TH_ZP26_GEN-APND,51.64902
2023-07-28 11:00:00-07:00,TH_NP15_GEN-APND,51.62
2023-07-28 11:00:00-07:00,TH_SP15_GEN-APND,67.1722
2023-07-28 11:00:00-07:00,TH_ZP26_GEN-APND,49.79193
2023-07-28 12:00:00-07:00,TH_NP15_GEN-APND,55.21901
2023-07-28 12:00:00-07:00,TH_SP15_GEN-APND,78.9624
2023-07-28 12:00:00-07:00,TH_ZP26_GEN-APND,52.27351
2023-07-28 13:00:00-07:00,TH_NP15_GEN-APND,57.92427
2023-07-28 13:00:00-07:00,TH_SP15_GEN-APND,100.63638
2023-07-28 13:00:00-07:00,TH_ZP26_GEN-APND,52.77599
2023-07-28 14:00:00-07:00,TH_NP15_GEN-APND,59.67
2023-07-28 14:00:00-07:00,TH_SP15_GEN-APND,118.08291
2023-07-28 14:00:00-07:00,TH_ZP26_GEN-APND,52.70344
2023-07-28 15:00:00-07:00,TH_NP15_GEN-APND,68.88552
2023-07-28 15:00:00-07:00,TH_SP15_GEN-APND,126.08673
2023-07-28 15:00:00-07:00,TH_ZP26_GEN-APND,62.0099
2023-07-28 16:00:00-07:00,TH_NP15_GEN-APND,76.07874
2023-07-28 16:00:00-07:00,TH_SP15_GEN-APND,128.13686
2023-07-28 16:00:00-07:00,TH_ZP26_GEN-APND,69.47
2023-07-28 17:00:00-07:00,TH_NP15_GEN-APND,85.33965
2023-07-28 17:00:00-07:00,TH_SP15_GEN-APND,166.48302
2023-07-28 17:00:00-07:00,TH_ZP26_GEN-APND,73.42081
2023-07-28 18:00:00-07:00,TH_NP15_GEN-APND,104.31
2023-07-28 18:00:00-07:00,TH_SP15_GEN-APND,320.41406
2023-07-28 18:00:00-07:00,TH_ZP26_GEN-APND,80.71134
2023-07-28 19:00:00-07:00,TH_NP15_GEN-APND,160.07
2023-07-28 19:00:00-07:00,TH_SP15_GEN-APND,484.35822
2023-07-28 19:00:00-07:00,TH_ZP26_GEN-APND,131.99333
2023-07-28 20:00:00-07:00,TH_NP15_GEN-APND,125.32
2023-07-28 20:00:00-07:00,TH_SP15_GEN-APND,373.9114
2023-07-28 20:00:00-07:00,TH_ZP26_GEN-APND,103.65555
2023-07-28 21:00:00-07:00,TH_NP15_GEN-APND,92.5
2023-07-28 21:00:00-07:00,TH_SP15_GEN-APND,214.00417
2023-07-28 21:00:00-07:00,TH_ZP26_GEN-APND,81.95391
2023-07-28 22:00:00-07:00,TH_NP15_GEN-APND,81.23
2023-07-28 22:00:00-07:00,TH_SP15_GEN-APND,130.26408
2023-07-28 22:00:00-07:00,TH_ZP26_GEN-APND,77.39812
2023-07-28 23:00:00-07:00,TH_NP15_GEN-APND,73.99673
2023-07-28 23:00:00-07:00,TH_SP15_GEN-APND,105.84199
2023-07-28 23:00:00-07:00,TH_ZP26_GEN-APND,73.35511
2023-07-29 00:00:00-07:00,TH_NP15_GEN-APND,62.2924
2023-07-29 00:00:00-07:00,TH_SP15_GEN-APND,73.85076
2023-07-29 00:00:00-07:00,TH_ZP26_GEN-APND,63.31487
2023-07-29 01:00:00-07:00,TH_NP15_GEN-APND,58.0
2023-07-29 01:00:00-07:00,TH_SP15_GEN-APND,69.34563
2023-07-29 01:00:00-07:00,TH_ZP26_GEN-APND,58.76245
2023-07-29 02:00:00-07:00,TH_NP15_GEN-APND,55.7
2023-07-29 02:00:00-07:00,TH_SP15_GEN-APND,65.22666
2023-07-29 02:00:00-07:00,TH_ZP26_GEN-APND,56.50025
2023-07-29 03:00:00-07:00,TH_NP15_GEN-APND,55.45801
2023-07-29 03:00:00-07:00,TH_SP15_GEN-APND,60.1022
2023-07-29 03:00:00-07:00,TH_ZP26_GEN-APND,56.56432
2023-07-29 04:00:00-07:00,TH_NP15_GEN-APND,55.69759
2023-07-29 04:00:00-07:00,TH_SP15_GEN-APND,65.69776
2023-07-29 04:00:00-07:00,TH_ZP26_GEN-APND,56.46127
2023-07-29 05:00:00-07:00,TH_NP15_GEN-APND,56.82959
2023-07-29 05:00:00-07:00,TH_SP15_GEN-APND,65.26402
2023-07-29 05:00:00-07:00,TH_ZP26_GEN-APND,57.77007
2023-07-29 06:00:00-07:00,TH_NP15_GEN-APND,55.45553
2023-07-29 06:00:00-07:00,TH_SP15_GEN-APND,65.95
2023-07-29 06:00:00-07:00,TH_ZP26_GEN-APND,56.3
2023-07-29 07:00:00-07:00,TH_NP15_GEN-APND,52.42627
2023-07-29 07:00:00-07:00,TH_SP15_GEN-APND,54.3188
2023-07-29 07:00:00-07:00,TH_ZP26_GEN-APND,52.3592
2023-07-29 08:00:00-07:00,TH_NP15_GEN-APND,47.6921
2023-07-29 08:00:00-07:00,TH_SP15_GEN-APND,48.47535
2023-07-29 08:00:00-07:00,TH_ZP26_GEN-APND,46.6732
2023-07-29 09:00:00-07:00,TH_NP15_GEN-APND,46.2027
2023-07-29 09:00:00-07:00,TH_SP15_GEN-APND,47.01358
2023-07-29 09:00:00-07:00,TH_ZP26_GEN-APND,45.0179
2023-07-29 10:00:00-07:00,TH_NP15_GEN-APND,47.77698
2023-07-29 10:00:00-07:00,TH_SP15_GEN-APND,49.49633
2023-07-29 10:00:00-07:00,TH_ZP26_GEN-APND,46.8841
2023-07-29 11:00:00-07:00,TH_NP15_GEN-APND,49.29486
2023-07-29 11:00:00-07:00,TH_SP15_GEN-APND,54.95548
2023-07-29 11:00:00-07:00,TH_ZP26_GEN-APND,48.08395
2023-07-29 12:00:00-07:00,TH_NP15_GEN-APND,49.87615
2023-07-29 12:00:00-07:00,TH_SP15_GEN-APND,57.17294
2023-07-29 12:00:00-07:00,TH_ZP26_GEN-APND,48.54798
2023-07-29 13:00:00-07:00,TH_NP15_GEN-APND,52.62343
2023-07-29 13:00:00-07:00,TH_SP15_GEN-APND,70.34
2023-07-29 13:00:00-07:00,TH_ZP26_GEN-APND,49.80667
2023-07-29 14:00:00-07:00,TH_NP15_GEN-APND,54.64
2023-07-29 14:00:00-07:00,TH_SP15_GEN-APND,88.54
2023-07-29 14:00:00-07:00,TH_ZP26_GEN-APND,49.80698
2023-07-29 15:00:00-07:00,TH_NP15_GEN-APND,54.82383
2023-07-29 15:00:00-07:00,TH_SP15_GEN-APND,98.69423
2023-07-29 15:00:00-07:00,TH_ZP26_GEN-APND,49.11541
2023-07-29 16:00:00-07:00,TH_NP15_GEN-APND,59.84934
2023-07-29 16:00:00-07:00,TH_SP15_GEN-APND,106.92085
2023-07-29 16:00:00-07:00,TH_ZP26_GEN-APND,53.07875
2023-07-29 17:00:00-07:00,TH_NP15_GEN-APND,62.94625
2023-07-29 17:00:00-07:00,TH_SP15_GEN-APND,126.64
2023-07-29 17:00:00-07:00,TH_ZP26_GEN-APND,55.48416
2023-07-29 18:00:00-07:00,TH_NP15_GEN-APND,78.4
2023-07-29 18:00:00-07:00,TH_SP15_GEN-APND,179.50645
2023-07-29 18:00:00-07:00,TH_ZP26_GEN-APND,67.50891
2023-07-29 19:00:00-07:00,TH_NP15_GEN-APND,108.63745
2023-07-29 19:00:00-07:00,TH_SP15_GEN-APND,331.7931
2023-07-29 19:00:00-07:00,TH_ZP26_GEN-APND,89.74664
2023-07-29 20:00:00-07:00,TH_NP15_GEN-APND,87.62303
2023-07-29 20:00:00-07:00,TH_SP15_GEN-APND,225.97
2023-07-29 20:00:00-07:00,TH_ZP26_GEN-APND,75.68477
2023-07-29 21:00:00-07:00,TH_NP15_GEN-APND,72.74387
2023-07-29 21:00:00-07:00,TH_SP15_GEN-APND,149.0
2023-07-29 21:00:00-07:00,TH_ZP26_GEN-APND,66.71672
2023-07-29 22:00:00-07:00,TH_NP15_GEN-APND,71.54434
2023-07-29 22:00:00-07:00,TH_SP15_GEN-APND,105.52
2023-07-29 22:00:00-07:00,TH_ZP26_GEN-APND,69.62
2023-07-29 23:00:00-07:00,TH_NP15_GEN-APND,65.68978
2023-07-29 23:00:00-07:00,TH_SP15_GEN-APND,90.33685
2023-07-29 23:00:00-07:00,TH_ZP26_GEN-APND,65.05841
2023-07-30 00:00:00-07:00,TH_NP15_GEN-APND,55.6959
2023-07-30 00:00:00-07:00,TH_SP15_GEN-APND,70.21275
2023-07-30 00:00:00-07:00,TH_ZP26_GEN-APND,57.14607
2023-07-30 01:00:00-07:00,TH_NP15_GEN-APND,55.78485
2023-07-30 01:00:00-07:00,TH_SP15_GEN-APND,62.42
2023-07-30 01:00:00-07:00,TH_ZP26_GEN-APND,57.25755
2023-07-30 02:00:00-07:00,TH_NP15_GEN-APND,52.99427
2023-07-30 02:00:00-07:00,TH_SP15_GEN-APND,57.00575
2023-07-30 02:00:00-07:00,TH_ZP26_GEN-APND,54.23
2023-07-30 03:00:00-07:00,TH_NP15_GEN-APND,54.22537
2023-07-30 03:00:00-07:00,TH_SP15_GEN-APND,57.97577
2023-07-30 03:00:00-07:00,TH_ZP26_GEN-APND,55.4181
2023-07-30 04:00:00-07:00,TH_NP15_GEN-APND,53.36589
2023-07-30 04:00:00-07:00,TH_SP15_GEN-APND,56.57143
2023-07-30 04:00:00-07:00,TH_ZP26_GEN-APND,54.36249
2023-07-30 05:00:00-07:00,TH_NP15_GEN-APND,52.24724
2023-07-30 05:00:00-07:00,TH_SP15_GEN-APND,54.81989
2023-07-30 05:00:00-07:00,TH_ZP26_GEN-APND,52.93201
2023-07-30 06:00:00-07:00,TH_NP15_GEN-APND,54.29877
2023-07-30 06:00:00-07:00,TH_SP15_GEN-APND,58.64169
2023-07-30 06:00:00-07:00,TH_ZP26_GEN-APND,55.50351
2023-07-30 07:00:00-07:00,TH_NP15_GEN-APND,46.08647
2023-07-30 07:00:00-07:00,TH_SP15_GEN-APND,47.64958
2023-07-30 07:00:00-07:00,TH_ZP26_GEN-APND,45.80627
2023-07-30 08:00:00-07:00,TH_NP15_GEN-APND,40.26123
2023-07-30 08:00:00-07:00,TH_SP15_GEN-APND,41.00385
2023-07-30 08:00:00-07:00,TH_ZP26_GEN-APND,39.31991
2023-07-30 09:00:00-07:00,TH_NP15_GEN-APND,41.88389
2023-07-30 09:00:00-07:00,TH_SP15_GEN-APND,42.75348
2023-07-30 09:00:00-07:00,TH_ZP26_GEN-APND,40.75777
2023-07-30 10:00:00-07:00,TH_NP15_GEN-APND,43.83895
2023-07-30 10:00:00-07:00,TH_SP15_GEN-APND,45.35937
2023-07-30 10:00:00-07:00,TH_ZP26_GEN-APND,42.81151
2023-07-30 11:00:00-07:00,TH_NP15_GEN-APND,45.65591
2023-07-30 11:00:00-07:00,TH_SP15_GEN-APND,57.28
2023-07-30 11:00:00-07:00,TH_ZP26_GEN-APND,43.32865
2023-07-30 12:00:00-07:00,TH_NP15_GEN-APND,47.3051
2023-07-30 12:00:00-07:00,TH_SP15_GEN-APND,64.21542
2023-07-30 12:00:00-07:00,TH_ZP26_GEN-APND,44.62337
2023-07-30 13:00:00-07:00,TH_NP15_GEN-APND,49.19802
2023-07-30 13:00:00-07:00,TH_SP15_GEN-APND,76.34468
2023-07-30 13:00:00-07:00,TH_ZP26_GEN-APND,45.1874
2023-07-30 14:00:00-07:00,TH_NP15_GEN-APND,49.07731
2023-07-30 14:00:00-07:00,TH_SP15_GEN-APND,90.38
2023-07-30 14:00:00-07:00,TH_ZP26_GEN-APND,43.66
2023-07-30 15:00:00-07:00,TH_NP15_GEN-APND,50.1866
2023-07-30 15:00:00-07:00,TH_SP15_GEN-APND,102.01063
2023-07-30 15:00:00-07:00,TH_ZP26_GEN-APND,43.73848
2023-07-30 16:00:00-07:00,TH_NP15_GEN-APND,57.25335
2023-07-30 16:00:00-07:00,TH_SP15_GEN-APND,105.61156
2023-07-30 16:00:00-07:00,TH_ZP26_GEN-APND,52.0169
2023-07-30 17:00:00-07:00,TH_NP15_GEN-APND,59.86982
2023-07-30 17:00:00-07:00,TH_SP15_GEN-APND,120.1628
2023-07-30 17:00:00-07:00,TH_ZP26_GEN-APND,53.55558
2023-07-30 18:00:00-07:00,TH_NP15_GEN-APND,69.36
2023-07-30 18:00:00-07:00,TH_SP15_GEN-APND,160.47337
2023-07-30 18:00:00-07:00,TH_ZP26_GEN-APND,60.33265
2023-07-30 19:00:00-07:00,TH_NP15_GEN-APND,90.48088
2023-07-30 19:00:00-07:00,TH_SP15_GEN-APND,215.60336
2023-07-30 19:00:00-07:00,TH_ZP26_GEN-APND,80.42836
2023-07-30 20:00:00-07:00,TH_NP15_GEN-APND,78.92121
2023-07-30 20:00:00-07:00,TH_SP15_GEN-APND,162.36694
2023-07-30 20:00:00-07:00,TH_ZP26_GEN-APND,81.13396
2023-07-30 21:00:00-07:00,TH_NP15_GEN-APND,70.0
2023-07-30 21:00:00-07:00,TH_SP15_GEN-APND,133.33656
2023-07-30 21:00:00-07:00,TH_ZP26_GEN-APND,72.40741
2023-07-30 22:00:00-07:00,TH_NP15_GEN-APND,64.24305
2023-07-30 22:00:00-07:00,TH_SP15_GEN-APND,98.61704
2023-07-30 22:00:00-07:00,TH_ZP26_GEN-APND,66.07382
2023-07-30 23:00:00-07:00,TH_NP15_GEN-APND,56.66
2023-07-30 23:00:00-07:00,TH_SP15_GEN-APND,83.0
2023-07-30 23:00:00-07:00,TH_ZP26_GEN-APND,58.046
2023-07-31 00:00:00-07:00,TH_NP15_GEN-APND,56.9559
2023-07-31 00:00:00-07:00,TH_SP15_GEN-APND,63.45738
2023-07-31 00:00:00-07:00,TH_ZP26_GEN-APND,58.08944
2023-07-31 01:00:00-07:00,TH_NP15_GEN-APND,52.32967
2023-07-31 01:00:00-07:00,TH_SP15_GEN-APND,60.81404
2023-07-31 01:00:00-07:00,TH_ZP26_GEN-APND,53.7712
2023-07-31 02:00:00-07:00,TH_NP15_GEN-APND,51.27365
2023-07-31 02:00:00-07:00,TH_SP15_GEN-APND,59.98041
2023-07-31 02:00:00-07:00,TH_ZP26_GEN-APND,52.62623
2023-07-31 03:00:00-07:00,TH_NP15_GEN-APND,49.72373
2023-07-31 03:00:00-07:00,TH_SP15_GEN-APND,54.2653
2023-07-31 03:00:00-07:00,TH_ZP26_GEN-APND,51.05816
2023-07-31 04:00:00-07:00,TH_NP15_GEN-APND,51.12859
2023-07-31 04:00:00-07:00,TH_SP15_GEN-APND,56.05194
2023-07-31 04:00:00-07:00,TH_ZP26_GEN-APND,52.43303
2023-07-31 05:00:00-07:00,TH_NP15_GEN-APND,53.79273
2023-07-31 05:00:00-07:00,TH_SP15_GEN-APND,57.37238
2023-07-31 05:00:00-07:00,TH_ZP26_GEN-APND,55.01902
2023-07-31 06:00:00-07:00,TH_NP15_GEN-APND,67.61961
2023-07-31 06:00:00-07:00,TH_SP15_GEN-APND,72.52124
2023-07-31 06:00:00-07:00,TH_ZP26_GEN-APND,69.4397
2023-07-31 07:00:00-07:00,TH_NP15_GEN-APND,58.69685
2023-07-31 07:00:00-07:00,TH_SP15_GEN-APND,62.49589
2023-07-31 07:00:00-07:00,TH_ZP26_GEN-APND,59.34689
2023-07-31 08:00:00-07:00,TH_NP15_GEN-APND,52.45
2023-07-31 08:00:00-07:00,TH_SP15_GEN-APND,57.3889
2023-07-31 08:00:00-07:00,TH_ZP26_GEN-APND,52.04601
2023-07-31 09:00:00-07:00,TH_NP15_GEN-APND,52.17931
2023-07-31 09:00:00-07:00,TH_SP15_GEN-APND,62.13537
2023-07-31 09:00:00-07:00,TH_ZP26_GEN-APND,51.30877
2023-07-31 10:00:00-07:00,TH_NP15_GEN-APND,52.4788
2023-07-31 10:00:00-07:00,TH_SP15_GEN-APND,64.49773
2023-07-31 10:00:00-07:00,TH_ZP26_GEN-APND,51.1814
2023-07-31 11:00:00-07:00,TH_NP15_GEN-APND,53.42434
2023-07-31 11:00:00-07:00,TH_SP15_GEN-APND,74.16502
2023-07-31 11:00:00-07:00,TH_ZP26_GEN-APND,51.17289
2023-07-31 12:00:00-07:00,TH_NP15_GEN-APND,60.45545
2023-07-31 12:00:00-07:00,TH_SP15_GEN-APND,88.03732
2023-07-31 12:00:00-07:00,TH_ZP26_GEN-APND,57.4951
2023-07-31 13:00:00-07:00,TH_NP15_GEN-APND,64.20461
2023-07-31 13:00:00-07:00,TH_SP15_GEN-APND,89.27181
2023-07-31 13:00:00-07:00,TH_ZP26_GEN-APND,60.78129
2023-07-31 14:00:00-07:00,TH_NP15_GEN-APND,70.94716
2023-07-31 14:00:00-07:00,TH_SP15_GEN-APND,106.99907
2023-07-31 14:00:00-07:00,TH_ZP26_GEN-APND,66.10451
2023-07-31 15:00:00-07:00,TH_NP15_GEN-APND,75.42
2023-07-31 15:00:00-07:00,TH_SP15_GEN-APND,108.48618
2023-07-31 15:00:00-07:00,TH_ZP26_GEN-APND,71.24259
2023-07-31 16:00:00-07:00,TH_NP15_GEN-APND,75.33662
2023-07-31 16:00:00-07:00,TH_SP15_GEN-APND,122.17066
2023-07-31 16:00:00-07:00,TH_ZP26_GEN-APND,68.83
2023-07-31 17:00:00-07:00,TH_NP15_GEN-APND,84.24119
2023-07-31 17:00:00-07:00,TH_SP15_GEN-APND,135.8855
2023-07-31 17:00:00-07:00,TH_ZP26_GEN-APND,78.46754
2023-07-31 18:00:00-07:00,TH_NP15_GEN-APND,92.86924
2023-07-31 18:00:00-07:00,TH_SP15_GEN-APND,179.74768
2023-07-31 18:00:00-07:00,TH_ZP26_GEN-APND,83.85
2023-07-31 19:00:00-07:00,TH_NP15_GEN-APND,132.15778
2023-07-31 19:00:00-07:00,TH_SP15_GEN-APND,247.0
2023-07-31 19:00:00-07:00,TH_ZP26_GEN-APND,122.9589
2023-07-31 20:00:00-07:00,TH_NP15_GEN-APND,96.36526
2023-07-31 20:00:00-07:00,TH_SP15_GEN-APND,211.10675
2023-07-31 20:00:00-07:00,TH_ZP26_GEN-APND,86.72314
2023-07-31 21:00:00-07:00,TH_NP15_GEN-APND,83.78149
2023-07-31 21:00:00-07:00,TH_SP15_GEN-APND,134.77908
2023-07-31 21:00:00-07:00,TH_ZP26_GEN-APND,81.4579
2023-07-31 22:00:00-07:00,TH_NP15_GEN-APND,77.74917
2023-07-31 22:00:00-07:00,TH_SP15_GEN-APND,102.8322
2023-07-31 22:00:00-07:00,TH_ZP26_GEN-APND,77.43864
2023-07-31 23:00:00-07:00,TH_NP15_GEN-APND,72.28507
2023-07-31 23:00:00-07:00,TH_SP15_GEN-APND,91.23633
2023-07-31 23:00:00-07:00,TH_ZP26_GEN-APND,74.1738
2023-08-01 00:00:00-07:00,TH_NP15_GEN-APND,53.93208
2023-08-01 00:00:00-07:00,TH_SP15_GEN-APND,69.23452
2023-08-01 00:00:00-07:00,TH_ZP26_GEN-APND,55.03563
2023-08-01 01:00:00-07:00,TH_NP15_GEN-APND,50.89781
2023-08-01 01:00:00-07:00,TH_SP15_GEN-APND,67.22648
2023-08-01 01:00:00-07:00,TH_ZP26_GEN-APND,52.13217
2023-08-01 02:00:00-07:00,TH_NP15_GEN-APND,49.65
2023-08-01 02:00:00-07:00,TH_SP15_GEN-APND,66.23576
2023-08-01 02:00:00-07:00,TH_ZP26_GEN-APND,50.71396
2023-08-01 03:00:00-07:00,TH_NP15_GEN-APND,49.88757
2023-08-01 03:00:00-07:00,TH_SP15_GEN-APND,65.96558
2023-08-01 03:00:00-07:00,TH_ZP26_GEN-APND,50.867
2023-08-01 04:00:00-07:00,TH_NP15_GEN-APND,49.72149
2023-08-01 04:00:00-07:00,TH_SP15_GEN-APND,66.14905
2023-08-01 04:00:00-07:00,TH_ZP26_GEN-APND,50.85084
2023-08-01 05:00:00-07:00,TH_NP15_GEN-APND,50.36829
2023-08-01 05:00:00-07:00,TH_SP15_GEN-APND,70.11495
2023-08-01 05:00:00-07:00,TH_ZP26_GEN-APND,51.36223
2023-08-01 06:00:00-07:00,TH_NP15_GEN-APND,60.86627
2023-08-01 06:00:00-07:00,TH_SP15_GEN-APND,84.76458
2023-08-01 06:00:00-07:00,TH_ZP26_GEN-APND,62.69671
2023-08-01 07:00:00-07:00,TH_NP15_GEN-APND,55.25
2023-08-01 07:00:00-07:00,TH_SP15_GEN-APND,66.06966
2023-08-01 07:00:00-07:00,TH_ZP26_GEN-APND,55.88925
2023-08-01 08:00:00-07:00,TH_NP15_GEN-APND,50.88913
2023-08-01 08:00:00-07:00,TH_SP15_GEN-APND,63.10809
2023-08-01 08:00:00-07:00,TH_ZP26_GEN-APND,49.84071
2023-08-01 09:00:00-07:00,TH_NP15_GEN-APND,49.49892
2023-08-01 09:00:00-07:00,TH_SP15_GEN-APND,62.86573
2023-08-01 09:00:00-07:00,TH_ZP26_GEN-APND,48.73962
2023-08-01 10:00:00-07:00,TH_NP15_GEN-APND,49.48008
2023-08-01 10:00:00-07:00,TH_SP15_GEN-APND,65.32018
2023-08-01 10:00:00-07:00,TH_ZP26_GEN-APND,48.26408
2023-08-01 11:00:00-07:00,TH_NP15_GEN-APND,49.46438
2023-08-01 11:00:00-07:00,TH_SP15_GEN-APND,65.6697
2023-08-01 11:00:00-07:00,TH_ZP26_GEN-APND,48.16284
2023-08-01 12:00:00-07:00,TH_NP15_GEN-APND,50.59703
2023-08-01 12:00:00-07:00,TH_SP15_GEN-APND,69.52707
2023-08-01 12:00:00-07:00,TH_ZP26_GEN-APND,48.46499
2023-08-01 13:00:00-07:00,TH_NP15_GEN-APND,50.81032
2023-08-01 13:00:00-07:00,TH_SP15_GEN-APND,80.0
2023-08-01 13:00:00-07:00,TH_ZP26_GEN-APND,46.61876
2023-08-01 14:00:00-07:00,TH_NP15_GEN-APND,52.72743
2023-08-01 14:00:00-07:00,TH_SP15_GEN-APND,85.16895
2023-08-01 14:00:00-07:00,TH_ZP26_GEN-APND,48.16885
2023-08-01 15:00:00-07:00,TH_NP15_GEN-APND,54.08
2023-08-01 15:00:00-07:00,TH_SP15_GEN-APND,95.35339
2023-08-01 15:00:00-07:00,TH_ZP26_GEN-APND,48.78282
2023-08-01 16:00:00-07:00,TH_NP15_GEN-APND,56.50523
2023-08-01 16:00:00-07:00,TH_SP15_GEN-APND,103.63
2023-08-01 16:00:00-07:00,TH_ZP26_GEN-APND,51.38862
2023-08-01 17:00:00-07:00,TH_NP15_GEN-APND,64.85961
2023-08-01 17:00:00-07:00,TH_SP15_GEN-APND,108.70245
2023-08-01 17:00:00-07:00,TH_ZP26_GEN-APND,60.18693
2023-08-01 18:00:00-07:00,TH_NP15_GEN-APND,74.54637
2023-08-01 18:00:00-07:00,TH_SP15_GEN-APND,134.96616
2023-08-01 18:00:00-07:00,TH_ZP26_GEN-APND,70.32469
2023-08-01 19:00:00-07:00,TH_NP15_GEN-APND,95.63955
2023-08-01 19:00:00-07:00,TH_SP15_GEN-APND,200.49403
2023-08-01 19:00:00-07:00,TH_ZP26_GEN-APND,89.44184
2023-08-01 20:00:00-07:00,TH_NP15_GEN-APND,75.93355
2023-08-01 20:00:00-07:00,TH_SP15_GEN-APND,156.98463
2023-08-01 20:00:00-07:00,TH_ZP26_GEN-APND,71.00659
2023-08-01 21:00:00-07:00,TH_NP15_GEN-APND,69.67893
2023-08-01 21:00:00-07:00,TH_SP15_GEN-APND,120.77843
2023-08-01 21:00:00-07:00,TH_ZP26_GEN-APND,67.67705
2023-08-01 22:00:00-07:00,TH_NP15_GEN-APND,59.83
2023-08-01 22:00:00-07:00,TH_SP15_GEN-APND,104.53132
2023-08-01 22:00:00-07:00,TH_ZP26_GEN-APND,62.09894
2023-08-01 23:00:00-07:00,TH_NP15_GEN-APND,58.14405
2023-08-01 23:00:00-07:00,TH_SP15_GEN-APND,86.94453
2023-08-01 23:00:00-07:00,TH_ZP26_GEN-APND,59.80306
2023-08-02 00:00:00-07:00,TH_NP15_GEN-APND,51.69528
2023-08-02 00:00:00-07:00,TH_SP15_GEN-APND,69.29254
2023-08-02 00:00:00-07:00,TH_ZP26_GEN-APND,53.0109
2023-08-02 01:00:00-07:00,TH_NP15_GEN-APND,50.68409
2023-08-02 01:00:00-07:00,TH_SP15_GEN-APND,69.86991
2023-08-02 01:00:00-07:00,TH_ZP26_GEN-APND,52.27581
2023-08-02 02:00:00-07:00,TH_NP15_GEN-APND,50.32026
2023-08-02 02:00:00-07:00,TH_SP15_GEN-APND,64.63409
2023-08-02 02:00:00-07:00,TH_ZP26_GEN-APND,51.73994
2023-08-02 03:00:00-07:00,TH_NP15_GEN-APND,50.06098
2023-08-02 03:00:00-07:00,TH_SP15_GEN-APND,59.02533
2023-08-02 03:00:00-07:00,TH_ZP26_GEN-APND,51.3079
2023-08-02 04:00:00-07:00,TH_NP15_GEN-APND,50.77413
2023-08-02 04:00:00-07:00,TH_SP15_GEN-APND,60.90623
2023-08-02 04:00:00-07:00,TH_ZP26_GEN-APND,52.02623
2023-08-02 05:00:00-07:00,TH_NP15_GEN-APND,53.83322
2023-08-02 05:00:00-07:00,TH_SP15_GEN-APND,66.35822
2023-08-02 05:00:00-07:00,TH_ZP26_GEN-APND,55.05732
2023-08-02 06:00:00-07:00,TH_NP15_GEN-APND,60.38272
2023-08-02 06:00:00-07:00,TH_SP15_GEN-APND,84.34416
2023-08-02 06:00:00-07:00,TH_ZP26_GEN-APND,62.35919
2023-08-02 07:00:00-07:00,TH_NP15_GEN-APND,55.85382
2023-08-02 07:00:00-07:00,TH_SP15_GEN-APND,58.0
2023-08-02 07:00:00-07:00,TH_ZP26_GEN-APND,56.14273
2023-08-02 08:00:00-07:00,TH_NP15_GEN-APND,50.79194
2023-08-02 08:00:00-07:00,TH_SP15_GEN-APND,53.93856
2023-08-02 08:00:00-07:00,TH_ZP26_GEN-APND,50.9088
2023-08-02 09:00:00-07:00,TH_NP15_GEN-APND,50.31236
2023-08-02 09:00:00-07:00,TH_SP15_GEN-APND,54.66
2023-08-02 09:00:00-07:00,TH_ZP26_GEN-APND,50.50497
2023-08-02 10:00:00-07:00,TH_NP15_GEN-APND,50.16
2023-08-02 10:00:00-07:00,TH_SP15_GEN-APND,57.76633
2023-08-02 10:00:00-07:00,TH_ZP26_GEN-APND,50.39297
2023-08-02 11:00:00-07:00,TH_NP15_GEN-APND,50.46714
2023-08-02 11:00:00-07:00,TH_SP15_GEN-APND,60.45201
2023-08-02 11:00:00-07:00,TH_ZP26_GEN-APND,50.79
2023-08-02 12:00:00-07:00,TH_NP15_GEN-APND,50.7265
2023-08-02 12:00:00-07:00,TH_SP15_GEN-APND,62.8108
2023-08-02 12:00:00-07:00,TH_ZP26_GEN-APND,51.20418
2023-08-02 13:00:00-07:00,TH_NP15_GEN-APND,53.0834
2023-08-02 13:00:00-07:00,TH_SP15_GEN-APND,66.08881
2023-08-02 13:00:00-07:00,TH_ZP26_GEN-APND,53.45106
2023-08-02 14:00:00-07:00,TH_NP15_GEN-APND,55.18
2023-08-02 14:00:00-07:00,TH_SP15_GEN-APND,75.0
2023-08-02 14:00:00-07:00,TH_ZP26_GEN-APND,52.92244
2023-08-02 15:00:00-07:00,TH_NP15_GEN-APND,54.30677
2023-08-02 15:00:00-07:00,TH_SP15_GEN-APND,77.3203
2023-08-02 15:00:00-07:00,TH_ZP26_GEN-APND,50.54
2023-08-02 16:00:00-07:00,TH_NP15_GEN-APND,56.14169
2023-08-02 16:00:00-07:00,TH_SP15_GEN-APND,86.26324
2023-08-02 16:00:00-07:00,TH_ZP26_GEN-APND,56.3837
2023-08-02 17:00:00-07:00,TH_NP15_GEN-APND,67.32176
2023-08-02 17:00:00-07:00,TH_SP15_GEN-APND,95.56079
2023-08-02 17:00:00-07:00,TH_ZP26_GEN-APND,64.27969
2023-08-02 18:00:00-07:00,TH_NP15_GEN-APND,75.55302
2023-08-02 18:00:00-07:00,TH_SP15_GEN-APND,124.3168
2023-08-02 18:00:00-07:00,TH_ZP26_GEN-APND,71.27649
2023-08-02 19:00:00-07:00,TH_NP15_GEN-APND,99.82624
2023-08-02 19:00:00-07:00,TH_SP15_GEN-APND,174.34389
2023-08-02 19:00:00-07:00,TH_ZP26_GEN-APND,104.9723
2023-08-02 20:00:00-07:00,TH_NP15_GEN-APND,82.05943
2023-08-02 20:00:00-07:00,TH_SP15_GEN-APND,133.01315
2023-08-02 20:00:00-07:00,TH_ZP26_GEN-APND,85.72501
2023-08-02 21:00:00-07:00,TH_NP15_GEN-APND,74.10926
2023-08-02 21:00:00-07:00,TH_SP15_GEN-APND,109.88363
2023-08-02 21:00:00-07:00,TH_ZP26_GEN-APND,76.75144
2023-08-02 22:00:00-07:00,TH_NP15_GEN-APND,58.1785
2023-08-02 22:00:00-07:00,TH_SP15_GEN-APND,89.0
2023-08-02 22:00:00-07:00,TH_ZP26_GEN-APND,60.11164
2023-08-02 23:00:00-07:00,TH_NP15_GEN-APND,51.19686
2023-08-02 23:00:00-07:00,TH_SP15_GEN-APND,78.39251
2023-08-02 23:00:00-07:00,TH_ZP26_GEN-APND,52.85823
2023-08-03 00:00:00-07:00,TH_NP15_GEN-APND,54.69942
2023-08-03 00:00:00-07:00,TH_SP15_GEN-APND,60.13749
2023-08-03 00:00:00-07:00,TH_ZP26_GEN-APND,55.50874
2023-08-03 01:00:00-07:00,TH_NP15_GEN-APND,53.8
2023-08-03 01:00:00-07:00,TH_SP15_GEN-APND,57.08
2023-08-03 01:00:00-07:00,TH_ZP26_GEN-APND,54.44584
2023-08-03 02:00:00-07:00,TH_NP15_GEN-APND,51.34503
2023-08-03 02:00:00-07:00,TH_SP15_GEN-APND,54.16912
2023-08-03 02:00:00-07:00,TH_ZP26_GEN-APND,51.92182
2023-08-03 03:00:00-07:00,TH_NP15_GEN-APND,49.52361
2023-08-03 03:00:00-07:00,TH_SP15_GEN-APND,52.14197
2023-08-03 03:00:00-07:00,TH_ZP26_GEN-APND,50.07346
2023-08-03 04:00:00-07:00,TH_NP15_GEN-APND,50.64074
2023-08-03 04:00:00-07:00,TH_SP15_GEN-APND,52.6753
2023-08-03 04:00:00-07:00,TH_ZP26_GEN-APND,50.78417
2023-08-03 05:00:00-07:00,TH_NP15_GEN-APND,54.60399
2023-08-03 05:00:00-07:00,TH_SP15_GEN-APND,56.88824
2023-08-03 05:00:00-07:00,TH_ZP26_GEN-APND,54.77617
2023-08-03 06:00:00-07:00,TH_NP15_GEN-APND,62.82
2023-08-03 06:00:00-07:00,TH_SP15_GEN-APND,65.68357
2023-08-03 06:00:00-07:00,TH_ZP26_GEN-APND,63.24987
2023-08-03 07:00:00-07:00,TH_NP15_GEN-APND,51.71831
2023-08-03 07:00:00-07:00,TH_SP15_GEN-APND,52.53958
2023-08-03 07:00:00-07:00,TH_ZP26_GEN-APND,50.89168
2023-08-03 08:00:00-07:00,TH_NP15_GEN-APND,48.09767
2023-08-03 08:00:00-07:00,TH_SP15_GEN-APND,46.97834
2023-08-03 08:00:00-07:00,TH_ZP26_GEN-APND,45.98859
2023-08-03 09:00:00-07:00,TH_NP15_GEN-APND,47.09223
2023-08-03 09:00:00-07:00,TH_SP15_GEN-APND,45.82
2023-08-03 09:00:00-07:00,TH_ZP26_GEN-APND,44.53047
2023-08-03 10:00:00-07:00,TH_NP15_GEN-APND,48.02576
2023-08-03 10:00:00-07:00,TH_SP15_GEN-APND,46.55233
2023-08-03 10:00:00-07:00,TH_ZP26_GEN-APND,45.68696
2023-08-03 11:00:00-07:00,TH_NP15_GEN-APND,48.4843
2023-08-03 11:00:00-07:00,TH_SP15_GEN-APND,46.91493
2023-08-03 11:00:00-07:00,TH_ZP26_GEN-APND,45.86173
2023-08-03 12:00:00-07:00,TH_NP15_GEN-APND,49.25851
2023-08-03 12:00:00-07:00,TH_SP15_GEN-APND,48.26336
2023-08-03 12:00:00-07:00,TH_ZP26_GEN-APND,47.18517
2023-08-03 13:00:00-07:00,TH_NP15_GEN-APND,52.69
2023-08-03 13:00:00-07:00,TH_SP15_GEN-APND,51.63845
2023-08-03 13:00:00-07:00,TH_ZP26_GEN-APND,50.31908
2023-08-03 14:00:00-07:00,TH_NP15_GEN-APND,54.46638
2023-08-03 14:00:00-07:00,TH_SP15_GEN-APND,54.83285
2023-08-03 14:00:00-07:00,TH_ZP26_GEN-APND,52.37918
2023-08-03 15:00:00-07:00,TH_NP15_GEN-APND,55.67804
2023-08-03 15:00:00-07:00,TH_SP15_GEN-APND,65.16795
2023-08-03 15:00:00-07:00,TH_ZP26_GEN-APND,52.66234
2023-08-03 16:00:00-07:00,TH_NP15_GEN-APND,57.14409
2023-08-03 16:00:00-07:00,TH_SP15_GEN-APND,74.23613
2023-08-03 16:00:00-07:00,TH_ZP26_GEN-APND,53.48349
2023-08-03 17:00:00-07:00,TH_NP15_GEN-APND,70.20452
2023-08-03 17:00:00-07:00,TH_SP15_GEN-APND,89.79858
2023-08-03 17:00:00-07:00,TH_ZP26_GEN-APND,66.7909
2023-08-03 18:00:00-07:00,TH_NP15_GEN-APND,75.83955
2023-08-03 18:00:00-07:00,TH_SP15_GEN-APND,102.52834
2023-08-03 18:00:00-07:00,TH_ZP26_GEN-APND,72.12803
2023-08-03 19:00:00-07:00,TH_NP15_GEN-APND,87.88441
2023-08-03 19:00:00-07:00,TH_SP15_GEN-APND,133.23738
2023-08-03 19:00:00-07:00,TH_ZP26_GEN-APND,89.8204
2023-08-03 20:00:00-07:00,TH_NP15_GEN-APND,79.2002
2023-08-03 20:00:00-07:00,TH_SP15_GEN-APND,104.58778
2023-08-03 20:00:00-07:00,TH_ZP26_GEN-APND,80.48457
2023-08-03 21:00:00-07:00,TH_NP15_GEN-APND,76.60928
2023-08-03 21:00:00-07:00,TH_SP15_GEN-APND,100.08387
2023-08-03 21:00:00-07:00,TH_ZP26_GEN-APND,78.41947
2023-08-03 22:00:00-07:00,TH_NP15_GEN-APND,68.50723
2023-08-03 22:00:00-07:00,TH_SP15_GEN-APND,72.97
2023-08-03 22:00:00-07:00,TH_ZP26_GEN-APND,69.44858
2023-08-03 23:00:00-07:00,TH_NP15_GEN-APND,57.229
2023-08-03 23:00:00-07:00,TH_SP15_GEN-APND,63.99199
2023-08-03 23:00:00-07:00,TH_ZP26_GEN-APND,57.7626
2023-08-04 00:00:00-07:00,TH_NP15_GEN-APND,55.1758
2023-08-04 00:00:00-07:00,TH_SP15_GEN-APND,57.2893
2023-08-04 00:00:00-07:00,TH_ZP26_GEN-APND,55.17457
2023-08-04 01:00:00-07:00,TH_NP15_GEN-APND,53.00755
2023-08-04 01:00:00-07:00,TH_SP15_GEN-APND,54.90608
2023-08-04 01:00:00-07:00,TH_ZP26_GEN-APND,53.2102
2023-08-04 02:00:00-07:00,TH_NP15_GEN-APND,50.26808
2023-08-04 02:00:00-07:00,TH_SP15_GEN-APND,52.05633
2023-08-04 02:00:00-07:00,TH_ZP26_GEN-APND,50.23405
2023-08-04 03:00:00-07:00,TH_NP15_GEN-APND,49.63511
2023-08-04 03:00:00-07:00,TH_SP15_GEN-APND,50.62514
2023-08-04 03:00:00-07:00,TH_ZP26_GEN-APND,49.22503
2023-08-04 04:00:00-07:00,TH_NP15_GEN-APND,49.86366
2023-08-04 04:00:00-07:00,TH_SP15_GEN-APND,50.90365
2023-08-04 04:00:00-07:00,TH_ZP26_GEN-APND,49.48607
2023-08-04 05:00:00-07:00,TH_NP15_GEN-APND,56.88
2023-08-04 05:00:00-07:00,TH_SP15_GEN-APND,57.46084
2023-08-04 05:00:00-07:00,TH_ZP26_GEN-APND,56.05306
2023-08-04 06:00:00-07:00,TH_NP15_GEN-APND,60.27077
2023-08-04 06:00:00-07:00,TH_SP15_GEN-APND,61.67955
2023-08-04 06:00:00-07:00,TH_ZP26_GEN-APND,59.702
2023-08-04 07:00:00-07:00,TH_NP15_GEN-APND,48.12634
2023-08-04 07:00:00-07:00,TH_SP15_GEN-APND,47.29
2023-08-04 07:00:00-07:00,TH_ZP26_GEN-APND,46.31132
2023-08-04 08:00:00-07:00,TH_NP15_GEN-APND,41.65774
2023-08-04 08:00:00-07:00,TH_SP15_GEN-APND,40.03633
2023-08-04 08:00:00-07:00,TH_ZP26_GEN-APND,37.56388
2023-08-04 09:00:00-07:00,TH_NP15_GEN-APND,41.08974
2023-08-04 09:00:00-07:00,TH_SP15_GEN-APND,39.51527
2023-08-04 09:00:00-07:00,TH_ZP26_GEN-APND,36.61399
2023-08-04 10:00:00-07:00,TH_NP15_GEN-APND,40.88528
2023-08-04 10:00:00-07:00,TH_SP15_GEN-APND,39.73509
2023-08-04 10:00:00-07:00,TH_ZP26_GEN-APND,36.77789
2023-08-04 11:00:00-07:00,TH_NP15_GEN-APND,45.67483
2023-08-04 11:00:00-07:00,TH_SP15_GEN-APND,44.43309
2023-08-04 11:00:00-07:00,TH_ZP26_GEN-APND,41.83589
2023-08-04 12:00:00-07:00,TH_NP15_GEN-APND,48.80365
2023-08-04 12:00:00-07:00,TH_SP15_GEN-APND,48.82654
2023-08-04 12:00:00-07:00,TH_ZP26_GEN-APND,46.80841
2023-08-04 13:00:00-07:00,TH_NP15_GEN-APND,51.6445
2023-08-04 13:00:00-07:00,TH_SP15_GEN-APND,53.42721
2023-08-04 13:00:00-07:00,TH_ZP26_GEN-APND,50.41893
2023-08-04 14:00:00-07:00,TH_NP15_GEN-APND,56.96234
2023-08-04 14:00:00-07:00,TH_SP15_GEN-APND,65.0
2023-08-04 14:00:00-07:00,TH_ZP26_GEN-APND,54.84115
2023-08-04 15:00:00-07:00,TH_NP15_GEN-APND,55.16582
2023-08-04 15:00:00-07:00,TH_SP15_GEN-APND,77.90729
2023-08-04 15:00:00-07:00,TH_ZP26_GEN-APND,50.73
2023-08-04 16:00:00-07:00,TH_NP15_GEN-APND,59.35
2023-08-04 16:00:00-07:00,TH_SP15_GEN-APND,77.72902
2023-08-04 16:00:00-07:00,TH_ZP26_GEN-APND,55.97585
2023-08-04 17:00:00-07:00,TH_NP15_GEN-APND,70.70487
2023-08-04 17:00:00-07:00,TH_SP15_GEN-APND,96.15173
2023-08-04 17:00:00-07:00,TH_ZP26_GEN-APND,66.83489
2023-08-04 18:00:00-07:00,TH_NP15_GEN-APND,78.90349
2023-08-04 18:00:00-07:00,TH_SP15_GEN-APND,106.81226
2023-08-04 18:00:00-07:00,TH_ZP26_GEN-APND,76.73638
2023-08-04 19:00:00-07:00,TH_NP15_GEN-APND,97.51
2023-08-04 19:00:00-07:00,TH_SP15_GEN-APND,120.73573
2023-08-04 19:00:00-07:00,TH_ZP26_GEN-APND,100.03354
2023-08-04 20:00:00-07:00,TH_NP15_GEN-APND,90.00272
2023-08-04 20:00:00-07:00,TH_SP15_GEN-APND,107.81468
2023-08-04 20:00:00-07:00,TH_ZP26_GEN-APND,92.14247
2023-08-04 21:00:00-07:00,TH_NP15_GEN-APND,78.07088
2023-08-04 21:00:00-07:00,TH_SP15_GEN-APND,101.12245
2023-08-04 21:00:00-07:00,TH_ZP26_GEN-APND,80.07418
2023-08-04 22:00:00-07:00,TH_NP15_GEN-APND,73.51077
2023-08-04 22:00:00-07:00,TH_SP15_GEN-APND,78.25906
2023-08-04 22:00:00-07:00,TH_ZP26_GEN-APND,74.38141
2023-08-04 23:00:00-07:00,TH_NP15_GEN-APND,60.73147
2023-08-04 23:00:00-07:00,TH_SP15_GEN-APND,70.88
2023-08-04 23:00:00-07:00,TH_ZP26_GEN-APND,61.72866
2023-08-05 00:00:00-07:00,TH_NP15_GEN-APND,56.77063
2023-08-05 00:00:00-07:00,TH_SP15_GEN-APND,58.65923
2023-08-05 00:00:00-07:00,TH_ZP26_GEN-APND,56.66967
2023-08-05 01:00:00-07:00,TH_NP15_GEN-APND,55.88728
2023-08-05 01:00:00-07:00,TH_SP15_GEN-APND,57.52247
2023-08-05 01:00:00-07:00,TH_ZP26_GEN-APND,55.60214
2023-08-05 02:00:00-07:00,TH_NP15_GEN-APND,56.74789
2023-08-05 02:00:00-07:00,TH_SP15_GEN-APND,58.07306
2023-08-05 02:00:00-07:00,TH_ZP26_GEN-APND,56.52185
2023-08-05 03:00:00-07:00,TH_NP15_GEN-APND,54.46801
2023-08-05 03:00:00-07:00,TH_SP15_GEN-APND,54.9
2023-08-05 03:00:00-07:00,TH_ZP26_GEN-APND,53.8076
2023-08-05 04:00:00-07:00,TH_NP15_GEN-APND,56.23146
2023-08-05 04:00:00-07:00,TH_SP15_GEN-APND,55.9965
2023-08-05 04:00:00-07:00,TH_ZP26_GEN-APND,55.06809
2023-08-05 05:00:00-07:00,TH_NP15_GEN-APND,55.10132
2023-08-05 05:00:00-07:00,TH_SP15_GEN-APND,55.46862
2023-08-05 05:00:00-07:00,TH_ZP26_GEN-APND,54.29325
2023-08-05 06:00:00-07:00,TH_NP15_GEN-APND,56.20354
2023-08-05 06:00:00-07:00,TH_SP15_GEN-APND,56.54644
2023-08-05 06:00:00-07:00,TH_ZP26_GEN-APND,55.18256
2023-08-05 07:00:00-07:00,TH_NP15_GEN-APND,46.76053
2023-08-05 07:00:00-07:00,TH_SP15_GEN-APND,44.93455
2023-08-05 07:00:00-07:00,TH_ZP26_GEN-APND,44.65406
2023-08-05 08:00:00-07:00,TH_NP15_GEN-APND,33.67704
2023-08-05 08:00:00-07:00,TH_SP15_GEN-APND,31.77
2023-08-05 08:00:00-07:00,TH_ZP26_GEN-APND,28.90621
2023-08-05 09:00:00-07:00,TH_NP15_GEN-APND,32.27261
2023-08-05 09:00:00-07:00,TH_SP15_GEN-APND,30.59
2023-08-05 09:00:00-07:00,TH_ZP26_GEN-APND,26.35982
2023-08-05 10:00:00-07:00,TH_NP15_GEN-APND,34.29156
2023-08-05 10:00:00-07:00,TH_SP15_GEN-APND,32.73714
2023-08-05 10:00:00-07:00,TH_ZP26_GEN-APND,29.34915
2023-08-05 11:00:00-07:00,TH_NP15_GEN-APND,39.34422
2023-08-05 11:00:00-07:00,TH_SP15_GEN-APND,37.84644
2023-08-05 11:00:00-07:00,TH_ZP26_GEN-APND,34.43409
2023-08-05 12:00:00-07:00,TH_NP15_GEN-APND,44.12864
2023-08-05 12:00:00-07:00,TH_SP15_GEN-APND,43.90746
2023-08-05 12:00:00-07:00,TH_ZP26_GEN-APND,42.55794
2023-08-05 13:00:00-07:00,TH_NP15_GEN-APND,50.64984
2023-08-05 13:00:00-07:00,TH_SP15_GEN-APND,52.08049
2023-08-05 13:00:00-07:00,TH_ZP26_GEN-APND,49.67619
2023-08-05 14:00:00-07:00,TH_NP15_GEN-APND,56.8942
2023-08-05 14:00:00-07:00,TH_SP15_GEN-APND,59.41163
2023-08-05 14:00:00-07:00,TH_ZP26_GEN-APND,55.95597
2023-08-05 15:00:00-07:00,TH_NP15_GEN-APND,63.04046
2023-08-05 15:00:00-07:00,TH_SP15_GEN-APND,65.46
2023-08-05 15:00:00-07:00,TH_ZP26_GEN-APND,61.51761
2023-08-05 16:00:00-07:00,TH_NP15_GEN-APND,63.18285
2023-08-05 16:00:00-07:00,TH_SP15_GEN-APND,69.97
2023-08-05 16:00:00-07:00,TH_ZP26_GEN-APND,60.86413
2023-08-05 17:00:00-07:00,TH_NP15_GEN-APND,71.2858
2023-08-05 17:00:00-07:00,TH_SP15_GEN-APND,90.5915
2023-08-05 17:00:00-07:00,TH_ZP26_GEN-APND,67.34
2023-08-05 18:00:00-07:00,TH_NP15_GEN-APND,84.50425
2023-08-05 18:00:00-07:00,TH_SP15_GEN-APND,102.751
2023-08-05 18:00:00-07:00,TH_ZP26_GEN-APND,82.30855
2023-08-05 19:00:00-07:00,TH_NP15_GEN-APND,112.0101
2023-08-05 19:00:00-07:00,TH_SP15_GEN-APND,139.54198
2023-08-05 19:00:00-07:00,TH_ZP26_GEN-APND,114.43934
2023-08-05 20:00:00-07:00,TH_NP15_GEN-APND,93.22662
2023-08-05 20:00:00-07:00,TH_SP15_GEN-APND,104.17863
2023-08-05 20:00:00-07:00,TH_ZP26_GEN-APND,94.76495
2023-08-05 21:00:00-07:00,TH_NP15_GEN-APND,80.56771
2023-08-05 21:00:00-07:00,TH_SP15_GEN-APND,96.8798
2023-08-05 21:00:00-07:00,TH_ZP26_GEN-APND,81.89
2023-08-05 22:00:00-07:00,TH_NP15_GEN-APND,71.71102
2023-08-05 22:00:00-07:00,TH_SP15_GEN-APND,75.57678
2023-08-05 22:00:00-07:00,TH_ZP26_GEN-APND,72.199
2023-08-05 23:00:00-07:00,TH_NP15_GEN-APND,59.81465
2023-08-05 23:00:00-07:00,TH_SP15_GEN-APND,65.0
2023-08-05 23:00:00-07:00,TH_ZP26_GEN-APND,60.47245
2023-08-06 00:00:00-07:00,TH_NP15_GEN-APND,59.09338
2023-08-06 00:00:00-07:00,TH_SP15_GEN-APND,62.53065
2023-08-06 00:00:00-07:00,TH_ZP26_GEN-APND,59.62751
2023-08-06 01:00:00-07:00,TH_NP15_GEN-APND,55.65093
2023-08-06 01:00:00-07:00,TH_SP15_GEN-APND,57.73808
2023-08-06 01:00:00-07:00,TH_ZP26_GEN-APND,55.56137
2023-08-06 02:00:00-07:00,TH_NP15_GEN-APND,57.32326
2023-08-06 02:00:00-07:00,TH_SP15_GEN-APND,58.68497
2023-08-06 02:00:00-07:00,TH_ZP26_GEN-APND,57.24302
2023-08-06 03:00:00-07:00,TH_NP15_GEN-APND,53.58391
2023-08-06 03:00:00-07:00,TH_SP15_GEN-APND,54.72233
2023-08-06 03:00:00-07:00,TH_ZP26_GEN-APND,53.46173
2023-08-06 04:00:00-07:00,TH_NP15_GEN-APND,54.37137
2023-08-06 04:00:00-07:00,TH_SP15_GEN-APND,55.07217
2023-08-06 04:00:00-07:00,TH_ZP26_GEN-APND,54.0518
2023-08-06 05:00:00-07:00,TH_NP15_GEN-APND,52.86691
2023-08-06 05:00:00-07:00,TH_SP15_GEN-APND,53.85859
2023-08-06 05:00:00-07:00,TH_ZP26_GEN-APND,53.09436
2023-08-06 06:00:00-07:00,TH_NP15_GEN-APND,50.66755
2023-08-06 06:00:00-07:00,TH_SP15_GEN-APND,51.39688
2023-08-06 06:00:00-07:00,TH_ZP26_GEN-APND,50.41644
2023-08-06 07:00:00-07:00,TH_NP15_GEN-APND,42.85176
2023-08-06 07:00:00-07:00,TH_SP15_GEN-APND,41.63764
2023-08-06 07:00:00-07:00,TH_ZP26_GEN-APND,41.2889
2023-08-06 08:00:00-07:00,TH_NP15_GEN-APND,36.85629
2023-08-06 08:00:00-07:00,TH_SP15_GEN-APND,32.34599
2023-08-06 08:00:00-07:00,TH_ZP26_GEN-APND,29.35353
2023-08-06 09:00:00-07:00,TH_NP15_GEN-APND,38.51566
2023-08-06 09:00:00-07:00,TH_SP15_GEN-APND,32.3171
2023-08-06 09:00:00-07:00,TH_ZP26_GEN-APND,28.24949
2023-08-06 10:00:00-07:00,TH_NP15_GEN-APND,41.14182
2023-08-06 10:00:00-07:00,TH_SP15_GEN-APND,36.18621
2023-08-06 10:00:00-07:00,TH_ZP26_GEN-APND,32.9
2023-08-06 11:00:00-07:00,TH_NP15_GEN-APND,44.46347
2023-08-06 11:00:00-07:00,TH_SP15_GEN-APND,41.62807
2023-08-06 11:00:00-07:00,TH_ZP26_GEN-APND,39.45
2023-08-06 12:00:00-07:00,TH_NP15_GEN-APND,48.01134
2023-08-06 12:00:00-07:00,TH_SP15_GEN-APND,47.44534
2023-08-06 12:00:00-07:00,TH_ZP26_GEN-APND,45.9393
2023-08-06 13:00:00-07:00,TH_NP15_GEN-APND,54.75622
2023-08-06 13:00:00-07:00,TH_SP15_GEN-APND,55.33824
2023-08-06 13:00:00-07:00,TH_ZP26_GEN-APND,52.4224
2023-08-06 14:00:00-07:00,TH_NP15_GEN-APND,65.6948
2023-08-06 14:00:00-07:00,TH_SP15_GEN-APND,67.28648
2023-08-06 14:00:00-07:00,TH_ZP26_GEN-APND,63.14119
2023-08-06 15:00:00-07:00,TH_NP15_GEN-APND,72.33458
2023-08-06 15:00:00-07:00,TH_SP15_GEN-APND,74.01855
2023-08-06 15:00:00-07:00,TH_ZP26_GEN-APND,69.65241
2023-08-06 16:00:00-07:00,TH_NP15_GEN-APND,82.68552
2023-08-06 16:00:00-07:00,TH_SP15_GEN-APND,85.17526
2023-08-06 16:00:00-07:00,TH_ZP26_GEN-APND,80.10842
2023-08-06 17:00:00-07:00,TH_NP15_GEN-APND,95.71592
2023-08-06 17:00:00-07:00,TH_SP15_GEN-APND,98.50112
2023-08-06 17:00:00-07:00,TH_ZP26_GEN-APND,92.93072
2023-08-06 18:00:00-07:00,TH_NP15_GEN-APND,109.24337
2023-08-06 18:00:00-07:00,TH_SP15_GEN-APND,120.74144
2023-08-06 18:00:00-07:00,TH_ZP26_GEN-APND,107.3461
2023-08-06 19:00:00-07:00,TH_NP15_GEN-APND,140.57484
2023-08-06 19:00:00-07:00,TH_SP15_GEN-APND,154.98824
2023-08-06 19:00:00-07:00,TH_ZP26_GEN-APND,141.74702
2023-08-06 20:00:00-07:00,TH_NP15_GEN-APND,121.52674
2023-08-06 20:00:00-07:00,TH_SP15_GEN-APND,131.8074
2023-08-06 20:00:00-07:00,TH_ZP26_GEN-APND,122.84422
2023-08-06 21:00:00-07:00,TH_NP15_GEN-APND,99.50535
2023-08-06 21:00:00-07:00,TH_SP15_GEN-APND,105.0
2023-08-06 21:00:00-07:00,TH_ZP26_GEN-APND,100.17075
2023-08-06 22:00:00-07:00,TH_NP15_GEN-APND,81.53322
2023-08-06 22:00:00-07:00,TH_SP15_GEN-APND,84.65723
2023-08-06 22:00:00-07:00,TH_ZP26_GEN-APND,81.69629
2023-08-06 23:00:00-07:00,TH_NP15_GEN-APND,66.72356
2023-08-06 23:00:00-07:00,TH_SP15_GEN-APND,70.01559
2023-08-06 23:00:00-07:00,TH_ZP26_GEN-APND,67.30284
2023-08-07 00:00:00-07:00,TH_NP15_GEN-APND,67.26
2023-08-07 00:00:00-07:00,TH_SP15_GEN-APND,70.27862
2023-08-07 00:00:00-07:00,TH_ZP26_GEN-APND,67.72059
2023-08-07 01:00:00-07:00,TH_NP15_GEN-APND,63.60678
2023-08-07 01:00:00-07:00,TH_SP15_GEN-APND,65.97937
2023-08-07 01:00:00-07:00,TH_ZP26_GEN-APND,63.78006
2023-08-07 02:00:00-07:00,TH_NP15_GEN-APND,58.18
2023-08-07 02:00:00-07:00,TH_SP15_GEN-APND,60.32331
2023-08-07 02:00:00-07:00,TH_ZP26_GEN-APND,58.2896
2023-08-07 03:00:00-07:00,TH_NP15_GEN-APND,57.39602
2023-08-07 03:00:00-07:00,TH_SP15_GEN-APND,59.19152
2023-08-07 03:00:00-07:00,TH_ZP26_GEN-APND,57.40799
2023-08-07 04:00:00-07:00,TH_NP15_GEN-APND,57.60505
2023-08-07 04:00:00-07:00,TH_SP15_GEN-APND,59.7513
2023-08-07 04:00:00-07:00,TH_ZP26_GEN-APND,57.72563
2023-08-07 05:00:00-07:00,TH_NP15_GEN-APND,65.25252
2023-08-07 05:00:00-07:00,TH_SP15_GEN-APND,67.4899
2023-08-07 05:00:00-07:00,TH_ZP26_GEN-APND,65.32073
2023-08-07 06:00:00-07:00,TH_NP15_GEN-APND,69.04035
2023-08-07 06:00:00-07:00,TH_SP15_GEN-APND,71.36382
2023-08-07 06:00:00-07:00,TH_ZP26_GEN-APND,68.91046
2023-08-07 07:00:00-07:00,TH_NP15_GEN-APND,57.51
2023-08-07 07:00:00-07:00,TH_SP15_GEN-APND,57.30341
2023-08-07 07:00:00-07:00,TH_ZP26_GEN-APND,55.88676
2023-08-07 08:00:00-07:00,TH_NP15_GEN-APND,51.36122
2023-08-07 08:00:00-07:00,TH_SP15_GEN-APND,49.48025
2023-08-07 08:00:00-07:00,TH_ZP26_GEN-APND,48.55791
2023-08-07 09:00:00-07:00,TH_NP15_GEN-APND,51.33018
2023-08-07 09:00:00-07:00,TH_SP15_GEN-APND,49.90606
2023-08-07 09:00:00-07:00,TH_ZP26_GEN-APND,47.28314
2023-08-07 10:00:00-07:00,TH_NP15_GEN-APND,53.85533
2023-08-07 10:00:00-07:00,TH_SP15_GEN-APND,52.50254
2023-08-07 10:00:00-07:00,TH_ZP26_GEN-APND,49.79943
2023-08-07 11:00:00-07:00,TH_NP15_GEN-APND,55.40059
2023-08-07 11:00:00-07:00,TH_SP15_GEN-APND,54.33155
2023-08-07 11:00:00-07:00,TH_ZP26_GEN-APND,51.69353
2023-08-07 12:00:00-07:00,TH_NP15_GEN-APND,60.65606
2023-08-07 12:00:00-07:00,TH_SP15_GEN-APND,59.67883
2023-08-07 12:00:00-07:00,TH_ZP26_GEN-APND,57.83099
2023-08-07 13:00:00-07:00,TH_NP15_GEN-APND,77.19674
2023-08-07 13:00:00-07:00,TH_SP15_GEN-APND,76.36
2023-08-07 13:00:00-07:00,TH_ZP26_GEN-APND,74.89441
2023-08-07 14:00:00-07:00,TH_NP15_GEN-APND,83.41671
2023-08-07 14:00:00-07:00,TH_SP15_GEN-APND,85.3
2023-08-07 14:00:00-07:00,TH_ZP26_GEN-APND,81.1506
2023-08-07 15:00:00-07:00,TH_NP15_GEN-APND,93.71443
2023-08-07 15:00:00-07:00,TH_SP15_GEN-APND,95.25794
2023-08-07 15:00:00-07:00,TH_ZP26_GEN-APND,90.67312
2023-08-07 16:00:00-07:00,TH_NP15_GEN-APND,98.86292
2023-08-07 16:00:00-07:00,TH_SP15_GEN-APND,101.35623
2023-08-07 16:00:00-07:00,TH_ZP26_GEN-APND,95.67819
2023-08-07 17:00:00-07:00,TH_NP15_GEN-APND,108.84047
2023-08-07 17:00:00-07:00,TH_SP15_GEN-APND,112.34
2023-08-07 17:00:00-07:00,TH_ZP26_GEN-APND,106.40427
2023-08-07 18:00:00-07:00,TH_NP15_GEN-APND,148.29628
2023-08-07 18:00:00-07:00,TH_SP15_GEN-APND,156.2984
2023-08-07 18:00:00-07:00,TH_ZP26_GEN-APND,148.81383
2023-08-07 19:00:00-07:00,TH_NP15_GEN-APND,185.55338
2023-08-07 19:00:00-07:00,TH_SP15_GEN-APND,217.86697
2023-08-07 19:00:00-07:00,TH_ZP26_GEN-APND,188.85616
2023-08-07 20:00:00-07:00,TH_NP15_GEN-APND,130.88
2023-08-07 20:00:00-07:00,TH_SP15_GEN-APND,150.0
2023-08-07 20:00:00-07:00,TH_ZP26_GEN-APND,133.26962
2023-08-07 21:00:00-07:00,TH_NP15_GEN-APND,104.33819
2023-08-07 21:00:00-07:00,TH_SP15_GEN-APND,111.86288
2023-08-07 21:00:00-07:00,TH_ZP26_GEN-APND,105.35125
2023-08-07 22:00:00-07:00,TH_NP15_GEN-APND,87.62471
2023-08-07 22:00:00-07:00,TH_SP15_GEN-APND,90.48844
2023-08-07 22:00:00-07:00,TH_ZP26_GEN-APND,87.52342
2023-08-07 23:00:00-07:00,TH_NP15_GEN-APND,80.10423
2023-08-07 23:00:00-07:00,TH_SP15_GEN-APND,83.15566
2023-08-07 23:00:00-07:00,TH_ZP26_GEN-APND,80.55099
2023-08-08 00:00:00-07:00,TH_NP15_GEN-APND,58.6788
2023-08-08 00:00:00-07:00,TH_SP15_GEN-APND,60.0
2023-08-08 00:00:00-07:00,TH_ZP26_GEN-APND,58.57478
2023-08-08 01:00:00-07:00,TH_NP15_GEN-APND,59.08
2023-08-08 01:00:00-07:00,TH_SP15_GEN-APND,60.38332
2023-08-08 01:00:00-07:00,TH_ZP26_GEN-APND,58.90171
2023-08-08 02:00:00-07:00,TH_NP15_GEN-APND,54.50302
2023-08-08 02:00:00-07:00,TH_SP15_GEN-APND,55.17244
2023-08-08 02:00:00-07:00,TH_ZP26_GEN-APND,54.12507
2023-08-08 03:00:00-07:00,TH_NP15_GEN-APND,53.47843
2023-08-08 03:00:00-07:00,TH_SP15_GEN-APND,53.65716
2023-08-08 03:00:00-07:00,TH_ZP26_GEN-APND,52.73459
2023-08-08 04:00:00-07:00,TH_NP15_GEN-APND,54.63384
2023-08-08 04:00:00-07:00,TH_SP15_GEN-APND,55.03187
2023-08-08 04:00:00-07:00,TH_ZP26_GEN-APND,54.09808
2023-08-08 05:00:00-07:00,TH_NP15_GEN-APND,59.01102
2023-08-08 05:00:00-07:00,TH_SP15_GEN-APND,59.29
2023-08-08 05:00:00-07:00,TH_ZP26_GEN-APND,58.25164
2023-08-08 06:00:00-07:00,TH_NP15_GEN-APND,62.13229
2023-08-08 06:00:00-07:00,TH_SP15_GEN-APND,62.10719
2023-08-08 06:00:00-07:00,TH_ZP26_GEN-APND,61.06878
2023-08-08 07:00:00-07:00,TH_NP15_GEN-APND,53.70269
2023-08-08 07:00:00-07:00,TH_SP15_GEN-APND,51.87746
2023-08-08 07:00:00-07:00,TH_ZP26_GEN-APND,51.28186
2023-08-08 08:00:00-07:00,TH_NP15_GEN-APND,41.84196
2023-08-08 08:00:00-07:00,TH_SP15_GEN-APND,41.39
2023-08-08 08:00:00-07:00,TH_ZP26_GEN-APND,38.74718
2023-08-08 09:00:00-07:00,TH_NP15_GEN-APND,40.54342
2023-08-08 09:00:00-07:00,TH_SP15_GEN-APND,38.76761
2023-08-08 09:00:00-07:00,TH_ZP26_GEN-APND,34.71911
2023-08-08 10:00:00-07:00,TH_NP15_GEN-APND,42.41198
2023-08-08 10:00:00-07:00,TH_SP15_GEN-APND,41.04405
2023-08-08 10:00:00-07:00,TH_ZP26_GEN-APND,36.99406
2023-08-08 11:00:00-07:00,TH_NP15_GEN-APND,43.68
2023-08-08 11:00:00-07:00,TH_SP15_GEN-APND,42.82336
2023-08-08 11:00:00-07:00,TH_ZP26_GEN-APND,38.92501
2023-08-08 12:00:00-07:00,TH_NP15_GEN-APND,46.92891
2023-08-08 12:00:00-07:00,TH_SP15_GEN-APND,45.9689
2023-08-08 12:00:00-07:00,TH_ZP26_GEN-APND,43.69715
2023-08-08 13:00:00-07:00,TH_NP15_GEN-APND,52.82271
2023-08-08 13:00:00-07:00,TH_SP15_GEN-APND,52.34
2023-08-08 13:00:00-07:00,TH_ZP26_GEN-APND,50.21396
2023-08-08 14:00:00-07:00,TH_NP15_GEN-APND,57.8479
2023-08-08 14:00:00-07:00,TH_SP15_GEN-APND,58.40092
2023-08-08 14:00:00-07:00,TH_ZP26_GEN-APND,55.26991
2023-08-08 15:00:00-07:00,TH_NP15_GEN-APND,65.171
2023-08-08 15:00:00-07:00,TH_SP15_GEN-APND,66.08436
2023-08-08 15:00:00-07:00,TH_ZP26_GEN-APND,62.82924
2023-08-08 16:00:00-07:00,TH_NP15_GEN-APND,66.00845
2023-08-08 16:00:00-07:00,TH_SP15_GEN-APND,68.20354
2023-08-08 16:00:00-07:00,TH_ZP26_GEN-APND,64.35782
2023-08-08 17:00:00-07:00,TH_NP15_GEN-APND,76.4314
2023-08-08 17:00:00-07:00,TH_SP15_GEN-APND,84.40039
2023-08-08 17:00:00-07:00,TH_ZP26_GEN-APND,74.67364
2023-08-08 18:00:00-07:00,TH_NP15_GEN-APND,77.92056
2023-08-08 18:00:00-07:00,TH_SP15_GEN-APND,100.77564
2023-08-08 18:00:00-07:00,TH_ZP26_GEN-APND,78.57478
2023-08-08 19:00:00-07:00,TH_NP15_GEN-APND,91.55777
2023-08-08 19:00:00-07:00,TH_SP15_GEN-APND,125.0
2023-08-08 19:00:00-07:00,TH_ZP26_GEN-APND,92.95144
2023-08-08 20:00:00-07:00,TH_NP15_GEN-APND,76.88
2023-08-08 20:00:00-07:00,TH_SP15_GEN-APND,102.94982
2023-08-08 20:00:00-07:00,TH_ZP26_GEN-APND,78.69863
2023-08-08 21:00:00-07:00,TH_NP15_GEN-APND,74.74879
2023-08-08 21:00:00-07:00,TH_SP15_GEN-APND,90.32296
2023-08-08 21:00:00-07:00,TH_ZP26_GEN-APND,76.10989
2023-08-08 22:00:00-07:00,TH_NP15_GEN-APND,66.91
2023-08-08 22:00:00-07:00,TH_SP15_GEN-APND,70.26069
2023-08-08 22:00:00-07:00,TH_ZP26_GEN-APND,67.55809
2023-08-08 23:00:00-07:00,TH_NP15_GEN-APND,61.48394
2023-08-08 23:00:00-07:00,TH_SP15_GEN-APND,64.36995
2023-08-08 23:00:00-07:00,TH_ZP26_GEN-APND,61.88867
2023-08-09 00:00:00-07:00,TH_NP15_GEN-APND,53.98539
2023-08-09 00:00:00-07:00,TH_SP15_GEN-APND,53.91287
2023-08-09 00:00:00-07:00,TH_ZP26_GEN-APND,53.57523
2023-08-09 01:00:00-07:00,TH_NP15_GEN-APND,51.80991
2023-08-09 01:00:00-07:00,TH_SP15_GEN-APND,51.02818
2023-08-09 01:00:00-07:00,TH_ZP26_GEN-APND,50.99139
2023-08-09 02:00:00-07:00,TH_NP15_GEN-APND,51.03191
2023-08-09 02:00:00-07:00,TH_SP15_GEN-APND,50.05
2023-08-09 02:00:00-07:00,TH_ZP26_GEN-APND,50.08094
2023-08-09 03:00:00-07:00,TH_NP15_GEN-APND,49.47165
2023-08-09 03:00:00-07:00,TH_SP15_GEN-APND,47.88836
2023-08-09 03:00:00-07:00,TH_ZP26_GEN-APND,48.24739
2023-08-09 04:00:00-07:00,TH_NP15_GEN-APND,50.52018
2023-08-09 04:00:00-07:00,TH_SP15_GEN-APND,49.17804
2023-08-09 04:00:00-07:00,TH_ZP26_GEN-APND,49.35085
2023-08-09 05:00:00-07:00,TH_NP15_GEN-APND,54.98039
2023-08-09 05:00:00-07:00,TH_SP15_GEN-APND,53.25886
2023-08-09 05:00:00-07:00,TH_ZP26_GEN-APND,53.44089
2023-08-09 06:00:00-07:00,TH_NP15_GEN-APND,58.68412
2023-08-09 06:00:00-07:00,TH_SP15_GEN-APND,57.00732
2023-08-09 06:00:00-07:00,TH_ZP26_GEN-APND,57.07816
2023-08-09 07:00:00-07:00,TH_NP15_GEN-APND,51.35858
2023-08-09 07:00:00-07:00,TH_SP15_GEN-APND,49.75696
2023-08-09 07:00:00-07:00,TH_ZP26_GEN-APND,49.53977
2023-08-09 08:00:00-07:00,TH_NP15_GEN-APND,45.49791
2023-08-09 08:00:00-07:00,TH_SP15_GEN-APND,42.89842
2023-08-09 08:00:00-07:00,TH_ZP26_GEN-APND,41.13418
2023-08-09 09:00:00-07:00,TH_NP15_GEN-APND,42.32745
2023-08-09 09:00:00-07:00,TH_SP15_GEN-APND,39.86979
2023-08-09 09:00:00-07:00,TH_ZP26_GEN-APND,37.23
2023-08-09 10:00:00-07:00,TH_NP15_GEN-APND,41.41439
2023-08-09 10:00:00-07:00,TH_SP15_GEN-APND,38.88
2023-08-09 10:00:00-07:00,TH_ZP26_GEN-APND,36.67554
2023-08-09 11:00:00-07:00,TH_NP15_GEN-APND,41.56
2023-08-09 11:00:00-07:00,TH_SP15_GEN-APND,39.48646
2023-08-09 11:00:00-07:00,TH_ZP26_GEN-APND,36.42431
2023-08-09 12:00:00-07:00,TH_NP15_GEN-APND,42.23172
2023-08-09 12:00:00-07:00,TH_SP15_GEN-APND,40.26933
2023-08-09 12:00:00-07:00,TH_ZP26_GEN-APND,37.21177
2023-08-09 13:00:00-07:00,TH_NP15_GEN-APND,46.01423
2023-08-09 13:00:00-07:00,TH_SP15_GEN-APND,43.96118
2023-08-09 13:00:00-07:00,TH_ZP26_GEN-APND,41.61541
2023-08-09 14:00:00-07:00,TH_NP15_GEN-APND,50.0
2023-08-09 14:00:00-07:00,TH_SP15_GEN-APND,47.87984
2023-08-09 14:00:00-07:00,TH_ZP26_GEN-APND,46.67529
2023-08-09 15:00:00-07:00,TH_NP15_GEN-APND,53.42733
2023-08-09 15:00:00-07:00,TH_SP15_GEN-APND,51.48027
2023-08-09 15:00:00-07:00,TH_ZP26_GEN-APND,50.60708
2023-08-09 16:00:00-07:00,TH_NP15_GEN-APND,55.07173
2023-08-09 16:00:00-07:00,TH_SP15_GEN-APND,53.97108
2023-08-09 16:00:00-07:00,TH_ZP26_GEN-APND,52.58258
2023-08-09 17:00:00-07:00,TH_NP15_GEN-APND,65.32171
2023-08-09 17:00:00-07:00,TH_SP15_GEN-APND,65.38943
2023-08-09 17:00:00-07:00,TH_ZP26_GEN-APND,63.24252
2023-08-09 18:00:00-07:00,TH_NP15_GEN-APND,72.09608
2023-08-09 18:00:00-07:00,TH_SP15_GEN-APND,73.87477
2023-08-09 18:00:00-07:00,TH_ZP26_GEN-APND,71.4978
2023-08-09 19:00:00-07:00,TH_NP15_GEN-APND,84.04027
2023-08-09 19:00:00-07:00,TH_SP15_GEN-APND,87.44264
2023-08-09 19:00:00-07:00,TH_ZP26_GEN-APND,84.66935
2023-08-09 20:00:00-07:00,TH_NP15_GEN-APND,72.56865
2023-08-09 20:00:00-07:00,TH_SP15_GEN-APND,75.37121
2023-08-09 20:00:00-07:00,TH_ZP26_GEN-APND,73.11084
2023-08-09 21:00:00-07:00,TH_NP15_GEN-APND,68.92802
2023-08-09 21:00:00-07:00,TH_SP15_GEN-APND,70.61592
2023-08-09 21:00:00-07:00,TH_ZP26_GEN-APND,69.02
2023-08-09 22:00:00-07:00,TH_NP15_GEN-APND,61.42238
2023-08-09 22:00:00-07:00,TH_SP15_GEN-APND,61.26301
2023-08-09 22:00:00-07:00,TH_ZP26_GEN-APND,60.75832
2023-08-09 23:00:00-07:00,TH_NP15_GEN-APND,56.12946
2023-08-09 23:00:00-07:00,TH_SP15_GEN-APND,55.0
2023-08-09 23:00:00-07:00,TH_ZP26_GEN-APND,55.03417
2023-08-10 00:00:00-07:00,TH_NP15_GEN-APND,51.55408
2023-08-10 00:00:00-07:00,TH_SP15_GEN-APND,52.41768
2023-08-10 00:00:00-07:00,TH_ZP26_GEN-APND,51.76678
2023-08-10 01:00:00-07:00,TH_NP15_GEN-APND,50.11402
2023-08-10 01:00:00-07:00,TH_SP15_GEN-APND,50.08
2023-08-10 01:00:00-07:00,TH_ZP26_GEN-APND,49.82524
2023-08-10 02:00:00-07:00,TH_NP15_GEN-APND,49.67815
2023-08-10 02:00:00-07:00,TH_SP15_GEN-APND,49.28559
2023-08-10 02:00:00-07:00,TH_ZP26_GEN-APND,49.14084
2023-08-10 03:00:00-07:00,TH_NP15_GEN-APND,49.08004
2023-08-10 03:00:00-07:00,TH_SP15_GEN-APND,48.3931
2023-08-10 03:00:00-07:00,TH_ZP26_GEN-APND,48.3914
2023-08-10 04:00:00-07:00,TH_NP15_GEN-APND,50.62983
2023-08-10 04:00:00-07:00,TH_SP15_GEN-APND,49.71136
2023-08-10 04:00:00-07:00,TH_ZP26_GEN-APND,49.71567
2023-08-10 05:00:00-07:00,TH_NP15_GEN-APND,52.25826
2023-08-10 05:00:00-07:00,TH_SP15_GEN-APND,51.81169
2023-08-10 05:00:00-07:00,TH_ZP26_GEN-APND,51.5697
2023-08-10 06:00:00-07:00,TH_NP15_GEN-APND,55.44694
2023-08-10 06:00:00-07:00,TH_SP15_GEN-APND,55.0
2023-08-10 06:00:00-07:00,TH_ZP26_GEN-APND,54.68371
2023-08-10 07:00:00-07:00,TH_NP15_GEN-APND,51.09439
2023-08-10 07:00:00-07:00,TH_SP15_GEN-APND,50.0
2023-08-10 07:00:00-07:00,TH_ZP26_GEN-APND,49.66945
2023-08-10 08:00:00-07:00,TH_NP15_GEN-APND,46.46
2023-08-10 08:00:00-07:00,TH_SP15_GEN-APND,43.70063
2023-08-10 08:00:00-07:00,TH_ZP26_GEN-APND,42.39706
2023-08-10 09:00:00-07:00,TH_NP15_GEN-APND,44.11235
2023-08-10 09:00:00-07:00,TH_SP15_GEN-APND,42.47581
2023-08-10 09:00:00-07:00,TH_ZP26_GEN-APND,40.68574
2023-08-10 10:00:00-07:00,TH_NP15_GEN-APND,43.44306
2023-08-10 10:00:00-07:00,TH_SP15_GEN-APND,42.0096
2023-08-10 10:00:00-07:00,TH_ZP26_GEN-APND,39.86903
2023-08-10 11:00:00-07:00,TH_NP15_GEN-APND,44.49808
2023-08-10 11:00:00-07:00,TH_SP15_GEN-APND,43.16305
2023-08-10 11:00:00-07:00,TH_ZP26_GEN-APND,41.08599
2023-08-10 12:00:00-07:00,TH_NP15_GEN-APND,44.45737
2023-08-10 12:00:00-07:00,TH_SP15_GEN-APND,42.97086
2023-08-10 12:00:00-07:00,TH_ZP26_GEN-APND,40.83359
2023-08-10 13:00:00-07:00,TH_NP15_GEN-APND,48.28718
2023-08-10 13:00:00-07:00,TH_SP15_GEN-APND,46.54082
2023-08-10 13:00:00-07:00,TH_ZP26_GEN-APND,44.12892
2023-08-10 14:00:00-07:00,TH_NP15_GEN-APND,51.31719
2023-08-10 14:00:00-07:00,TH_SP15_GEN-APND,50.01893
2023-08-10 14:00:00-07:00,TH_ZP26_GEN-APND,49.13397
2023-08-10 15:00:00-07:00,TH_NP15_GEN-APND,52.05331
2023-08-10 15:00:00-07:00,TH_SP15_GEN-APND,51.3173
2023-08-10 15:00:00-07:00,TH_ZP26_GEN-APND,50.37462
2023-08-10 16:00:00-07:00,TH_NP15_GEN-APND,54.54096
2023-08-10 16:00:00-07:00,TH_SP15_GEN-APND,54.31262
2023-08-10 16:00:00-07:00,TH_ZP26_GEN-APND,53.15607
2023-08-10 17:00:00-07:00,TH_NP15_GEN-APND,65.1077
2023-08-10 17:00:00-07:00,TH_SP15_GEN-APND,66.7921
2023-08-10 17:00:00-07:00,TH_ZP26_GEN-APND,64.48372
2023-08-10 18:00:00-07:00,TH_NP15_GEN-APND,71.15205
2023-08-10 18:00:00-07:00,TH_SP15_GEN-APND,73.58729
2023-08-10 18:00:00-07:00,TH_ZP26_GEN-APND,71.36504
2023-08-10 19:00:00-07:00,TH_NP15_GEN-APND,82.18321
2023-08-10 19:00:00-07:00,TH_SP15_GEN-APND,85.55535
2023-08-10 19:00:00-07:00,TH_ZP26_GEN-APND,83.09876
2023-08-10 20:00:00-07:00,TH_NP15_GEN-APND,70.92294
2023-08-10 20:00:00-07:00,TH_SP15_GEN-APND,72.99572
2023-08-10 20:00:00-07:00,TH_ZP26_GEN-APND,71.42584
2023-08-10 21:00:00-07:00,TH_NP15_GEN-APND,65.4207
2023-08-10 21:00:00-07:00,TH_SP15_GEN-APND,67.50998
2023-08-10 21:00:00-07:00,TH_ZP26_GEN-APND,66.0
2023-08-10 22:00:00-07:00,TH_NP15_GEN-APND,58.0224
2023-08-10 22:00:00-07:00,TH_SP15_GEN-APND,57.86909
2023-08-10 22:00:00-07:00,TH_ZP26_GEN-APND,57.46291
2023-08-10 23:00:00-07:00,TH_NP15_GEN-APND,54.59522
2023-08-10 23:00:00-07:00,TH_SP15_GEN-APND,53.0
2023-08-10 23:00:00-07:00,TH_ZP26_GEN-APND,53.46353
2023-08-11 00:00:00-07:00,TH_NP15_GEN-APND,51.47804
2023-08-11 00:00:00-07:00,TH_SP15_GEN-APND,51.56292
2023-08-11 00:00:00-07:00,TH_ZP26_GEN-APND,51.18191
2023-08-11 01:00:00-07:00,TH_NP15_GEN-APND,50.21589
2023-08-11 01:00:00-07:00,TH_SP15_GEN-APND,49.7
2023-08-11 01:00:00-07:00,TH_ZP26_GEN-APND,49.62757
2023-08-11 02:00:00-07:00,TH_NP15_GEN-APND,50.32113
2023-08-11 02:00:00-07:00,TH_SP15_GEN-APND,49.56208
2023-08-11 02:00:00-07:00,TH_ZP26_GEN-APND,49.53548
2023-08-11 03:00:00-07:00,TH_NP15_GEN-APND,50.43545
2023-08-11 03:00:00-07:00,TH_SP15_GEN-APND,49.15306
2023-08-11 03:00:00-07:00,TH_ZP26_GEN-APND,49.26784
2023-08-11 04:00:00-07:00,TH_NP15_GEN-APND,50.88635
2023-08-11 04:00:00-07:00,TH_SP15_GEN-APND,49.72088
2023-08-11 04:00:00-07:00,TH_ZP26_GEN-APND,49.82784
2023-08-11 05:00:00-07:00,TH_NP15_GEN-APND,53.80692
2023-08-11 05:00:00-07:00,TH_SP15_GEN-APND,52.73545
2023-08-11 05:00:00-07:00,TH_ZP26_GEN-APND,52.73
2023-08-11 06:00:00-07:00,TH_NP15_GEN-APND,57.77
2023-08-11 06:00:00-07:00,TH_SP15_GEN-APND,56.68166
2023-08-11 06:00:00-07:00,TH_ZP26_GEN-APND,56.64657
2023-08-11 07:00:00-07:00,TH_NP15_GEN-APND,51.26366
2023-08-11 07:00:00-07:00,TH_SP15_GEN-APND,51.08495
2023-08-11 07:00:00-07:00,TH_ZP26_GEN-APND,51.35154
2023-08-11 08:00:00-07:00,TH_NP15_GEN-APND,45.74946
2023-08-11 08:00:00-07:00,TH_SP15_GEN-APND,41.9767
2023-08-11 08:00:00-07:00,TH_ZP26_GEN-APND,41.08237
2023-08-11 09:00:00-07:00,TH_NP15_GEN-APND,41.33879
2023-08-11 09:00:00-07:00,TH_SP15_GEN-APND,40.86653
2023-08-11 09:00:00-07:00,TH_ZP26_GEN-APND,39.07673
2023-08-11 10:00:00-07:00,TH_NP15_GEN-APND,41.52109
2023-08-11 10:00:00-07:00,TH_SP15_GEN-APND,41.21002
2023-08-11 10:00:00-07:00,TH_ZP26_GEN-APND,39.32185
2023-08-11 11:00:00-07:00,TH_NP15_GEN-APND,42.2176
2023-08-11 11:00:00-07:00,TH_SP15_GEN-APND,41.58
2023-08-11 11:00:00-07:00,TH_ZP26_GEN-APND,39.79137
2023-08-11 12:00:00-07:00,TH_NP15_GEN-APND,41.78174
2023-08-11 12:00:00-07:00,TH_SP15_GEN-APND,41.32163
2023-08-11 12:00:00-07:00,TH_ZP26_GEN-APND,39.79
2023-08-11 13:00:00-07:00,TH_NP15_GEN-APND,43.29566
2023-08-11 13:00:00-07:00,TH_SP15_GEN-APND,42.36003
2023-08-11 13:00:00-07:00,TH_ZP26_GEN-APND,41.09962
2023-08-11 14:00:00-07:00,TH_NP15_GEN-APND,48.38137
2023-08-11 14:00:00-07:00,TH_SP15_GEN-APND,48.12022
2023-08-11 14:00:00-07:00,TH_ZP26_GEN-APND,47.82612
2023-08-11 15:00:00-07:00,TH_NP15_GEN-APND,51.14668
2023-08-11 15:00:00-07:00,TH_SP15_GEN-APND,50.63287
2023-08-11 15:00:00-07:00,TH_ZP26_GEN-APND,51.21619
2023-08-11 16:00:00-07:00,TH_NP15_GEN-APND,52.71
2023-08-11 16:00:00-07:00,TH_SP15_GEN-APND,51.94277
2023-08-11 16:00:00-07:00,TH_ZP26_GEN-APND,52.76755
2023-08-11 17:00:00-07:00,TH_NP15_GEN-APND,62.04758
2023-08-11 17:00:00-07:00,TH_SP15_GEN-APND,62.16607
2023-08-11 17:00:00-07:00,TH_ZP26_GEN-APND,62.36853
2023-08-11 18:00:00-07:00,TH_NP15_GEN-APND,69.86517
2023-08-11 18:00:00-07:00,TH_SP15_GEN-APND,70.02
2023-08-11 18:00:00-07:00,TH_ZP26_GEN-APND,70.15681
2023-08-11 19:00:00-07:00,TH_NP15_GEN-APND,77.53564
2023-08-11 19:00:00-07:00,TH_SP15_GEN-APND,77.5
2023-08-11 19:00:00-07:00,TH_ZP26_GEN-APND,77.68747
2023-08-11 20:00:00-07:00,TH_NP15_GEN-APND,70.1331
2023-08-11 20:00:00-07:00,TH_SP15_GEN-APND,70.43696
2023-08-11 20:00:00-07:00,TH_ZP26_GEN-APND,70.43908
2023-08-11 21:00:00-07:00,TH_NP15_GEN-APND,69.90818
2023-08-11 21:00:00-07:00,TH_SP15_GEN-APND,70.05689
2023-08-11 21:00:00-07:00,TH_ZP26_GEN-APND,70.05689
2023-08-11 22:00:00-07:00,TH_NP15_GEN-APND,58.63988
2023-08-11 22:00:00-07:00,TH_SP15_GEN-APND,58.82843
2023-08-11 22:00:00-07:00,TH_ZP26_GEN-APND,58.8649
2023-08-11 23:00:00-07:00,TH_NP15_GEN-APND,55.03
2023-08-11 23:00:00-07:00,TH_SP15_GEN-APND,54.1788
2023-08-11 23:00:00-07:00,TH_ZP26_GEN-APND,53.94351
2023-08-12 00:00:00-07:00,TH_NP15_GEN-APND,50.45573
2023-08-12 00:00:00-07:00,TH_SP15_GEN-APND,49.17559
2023-08-12 00:00:00-07:00,TH_ZP26_GEN-APND,49.28761
2023-08-12 01:00:00-07:00,TH_NP15_GEN-APND,50.37383
2023-08-12 01:00:00-07:00,TH_SP15_GEN-APND,49.29
2023-08-12 01:00:00-07:00,TH_ZP26_GEN-APND,49.29509
2023-08-12 02:00:00-07:00,TH_NP15_GEN-APND,48.39191
2023-08-12 02:00:00-07:00,TH_SP15_GEN-APND,47.32
2023-08-12 02:00:00-07:00,TH_ZP26_GEN-APND,47.42741
2023-08-12 03:00:00-07:00,TH_NP15_GEN-APND,48.07568
2023-08-12 03:00:00-07:00,TH_SP15_GEN-APND,46.60315
2023-08-12 03:00:00-07:00,TH_ZP26_GEN-APND,46.94071
2023-08-12 04:00:00-07:00,TH_NP15_GEN-APND,49.64486
2023-08-12 04:00:00-07:00,TH_SP15_GEN-APND,47.93511
2023-08-12 04:00:00-07:00,TH_ZP26_GEN-APND,48.31744
2023-08-12 05:00:00-07:00,TH_NP15_GEN-APND,50.3276
2023-08-12 05:00:00-07:00,TH_SP15_GEN-APND,48.64
2023-08-12 05:00:00-07:00,TH_ZP26_GEN-APND,49.06848
2023-08-12 06:00:00-07:00,TH_NP15_GEN-APND,50.29358
2023-08-12 06:00:00-07:00,TH_SP15_GEN-APND,49.22049
2023-08-12 06:00:00-07:00,TH_ZP26_GEN-APND,49.3116
2023-08-12 07:00:00-07:00,TH_NP15_GEN-APND,42.53589
2023-08-12 07:00:00-07:00,TH_SP15_GEN-APND,40.0
2023-08-12 07:00:00-07:00,TH_ZP26_GEN-APND,40.25149
2023-08-12 08:00:00-07:00,TH_NP15_GEN-APND,36.65539
2023-08-12 08:00:00-07:00,TH_SP15_GEN-APND,28.4888
2023-08-12 08:00:00-07:00,TH_ZP26_GEN-APND,28.24507
2023-08-12 09:00:00-07:00,TH_NP15_GEN-APND,35.68
2023-08-12 09:00:00-07:00,TH_SP15_GEN-APND,29.75714
2023-08-12 09:00:00-07:00,TH_ZP26_GEN-APND,24.33
2023-08-12 10:00:00-07:00,TH_NP15_GEN-APND,34.71
2023-08-12 10:00:00-07:00,TH_SP15_GEN-APND,28.97
2023-08-12 10:00:00-07:00,TH_ZP26_GEN-APND,23.47489
2023-08-12 11:00:00-07:00,TH_NP15_GEN-APND,36.69421
2023-08-12 11:00:00-07:00,TH_SP15_GEN-APND,30.76625
2023-08-12 11:00:00-07:00,TH_ZP26_GEN-APND,25.26995
2023-08-12 12:00:00-07:00,TH_NP15_GEN-APND,35.84733
2023-08-12 12:00:00-07:00,TH_SP15_GEN-APND,33.09336
2023-08-12 12:00:00-07:00,TH_ZP26_GEN-APND,30.68859
2023-08-12 13:00:00-07:00,TH_NP15_GEN-APND,42.69069
2023-08-12 13:00:00-07:00,TH_SP15_GEN-APND,39.48
2023-08-12 13:00:00-07:00,TH_ZP26_GEN-APND,37.94308
2023-08-12 14:00:00-07:00,TH_NP15_GEN-APND,46.55308
2023-08-12 14:00:00-07:00,TH_SP15_GEN-APND,43.46115
2023-08-12 14:00:00-07:00,TH_ZP26_GEN-APND,40.58027
2023-08-12 15:00:00-07:00,TH_NP15_GEN-APND,51.39643
2023-08-12 15:00:00-07:00,TH_SP15_GEN-APND,48.22772
2023-08-12 15:00:00-07:00,TH_ZP26_GEN-APND,46.67873
2023-08-12 16:00:00-07:00,TH_NP15_GEN-APND,53.88047
2023-08-12 16:00:00-07:00,TH_SP15_GEN-APND,51.3901
2023-08-12 16:00:00-07:00,TH_ZP26_GEN-APND,50.68243
2023-08-12 17:00:00-07:00,TH_NP15_GEN-APND,61.41637
2023-08-12 17:00:00-07:00,TH_SP15_GEN-APND,61.18618
2023-08-12 17:00:00-07:00,TH_ZP26_GEN-APND,59.08417
2023-08-12 18:00:00-07:00,TH_NP15_GEN-APND,70.97581
2023-08-12 18:00:00-07:00,TH_SP15_GEN-APND,72.29
2023-08-12 18:00:00-07:00,TH_ZP26_GEN-APND,69.88765
2023-08-12 19:00:00-07:00,TH_NP15_GEN-APND,84.78277
2023-08-12 19:00:00-07:00,TH_SP15_GEN-APND,86.59097
2023-08-12 19:00:00-07:00,TH_ZP26_GEN-APND,84.6681
2023-08-12 20:00:00-07:00,TH_NP15_GEN-APND,71.68372
2023-08-12 20:00:00-07:00,TH_SP15_GEN-APND,72.88068
2023-08-12 20:00:00-07:00,TH_ZP26_GEN-APND,71.43839
2023-08-12 21:00:00-07:00,TH_NP15_GEN-APND,67.31792
2023-08-12 21:00:00-07:00,TH_SP15_GEN-APND,68.65226
2023-08-12 21:00:00-07:00,TH_ZP26_GEN-APND,67.12929
2023-08-12 22:00:00-07:00,TH_NP15_GEN-APND,55.78609
2023-08-12 22:00:00-07:00,TH_SP15_GEN-APND,55.75305
2023-08-12 22:00:00-07:00,TH_ZP26_GEN-APND,54.94429
2023-08-12 23:00:00-07:00,TH_NP15_GEN-APND,53.01767
2023-08-12 23:00:00-07:00,TH_SP15_GEN-APND,52.37065
2023-08-12 23:00:00-07:00,TH_ZP26_GEN-APND,51.88
2023-08-13 00:00:00-07:00,TH_NP15_GEN-APND,51.46688
2023-08-13 00:00:00-07:00,TH_SP15_GEN-APND,51.9283
2023-08-13 00:00:00-07:00,TH_ZP26_GEN-APND,51.04789
2023-08-13 01:00:00-07:00,TH_NP15_GEN-APND,50.0
2023-08-13 01:00:00-07:00,TH_SP15_GEN-APND,50.23091
2023-08-13 01:00:00-07:00,TH_ZP26_GEN-APND,49.60489
2023-08-13 02:00:00-07:00,TH_NP15_GEN-APND,49.88337
2023-08-13 02:00:00-07:00,TH_SP15_GEN-APND,49.71033
2023-08-13 02:00:00-07:00,TH_ZP26_GEN-APND,49.36423
2023-08-13 03:00:00-07:00,TH_NP15_GEN-APND,49.59025
2023-08-13 03:00:00-07:00,TH_SP15_GEN-APND,49.44355
2023-08-13 03:00:00-07:00,TH_ZP26_GEN-APND,49.07932
2023-08-13 04:00:00-07:00,TH_NP15_GEN-APND,49.60549
2023-08-13 04:00:00-07:00,TH_SP15_GEN-APND,49.15683
2023-08-13 04:00:00-07:00,TH_ZP26_GEN-APND,48.9703
2023-08-13 05:00:00-07:00,TH_NP15_GEN-APND,49.70512
2023-08-13 05:00:00-07:00,TH_SP15_GEN-APND,49.2907
2023-08-13 05:00:00-07:00,TH_ZP26_GEN-APND,49.07844
2023-08-13 06:00:00-07:00,TH_NP15_GEN-APND,49.27835
2023-08-13 06:00:00-07:00,TH_SP15_GEN-APND,49.25824
2023-08-13 06:00:00-07:00,TH_ZP26_GEN-APND,48.65998
2023-08-13 07:00:00-07:00,TH_NP15_GEN-APND,45.34651
2023-08-13 07:00:00-07:00,TH_SP15_GEN-APND,42.25777
2023-08-13 07:00:00-07:00,TH_ZP26_GEN-APND,41.60333
2023-08-13 08:00:00-07:00,TH_NP15_GEN-APND,40.0
2023-08-13 08:00:00-07:00,TH_SP15_GEN-APND,29.44454
2023-08-13 08:00:00-07:00,TH_ZP26_GEN-APND,28.27694
2023-08-13 09:00:00-07:00,TH_NP15_GEN-APND,42.74693
2023-08-13 09:00:00-07:00,TH_SP15_GEN-APND,25.4
2023-08-13 09:00:00-07:00,TH_ZP26_GEN-APND,23.22455
2023-08-13 10:00:00-07:00,TH_NP15_GEN-APND,42.34915
2023-08-13 10:00:00-07:00,TH_SP15_GEN-APND,25.85448
2023-08-13 10:00:00-07:00,TH_ZP26_GEN-APND,24.09341
2023-08-13 11:00:00-07:00,TH_NP15_GEN-APND,45.15988
2023-08-13 11:00:00-07:00,TH_SP15_GEN-APND,28.134
2023-08-13 11:00:00-07:00,TH_ZP26_GEN-APND,26.08
2023-08-13 12:00:00-07:00,TH_NP15_GEN-APND,46.14349
2023-08-13 12:00:00-07:00,TH_SP15_GEN-APND,34.13
2023-08-13 12:00:00-07:00,TH_ZP26_GEN-APND,32.58996
2023-08-13 13:00:00-07:00,TH_NP15_GEN-APND,52.25098
2023-08-13 13:00:00-07:00,TH_SP15_GEN-APND,43.12718
2023-08-13 13:00:00-07:00,TH_ZP26_GEN-APND,41.70264
2023-08-13 14:00:00-07:00,TH_NP15_GEN-APND,58.53169
2023-08-13 14:00:00-07:00,TH_SP15_GEN-APND,49.42341
2023-08-13 14:00:00-07:00,TH_ZP26_GEN-APND,48.65309
2023-08-13 15:00:00-07:00,TH_NP15_GEN-APND,61.31553
2023-08-13 15:00:00-07:00,TH_SP15_GEN-APND,52.79425
2023-08-13 15:00:00-07:00,TH_ZP26_GEN-APND,50.92204
2023-08-13 16:00:00-07:00,TH_NP15_GEN-APND,66.30823
2023-08-13 16:00:00-07:00,TH_SP15_GEN-APND,62.35848
2023-08-13 16:00:00-07:00,TH_ZP26_GEN-APND,60.30873
2023-08-13 17:00:00-07:00,TH_NP15_GEN-APND,78.52488
2023-08-13 17:00:00-07:00,TH_SP15_GEN-APND,77.01524
2023-08-13 17:00:00-07:00,TH_ZP26_GEN-APND,74.90655
2023-08-13 18:00:00-07:00,TH_NP15_GEN-APND,92.40269
2023-08-13 18:00:00-07:00,TH_SP15_GEN-APND,95.07402
2023-08-13 18:00:00-07:00,TH_ZP26_GEN-APND,92.01555
2023-08-13 19:00:00-07:00,TH_NP15_GEN-APND,118.46934
2023-08-13 19:00:00-07:00,TH_SP15_GEN-APND,123.8509
2023-08-13 19:00:00-07:00,TH_ZP26_GEN-APND,119.88357
2023-08-13 20:00:00-07:00,TH_NP15_GEN-APND,88.54653
2023-08-13 20:00:00-07:00,TH_SP15_GEN-APND,91.3278
2023-08-13 20:00:00-07:00,TH_ZP26_GEN-APND,89.08424
2023-08-13 21:00:00-07:00,TH_NP15_GEN-APND,75.59292
2023-08-13 21:00:00-07:00,TH_SP15_GEN-APND,77.87901
2023-08-13 21:00:00-07:00,TH_ZP26_GEN-APND,75.83351
2023-08-13 22:00:00-07:00,TH_NP15_GEN-APND,69.03116
2023-08-13 22:00:00-07:00,TH_SP15_GEN-APND,70.13257
2023-08-13 22:00:00-07:00,TH_ZP26_GEN-APND,68.75223
2023-08-13 23:00:00-07:00,TH_NP15_GEN-APND,57.64
2023-08-13 23:00:00-07:00,TH_SP15_GEN-APND,57.91278
2023-08-13 23:00:00-07:00,TH_ZP26_GEN-APND,57.01735
2023-08-14 00:00:00-07:00,TH_NP15_GEN-APND,54.91892
2023-08-14 00:00:00-07:00,TH_SP15_GEN-APND,55.97144
2023-08-14 00:00:00-07:00,TH_ZP26_GEN-APND,54.92461
2023-08-14 01:00:00-07:00,TH_NP15_GEN-APND,53.26143
2023-08-14 01:00:00-07:00,TH_SP15_GEN-APND,54.03644
2023-08-14 01:00:00-07:00,TH_ZP26_GEN-APND,53.22296
2023-08-14 02:00:00-07:00,TH_NP15_GEN-APND,52.53527
2023-08-14 02:00:00-07:00,TH_SP15_GEN-APND,53.14671
2023-08-14 02:00:00-07:00,TH_ZP26_GEN-APND,52.41623
2023-08-14 03:00:00-07:00,TH_NP15_GEN-APND,52.53096
2023-08-14 03:00:00-07:00,TH_SP15_GEN-APND,53.05513
2023-08-14 03:00:00-07:00,TH_ZP26_GEN-APND,52.34723
2023-08-14 04:00:00-07:00,TH_NP15_GEN-APND,52.65159
2023-08-14 04:00:00-07:00,TH_SP15_GEN-APND,53.36251
2023-08-14 04:00:00-07:00,TH_ZP26_GEN-APND,52.46165
2023-08-14 05:00:00-07:00,TH_NP15_GEN-APND,55.25
2023-08-14 05:00:00-07:00,TH_SP15_GEN-APND,56.38351
2023-08-14 05:00:00-07:00,TH_ZP26_GEN-APND,55.18703
2023-08-14 06:00:00-07:00,TH_NP15_GEN-APND,67.64566
2023-08-14 06:00:00-07:00,TH_SP15_GEN-APND,69.52373
2023-08-14 06:00:00-07:00,TH_ZP26_GEN-APND,67.73007
2023-08-14 07:00:00-07:00,TH_NP15_GEN-APND,54.24918
2023-08-14 07:00:00-07:00,TH_SP15_GEN-APND,53.59677
2023-08-14 07:00:00-07:00,TH_ZP26_GEN-APND,52.85591
2023-08-14 08:00:00-07:00,TH_NP15_GEN-APND,51.43281
2023-08-14 08:00:00-07:00,TH_SP15_GEN-APND,47.20594
2023-08-14 08:00:00-07:00,TH_ZP26_GEN-APND,45.89664
2023-08-14 09:00:00-07:00,TH_NP15_GEN-APND,49.46537
2023-08-14 09:00:00-07:00,TH_SP15_GEN-APND,44.03371
2023-08-14 09:00:00-07:00,TH_ZP26_GEN-APND,42.91516
2023-08-14 10:00:00-07:00,TH_NP15_GEN-APND,52.54383
2023-08-14 10:00:00-07:00,TH_SP15_GEN-APND,43.47
2023-08-14 10:00:00-07:00,TH_ZP26_GEN-APND,42.4486
2023-08-14 11:00:00-07:00,TH_NP15_GEN-APND,54.0754
2023-08-14 11:00:00-07:00,TH_SP15_GEN-APND,46.33005
2023-08-14 11:00:00-07:00,TH_ZP26_GEN-APND,45.48805
2023-08-14 12:00:00-07:00,TH_NP15_GEN-APND,59.9991
2023-08-14 12:00:00-07:00,TH_SP15_GEN-APND,50.67826
2023-08-14 12:00:00-07:00,TH_ZP26_GEN-APND,49.7383
2023-08-14 13:00:00-07:00,TH_NP15_GEN-APND,69.71196
2023-08-14 13:00:00-07:00,TH_SP15_GEN-APND,63.80077
2023-08-14 13:00:00-07:00,TH_ZP26_GEN-APND,63.24361
2023-08-14 14:00:00-07:00,TH_NP15_GEN-APND,77.67487
2023-08-14 14:00:00-07:00,TH_SP15_GEN-APND,77.02
2023-08-14 14:00:00-07:00,TH_ZP26_GEN-APND,77.7097
2023-08-14 15:00:00-07:00,TH_NP15_GEN-APND,95.7638
2023-08-14 15:00:00-07:00,TH_SP15_GEN-APND,89.63
2023-08-14 15:00:00-07:00,TH_ZP26_GEN-APND,87.1239
2023-08-14 16:00:00-07:00,TH_NP15_GEN-APND,110.35629
2023-08-14 16:00:00-07:00,TH_SP15_GEN-APND,110.36
2023-08-14 16:00:00-07:00,TH_ZP26_GEN-APND,110.36
2023-08-14 17:00:00-07:00,TH_NP15_GEN-APND,147.80582
2023-08-14 17:00:00-07:00,TH_SP15_GEN-APND,147.80577
2023-08-14 17:00:00-07:00,TH_ZP26_GEN-APND,147.82
2023-08-14 18:00:00-07:00,TH_NP15_GEN-APND,250.0
2023-08-14 18:00:00-07:00,TH_SP15_GEN-APND,252.12413
2023-08-14 18:00:00-07:00,TH_ZP26_GEN-APND,244.06796
2023-08-14 19:00:00-07:00,TH_NP15_GEN-APND,343.03998
2023-08-14 19:00:00-07:00,TH_SP15_GEN-APND,350.0
2023-08-14 19:00:00-07:00,TH_ZP26_GEN-APND,339.6135
2023-08-14 20:00:00-07:00,TH_NP15_GEN-APND,192.54378
2023-08-14 20:00:00-07:00,TH_SP15_GEN-APND,195.47835
2023-08-14 20:00:00-07:00,TH_ZP26_GEN-APND,190.56743
2023-08-14 21:00:00-07:00,TH_NP15_GEN-APND,133.41733
2023-08-14 21:00:00-07:00,TH_SP15_GEN-APND,136.45648
2023-08-14 21:00:00-07:00,TH_ZP26_GEN-APND,132.73734
2023-08-14 22:00:00-07:00,TH_NP15_GEN-APND,80.18487
2023-08-14 22:00:00-07:00,TH_SP15_GEN-APND,81.10463
2023-08-14 22:00:00-07:00,TH_ZP26_GEN-APND,79.50541
2023-08-14 23:00:00-07:00,TH_NP15_GEN-APND,73.66369
2023-08-14 23:00:00-07:00,TH_SP15_GEN-APND,74.89065
2023-08-14 23:00:00-07:00,TH_ZP26_GEN-APND,73.21406
2023-08-15 00:00:00-07:00,TH_NP15_GEN-APND,80.19617
2023-08-15 00:00:00-07:00,TH_SP15_GEN-APND,80.22979
2023-08-15 00:00:00-07:00,TH_ZP26_GEN-APND,80.1955
2023-08-15 01:00:00-07:00,TH_NP15_GEN-APND,71.75936
2023-08-15 01:00:00-07:00,TH_SP15_GEN-APND,73.08136
2023-08-15 01:00:00-07:00,TH_ZP26_GEN-APND,71.41772
2023-08-15 02:00:00-07:00,TH_NP15_GEN-APND,66.74611
2023-08-15 02:00:00-07:00,TH_SP15_GEN-APND,67.69599
2023-08-15 02:00:00-07:00,TH_ZP26_GEN-APND,66.36754
2023-08-15 03:00:00-07:00,TH_NP15_GEN-APND,66.03651
2023-08-15 03:00:00-07:00,TH_SP15_GEN-APND,66.99642
2023-08-15 03:00:00-07:00,TH_ZP26_GEN-APND,65.73016
2023-08-15 04:00:00-07:00,TH_NP15_GEN-APND,66.37355
2023-08-15 04:00:00-07:00,TH_SP15_GEN-APND,67.48377
2023-08-15 04:00:00-07:00,TH_ZP26_GEN-APND,66.13369
2023-08-15 05:00:00-07:00,TH_NP15_GEN-APND,68.81182
2023-08-15 05:00:00-07:00,TH_SP15_GEN-APND,69.96295
2023-08-15 05:00:00-07:00,TH_ZP26_GEN-APND,68.44943
2023-08-15 06:00:00-07:00,TH_NP15_GEN-APND,85.9037
2023-08-15 06:00:00-07:00,TH_SP15_GEN-APND,87.98935
2023-08-15 06:00:00-07:00,TH_ZP26_GEN-APND,85.71653
2023-08-15 07:00:00-07:00,TH_NP15_GEN-APND,69.6554
2023-08-15 07:00:00-07:00,TH_SP15_GEN-APND,69.79129
2023-08-15 07:00:00-07:00,TH_ZP26_GEN-APND,68.039
2023-08-15 08:00:00-07:00,TH_NP15_GEN-APND,64.06307
2023-08-15 08:00:00-07:00,TH_SP15_GEN-APND,63.12183
2023-08-15 08:00:00-07:00,TH_ZP26_GEN-APND,61.54657
2023-08-15 09:00:00-07:00,TH_NP15_GEN-APND,63.02771
2023-08-15 09:00:00-07:00,TH_SP15_GEN-APND,61.90187
2023-08-15 09:00:00-07:00,TH_ZP26_GEN-APND,60.02976
2023-08-15 10:00:00-07:00,TH_NP15_GEN-APND,64.2647
2023-08-15 10:00:00-07:00,TH_SP15_GEN-APND,62.76331
2023-08-15 10:00:00-07:00,TH_ZP26_GEN-APND,60.89477
2023-08-15 11:00:00-07:00,TH_NP15_GEN-APND,69.19446
2023-08-15 11:00:00-07:00,TH_SP15_GEN-APND,67.42079
2023-08-15 11:00:00-07:00,TH_ZP26_GEN-APND,65.1454
2023-08-15 12:00:00-07:00,TH_NP15_GEN-APND,83.77
2023-08-15 12:00:00-07:00,TH_SP15_GEN-APND,82.66287
2023-08-15 12:00:00-07:00,TH_ZP26_GEN-APND,79.35013
2023-08-15 13:00:00-07:00,TH_NP15_GEN-APND,98.89533
2023-08-15 13:00:00-07:00,TH_SP15_GEN-APND,97.11224
2023-08-15 13:00:00-07:00,TH_ZP26_GEN-APND,93.63776
2023-08-15 14:00:00-07:00,TH_NP15_GEN-APND,123.41848
2023-08-15 14:00:00-07:00,TH_SP15_GEN-APND,121.13083
2023-08-15 14:00:00-07:00,TH_ZP26_GEN-APND,116.31407
2023-08-15 15:00:00-07:00,TH_NP15_GEN-APND,147.00362
2023-08-15 15:00:00-07:00,TH_SP15_GEN-APND,143.95016
2023-08-15 15:00:00-07:00,TH_ZP26_GEN-APND,138.327
2023-08-15 16:00:00-07:00,TH_NP15_GEN-APND,219.95409
2023-08-15 16:00:00-07:00,TH_SP15_GEN-APND,219.89635
2023-08-15 16:00:00-07:00,TH_ZP26_GEN-APND,219.89635
2023-08-15 17:00:00-07:00,TH_NP15_GEN-APND,378.3854
2023-08-15 17:00:00-07:00,TH_SP15_GEN-APND,378.15
2023-08-15 17:00:00-07:00,TH_ZP26_GEN-APND,362.69128
2023-08-15 18:00:00-07:00,TH_NP15_GEN-APND,681.6099
2023-08-15 18:00:00-07:00,TH_SP15_GEN-APND,704.35657
2023-08-15 18:00:00-07:00,TH_ZP26_GEN-APND,674.4343
2023-08-15 19:00:00-07:00,TH_NP15_GEN-APND,899.60114
2023-08-15 19:00:00-07:00,TH_SP15_GEN-APND,933.6109
2023-08-15 19:00:00-07:00,TH_ZP26_GEN-APND,897.6117
2023-08-15 20:00:00-07:00,TH_NP15_GEN-APND,445.0
2023-08-15 20:00:00-07:00,TH_SP15_GEN-APND,457.8621
2023-08-15 20:00:00-07:00,TH_ZP26_GEN-APND,443.04272
2023-08-15 21:00:00-07:00,TH_NP15_GEN-APND,194.96127
2023-08-15 21:00:00-07:00,TH_SP15_GEN-APND,204.93205
2023-08-15 21:00:00-07:00,TH_ZP26_GEN-APND,196.0281
2023-08-15 22:00:00-07:00,TH_NP15_GEN-APND,101.55336
2023-08-15 22:00:00-07:00,TH_SP15_GEN-APND,106.34624
2023-08-15 22:00:00-07:00,TH_ZP26_GEN-APND,102.38083
2023-08-15 23:00:00-07:00,TH_NP15_GEN-APND,87.46897
2023-08-15 23:00:00-07:00,TH_SP15_GEN-APND,91.8968
2023-08-15 23:00:00-07:00,TH_ZP26_GEN-APND,88.17407
2023-08-16 00:00:00-07:00,TH_NP15_GEN-APND,75.47625
2023-08-16 00:00:00-07:00,TH_SP15_GEN-APND,77.99824
2023-08-16 00:00:00-07:00,TH_ZP26_GEN-APND,75.84743
2023-08-16 01:00:00-07:00,TH_NP15_GEN-APND,71.05441
2023-08-16 01:00:00-07:00,TH_SP15_GEN-APND,72.8674
2023-08-16 01:00:00-07:00,TH_ZP26_GEN-APND,71.03221
2023-08-16 02:00:00-07:00,TH_NP15_GEN-APND,66.31583
2023-08-16 02:00:00-07:00,TH_SP15_GEN-APND,67.65673
2023-08-16 02:00:00-07:00,TH_ZP26_GEN-APND,66.20581
2023-08-16 03:00:00-07:00,TH_NP15_GEN-APND,66.16115
2023-08-16 03:00:00-07:00,TH_SP15_GEN-APND,67.45682
2023-08-16 03:00:00-07:00,TH_ZP26_GEN-APND,66.07203
2023-08-16 04:00:00-07:00,TH_NP15_GEN-APND,65.79799
2023-08-16 04:00:00-07:00,TH_SP15_GEN-APND,67.25925
2023-08-16 04:00:00-07:00,TH_ZP26_GEN-APND,65.74336
2023-08-16 05:00:00-07:00,TH_NP15_GEN-APND,72.27964
2023-08-16 05:00:00-07:00,TH_SP15_GEN-APND,73.68
2023-08-16 05:00:00-07:00,TH_ZP26_GEN-APND,72.02503
2023-08-16 06:00:00-07:00,TH_NP15_GEN-APND,88.69711
2023-08-16 06:00:00-07:00,TH_SP15_GEN-APND,88.77
2023-08-16 06:00:00-07:00,TH_ZP26_GEN-APND,88.77
2023-08-16 07:00:00-07:00,TH_NP15_GEN-APND,72.83235
2023-08-16 07:00:00-07:00,TH_SP15_GEN-APND,73.27268
2023-08-16 07:00:00-07:00,TH_ZP26_GEN-APND,73.27268
2023-08-16 08:00:00-07:00,TH_NP15_GEN-APND,66.19081
2023-08-16 08:00:00-07:00,TH_SP15_GEN-APND,66.58073
2023-08-16 08:00:00-07:00,TH_ZP26_GEN-APND,64.00178
2023-08-16 09:00:00-07:00,TH_NP15_GEN-APND,66.06025
2023-08-16 09:00:00-07:00,TH_SP15_GEN-APND,66.60156
2023-08-16 09:00:00-07:00,TH_ZP26_GEN-APND,63.58667
2023-08-16 10:00:00-07:00,TH_NP15_GEN-APND,67.59462
2023-08-16 10:00:00-07:00,TH_SP15_GEN-APND,67.6
2023-08-16 10:00:00-07:00,TH_ZP26_GEN-APND,67.51305
2023-08-16 11:00:00-07:00,TH_NP15_GEN-APND,75.94846
2023-08-16 11:00:00-07:00,TH_SP15_GEN-APND,75.99
2023-08-16 11:00:00-07:00,TH_ZP26_GEN-APND,75.88093
2023-08-16 12:00:00-07:00,TH_NP15_GEN-APND,84.76581
2023-08-16 12:00:00-07:00,TH_SP15_GEN-APND,86.89
2023-08-16 12:00:00-07:00,TH_ZP26_GEN-APND,81.93665
2023-08-16 13:00:00-07:00,TH_NP15_GEN-APND,100.0
2023-08-16 13:00:00-07:00,TH_SP15_GEN-APND,107.40709
2023-08-16 13:00:00-07:00,TH_ZP26_GEN-APND,102.06089
2023-08-16 14:00:00-07:00,TH_NP15_GEN-APND,127.29979
2023-08-16 14:00:00-07:00,TH_SP15_GEN-APND,133.01918
2023-08-16 14:00:00-07:00,TH_ZP26_GEN-APND,125.84072
2023-08-16 15:00:00-07:00,TH_NP15_GEN-APND,210.5832
2023-08-16 15:00:00-07:00,TH_SP15_GEN-APND,234.30263
2023-08-16 15:00:00-07:00,TH_ZP26_GEN-APND,212.38126
2023-08-16 16:00:00-07:00,TH_NP15_GEN-APND,321.45642
2023-08-16 16:00:00-07:00,TH_SP15_GEN-APND,335.3685
2023-08-16 16:00:00-07:00,TH_ZP26_GEN-APND,312.15314
2023-08-16 17:00:00-07:00,TH_NP15_GEN-APND,624.5312
2023-08-16 17:00:00-07:00,TH_SP15_GEN-APND,712.5
2023-08-16 17:00:00-07:00,TH_ZP26_GEN-APND,601.2434
2023-08-16 18:00:00-07:00,TH_NP15_GEN-APND,1000.0
2023-08-16 18:00:00-07:00,TH_SP15_GEN-APND,1207.9862
2023-08-16 18:00:00-07:00,TH_ZP26_GEN-APND,971.9314
2023-08-16 19:00:00-07:00,TH_NP15_GEN-APND,1090.9045
2023-08-16 19:00:00-07:00,TH_SP15_GEN-APND,1247.6335
2023-08-16 19:00:00-07:00,TH_ZP26_GEN-APND,1092.8085
2023-08-16 20:00:00-07:00,TH_NP15_GEN-APND,624.32184
2023-08-16 20:00:00-07:00,TH_SP15_GEN-APND,666.3592
2023-08-16 20:00:00-07:00,TH_ZP26_GEN-APND,625.59705
2023-08-16 21:00:00-07:00,TH_NP15_GEN-APND,254.09828
2023-08-16 21:00:00-07:00,TH_SP15_GEN-APND,309.5466
2023-08-16 21:00:00-07:00,TH_ZP26_GEN-APND,256.37482
2023-08-16 22:00:00-07:00,TH_NP15_GEN-APND,103.10348
2023-08-16 22:00:00-07:00,TH_SP15_GEN-APND,107.27202
2023-08-16 22:00:00-07:00,TH_ZP26_GEN-APND,103.42999
2023-08-16 23:00:00-07:00,TH_NP15_GEN-APND,94.26899
2023-08-16 23:00:00-07:00,TH_SP15_GEN-APND,98.67007
2023-08-16 23:00:00-07:00,TH_ZP26_GEN-APND,95.42664
2023-08-17 00:00:00-07:00,TH_NP15_GEN-APND,69.1176
2023-08-17 00:00:00-07:00,TH_SP15_GEN-APND,72.46961
2023-08-17 00:00:00-07:00,TH_ZP26_GEN-APND,69.99228
2023-08-17 01:00:00-07:00,TH_NP15_GEN-APND,68.12332
2023-08-17 01:00:00-07:00,TH_SP15_GEN-APND,70.71165
2023-08-17 01:00:00-07:00,TH_ZP26_GEN-APND,68.64018
2023-08-17 02:00:00-07:00,TH_NP15_GEN-APND,61.83754
2023-08-17 02:00:00-07:00,TH_SP15_GEN-APND,64.79133
2023-08-17 02:00:00-07:00,TH_ZP26_GEN-APND,62.67358
2023-08-17 03:00:00-07:00,TH_NP15_GEN-APND,61.16526
2023-08-17 03:00:00-07:00,TH_SP15_GEN-APND,64.33096
2023-08-17 03:00:00-07:00,TH_ZP26_GEN-APND,62.06704
2023-08-17 04:00:00-07:00,TH_NP15_GEN-APND,61.21669
2023-08-17 04:00:00-07:00,TH_SP15_GEN-APND,64.36404
2023-08-17 04:00:00-07:00,TH_ZP26_GEN-APND,62.13708
2023-08-17 05:00:00-07:00,TH_NP15_GEN-APND,70.97382
2023-08-17 05:00:00-07:00,TH_SP15_GEN-APND,73.9662
2023-08-17 05:00:00-07:00,TH_ZP26_GEN-APND,71.6295
2023-08-17 06:00:00-07:00,TH_NP15_GEN-APND,72.54533
2023-08-17 06:00:00-07:00,TH_SP15_GEN-APND,78.0
2023-08-17 06:00:00-07:00,TH_ZP26_GEN-APND,73.47355
2023-08-17 07:00:00-07:00,TH_NP15_GEN-APND,59.61283
2023-08-17 07:00:00-07:00,TH_SP15_GEN-APND,63.5383
2023-08-17 07:00:00-07:00,TH_ZP26_GEN-APND,59.66287
2023-08-17 08:00:00-07:00,TH_NP15_GEN-APND,51.43679
2023-08-17 08:00:00-07:00,TH_SP15_GEN-APND,52.26547
2023-08-17 08:00:00-07:00,TH_ZP26_GEN-APND,50.25155
2023-08-17 09:00:00-07:00,TH_NP15_GEN-APND,50.88095
2023-08-17 09:00:00-07:00,TH_SP15_GEN-APND,51.38712
2023-08-17 09:00:00-07:00,TH_ZP26_GEN-APND,49.2709
2023-08-17 10:00:00-07:00,TH_NP15_GEN-APND,54.8852
2023-08-17 10:00:00-07:00,TH_SP15_GEN-APND,55.40342
2023-08-17 10:00:00-07:00,TH_ZP26_GEN-APND,52.72482
2023-08-17 11:00:00-07:00,TH_NP15_GEN-APND,60.08
2023-08-17 11:00:00-07:00,TH_SP15_GEN-APND,61.18983
2023-08-17 11:00:00-07:00,TH_ZP26_GEN-APND,57.72685
2023-08-17 12:00:00-07:00,TH_NP15_GEN-APND,61.64083
2023-08-17 12:00:00-07:00,TH_SP15_GEN-APND,63.14341
2023-08-17 12:00:00-07:00,TH_ZP26_GEN-APND,59.35807
2023-08-17 13:00:00-07:00,TH_NP15_GEN-APND,69.28422
2023-08-17 13:00:00-07:00,TH_SP15_GEN-APND,69.02823
2023-08-17 13:00:00-07:00,TH_ZP26_GEN-APND,69.29557
2023-08-17 14:00:00-07:00,TH_NP15_GEN-APND,77.75513
2023-08-17 14:00:00-07:00,TH_SP15_GEN-APND,84.52856
2023-08-17 14:00:00-07:00,TH_ZP26_GEN-APND,77.01832
2023-08-17 15:00:00-07:00,TH_NP15_GEN-APND,83.64935
2023-08-17 15:00:00-07:00,TH_SP15_GEN-APND,94.55885
2023-08-17 15:00:00-07:00,TH_ZP26_GEN-APND,82.47591
2023-08-17 16:00:00-07:00,TH_NP15_GEN-APND,88.64266
2023-08-17 16:00:00-07:00,TH_SP15_GEN-APND,111.08
2023-08-17 16:00:00-07:00,TH_ZP26_GEN-APND,85.97677
2023-08-17 17:00:00-07:00,TH_NP15_GEN-APND,120.0926
2023-08-17 17:00:00-07:00,TH_SP15_GEN-APND,122.25
2023-08-17 17:00:00-07:00,TH_ZP26_GEN-APND,119.46207
2023-08-17 18:00:00-07:00,TH_NP15_GEN-APND,182.40236
2023-08-17 18:00:00-07:00,TH_SP15_GEN-APND,219.80315
2023-08-17 18:00:00-07:00,TH_ZP26_GEN-APND,177.18173
2023-08-17 19:00:00-07:00,TH_NP15_GEN-APND,189.35216
2023-08-17 19:00:00-07:00,TH_SP15_GEN-APND,334.91
2023-08-17 19:00:00-07:00,TH_ZP26_GEN-APND,193.42
2023-08-17 20:00:00-07:00,TH_NP15_GEN-APND,119.38197
2023-08-17 20:00:00-07:00,TH_SP15_GEN-APND,149.0
2023-08-17 20:00:00-07:00,TH_ZP26_GEN-APND,120.1177
2023-08-17 21:00:00-07:00,TH_NP15_GEN-APND,89.77398
2023-08-17 21:00:00-07:00,TH_SP15_GEN-APND,115.45108
2023-08-17 21:00:00-07:00,TH_ZP26_GEN-APND,90.59391
2023-08-17 22:00:00-07:00,TH_NP15_GEN-APND,80.11598
2023-08-17 22:00:00-07:00,TH_SP15_GEN-APND,83.50104
2023-08-17 22:00:00-07:00,TH_ZP26_GEN-APND,80.50526
2023-08-17 23:00:00-07:00,TH_NP15_GEN-APND,71.36202
2023-08-17 23:00:00-07:00,TH_SP15_GEN-APND,73.27137
2023-08-17 23:00:00-07:00,TH_ZP26_GEN-APND,71.33219
2023-08-18 00:00:00-07:00,TH_NP15_GEN-APND,54.67124
2023-08-18 00:00:00-07:00,TH_SP15_GEN-APND,56.37507
2023-08-18 00:00:00-07:00,TH_ZP26_GEN-APND,54.87707
2023-08-18 01:00:00-07:00,TH_NP15_GEN-APND,52.21428
2023-08-18 01:00:00-07:00,TH_SP15_GEN-APND,53.28796
2023-08-18 01:00:00-07:00,TH_ZP26_GEN-APND,52.15463
2023-08-18 02:00:00-07:00,TH_NP15_GEN-APND,51.27011
2023-08-18 02:00:00-07:00,TH_SP15_GEN-APND,52.06562
2023-08-18 02:00:00-07:00,TH_ZP26_GEN-APND,51.11
2023-08-18 03:00:00-07:00,TH_NP15_GEN-APND,48.70705
2023-08-18 03:00:00-07:00,TH_SP15_GEN-APND,49.45
2023-08-18 03:00:00-07:00,TH_ZP26_GEN-APND,48.54266
2023-08-18 04:00:00-07:00,TH_NP15_GEN-APND,48.91918
2023-08-18 04:00:00-07:00,TH_SP15_GEN-APND,49.40278
2023-08-18 04:00:00-07:00,TH_ZP26_GEN-APND,48.48595
2023-08-18 05:00:00-07:00,TH_NP15_GEN-APND,55.73991
2023-08-18 05:00:00-07:00,TH_SP15_GEN-APND,56.03771
2023-08-18 05:00:00-07:00,TH_ZP26_GEN-APND,55.12713
2023-08-18 06:00:00-07:00,TH_NP15_GEN-APND,54.99514
2023-08-18 06:00:00-07:00,TH_SP15_GEN-APND,55.84218
2023-08-18 06:00:00-07:00,TH_ZP26_GEN-APND,54.65973
2023-08-18 07:00:00-07:00,TH_NP15_GEN-APND,48.49079
2023-08-18 07:00:00-07:00,TH_SP15_GEN-APND,48.25776
2023-08-18 07:00:00-07:00,TH_ZP26_GEN-APND,47.10251
2023-08-18 08:00:00-07:00,TH_NP15_GEN-APND,42.80752
2023-08-18 08:00:00-07:00,TH_SP15_GEN-APND,40.50826
2023-08-18 08:00:00-07:00,TH_ZP26_GEN-APND,38.8008
2023-08-18 09:00:00-07:00,TH_NP15_GEN-APND,37.73894
2023-08-18 09:00:00-07:00,TH_SP15_GEN-APND,35.8344
2023-08-18 09:00:00-07:00,TH_ZP26_GEN-APND,32.66391
2023-08-18 10:00:00-07:00,TH_NP15_GEN-APND,36.1257
2023-08-18 10:00:00-07:00,TH_SP15_GEN-APND,34.15023
2023-08-18 10:00:00-07:00,TH_ZP26_GEN-APND,30.41
2023-08-18 11:00:00-07:00,TH_NP15_GEN-APND,38.84576
2023-08-18 11:00:00-07:00,TH_SP15_GEN-APND,36.79095
2023-08-18 11:00:00-07:00,TH_ZP26_GEN-APND,33.21135
2023-08-18 12:00:00-07:00,TH_NP15_GEN-APND,41.89424
2023-08-18 12:00:00-07:00,TH_SP15_GEN-APND,40.13293
2023-08-18 12:00:00-07:00,TH_ZP26_GEN-APND,37.27759
2023-08-18 13:00:00-07:00,TH_NP15_GEN-APND,46.18978
2023-08-18 13:00:00-07:00,TH_SP15_GEN-APND,45.57878
2023-08-18 13:00:00-07:00,TH_ZP26_GEN-APND,42.55621
2023-08-18 14:00:00-07:00,TH_NP15_GEN-APND,50.50818
2023-08-18 14:00:00-07:00,TH_SP15_GEN-APND,50.52153
2023-08-18 14:00:00-07:00,TH_ZP26_GEN-APND,47.55836
2023-08-18 15:00:00-07:00,TH_NP15_GEN-APND,54.34786
2023-08-18 15:00:00-07:00,TH_SP15_GEN-APND,54.65514
2023-08-18 15:00:00-07:00,TH_ZP26_GEN-APND,51.56242
2023-08-18 16:00:00-07:00,TH_NP15_GEN-APND,57.99
2023-08-18 16:00:00-07:00,TH_SP15_GEN-APND,59.50603
2023-08-18 16:00:00-07:00,TH_ZP26_GEN-APND,55.95252
2023-08-18 17:00:00-07:00,TH_NP15_GEN-APND,66.0
2023-08-18 17:00:00-07:00,TH_SP15_GEN-APND,70.12409
2023-08-18 17:00:00-07:00,TH_ZP26_GEN-APND,65.55028
2023-08-18 18:00:00-07:00,TH_NP15_GEN-APND,76.5684
2023-08-18 18:00:00-07:00,TH_SP15_GEN-APND,93.57
2023-08-18 18:00:00-07:00,TH_ZP26_GEN-APND,76.47051
2023-08-18 19:00:00-07:00,TH_NP15_GEN-APND,90.11188
2023-08-18 19:00:00-07:00,TH_SP15_GEN-APND,115.47742
2023-08-18 19:00:00-07:00,TH_ZP26_GEN-APND,91.53
2023-08-18 20:00:00-07:00,TH_NP15_GEN-APND,72.52257
2023-08-18 20:00:00-07:00,TH_SP15_GEN-APND,90.57361
2023-08-18 20:00:00-07:00,TH_ZP26_GEN-APND,73.46263
2023-08-18 21:00:00-07:00,TH_NP15_GEN-APND,69.68854
2023-08-18 21:00:00-07:00,TH_SP15_GEN-APND,72.90343
2023-08-18 21:00:00-07:00,TH_ZP26_GEN-APND,70.42211
2023-08-18 22:00:00-07:00,TH_NP15_GEN-APND,61.25095
2023-08-18 22:00:00-07:00,TH_SP15_GEN-APND,63.21746
2023-08-18 22:00:00-07:00,TH_ZP26_GEN-APND,61.18669
2023-08-18 23:00:00-07:00,TH_NP15_GEN-APND,57.18311
2023-08-18 23:00:00-07:00,TH_SP15_GEN-APND,62.82509
2023-08-18 23:00:00-07:00,TH_ZP26_GEN-APND,57.47821
2023-08-19 00:00:00-07:00,TH_NP15_GEN-APND,51.3595
2023-08-19 00:00:00-07:00,TH_SP15_GEN-APND,51.57712
2023-08-19 00:00:00-07:00,TH_ZP26_GEN-APND,51.12524
2023-08-19 01:00:00-07:00,TH_NP15_GEN-APND,50.54692
2023-08-19 01:00:00-07:00,TH_SP15_GEN-APND,50.37388
2023-08-19 01:00:00-07:00,TH_ZP26_GEN-APND,50.10799
2023-08-19 02:00:00-07:00,TH_NP15_GEN-APND,48.27897
2023-08-19 02:00:00-07:00,TH_SP15_GEN-APND,47.86454
2023-08-19 02:00:00-07:00,TH_ZP26_GEN-APND,47.77711
2023-08-19 03:00:00-07:00,TH_NP15_GEN-APND,46.75563
2023-08-19 03:00:00-07:00,TH_SP15_GEN-APND,45.87851
2023-08-19 03:00:00-07:00,TH_ZP26_GEN-APND,46.12
2023-08-19 04:00:00-07:00,TH_NP15_GEN-APND,45.27423
2023-08-19 04:00:00-07:00,TH_SP15_GEN-APND,44.52992
2023-08-19 04:00:00-07:00,TH_ZP26_GEN-APND,44.64
2023-08-19 05:00:00-07:00,TH_NP15_GEN-APND,51.3156
2023-08-19 05:00:00-07:00,TH_SP15_GEN-APND,50.123
2023-08-19 05:00:00-07:00,TH_ZP26_GEN-APND,50.41776
2023-08-19 06:00:00-07:00,TH_NP15_GEN-APND,49.56
2023-08-19 06:00:00-07:00,TH_SP15_GEN-APND,48.81329
2023-08-19 06:00:00-07:00,TH_ZP26_GEN-APND,48.82717
2023-08-19 07:00:00-07:00,TH_NP15_GEN-APND,42.43454
2023-08-19 07:00:00-07:00,TH_SP15_GEN-APND,41.35425
2023-08-19 07:00:00-07:00,TH_ZP26_GEN-APND,40.98276
2023-08-19 08:00:00-07:00,TH_NP15_GEN-APND,38.17958
2023-08-19 08:00:00-07:00,TH_SP15_GEN-APND,37.22143
2023-08-19 08:00:00-07:00,TH_ZP26_GEN-APND,35.64
2023-08-19 09:00:00-07:00,TH_NP15_GEN-APND,37.62293
2023-08-19 09:00:00-07:00,TH_SP15_GEN-APND,36.82491
2023-08-19 09:00:00-07:00,TH_ZP26_GEN-APND,34.6506
2023-08-19 10:00:00-07:00,TH_NP15_GEN-APND,37.32061
2023-08-19 10:00:00-07:00,TH_SP15_GEN-APND,36.76007
2023-08-19 10:00:00-07:00,TH_ZP26_GEN-APND,34.19745
2023-08-19 11:00:00-07:00,TH_NP15_GEN-APND,37.07143
2023-08-19 11:00:00-07:00,TH_SP15_GEN-APND,36.68002
2023-08-19 11:00:00-07:00,TH_ZP26_GEN-APND,33.96408
2023-08-19 12:00:00-07:00,TH_NP15_GEN-APND,39.89454
2023-08-19 12:00:00-07:00,TH_SP15_GEN-APND,39.6131
2023-08-19 12:00:00-07:00,TH_ZP26_GEN-APND,37.27185
2023-08-19 13:00:00-07:00,TH_NP15_GEN-APND,42.86278
2023-08-19 13:00:00-07:00,TH_SP15_GEN-APND,42.59583
2023-08-19 13:00:00-07:00,TH_ZP26_GEN-APND,40.85207
2023-08-19 14:00:00-07:00,TH_NP15_GEN-APND,49.35323
2023-08-19 14:00:00-07:00,TH_SP15_GEN-APND,49.4015
2023-08-19 14:00:00-07:00,TH_ZP26_GEN-APND,47.41262
2023-08-19 15:00:00-07:00,TH_NP15_GEN-APND,53.19799
2023-08-19 15:00:00-07:00,TH_SP15_GEN-APND,54.16973
2023-08-19 15:00:00-07:00,TH_ZP26_GEN-APND,51.63345
2023-08-19 16:00:00-07:00,TH_NP15_GEN-APND,56.58864
2023-08-19 16:00:00-07:00,TH_SP15_GEN-APND,58.2652
2023-08-19 16:00:00-07:00,TH_ZP26_GEN-APND,55.42509
2023-08-19 17:00:00-07:00,TH_NP15_GEN-APND,63.90682
2023-08-19 17:00:00-07:00,TH_SP15_GEN-APND,63.97677
2023-08-19 17:00:00-07:00,TH_ZP26_GEN-APND,62.09394
2023-08-19 18:00:00-07:00,TH_NP15_GEN-APND,73.04313
2023-08-19 18:00:00-07:00,TH_SP15_GEN-APND,72.17871
2023-08-19 18:00:00-07:00,TH_ZP26_GEN-APND,71.23813
2023-08-19 19:00:00-07:00,TH_NP15_GEN-APND,73.95654
2023-08-19 19:00:00-07:00,TH_SP15_GEN-APND,73.52587
2023-08-19 19:00:00-07:00,TH_ZP26_GEN-APND,72.96495
2023-08-19 20:00:00-07:00,TH_NP15_GEN-APND,65.38957
2023-08-19 20:00:00-07:00,TH_SP15_GEN-APND,65.2233
2023-08-19 20:00:00-07:00,TH_ZP26_GEN-APND,64.73356
2023-08-19 21:00:00-07:00,TH_NP15_GEN-APND,61.93552
2023-08-19 21:00:00-07:00,TH_SP15_GEN-APND,62.80098
2023-08-19 21:00:00-07:00,TH_ZP26_GEN-APND,61.77545
2023-08-19 22:00:00-07:00,TH_NP15_GEN-APND,58.7508
2023-08-19 22:00:00-07:00,TH_SP15_GEN-APND,59.39124
2023-08-19 22:00:00-07:00,TH_ZP26_GEN-APND,58.45528
2023-08-19 23:00:00-07:00,TH_NP15_GEN-APND,50.79028
2023-08-19 23:00:00-07:00,TH_SP15_GEN-APND,51.16668
2023-08-19 23:00:00-07:00,TH_ZP26_GEN-APND,50.51271
2023-08-20 00:00:00-07:00,TH_NP15_GEN-APND,48.74611
2023-08-20 00:00:00-07:00,TH_SP15_GEN-APND,49.1142
2023-08-20 00:00:00-07:00,TH_ZP26_GEN-APND,48.51727
2023-08-20 01:00:00-07:00,TH_NP15_GEN-APND,47.36
2023-08-20 01:00:00-07:00,TH_SP15_GEN-APND,47.90653
2023-08-20 01:00:00-07:00,TH_ZP26_GEN-APND,47.31039
2023-08-20 02:00:00-07:00,TH_NP15_GEN-APND,44.72842
2023-08-20 02:00:00-07:00,TH_SP15_GEN-APND,44.96164
2023-08-20 02:00:00-07:00,TH_ZP26_GEN-APND,44.51634
2023-08-20 03:00:00-07:00,TH_NP15_GEN-APND,44.7011
2023-08-20 03:00:00-07:00,TH_SP15_GEN-APND,44.89423
2023-08-20 03:00:00-07:00,TH_ZP26_GEN-APND,44.46344
2023-08-20 04:00:00-07:00,TH_NP15_GEN-APND,44.61182
2023-08-20 04:00:00-07:00,TH_SP15_GEN-APND,44.57708
2023-08-20 04:00:00-07:00,TH_ZP26_GEN-APND,44.25598
2023-08-20 05:00:00-07:00,TH_NP15_GEN-APND,45.27459
2023-08-20 05:00:00-07:00,TH_SP15_GEN-APND,44.90797
2023-08-20 05:00:00-07:00,TH_ZP26_GEN-APND,44.7875
2023-08-20 06:00:00-07:00,TH_NP15_GEN-APND,47.24814
2023-08-20 06:00:00-07:00,TH_SP15_GEN-APND,47.09
2023-08-20 06:00:00-07:00,TH_ZP26_GEN-APND,46.68048
2023-08-20 07:00:00-07:00,TH_NP15_GEN-APND,44.94987
2023-08-20 07:00:00-07:00,TH_SP15_GEN-APND,44.78967
2023-08-20 07:00:00-07:00,TH_ZP26_GEN-APND,44.09312
2023-08-20 08:00:00-07:00,TH_NP15_GEN-APND,44.79226
2023-08-20 08:00:00-07:00,TH_SP15_GEN-APND,44.8427
2023-08-20 08:00:00-07:00,TH_ZP26_GEN-APND,43.77436
2023-08-20 09:00:00-07:00,TH_NP15_GEN-APND,46.42014
2023-08-20 09:00:00-07:00,TH_SP15_GEN-APND,46.36311
2023-08-20 09:00:00-07:00,TH_ZP26_GEN-APND,45.2272
2023-08-20 10:00:00-07:00,TH_NP15_GEN-APND,45.64658
2023-08-20 10:00:00-07:00,TH_SP15_GEN-APND,44.84552
2023-08-20 10:00:00-07:00,TH_ZP26_GEN-APND,44.0213
2023-08-20 11:00:00-07:00,TH_NP15_GEN-APND,45.15884
2023-08-20 11:00:00-07:00,TH_SP15_GEN-APND,44.10746
2023-08-20 11:00:00-07:00,TH_ZP26_GEN-APND,43.34864
2023-08-20 12:00:00-07:00,TH_NP15_GEN-APND,45.74701
2023-08-20 12:00:00-07:00,TH_SP15_GEN-APND,45.00263
2023-08-20 12:00:00-07:00,TH_ZP26_GEN-APND,44.12333
2023-08-20 13:00:00-07:00,TH_NP15_GEN-APND,49.41934
2023-08-20 13:00:00-07:00,TH_SP15_GEN-APND,48.71407
2023-08-20 13:00:00-07:00,TH_ZP26_GEN-APND,47.73676
2023-08-20 14:00:00-07:00,TH_NP15_GEN-APND,52.0805
2023-08-20 14:00:00-07:00,TH_SP15_GEN-APND,52.29
2023-08-20 14:00:00-07:00,TH_ZP26_GEN-APND,50.76975
2023-08-20 15:00:00-07:00,TH_NP15_GEN-APND,55.15589
2023-08-20 15:00:00-07:00,TH_SP15_GEN-APND,55.96464
2023-08-20 15:00:00-07:00,TH_ZP26_GEN-APND,54.21521
2023-08-20 16:00:00-07:00,TH_NP15_GEN-APND,59.22964
2023-08-20 16:00:00-07:00,TH_SP15_GEN-APND,59.21743
2023-08-20 16:00:00-07:00,TH_ZP26_GEN-APND,57.85576
2023-08-20 17:00:00-07:00,TH_NP15_GEN-APND,62.68908
2023-08-20 17:00:00-07:00,TH_SP15_GEN-APND,61.97699
2023-08-20 17:00:00-07:00,TH_ZP26_GEN-APND,60.88
2023-08-20 18:00:00-07:00,TH_NP15_GEN-APND,65.84992
2023-08-20 18:00:00-07:00,TH_SP15_GEN-APND,64.28233
2023-08-20 18:00:00-07:00,TH_ZP26_GEN-APND,63.84767
2023-08-20 19:00:00-07:00,TH_NP15_GEN-APND,65.50474
2023-08-20 19:00:00-07:00,TH_SP15_GEN-APND,64.22978
2023-08-20 19:00:00-07:00,TH_ZP26_GEN-APND,63.89612
2023-08-20 20:00:00-07:00,TH_NP15_GEN-APND,62.41596
2023-08-20 20:00:00-07:00,TH_SP15_GEN-APND,61.74493
2023-08-20 20:00:00-07:00,TH_ZP26_GEN-APND,61.33573
2023-08-20 21:00:00-07:00,TH_NP15_GEN-APND,60.98165
2023-08-20 21:00:00-07:00,TH_SP15_GEN-APND,60.46925
2023-08-20 21:00:00-07:00,TH_ZP26_GEN-APND,60.03809
2023-08-20 22:00:00-07:00,TH_NP15_GEN-APND,52.68018
2023-08-20 22:00:00-07:00,TH_SP15_GEN-APND,52.37151
2023-08-20 22:00:00-07:00,TH_ZP26_GEN-APND,51.91794
2023-08-20 23:00:00-07:00,TH_NP15_GEN-APND,49.8589
2023-08-20 23:00:00-07:00,TH_SP15_GEN-APND,50.08
2023-08-20 23:00:00-07:00,TH_ZP26_GEN-APND,49.44913
2023-08-21 00:00:00-07:00,TH_NP15_GEN-APND,49.9686
2023-08-21 00:00:00-07:00,TH_SP15_GEN-APND,49.93
2023-08-21 00:00:00-07:00,TH_ZP26_GEN-APND,49.52742
2023-08-21 01:00:00-07:00,TH_NP15_GEN-APND,47.74133
2023-08-21 01:00:00-07:00,TH_SP15_GEN-APND,47.8
2023-08-21 01:00:00-07:00,TH_ZP26_GEN-APND,47.3991
2023-08-21 02:00:00-07:00,TH_NP15_GEN-APND,47.15054
2023-08-21 02:00:00-07:00,TH_SP15_GEN-APND,47.14089
2023-08-21 02:00:00-07:00,TH_ZP26_GEN-APND,46.78399
2023-08-21 03:00:00-07:00,TH_NP15_GEN-APND,46.60087
2023-08-21 03:00:00-07:00,TH_SP15_GEN-APND,46.44
2023-08-21 03:00:00-07:00,TH_ZP26_GEN-APND,46.18784
2023-08-21 04:00:00-07:00,TH_NP15_GEN-APND,46.86697
2023-08-21 04:00:00-07:00,TH_SP15_GEN-APND,46.52362
2023-08-21 04:00:00-07:00,TH_ZP26_GEN-APND,46.28519
2023-08-21 05:00:00-07:00,TH_NP15_GEN-APND,53.60711
2023-08-21 05:00:00-07:00,TH_SP15_GEN-APND,53.18651
2023-08-21 05:00:00-07:00,TH_ZP26_GEN-APND,52.96802
2023-08-21 06:00:00-07:00,TH_NP15_GEN-APND,61.63244
2023-08-21 06:00:00-07:00,TH_SP15_GEN-APND,62.01227
2023-08-21 06:00:00-07:00,TH_ZP26_GEN-APND,61.29693
2023-08-21 07:00:00-07:00,TH_NP15_GEN-APND,55.02632
2023-08-21 07:00:00-07:00,TH_SP15_GEN-APND,54.93048
2023-08-21 07:00:00-07:00,TH_ZP26_GEN-APND,54.09052
2023-08-21 08:00:00-07:00,TH_NP15_GEN-APND,51.17944
2023-08-21 08:00:00-07:00,TH_SP15_GEN-APND,50.28384
2023-08-21 08:00:00-07:00,TH_ZP26_GEN-APND,49.44551
2023-08-21 09:00:00-07:00,TH_NP15_GEN-APND,49.46508
2023-08-21 09:00:00-07:00,TH_SP15_GEN-APND,48.51267
2023-08-21 09:00:00-07:00,TH_ZP26_GEN-APND,47.52498
2023-08-21 10:00:00-07:00,TH_NP15_GEN-APND,46.46172
2023-08-21 10:00:00-07:00,TH_SP15_GEN-APND,45.27688
2023-08-21 10:00:00-07:00,TH_ZP26_GEN-APND,44.35482
2023-08-21 11:00:00-07:00,TH_NP15_GEN-APND,44.09398
2023-08-21 11:00:00-07:00,TH_SP15_GEN-APND,42.05719
2023-08-21 11:00:00-07:00,TH_ZP26_GEN-APND,40.60449
2023-08-21 12:00:00-07:00,TH_NP15_GEN-APND,42.13695
2023-08-21 12:00:00-07:00,TH_SP15_GEN-APND,38.70256
2023-08-21 12:00:00-07:00,TH_ZP26_GEN-APND,37.32452
2023-08-21 13:00:00-07:00,TH_NP15_GEN-APND,42.15003
2023-08-21 13:00:00-07:00,TH_SP15_GEN-APND,40.3936
2023-08-21 13:00:00-07:00,TH_ZP26_GEN-APND,38.79747
2023-08-21 14:00:00-07:00,TH_NP15_GEN-APND,44.71946
2023-08-21 14:00:00-07:00,TH_SP15_GEN-APND,42.62
2023-08-21 14:00:00-07:00,TH_ZP26_GEN-APND,41.42995
2023-08-21 15:00:00-07:00,TH_NP15_GEN-APND,47.69514
2023-08-21 15:00:00-07:00,TH_SP15_GEN-APND,46.32409
2023-08-21 15:00:00-07:00,TH_ZP26_GEN-APND,45.51701
2023-08-21 16:00:00-07:00,TH_NP15_GEN-APND,51.41291
2023-08-21 16:00:00-07:00,TH_SP15_GEN-APND,50.5272
2023-08-21 16:00:00-07:00,TH_ZP26_GEN-APND,49.58878
2023-08-21 17:00:00-07:00,TH_NP15_GEN-APND,57.16628
2023-08-21 17:00:00-07:00,TH_SP15_GEN-APND,56.70113
2023-08-21 17:00:00-07:00,TH_ZP26_GEN-APND,55.58242
2023-08-21 18:00:00-07:00,TH_NP15_GEN-APND,63.23566
2023-08-21 18:00:00-07:00,TH_SP15_GEN-APND,64.27523
2023-08-21 18:00:00-07:00,TH_ZP26_GEN-APND,62.87379
2023-08-21 19:00:00-07:00,TH_NP15_GEN-APND,67.94997
2023-08-21 19:00:00-07:00,TH_SP15_GEN-APND,70.02071
2023-08-21 19:00:00-07:00,TH_ZP26_GEN-APND,68.34135
2023-08-21 20:00:00-07:00,TH_NP15_GEN-APND,64.03723
2023-08-21 20:00:00-07:00,TH_SP15_GEN-APND,65.39816
2023-08-21 20:00:00-07:00,TH_ZP26_GEN-APND,64.17733
2023-08-21 21:00:00-07:00,TH_NP15_GEN-APND,63.04511
2023-08-21 21:00:00-07:00,TH_SP15_GEN-APND,64.54884
2023-08-21 21:00:00-07:00,TH_ZP26_GEN-APND,63.25523
2023-08-21 22:00:00-07:00,TH_NP15_GEN-APND,56.08
2023-08-21 22:00:00-07:00,TH_SP15_GEN-APND,56.50449
2023-08-21 22:00:00-07:00,TH_ZP26_GEN-APND,55.8092
2023-08-21 23:00:00-07:00,TH_NP15_GEN-APND,51.39551
2023-08-21 23:00:00-07:00,TH_SP15_GEN-APND,51.86344
2023-08-21 23:00:00-07:00,TH_ZP26_GEN-APND,51.18975
2023-08-22 00:00:00-07:00,TH_NP15_GEN-APND,44.03087
2023-08-22 00:00:00-07:00,TH_SP15_GEN-APND,43.67301
2023-08-22 00:00:00-07:00,TH_ZP26_GEN-APND,43.30462
2023-08-22 01:00:00-07:00,TH_NP15_GEN-APND,44.72233
2023-08-22 01:00:00-07:00,TH_SP15_GEN-APND,44.0
2023-08-22 01:00:00-07:00,TH_ZP26_GEN-APND,43.77327
2023-08-22 02:00:00-07:00,TH_NP15_GEN-APND,43.91461
2023-08-22 02:00:00-07:00,TH_SP15_GEN-APND,43.47695
2023-08-22 02:00:00-07:00,TH_ZP26_GEN-APND,43.15983
2023-08-22 03:00:00-07:00,TH_NP15_GEN-APND,43.273
2023-08-22 03:00:00-07:00,TH_SP15_GEN-APND,42.1744
2023-08-22 03:00:00-07:00,TH_ZP26_GEN-APND,42.218
2023-08-22 04:00:00-07:00,TH_NP15_GEN-APND,43.83291
2023-08-22 04:00:00-07:00,TH_SP15_GEN-APND,42.94248
2023-08-22 04:00:00-07:00,TH_ZP26_GEN-APND,42.84058
2023-08-22 05:00:00-07:00,TH_NP15_GEN-APND,48.82085
2023-08-22 05:00:00-07:00,TH_SP15_GEN-APND,47.75162
2023-08-22 05:00:00-07:00,TH_ZP26_GEN-APND,47.64802
2023-08-22 06:00:00-07:00,TH_NP15_GEN-APND,57.63308
2023-08-22 06:00:00-07:00,TH_SP15_GEN-APND,56.30003
2023-08-22 06:00:00-07:00,TH_ZP26_GEN-APND,56.09054
2023-08-22 07:00:00-07:00,TH_NP15_GEN-APND,46.35141
2023-08-22 07:00:00-07:00,TH_SP15_GEN-APND,44.1399
2023-08-22 07:00:00-07:00,TH_ZP26_GEN-APND,43.85814
2023-08-22 08:00:00-07:00,TH_NP15_GEN-APND,45.83242
2023-08-22 08:00:00-07:00,TH_SP15_GEN-APND,37.87505
2023-08-22 08:00:00-07:00,TH_ZP26_GEN-APND,36.11861
2023-08-22 09:00:00-07:00,TH_NP15_GEN-APND,47.33007
2023-08-22 09:00:00-07:00,TH_SP15_GEN-APND,29.30288
2023-08-22 09:00:00-07:00,TH_ZP26_GEN-APND,25.98629
2023-08-22 10:00:00-07:00,TH_NP15_GEN-APND,45.91636
2023-08-22 10:00:00-07:00,TH_SP15_GEN-APND,24.98792
2023-08-22 10:00:00-07:00,TH_ZP26_GEN-APND,21.10372
2023-08-22 11:00:00-07:00,TH_NP15_GEN-APND,44.75845
2023-08-22 11:00:00-07:00,TH_SP15_GEN-APND,23.46652
2023-08-22 11:00:00-07:00,TH_ZP26_GEN-APND,19.69539
2023-08-22 12:00:00-07:00,TH_NP15_GEN-APND,43.36189
2023-08-22 12:00:00-07:00,TH_SP15_GEN-APND,24.73835
2023-08-22 12:00:00-07:00,TH_ZP26_GEN-APND,21.35927
2023-08-22 13:00:00-07:00,TH_NP15_GEN-APND,43.20445
2023-08-22 13:00:00-07:00,TH_SP15_GEN-APND,29.01914
2023-08-22 13:00:00-07:00,TH_ZP26_GEN-APND,26.16573
2023-08-22 14:00:00-07:00,TH_NP15_GEN-APND,46.15318
2023-08-22 14:00:00-07:00,TH_SP15_GEN-APND,35.56897
2023-08-22 14:00:00-07:00,TH_ZP26_GEN-APND,33.04545
2023-08-22 15:00:00-07:00,TH_NP15_GEN-APND,48.37915
2023-08-22 15:00:00-07:00,TH_SP15_GEN-APND,42.51381
2023-08-22 15:00:00-07:00,TH_ZP26_GEN-APND,38.76408
2023-08-22 16:00:00-07:00,TH_NP15_GEN-APND,47.47961
2023-08-22 16:00:00-07:00,TH_SP15_GEN-APND,44.78804
2023-08-22 16:00:00-07:00,TH_ZP26_GEN-APND,43.92087
2023-08-22 17:00:00-07:00,TH_NP15_GEN-APND,54.32
2023-08-22 17:00:00-07:00,TH_SP15_GEN-APND,53.4267
2023-08-22 17:00:00-07:00,TH_ZP26_GEN-APND,51.89129
2023-08-22 18:00:00-07:00,TH_NP15_GEN-APND,65.04743
2023-08-22 18:00:00-07:00,TH_SP15_GEN-APND,66.05702
2023-08-22 18:00:00-07:00,TH_ZP26_GEN-APND,64.49859
2023-08-22 19:00:00-07:00,TH_NP15_GEN-APND,75.8266
2023-08-22 19:00:00-07:00,TH_SP15_GEN-APND,81.25761
2023-08-22 19:00:00-07:00,TH_ZP26_GEN-APND,76.7895
2023-08-22 20:00:00-07:00,TH_NP15_GEN-APND,63.626
2023-08-22 20:00:00-07:00,TH_SP15_GEN-APND,64.90582
2023-08-22 20:00:00-07:00,TH_ZP26_GEN-APND,63.752
2023-08-22 21:00:00-07:00,TH_NP15_GEN-APND,59.28725
2023-08-22 21:00:00-07:00,TH_SP15_GEN-APND,61.47667
2023-08-22 21:00:00-07:00,TH_ZP26_GEN-APND,59.80065
2023-08-22 22:00:00-07:00,TH_NP15_GEN-APND,53.76728
2023-08-22 22:00:00-07:00,TH_SP15_GEN-APND,54.20303
2023-08-22 22:00:00-07:00,TH_ZP26_GEN-APND,53.39767
2023-08-22 23:00:00-07:00,TH_NP15_GEN-APND,50.15486
2023-08-22 23:00:00-07:00,TH_SP15_GEN-APND,49.57524
2023-08-22 23:00:00-07:00,TH_ZP26_GEN-APND,49.30417
2023-08-23 00:00:00-07:00,TH_NP15_GEN-APND,45.25068
2023-08-23 00:00:00-07:00,TH_SP15_GEN-APND,45.82442
2023-08-23 00:00:00-07:00,TH_ZP26_GEN-APND,45.13635
2023-08-23 01:00:00-07:00,TH_NP15_GEN-APND,43.6593
2023-08-23 01:00:00-07:00,TH_SP15_GEN-APND,43.94939
2023-08-23 01:00:00-07:00,TH_ZP26_GEN-APND,43.40132
2023-08-23 02:00:00-07:00,TH_NP15_GEN-APND,42.29223
2023-08-23 02:00:00-07:00,TH_SP15_GEN-APND,42.40351
2023-08-23 02:00:00-07:00,TH_ZP26_GEN-APND,41.88729
2023-08-23 03:00:00-07:00,TH_NP15_GEN-APND,42.06533
2023-08-23 03:00:00-07:00,TH_SP15_GEN-APND,41.89915
2023-08-23 03:00:00-07:00,TH_ZP26_GEN-APND,41.58011
2023-08-23 04:00:00-07:00,TH_NP15_GEN-APND,42.35896
2023-08-23 04:00:00-07:00,TH_SP15_GEN-APND,42.14123
2023-08-23 04:00:00-07:00,TH_ZP26_GEN-APND,41.71838
2023-08-23 05:00:00-07:00,TH_NP15_GEN-APND,46.25076
2023-08-23 05:00:00-07:00,TH_SP15_GEN-APND,45.90551
2023-08-23 05:00:00-07:00,TH_ZP26_GEN-APND,45.52924
2023-08-23 06:00:00-07:00,TH_NP15_GEN-APND,53.45072
2023-08-23 06:00:00-07:00,TH_SP15_GEN-APND,52.73979
2023-08-23 06:00:00-07:00,TH_ZP26_GEN-APND,52.43577
2023-08-23 07:00:00-07:00,TH_NP15_GEN-APND,42.96352
2023-08-23 07:00:00-07:00,TH_SP15_GEN-APND,41.40032
2023-08-23 07:00:00-07:00,TH_ZP26_GEN-APND,41.13349
2023-08-23 08:00:00-07:00,TH_NP15_GEN-APND,41.64846
2023-08-23 08:00:00-07:00,TH_SP15_GEN-APND,30.76349
2023-08-23 08:00:00-07:00,TH_ZP26_GEN-APND,28.65574
2023-08-23 09:00:00-07:00,TH_NP15_GEN-APND,39.75159
2023-08-23 09:00:00-07:00,TH_SP15_GEN-APND,25.18818
2023-08-23 09:00:00-07:00,TH_ZP26_GEN-APND,22.67449
2023-08-23 10:00:00-07:00,TH_NP15_GEN-APND,40.27128
2023-08-23 10:00:00-07:00,TH_SP15_GEN-APND,23.06691
2023-08-23 10:00:00-07:00,TH_ZP26_GEN-APND,20.26847
2023-08-23 11:00:00-07:00,TH_NP15_GEN-APND,41.05147
2023-08-23 11:00:00-07:00,TH_SP15_GEN-APND,23.44905
2023-08-23 11:00:00-07:00,TH_ZP26_GEN-APND,20.44618
2023-08-23 12:00:00-07:00,TH_NP15_GEN-APND,42.1907
2023-08-23 12:00:00-07:00,TH_SP15_GEN-APND,24.35617
2023-08-23 12:00:00-07:00,TH_ZP26_GEN-APND,20.32598
2023-08-23 13:00:00-07:00,TH_NP15_GEN-APND,43.43355
2023-08-23 13:00:00-07:00,TH_SP15_GEN-APND,27.54
2023-08-23 13:00:00-07:00,TH_ZP26_GEN-APND,24.38116
2023-08-23 14:00:00-07:00,TH_NP15_GEN-APND,47.88
2023-08-23 14:00:00-07:00,TH_SP15_GEN-APND,33.51
2023-08-23 14:00:00-07:00,TH_ZP26_GEN-APND,29.24514
2023-08-23 15:00:00-07:00,TH_NP15_GEN-APND,49.63489
2023-08-23 15:00:00-07:00,TH_SP15_GEN-APND,40.4
2023-08-23 15:00:00-07:00,TH_ZP26_GEN-APND,37.47928
2023-08-23 16:00:00-07:00,TH_NP15_GEN-APND,49.26605
2023-08-23 16:00:00-07:00,TH_SP15_GEN-APND,43.19828
2023-08-23 16:00:00-07:00,TH_ZP26_GEN-APND,41.65808
2023-08-23 17:00:00-07:00,TH_NP15_GEN-APND,54.44596
2023-08-23 17:00:00-07:00,TH_SP15_GEN-APND,53.97707
2023-08-23 17:00:00-07:00,TH_ZP26_GEN-APND,52.14648
2023-08-23 18:00:00-07:00,TH_NP15_GEN-APND,62.65983
2023-08-23 18:00:00-07:00,TH_SP15_GEN-APND,63.03951
2023-08-23 18:00:00-07:00,TH_ZP26_GEN-APND,61.4896
2023-08-23 19:00:00-07:00,TH_NP15_GEN-APND,85.10203
2023-08-23 19:00:00-07:00,TH_SP15_GEN-APND,88.23373
2023-08-23 19:00:00-07:00,TH_ZP26_GEN-APND,85.48289
2023-08-23 20:00:00-07:00,TH_NP15_GEN-APND,62.35102
2023-08-23 20:00:00-07:00,TH_SP15_GEN-APND,63.86117
2023-08-23 20:00:00-07:00,TH_ZP26_GEN-APND,62.16875
2023-08-23 21:00:00-07:00,TH_NP15_GEN-APND,59.29827
2023-08-23 21:00:00-07:00,TH_SP15_GEN-APND,61.1849
2023-08-23 21:00:00-07:00,TH_ZP26_GEN-APND,59.48566
2023-08-23 22:00:00-07:00,TH_NP15_GEN-APND,52.39098
2023-08-23 22:00:00-07:00,TH_SP15_GEN-APND,53.6168
2023-08-23 22:00:00-07:00,TH_ZP26_GEN-APND,52.46704
2023-08-23 23:00:00-07:00,TH_NP15_GEN-APND,48.13141
2023-08-23 23:00:00-07:00,TH_SP15_GEN-APND,48.03
2023-08-23 23:00:00-07:00,TH_ZP26_GEN-APND,47.50089
2023-08-24 00:00:00-07:00,TH_NP15_GEN-APND,44.61705
2023-08-24 00:00:00-07:00,TH_SP15_GEN-APND,45.0
2023-08-24 00:00:00-07:00,TH_ZP26_GEN-APND,44.21182
2023-08-24 01:00:00-07:00,TH_NP15_GEN-APND,43.41802
2023-08-24 01:00:00-07:00,TH_SP15_GEN-APND,43.67891
2023-08-24 01:00:00-07:00,TH_ZP26_GEN-APND,42.95413
2023-08-24 02:00:00-07:00,TH_NP15_GEN-APND,42.25751
2023-08-24 02:00:00-07:00,TH_SP15_GEN-APND,42.5533
2023-08-24 02:00:00-07:00,TH_ZP26_GEN-APND,41.90058
2023-08-24 03:00:00-07:00,TH_NP15_GEN-APND,41.50383
2023-08-24 03:00:00-07:00,TH_SP15_GEN-APND,41.25405
2023-08-24 03:00:00-07:00,TH_ZP26_GEN-APND,40.79647
2023-08-24 04:00:00-07:00,TH_NP15_GEN-APND,41.44502
2023-08-24 04:00:00-07:00,TH_SP15_GEN-APND,41.18678
2023-08-24 04:00:00-07:00,TH_ZP26_GEN-APND,40.72981
2023-08-24 05:00:00-07:00,TH_NP15_GEN-APND,46.1696
2023-08-24 05:00:00-07:00,TH_SP15_GEN-APND,45.58
2023-08-24 05:00:00-07:00,TH_ZP26_GEN-APND,45.08186
2023-08-24 06:00:00-07:00,TH_NP15_GEN-APND,50.84208
2023-08-24 06:00:00-07:00,TH_SP15_GEN-APND,50.92025
2023-08-24 06:00:00-07:00,TH_ZP26_GEN-APND,49.85724
2023-08-24 07:00:00-07:00,TH_NP15_GEN-APND,42.55612
2023-08-24 07:00:00-07:00,TH_SP15_GEN-APND,42.48957
2023-08-24 07:00:00-07:00,TH_ZP26_GEN-APND,42.56
2023-08-24 08:00:00-07:00,TH_NP15_GEN-APND,42.83702
2023-08-24 08:00:00-07:00,TH_SP15_GEN-APND,31.07313
2023-08-24 08:00:00-07:00,TH_ZP26_GEN-APND,28.57741
2023-08-24 09:00:00-07:00,TH_NP15_GEN-APND,40.22718
2023-08-24 09:00:00-07:00,TH_SP15_GEN-APND,25.63394
2023-08-24 09:00:00-07:00,TH_ZP26_GEN-APND,22.54593
2023-08-24 10:00:00-07:00,TH_NP15_GEN-APND,38.78387
2023-08-24 10:00:00-07:00,TH_SP15_GEN-APND,24.94078
2023-08-24 10:00:00-07:00,TH_ZP26_GEN-APND,19.66
2023-08-24 11:00:00-07:00,TH_NP15_GEN-APND,39.77594
2023-08-24 11:00:00-07:00,TH_SP15_GEN-APND,25.14119
2023-08-24 11:00:00-07:00,TH_ZP26_GEN-APND,19.66
2023-08-24 12:00:00-07:00,TH_NP15_GEN-APND,41.23496
2023-08-24 12:00:00-07:00,TH_SP15_GEN-APND,24.93
2023-08-24 12:00:00-07:00,TH_ZP26_GEN-APND,18.13779
2023-08-24 13:00:00-07:00,TH_NP15_GEN-APND,45.0
2023-08-24 13:00:00-07:00,TH_SP15_GEN-APND,25.71
2023-08-24 13:00:00-07:00,TH_ZP26_GEN-APND,19.77996
2023-08-24 14:00:00-07:00,TH_NP15_GEN-APND,46.0
2023-08-24 14:00:00-07:00,TH_SP15_GEN-APND,31.00247
2023-08-24 14:00:00-07:00,TH_ZP26_GEN-APND,26.94267
2023-08-24 15:00:00-07:00,TH_NP15_GEN-APND,44.63023
2023-08-24 15:00:00-07:00,TH_SP15_GEN-APND,38.29915
2023-08-24 15:00:00-07:00,TH_ZP26_GEN-APND,35.4687
2023-08-24 16:00:00-07:00,TH_NP15_GEN-APND,42.8498
2023-08-24 16:00:00-07:00,TH_SP15_GEN-APND,41.08536
2023-08-24 16:00:00-07:00,TH_ZP26_GEN-APND,39.54179
2023-08-24 17:00:00-07:00,TH_NP15_GEN-APND,53.47117
2023-08-24 17:00:00-07:00,TH_SP15_GEN-APND,53.70733
2023-08-24 17:00:00-07:00,TH_ZP26_GEN-APND,53.72314
2023-08-24 18:00:00-07:00,TH_NP15_GEN-APND,63.60054
2023-08-24 18:00:00-07:00,TH_SP15_GEN-APND,63.77215
2023-08-24 18:00:00-07:00,TH_ZP26_GEN-APND,63.77215
2023-08-24 19:00:00-07:00,TH_NP15_GEN-APND,79.81477
2023-08-24 19:00:00-07:00,TH_SP15_GEN-APND,84.09777
2023-08-24 19:00:00-07:00,TH_ZP26_GEN-APND,81.39317
2023-08-24 20:00:00-07:00,TH_NP15_GEN-APND,59.72753
2023-08-24 20:00:00-07:00,TH_SP15_GEN-APND,62.88944
2023-08-24 20:00:00-07:00,TH_ZP26_GEN-APND,60.8052
2023-08-24 21:00:00-07:00,TH_NP15_GEN-APND,53.46476
2023-08-24 21:00:00-07:00,TH_SP15_GEN-APND,59.1956
2023-08-24 21:00:00-07:00,TH_ZP26_GEN-APND,54.47047
2023-08-24 22:00:00-07:00,TH_NP15_GEN-APND,46.1237
2023-08-24 22:00:00-07:00,TH_SP15_GEN-APND,48.00663
2023-08-24 22:00:00-07:00,TH_ZP26_GEN-APND,46.56297
2023-08-24 23:00:00-07:00,TH_NP15_GEN-APND,45.70153
2023-08-24 23:00:00-07:00,TH_SP15_GEN-APND,46.89318
2023-08-24 23:00:00-07:00,TH_ZP26_GEN-APND,45.8309
2023-08-25 00:00:00-07:00,TH_NP15_GEN-APND,50.41139
2023-08-25 00:00:00-07:00,TH_SP15_GEN-APND,52.82137
2023-08-25 00:00:00-07:00,TH_ZP26_GEN-APND,51.17821
2023-08-25 01:00:00-07:00,TH_NP15_GEN-APND,48.0619
2023-08-25 01:00:00-07:00,TH_SP15_GEN-APND,49.96
2023-08-25 01:00:00-07:00,TH_ZP26_GEN-APND,48.8727
2023-08-25 02:00:00-07:00,TH_NP15_GEN-APND,44.13
2023-08-25 02:00:00-07:00,TH_SP15_GEN-APND,46.03692
2023-08-25 02:00:00-07:00,TH_ZP26_GEN-APND,44.89866
2023-08-25 03:00:00-07:00,TH_NP15_GEN-APND,41.58553
2023-08-25 03:00:00-07:00,TH_SP15_GEN-APND,43.11729
2023-08-25 03:00:00-07:00,TH_ZP26_GEN-APND,42.08
2023-08-25 04:00:00-07:00,TH_NP15_GEN-APND,41.85484
2023-08-25 04:00:00-07:00,TH_SP15_GEN-APND,43.2693
2023-08-25 04:00:00-07:00,TH_ZP26_GEN-APND,42.32304
2023-08-25 05:00:00-07:00,TH_NP15_GEN-APND,48.2898
2023-08-25 05:00:00-07:00,TH_SP15_GEN-APND,49.87817
2023-08-25 05:00:00-07:00,TH_ZP26_GEN-APND,48.79726
2023-08-25 06:00:00-07:00,TH_NP15_GEN-APND,56.38039
2023-08-25 06:00:00-07:00,TH_SP15_GEN-APND,58.83
2023-08-25 06:00:00-07:00,TH_ZP26_GEN-APND,57.36621
2023-08-25 07:00:00-07:00,TH_NP15_GEN-APND,45.92897
2023-08-25 07:00:00-07:00,TH_SP15_GEN-APND,46.30395
2023-08-25 07:00:00-07:00,TH_ZP26_GEN-APND,45.28847
2023-08-25 08:00:00-07:00,TH_NP15_GEN-APND,36.78786
2023-08-25 08:00:00-07:00,TH_SP15_GEN-APND,34.86601
2023-08-25 08:00:00-07:00,TH_ZP26_GEN-APND,34.38885
2023-08-25 09:00:00-07:00,TH_NP15_GEN-APND,34.01638
2023-08-25 09:00:00-07:00,TH_SP15_GEN-APND,32.44316
2023-08-25 09:00:00-07:00,TH_ZP26_GEN-APND,30.4749
2023-08-25 10:00:00-07:00,TH_NP15_GEN-APND,32.97
2023-08-25 10:00:00-07:00,TH_SP15_GEN-APND,30.83
2023-08-25 10:00:00-07:00,TH_ZP26_GEN-APND,28.17411
2023-08-25 11:00:00-07:00,TH_NP15_GEN-APND,35.93114
2023-08-25 11:00:00-07:00,TH_SP15_GEN-APND,30.8
2023-08-25 11:00:00-07:00,TH_ZP26_GEN-APND,27.73674
2023-08-25 12:00:00-07:00,TH_NP15_GEN-APND,38.97594
2023-08-25 12:00:00-07:00,TH_SP15_GEN-APND,33.88581
2023-08-25 12:00:00-07:00,TH_ZP26_GEN-APND,31.76567
2023-08-25 13:00:00-07:00,TH_NP15_GEN-APND,41.94821
2023-08-25 13:00:00-07:00,TH_SP15_GEN-APND,35.65
2023-08-25 13:00:00-07:00,TH_ZP26_GEN-APND,32.44968
2023-08-25 14:00:00-07:00,TH_NP15_GEN-APND,43.19529
2023-08-25 14:00:00-07:00,TH_SP15_GEN-APND,40.06977
2023-08-25 14:00:00-07:00,TH_ZP26_GEN-APND,37.40792
2023-08-25 15:00:00-07:00,TH_NP15_GEN-APND,49.48263
2023-08-25 15:00:00-07:00,TH_SP15_GEN-APND,49.18956
2023-08-25 15:00:00-07:00,TH_ZP26_GEN-APND,47.39
2023-08-25 16:00:00-07:00,TH_NP15_GEN-APND,50.15379
2023-08-25 16:00:00-07:00,TH_SP15_GEN-APND,49.79119
2023-08-25 16:00:00-07:00,TH_ZP26_GEN-APND,47.9488
2023-08-25 17:00:00-07:00,TH_NP15_GEN-APND,62.38488
2023-08-25 17:00:00-07:00,TH_SP15_GEN-APND,64.07998
2023-08-25 17:00:00-07:00,TH_ZP26_GEN-APND,60.86511
2023-08-25 18:00:00-07:00,TH_NP15_GEN-APND,67.10916
2023-08-25 18:00:00-07:00,TH_SP15_GEN-APND,77.52682
2023-08-25 18:00:00-07:00,TH_ZP26_GEN-APND,66.83869
2023-08-25 19:00:00-07:00,TH_NP15_GEN-APND,78.79498
2023-08-25 19:00:00-07:00,TH_SP15_GEN-APND,95.79964
2023-08-25 19:00:00-07:00,TH_ZP26_GEN-APND,79.32385
2023-08-25 20:00:00-07:00,TH_NP15_GEN-APND,62.49968
2023-08-25 20:00:00-07:00,TH_SP15_GEN-APND,76.48626
2023-08-25 20:00:00-07:00,TH_ZP26_GEN-APND,63.08232
2023-08-25 21:00:00-07:00,TH_NP15_GEN-APND,58.10987
2023-08-25 21:00:00-07:00,TH_SP15_GEN-APND,77.46517
2023-08-25 21:00:00-07:00,TH_ZP26_GEN-APND,58.72091
2023-08-25 22:00:00-07:00,TH_NP15_GEN-APND,53.29405
2023-08-25 22:00:00-07:00,TH_SP15_GEN-APND,58.50658
2023-08-25 22:00:00-07:00,TH_ZP26_GEN-APND,53.68216
2023-08-25 23:00:00-07:00,TH_NP15_GEN-APND,45.52124
2023-08-25 23:00:00-07:00,TH_SP15_GEN-APND,53.6317
2023-08-25 23:00:00-07:00,TH_ZP26_GEN-APND,45.85
2023-08-26 00:00:00-07:00,TH_NP15_GEN-APND,49.73837
2023-08-26 00:00:00-07:00,TH_SP15_GEN-APND,52.07111
2023-08-26 00:00:00-07:00,TH_ZP26_GEN-APND,50.52135
2023-08-26 01:00:00-07:00,TH_NP15_GEN-APND,47.93898
2023-08-26 01:00:00-07:00,TH_SP15_GEN-APND,50.0
2023-08-26 01:00:00-07:00,TH_ZP26_GEN-APND,48.49353
2023-08-26 02:00:00-07:00,TH_NP15_GEN-APND,46.77248
2023-08-26 02:00:00-07:00,TH_SP15_GEN-APND,48.40097
2023-08-26 02:00:00-07:00,TH_ZP26_GEN-APND,47.22716
2023-08-26 03:00:00-07:00,TH_NP15_GEN-APND,45.0
2023-08-26 03:00:00-07:00,TH_SP15_GEN-APND,46.36469
2023-08-26 03:00:00-07:00,TH_ZP26_GEN-APND,45.28798
2023-08-26 04:00:00-07:00,TH_NP15_GEN-APND,43.95362
2023-08-26 04:00:00-07:00,TH_SP15_GEN-APND,45.0227
2023-08-26 04:00:00-07:00,TH_ZP26_GEN-APND,44.0889
2023-08-26 05:00:00-07:00,TH_NP15_GEN-APND,47.88856
2023-08-26 05:00:00-07:00,TH_SP15_GEN-APND,48.58
2023-08-26 05:00:00-07:00,TH_ZP26_GEN-APND,47.77584
2023-08-26 06:00:00-07:00,TH_NP15_GEN-APND,47.76261
2023-08-26 06:00:00-07:00,TH_SP15_GEN-APND,48.52739
2023-08-26 06:00:00-07:00,TH_ZP26_GEN-APND,47.60361
2023-08-26 07:00:00-07:00,TH_NP15_GEN-APND,39.61967
2023-08-26 07:00:00-07:00,TH_SP15_GEN-APND,38.78595
2023-08-26 07:00:00-07:00,TH_ZP26_GEN-APND,38.34316
2023-08-26 08:00:00-07:00,TH_NP15_GEN-APND,37.47
2023-08-26 08:00:00-07:00,TH_SP15_GEN-APND,22.30584
2023-08-26 08:00:00-07:00,TH_ZP26_GEN-APND,19.0393
2023-08-26 09:00:00-07:00,TH_NP15_GEN-APND,33.19391
2023-08-26 09:00:00-07:00,TH_SP15_GEN-APND,20.73647
2023-08-26 09:00:00-07:00,TH_ZP26_GEN-APND,17.01791
2023-08-26 10:00:00-07:00,TH_NP15_GEN-APND,33.54378
2023-08-26 10:00:00-07:00,TH_SP15_GEN-APND,18.81744
2023-08-26 10:00:00-07:00,TH_ZP26_GEN-APND,14.70796
2023-08-26 11:00:00-07:00,TH_NP15_GEN-APND,35.0
2023-08-26 11:00:00-07:00,TH_SP15_GEN-APND,19.00399
2023-08-26 11:00:00-07:00,TH_ZP26_GEN-APND,13.78482
2023-08-26 12:00:00-07:00,TH_NP15_GEN-APND,39.71497
2023-08-26 12:00:00-07:00,TH_SP15_GEN-APND,28.03
2023-08-26 12:00:00-07:00,TH_ZP26_GEN-APND,23.67348
2023-08-26 13:00:00-07:00,TH_NP15_GEN-APND,40.52
2023-08-26 13:00:00-07:00,TH_SP15_GEN-APND,32.44933
2023-08-26 13:00:00-07:00,TH_ZP26_GEN-APND,27.78119
2023-08-26 14:00:00-07:00,TH_NP15_GEN-APND,44.55872
2023-08-26 14:00:00-07:00,TH_SP15_GEN-APND,40.71162
2023-08-26 14:00:00-07:00,TH_ZP26_GEN-APND,37.24993
2023-08-26 15:00:00-07:00,TH_NP15_GEN-APND,45.5556
2023-08-26 15:00:00-07:00,TH_SP15_GEN-APND,44.13
2023-08-26 15:00:00-07:00,TH_ZP26_GEN-APND,42.52238
2023-08-26 16:00:00-07:00,TH_NP15_GEN-APND,47.85678
2023-08-26 16:00:00-07:00,TH_SP15_GEN-APND,47.43884
2023-08-26 16:00:00-07:00,TH_ZP26_GEN-APND,45.77199
2023-08-26 17:00:00-07:00,TH_NP15_GEN-APND,56.81668
2023-08-26 17:00:00-07:00,TH_SP15_GEN-APND,59.4605
2023-08-26 17:00:00-07:00,TH_ZP26_GEN-APND,55.66223
2023-08-26 18:00:00-07:00,TH_NP15_GEN-APND,63.52
2023-08-26 18:00:00-07:00,TH_SP15_GEN-APND,77.3937
2023-08-26 18:00:00-07:00,TH_ZP26_GEN-APND,63.5939
2023-08-26 19:00:00-07:00,TH_NP15_GEN-APND,72.08866
2023-08-26 19:00:00-07:00,TH_SP15_GEN-APND,99.36647
2023-08-26 19:00:00-07:00,TH_ZP26_GEN-APND,73.35979
2023-08-26 20:00:00-07:00,TH_NP15_GEN-APND,57.86214
2023-08-26 20:00:00-07:00,TH_SP15_GEN-APND,72.51466
2023-08-26 20:00:00-07:00,TH_ZP26_GEN-APND,58.95457
2023-08-26 21:00:00-07:00,TH_NP15_GEN-APND,55.99
2023-08-26 21:00:00-07:00,TH_SP15_GEN-APND,71.93279
2023-08-26 21:00:00-07:00,TH_ZP26_GEN-APND,56.90785
2023-08-26 22:00:00-07:00,TH_NP15_GEN-APND,51.63456
2023-08-26 22:00:00-07:00,TH_SP15_GEN-APND,57.17
2023-08-26 22:00:00-07:00,TH_ZP26_GEN-APND,51.54815
2023-08-26 23:00:00-07:00,TH_NP15_GEN-APND,52.83379
2023-08-26 23:00:00-07:00,TH_SP15_GEN-APND,55.01619
2023-08-26 23:00:00-07:00,TH_ZP26_GEN-APND,53.1
2023-08-27 00:00:00-07:00,TH_NP15_GEN-APND,49.5261
2023-08-27 00:00:00-07:00,TH_SP15_GEN-APND,58.8229
2023-08-27 00:00:00-07:00,TH_ZP26_GEN-APND,49.72425
2023-08-27 01:00:00-07:00,TH_NP15_GEN-APND,49.10226
2023-08-27 01:00:00-07:00,TH_SP15_GEN-APND,54.72112
2023-08-27 01:00:00-07:00,TH_ZP26_GEN-APND,49.2977
2023-08-27 02:00:00-07:00,TH_NP15_GEN-APND,46.10092
2023-08-27 02:00:00-07:00,TH_SP15_GEN-APND,53.08696
2023-08-27 02:00:00-07:00,TH_ZP26_GEN-APND,46.28439
2023-08-27 03:00:00-07:00,TH_NP15_GEN-APND,45.49643
2023-08-27 03:00:00-07:00,TH_SP15_GEN-APND,47.37822
2023-08-27 03:00:00-07:00,TH_ZP26_GEN-APND,45.59647
2023-08-27 04:00:00-07:00,TH_NP15_GEN-APND,44.78509
2023-08-27 04:00:00-07:00,TH_SP15_GEN-APND,46.2892
2023-08-27 04:00:00-07:00,TH_ZP26_GEN-APND,44.70268
2023-08-27 05:00:00-07:00,TH_NP15_GEN-APND,47.53424
2023-08-27 05:00:00-07:00,TH_SP15_GEN-APND,48.81135
2023-08-27 05:00:00-07:00,TH_ZP26_GEN-APND,47.2729
2023-08-27 06:00:00-07:00,TH_NP15_GEN-APND,51.10375
2023-08-27 06:00:00-07:00,TH_SP15_GEN-APND,52.4407
2023-08-27 06:00:00-07:00,TH_ZP26_GEN-APND,50.65937
2023-08-27 07:00:00-07:00,TH_NP15_GEN-APND,40.18946
2023-08-27 07:00:00-07:00,TH_SP15_GEN-APND,39.12421
2023-08-27 07:00:00-07:00,TH_ZP26_GEN-APND,38.72869
2023-08-27 08:00:00-07:00,TH_NP15_GEN-APND,37.14919
2023-08-27 08:00:00-07:00,TH_SP15_GEN-APND,22.60592
2023-08-27 08:00:00-07:00,TH_ZP26_GEN-APND,19.58
2023-08-27 09:00:00-07:00,TH_NP15_GEN-APND,34.0
2023-08-27 09:00:00-07:00,TH_SP15_GEN-APND,17.9789
2023-08-27 09:00:00-07:00,TH_ZP26_GEN-APND,13.18784
2023-08-27 10:00:00-07:00,TH_NP15_GEN-APND,33.3657
2023-08-27 10:00:00-07:00,TH_SP15_GEN-APND,19.24239
2023-08-27 10:00:00-07:00,TH_ZP26_GEN-APND,14.66
2023-08-27 11:00:00-07:00,TH_NP15_GEN-APND,35.35024
2023-08-27 11:00:00-07:00,TH_SP15_GEN-APND,21.63185
2023-08-27 11:00:00-07:00,TH_ZP26_GEN-APND,17.60557
2023-08-27 12:00:00-07:00,TH_NP15_GEN-APND,38.59428
2023-08-27 12:00:00-07:00,TH_SP15_GEN-APND,27.46947
2023-08-27 12:00:00-07:00,TH_ZP26_GEN-APND,24.67922
2023-08-27 13:00:00-07:00,TH_NP15_GEN-APND,38.87301
2023-08-27 13:00:00-07:00,TH_SP15_GEN-APND,33.08513
2023-08-27 13:00:00-07:00,TH_ZP26_GEN-APND,30.84985
2023-08-27 14:00:00-07:00,TH_NP15_GEN-APND,44.84619
2023-08-27 14:00:00-07:00,TH_SP15_GEN-APND,43.85263
2023-08-27 14:00:00-07:00,TH_ZP26_GEN-APND,42.71
2023-08-27 15:00:00-07:00,TH_NP15_GEN-APND,49.46704
2023-08-27 15:00:00-07:00,TH_SP15_GEN-APND,48.08014
2023-08-27 15:00:00-07:00,TH_ZP26_GEN-APND,46.79383
2023-08-27 16:00:00-07:00,TH_NP15_GEN-APND,49.57175
2023-08-27 16:00:00-07:00,TH_SP15_GEN-APND,49.32172
2023-08-27 16:00:00-07:00,TH_ZP26_GEN-APND,46.87758
2023-08-27 17:00:00-07:00,TH_NP15_GEN-APND,63.7597
2023-08-27 17:00:00-07:00,TH_SP15_GEN-APND,68.27876
2023-08-27 17:00:00-07:00,TH_ZP26_GEN-APND,61.55052
2023-08-27 18:00:00-07:00,TH_NP15_GEN-APND,69.7618
2023-08-27 18:00:00-07:00,TH_SP15_GEN-APND,88.5167
2023-08-27 18:00:00-07:00,TH_ZP26_GEN-APND,68.38908
2023-08-27 19:00:00-07:00,TH_NP15_GEN-APND,78.89446
2023-08-27 19:00:00-07:00,TH_SP15_GEN-APND,129.4217
2023-08-27 19:00:00-07:00,TH_ZP26_GEN-APND,77.35586
2023-08-27 20:00:00-07:00,TH_NP15_GEN-APND,64.92221
2023-08-27 20:00:00-07:00,TH_SP15_GEN-APND,86.24475
2023-08-27 20:00:00-07:00,TH_ZP26_GEN-APND,64.06015
2023-08-27 21:00:00-07:00,TH_NP15_GEN-APND,66.07636
2023-08-27 21:00:00-07:00,TH_SP15_GEN-APND,78.39048
2023-08-27 21:00:00-07:00,TH_ZP26_GEN-APND,65.5889
2023-08-27 22:00:00-07:00,TH_NP15_GEN-APND,58.28299
2023-08-27 22:00:00-07:00,TH_SP15_GEN-APND,63.41884
2023-08-27 22:00:00-07:00,TH_ZP26_GEN-APND,58.26047
2023-08-27 23:00:00-07:00,TH_NP15_GEN-APND,52.02
2023-08-27 23:00:00-07:00,TH_SP15_GEN-APND,58.92238
2023-08-27 23:00:00-07:00,TH_ZP26_GEN-APND,51.83594
2023-08-28 00:00:00-07:00,TH_NP15_GEN-APND,48.98206
2023-08-28 00:00:00-07:00,TH_SP15_GEN-APND,70.76981
2023-08-28 00:00:00-07:00,TH_ZP26_GEN-APND,48.79874
2023-08-28 01:00:00-07:00,TH_NP15_GEN-APND,45.07784
2023-08-28 01:00:00-07:00,TH_SP15_GEN-APND,63.42353
2023-08-28 01:00:00-07:00,TH_ZP26_GEN-APND,45.0019
2023-08-28 02:00:00-07:00,TH_NP15_GEN-APND,44.5454
2023-08-28 02:00:00-07:00,TH_SP15_GEN-APND,58.33
2023-08-28 02:00:00-07:00,TH_ZP26_GEN-APND,44.47744
2023-08-28 03:00:00-07:00,TH_NP15_GEN-APND,43.46963
2023-08-28 03:00:00-07:00,TH_SP15_GEN-APND,55.93973
2023-08-28 03:00:00-07:00,TH_ZP26_GEN-APND,43.44551
2023-08-28 04:00:00-07:00,TH_NP15_GEN-APND,44.49
2023-08-28 04:00:00-07:00,TH_SP15_GEN-APND,59.601
2023-08-28 04:00:00-07:00,TH_ZP26_GEN-APND,44.48122
2023-08-28 05:00:00-07:00,TH_NP15_GEN-APND,48.57
2023-08-28 05:00:00-07:00,TH_SP15_GEN-APND,71.21511
2023-08-28 05:00:00-07:00,TH_ZP26_GEN-APND,48.47419
2023-08-28 06:00:00-07:00,TH_NP15_GEN-APND,59.66653
2023-08-28 06:00:00-07:00,TH_SP15_GEN-APND,87.4
2023-08-28 06:00:00-07:00,TH_ZP26_GEN-APND,59.63651
2023-08-28 07:00:00-07:00,TH_NP15_GEN-APND,53.06963
2023-08-28 07:00:00-07:00,TH_SP15_GEN-APND,54.44045
2023-08-28 07:00:00-07:00,TH_ZP26_GEN-APND,52.03046
2023-08-28 08:00:00-07:00,TH_NP15_GEN-APND,43.4802
2023-08-28 08:00:00-07:00,TH_SP15_GEN-APND,43.15486
2023-08-28 08:00:00-07:00,TH_ZP26_GEN-APND,41.32313
2023-08-28 09:00:00-07:00,TH_NP15_GEN-APND,43.18413
2023-08-28 09:00:00-07:00,TH_SP15_GEN-APND,42.6263
2023-08-28 09:00:00-07:00,TH_ZP26_GEN-APND,40.55536
2023-08-28 10:00:00-07:00,TH_NP15_GEN-APND,44.55564
2023-08-28 10:00:00-07:00,TH_SP15_GEN-APND,44.45294
2023-08-28 10:00:00-07:00,TH_ZP26_GEN-APND,42.15571
2023-08-28 11:00:00-07:00,TH_NP15_GEN-APND,46.43174
2023-08-28 11:00:00-07:00,TH_SP15_GEN-APND,55.70108
2023-08-28 11:00:00-07:00,TH_ZP26_GEN-APND,42.5476
2023-08-28 12:00:00-07:00,TH_NP15_GEN-APND,50.49213
2023-08-28 12:00:00-07:00,TH_SP15_GEN-APND,63.59
2023-08-28 12:00:00-07:00,TH_ZP26_GEN-APND,45.33
2023-08-28 13:00:00-07:00,TH_NP15_GEN-APND,51.55677
2023-08-28 13:00:00-07:00,TH_SP15_GEN-APND,72.24139
2023-08-28 13:00:00-07:00,TH_ZP26_GEN-APND,45.80393
2023-08-28 14:00:00-07:00,TH_NP15_GEN-APND,59.00395
2023-08-28 14:00:00-07:00,TH_SP15_GEN-APND,86.42713
2023-08-28 14:00:00-07:00,TH_ZP26_GEN-APND,51.95
2023-08-28 15:00:00-07:00,TH_NP15_GEN-APND,69.58921
2023-08-28 15:00:00-07:00,TH_SP15_GEN-APND,90.37793
2023-08-28 15:00:00-07:00,TH_ZP26_GEN-APND,63.48183
2023-08-28 16:00:00-07:00,TH_NP15_GEN-APND,75.25498
2023-08-28 16:00:00-07:00,TH_SP15_GEN-APND,110.0
2023-08-28 16:00:00-07:00,TH_ZP26_GEN-APND,66.68
2023-08-28 17:00:00-07:00,TH_NP15_GEN-APND,91.62089
2023-08-28 17:00:00-07:00,TH_SP15_GEN-APND,217.39
2023-08-28 17:00:00-07:00,TH_ZP26_GEN-APND,71.09444
2023-08-28 18:00:00-07:00,TH_NP15_GEN-APND,134.91005
2023-08-28 18:00:00-07:00,TH_SP15_GEN-APND,449.06583
2023-08-28 18:00:00-07:00,TH_ZP26_GEN-APND,135.0
2023-08-28 19:00:00-07:00,TH_NP15_GEN-APND,141.90897
2023-08-28 19:00:00-07:00,TH_SP15_GEN-APND,450.0
2023-08-28 19:00:00-07:00,TH_ZP26_GEN-APND,148.03047
2023-08-28 20:00:00-07:00,TH_NP15_GEN-APND,85.5
2023-08-28 20:00:00-07:00,TH_SP15_GEN-APND,227.21506
2023-08-28 20:00:00-07:00,TH_ZP26_GEN-APND,87.64206
2023-08-28 21:00:00-07:00,TH_NP15_GEN-APND,69.82488
2023-08-28 21:00:00-07:00,TH_SP15_GEN-APND,124.09198
2023-08-28 21:00:00-07:00,TH_ZP26_GEN-APND,70.40763
2023-08-28 22:00:00-07:00,TH_NP15_GEN-APND,58.36183
2023-08-28 22:00:00-07:00,TH_SP15_GEN-APND,81.15299
2023-08-28 22:00:00-07:00,TH_ZP26_GEN-APND,58.19502
2023-08-28 23:00:00-07:00,TH_NP15_GEN-APND,53.38424
2023-08-28 23:00:00-07:00,TH_SP15_GEN-APND,74.47815
2023-08-28 23:00:00-07:00,TH_ZP26_GEN-APND,53.49519
2023-08-29 00:00:00-07:00,TH_NP15_GEN-APND,51.08
2023-08-29 00:00:00-07:00,TH_SP15_GEN-APND,69.44861
2023-08-29 00:00:00-07:00,TH_ZP26_GEN-APND,51.0574
2023-08-29 01:00:00-07:00,TH_NP15_GEN-APND,49.48
2023-08-29 01:00:00-07:00,TH_SP15_GEN-APND,65.0
2023-08-29 01:00:00-07:00,TH_ZP26_GEN-APND,49.60159
2023-08-29 02:00:00-07:00,TH_NP15_GEN-APND,48.08
2023-08-29 02:00:00-07:00,TH_SP15_GEN-APND,63.01069
2023-08-29 02:00:00-07:00,TH_ZP26_GEN-APND,48.26586
2023-08-29 03:00:00-07:00,TH_NP15_GEN-APND,46.80168
2023-08-29 03:00:00-07:00,TH_SP15_GEN-APND,61.09183
2023-08-29 03:00:00-07:00,TH_ZP26_GEN-APND,46.96599
2023-08-29 04:00:00-07:00,TH_NP15_GEN-APND,46.7824
2023-08-29 04:00:00-07:00,TH_SP15_GEN-APND,59.94891
2023-08-29 04:00:00-07:00,TH_ZP26_GEN-APND,46.88473
2023-08-29 05:00:00-07:00,TH_NP15_GEN-APND,51.1804
2023-08-29 05:00:00-07:00,TH_SP15_GEN-APND,66.32329
2023-08-29 05:00:00-07:00,TH_ZP26_GEN-APND,51.32767
2023-08-29 06:00:00-07:00,TH_NP15_GEN-APND,62.8723
2023-08-29 06:00:00-07:00,TH_SP15_GEN-APND,71.02762
2023-08-29 06:00:00-07:00,TH_ZP26_GEN-APND,63.34389
2023-08-29 07:00:00-07:00,TH_NP15_GEN-APND,48.53543
2023-08-29 07:00:00-07:00,TH_SP15_GEN-APND,53.61163
2023-08-29 07:00:00-07:00,TH_ZP26_GEN-APND,47.98404
2023-08-29 08:00:00-07:00,TH_NP15_GEN-APND,40.19678
2023-08-29 08:00:00-07:00,TH_SP15_GEN-APND,40.3478
2023-08-29 08:00:00-07:00,TH_ZP26_GEN-APND,38.60745
2023-08-29 09:00:00-07:00,TH_NP15_GEN-APND,40.43731
2023-08-29 09:00:00-07:00,TH_SP15_GEN-APND,40.29162
2023-08-29 09:00:00-07:00,TH_ZP26_GEN-APND,38.62753
2023-08-29 10:00:00-07:00,TH_NP15_GEN-APND,44.21257
2023-08-29 10:00:00-07:00,TH_SP15_GEN-APND,43.23456
2023-08-29 10:00:00-07:00,TH_ZP26_GEN-APND,42.08422
2023-08-29 11:00:00-07:00,TH_NP15_GEN-APND,45.85367
2023-08-29 11:00:00-07:00,TH_SP15_GEN-APND,49.5954
2023-08-29 11:00:00-07:00,TH_ZP26_GEN-APND,43.99781
2023-08-29 12:00:00-07:00,TH_NP15_GEN-APND,46.60148
2023-08-29 12:00:00-07:00,TH_SP15_GEN-APND,59.46208
2023-08-29 12:00:00-07:00,TH_ZP26_GEN-APND,42.82027
2023-08-29 13:00:00-07:00,TH_NP15_GEN-APND,48.65391
2023-08-29 13:00:00-07:00,TH_SP15_GEN-APND,78.9295
2023-08-29 13:00:00-07:00,TH_ZP26_GEN-APND,42.72424
2023-08-29 14:00:00-07:00,TH_NP15_GEN-APND,48.0
2023-08-29 14:00:00-07:00,TH_SP15_GEN-APND,99.60048
2023-08-29 14:00:00-07:00,TH_ZP26_GEN-APND,39.16701
2023-08-29 15:00:00-07:00,TH_NP15_GEN-APND,54.4792
2023-08-29 15:00:00-07:00,TH_SP15_GEN-APND,111.0
2023-08-29 15:00:00-07:00,TH_ZP26_GEN-APND,45.5811
2023-08-29 16:00:00-07:00,TH_NP15_GEN-APND,59.84
2023-08-29 16:00:00-07:00,TH_SP15_GEN-APND,116.78126
2023-08-29 16:00:00-07:00,TH_ZP26_GEN-APND,51.00839
2023-08-29 17:00:00-07:00,TH_NP15_GEN-APND,67.00305
2023-08-29 17:00:00-07:00,TH_SP15_GEN-APND,156.56068
2023-08-29 17:00:00-07:00,TH_ZP26_GEN-APND,58.36043
2023-08-29 18:00:00-07:00,TH_NP15_GEN-APND,101.42085
2023-08-29 18:00:00-07:00,TH_SP15_GEN-APND,300.0
2023-08-29 18:00:00-07:00,TH_ZP26_GEN-APND,106.27
2023-08-29 19:00:00-07:00,TH_NP15_GEN-APND,118.08708
2023-08-29 19:00:00-07:00,TH_SP15_GEN-APND,348.85678
2023-08-29 19:00:00-07:00,TH_ZP26_GEN-APND,125.8
2023-08-29 20:00:00-07:00,TH_NP15_GEN-APND,72.8765
2023-08-29 20:00:00-07:00,TH_SP15_GEN-APND,185.28699
2023-08-29 20:00:00-07:00,TH_ZP26_GEN-APND,75.07137
2023-08-29 21:00:00-07:00,TH_NP15_GEN-APND,61.87635
2023-08-29 21:00:00-07:00,TH_SP15_GEN-APND,140.94885
2023-08-29 21:00:00-07:00,TH_ZP26_GEN-APND,63.55774
2023-08-29 22:00:00-07:00,TH_NP15_GEN-APND,55.37041
2023-08-29 22:00:00-07:00,TH_SP15_GEN-APND,99.0
2023-08-29 22:00:00-07:00,TH_ZP26_GEN-APND,55.39293
2023-08-29 23:00:00-07:00,TH_NP15_GEN-APND,55.32219
2023-08-29 23:00:00-07:00,TH_SP15_GEN-APND,91.20683
2023-08-29 23:00:00-07:00,TH_ZP26_GEN-APND,55.31534
2023-08-30 00:00:00-07:00,TH_NP15_GEN-APND,48.36704
2023-08-30 00:00:00-07:00,TH_SP15_GEN-APND,57.39944
2023-08-30 00:00:00-07:00,TH_ZP26_GEN-APND,48.89928
2023-08-30 01:00:00-07:00,TH_NP15_GEN-APND,46.55097
2023-08-30 01:00:00-07:00,TH_SP15_GEN-APND,50.80407
2023-08-30 01:00:00-07:00,TH_ZP26_GEN-APND,46.91206
2023-08-30 02:00:00-07:00,TH_NP15_GEN-APND,47.14456
2023-08-30 02:00:00-07:00,TH_SP15_GEN-APND,49.45666
2023-08-30 02:00:00-07:00,TH_ZP26_GEN-APND,47.42637
2023-08-30 03:00:00-07:00,TH_NP15_GEN-APND,44.86674
2023-08-30 03:00:00-07:00,TH_SP15_GEN-APND,47.08913
2023-08-30 03:00:00-07:00,TH_ZP26_GEN-APND,45.09945
2023-08-30 04:00:00-07:00,TH_NP15_GEN-APND,45.32873
2023-08-30 04:00:00-07:00,TH_SP15_GEN-APND,47.62052
2023-08-30 04:00:00-07:00,TH_ZP26_GEN-APND,45.66647
2023-08-30 05:00:00-07:00,TH_NP15_GEN-APND,53.28987
2023-08-30 05:00:00-07:00,TH_SP15_GEN-APND,55.93323
2023-08-30 05:00:00-07:00,TH_ZP26_GEN-APND,53.69793
2023-08-30 06:00:00-07:00,TH_NP15_GEN-APND,55.76947
2023-08-30 06:00:00-07:00,TH_SP15_GEN-APND,66.19402
2023-08-30 06:00:00-07:00,TH_ZP26_GEN-APND,56.38
2023-08-30 07:00:00-07:00,TH_NP15_GEN-APND,47.77019
2023-08-30 07:00:00-07:00,TH_SP15_GEN-APND,48.87543
2023-08-30 07:00:00-07:00,TH_ZP26_GEN-APND,46.90051
2023-08-30 08:00:00-07:00,TH_NP15_GEN-APND,38.51063
2023-08-30 08:00:00-07:00,TH_SP15_GEN-APND,37.85
2023-08-30 08:00:00-07:00,TH_ZP26_GEN-APND,36.52718
2023-08-30 09:00:00-07:00,TH_NP15_GEN-APND,35.07682
2023-08-30 09:00:00-07:00,TH_SP15_GEN-APND,34.52
2023-08-30 09:00:00-07:00,TH_ZP26_GEN-APND,32.06199
2023-08-30 10:00:00-07:00,TH_NP15_GEN-APND,36.46197
2023-08-30 10:00:00-07:00,TH_SP15_GEN-APND,36.50074
2023-08-30 10:00:00-07:00,TH_ZP26_GEN-APND,34.47377
2023-08-30 11:00:00-07:00,TH_NP15_GEN-APND,39.93166
2023-08-30 11:00:00-07:00,TH_SP15_GEN-APND,41.28
2023-08-30 11:00:00-07:00,TH_ZP26_GEN-APND,37.85918
2023-08-30 12:00:00-07:00,TH_NP15_GEN-APND,40.59461
2023-08-30 12:00:00-07:00,TH_SP15_GEN-APND,46.8165
2023-08-30 12:00:00-07:00,TH_ZP26_GEN-APND,38.3516
2023-08-30 13:00:00-07:00,TH_NP15_GEN-APND,44.20311
2023-08-30 13:00:00-07:00,TH_SP15_GEN-APND,56.25685
2023-08-30 13:00:00-07:00,TH_ZP26_GEN-APND,39.77465
2023-08-30 14:00:00-07:00,TH_NP15_GEN-APND,51.29291
2023-08-30 14:00:00-07:00,TH_SP15_GEN-APND,66.09
2023-08-30 14:00:00-07:00,TH_ZP26_GEN-APND,46.03413
2023-08-30 15:00:00-07:00,TH_NP15_GEN-APND,52.73216
2023-08-30 15:00:00-07:00,TH_SP15_GEN-APND,88.31199
2023-08-30 15:00:00-07:00,TH_ZP26_GEN-APND,44.44804
2023-08-30 16:00:00-07:00,TH_NP15_GEN-APND,56.38666
2023-08-30 16:00:00-07:00,TH_SP15_GEN-APND,92.18781
2023-08-30 16:00:00-07:00,TH_ZP26_GEN-APND,47.20052
2023-08-30 17:00:00-07:00,TH_NP15_GEN-APND,62.79321
2023-08-30 17:00:00-07:00,TH_SP15_GEN-APND,117.58128
2023-08-30 17:00:00-07:00,TH_ZP26_GEN-APND,51.23417
2023-08-30 18:00:00-07:00,TH_NP15_GEN-APND,113.45
2023-08-30 18:00:00-07:00,TH_SP15_GEN-APND,276.0
2023-08-30 18:00:00-07:00,TH_ZP26_GEN-APND,110.62
2023-08-30 19:00:00-07:00,TH_NP15_GEN-APND,99.24112
2023-08-30 19:00:00-07:00,TH_SP15_GEN-APND,300.0
2023-08-30 19:00:00-07:00,TH_ZP26_GEN-APND,103.75892
2023-08-30 20:00:00-07:00,TH_NP15_GEN-APND,64.47
2023-08-30 20:00:00-07:00,TH_SP15_GEN-APND,127.73169
2023-08-30 20:00:00-07:00,TH_ZP26_GEN-APND,65.373
2023-08-30 21:00:00-07:00,TH_NP15_GEN-APND,59.29973
2023-08-30 21:00:00-07:00,TH_SP15_GEN-APND,116.65649
2023-08-30 21:00:00-07:00,TH_ZP26_GEN-APND,60.04749
2023-08-30 22:00:00-07:00,TH_NP15_GEN-APND,53.13229
2023-08-30 22:00:00-07:00,TH_SP15_GEN-APND,87.71552
2023-08-30 22:00:00-07:00,TH_ZP26_GEN-APND,53.56596
2023-08-30 23:00:00-07:00,TH_NP15_GEN-APND,52.41564
2023-08-30 23:00:00-07:00,TH_SP15_GEN-APND,70.00541
2023-08-30 23:00:00-07:00,TH_ZP26_GEN-APND,52.80765
2023-08-31 00:00:00-07:00,TH_NP15_GEN-APND,46.09522
2023-08-31 00:00:00-07:00,TH_SP15_GEN-APND,46.66896
2023-08-31 00:00:00-07:00,TH_ZP26_GEN-APND,45.61923
2023-08-31 01:00:00-07:00,TH_NP15_GEN-APND,43.18589
2023-08-31 01:00:00-07:00,TH_SP15_GEN-APND,43.09325
2023-08-31 01:00:00-07:00,TH_ZP26_GEN-APND,42.42716
2023-08-31 02:00:00-07:00,TH_NP15_GEN-APND,43.87786
2023-08-31 02:00:00-07:00,TH_SP15_GEN-APND,43.85992
2023-08-31 02:00:00-07:00,TH_ZP26_GEN-APND,43.10673
2023-08-31 03:00:00-07:00,TH_NP15_GEN-APND,42.43711
2023-08-31 03:00:00-07:00,TH_SP15_GEN-APND,42.474
2023-08-31 03:00:00-07:00,TH_ZP26_GEN-APND,41.81686
2023-08-31 04:00:00-07:00,TH_NP15_GEN-APND,42.58551
2023-08-31 04:00:00-07:00,TH_SP15_GEN-APND,42.54082
2023-08-31 04:00:00-07:00,TH_ZP26_GEN-APND,41.95359
2023-08-31 05:00:00-07:00,TH_NP15_GEN-APND,49.48788
2023-08-31 05:00:00-07:00,TH_SP15_GEN-APND,48.95147
2023-08-31 05:00:00-07:00,TH_ZP26_GEN-APND,48.47182
2023-08-31 06:00:00-07:00,TH_NP15_GEN-APND,52.10921
2023-08-31 06:00:00-07:00,TH_SP15_GEN-APND,51.92848
2023-08-31 06:00:00-07:00,TH_ZP26_GEN-APND,51.26402
2023-08-31 07:00:00-07:00,TH_NP15_GEN-APND,45.62689
2023-08-31 07:00:00-07:00,TH_SP15_GEN-APND,44.07631
2023-08-31 07:00:00-07:00,TH_ZP26_GEN-APND,43.78317
2023-08-31 08:00:00-07:00,TH_NP15_GEN-APND,38.87022
2023-08-31 08:00:00-07:00,TH_SP15_GEN-APND,31.76987
2023-08-31 08:00:00-07:00,TH_ZP26_GEN-APND,29.94597
2023-08-31 09:00:00-07:00,TH_NP15_GEN-APND,31.59928
2023-08-31 09:00:00-07:00,TH_SP15_GEN-APND,29.33771
2023-08-31 09:00:00-07:00,TH_ZP26_GEN-APND,25.02
2023-08-31 10:00:00-07:00,TH_NP15_GEN-APND,30.13558
2023-08-31 10:00:00-07:00,TH_SP15_GEN-APND,27.06631
2023-08-31 10:00:00-07:00,TH_ZP26_GEN-APND,22.78084
2023-08-31 11:00:00-07:00,TH_NP15_GEN-APND,32.6169
2023-08-31 11:00:00-07:00,TH_SP15_GEN-APND,30.15845
2023-08-31 11:00:00-07:00,TH_ZP26_GEN-APND,26.52909
2023-08-31 12:00:00-07:00,TH_NP15_GEN-APND,33.93954
2023-08-31 12:00:00-07:00,TH_SP15_GEN-APND,30.94
2023-08-31 12:00:00-07:00,TH_ZP26_GEN-APND,28.43644
2023-08-31 13:00:00-07:00,TH_NP15_GEN-APND,40.90494
2023-08-31 13:00:00-07:00,TH_SP15_GEN-APND,35.40585
2023-08-31 13:00:00-07:00,TH_ZP26_GEN-APND,33.56291
2023-08-31 14:00:00-07:00,TH_NP15_GEN-APND,42.91542
2023-08-31 14:00:00-07:00,TH_SP15_GEN-APND,39.18822
2023-08-31 14:00:00-07:00,TH_ZP26_GEN-APND,37.78097
2023-08-31 15:00:00-07:00,TH_NP15_GEN-APND,43.92857
2023-08-31 15:00:00-07:00,TH_SP15_GEN-APND,41.90975
2023-08-31 15:00:00-07:00,TH_ZP26_GEN-APND,41.10474
2023-08-31 16:00:00-07:00,TH_NP15_GEN-APND,46.57733
2023-08-31 16:00:00-07:00,TH_SP15_GEN-APND,46.6824
2023-08-31 16:00:00-07:00,TH_ZP26_GEN-APND,44.55551
2023-08-31 17:00:00-07:00,TH_NP15_GEN-APND,55.82087
2023-08-31 17:00:00-07:00,TH_SP15_GEN-APND,58.64429
2023-08-31 17:00:00-07:00,TH_ZP26_GEN-APND,54.91053
2023-08-31 18:00:00-07:00,TH_NP15_GEN-APND,63.29708
2023-08-31 18:00:00-07:00,TH_SP15_GEN-APND,67.41132
2023-08-31 18:00:00-07:00,TH_ZP26_GEN-APND,64.33665
2023-08-31 19:00:00-07:00,TH_NP15_GEN-APND,67.54493
2023-08-31 19:00:00-07:00,TH_SP15_GEN-APND,72.11628
2023-08-31 19:00:00-07:00,TH_ZP26_GEN-APND,69.39384
2023-08-31 20:00:00-07:00,TH_NP15_GEN-APND,57.54622
2023-08-31 20:00:00-07:00,TH_SP15_GEN-APND,61.06706
2023-08-31 20:00:00-07:00,TH_ZP26_GEN-APND,58.86567
2023-08-31 21:00:00-07:00,TH_NP15_GEN-APND,55.40192
2023-08-31 21:00:00-07:00,TH_SP15_GEN-APND,59.08075
2023-08-31 21:00:00-07:00,TH_ZP26_GEN-APND,56.65984
2023-08-31 22:00:00-07:00,TH_NP15_GEN-APND,48.87997
2023-08-31 22:00:00-07:00,TH_SP15_GEN-APND,49.85836
2023-08-31 22:00:00-07:00,TH_ZP26_GEN-APND,48.72197
2023-08-31 23:00:00-07:00,TH_NP15_GEN-APND,46.5584
2023-08-31 23:00:00-07:00,TH_SP15_GEN-APND,46.48672
2023-08-31 23:00:00-07:00,TH_ZP26_GEN-APND,45.89423
2023-09-01 00:00:00-07:00,TH_NP15_GEN-APND,41.41333
2023-09-01 00:00:00-07:00,TH_SP15_GEN-APND,42.71515
2023-09-01 00:00:00-07:00,TH_ZP26_GEN-APND,41.83229
2023-09-01 01:00:00-07:00,TH_NP15_GEN-APND,38.97
2023-09-01 01:00:00-07:00,TH_SP15_GEN-APND,39.80953
2023-09-01 01:00:00-07:00,TH_ZP26_GEN-APND,39.1583
2023-09-01 02:00:00-07:00,TH_NP15_GEN-APND,38.60595
2023-09-01 02:00:00-07:00,TH_SP15_GEN-APND,39.10688
2023-09-01 02:00:00-07:00,TH_ZP26_GEN-APND,38.64222
2023-09-01 03:00:00-07:00,TH_NP15_GEN-APND,36.84439
2023-09-01 03:00:00-07:00,TH_SP15_GEN-APND,37.13485
2023-09-01 03:00:00-07:00,TH_ZP26_GEN-APND,36.79265
2023-09-01 04:00:00-07:00,TH_NP15_GEN-APND,37.04713
2023-09-01 04:00:00-07:00,TH_SP15_GEN-APND,37.44987
2023-09-01 04:00:00-07:00,TH_ZP26_GEN-APND,37.06828
2023-09-01 05:00:00-07:00,TH_NP15_GEN-APND,43.53827
2023-09-01 05:00:00-07:00,TH_SP15_GEN-APND,43.35337
2023-09-01 05:00:00-07:00,TH_ZP26_GEN-APND,43.15384
2023-09-01 06:00:00-07:00,TH_NP15_GEN-APND,42.98221
2023-09-01 06:00:00-07:00,TH_SP15_GEN-APND,43.01681
2023-09-01 06:00:00-07:00,TH_ZP26_GEN-APND,42.69462
2023-09-01 07:00:00-07:00,TH_NP15_GEN-APND,38.71625
2023-09-01 07:00:00-07:00,TH_SP15_GEN-APND,37.78813
2023-09-01 07:00:00-07:00,TH_ZP26_GEN-APND,37.51843
2023-09-01 08:00:00-07:00,TH_NP15_GEN-APND,32.04465
2023-09-01 08:00:00-07:00,TH_SP15_GEN-APND,30.66391
2023-09-01 08:00:00-07:00,TH_ZP26_GEN-APND,30.08216
2023-09-01 09:00:00-07:00,TH_NP15_GEN-APND,31.39554
2023-09-01 09:00:00-07:00,TH_SP15_GEN-APND,27.60624
2023-09-01 09:00:00-07:00,TH_ZP26_GEN-APND,26.46981
2023-09-01 10:00:00-07:00,TH_NP15_GEN-APND,29.36948
2023-09-01 10:00:00-07:00,TH_SP15_GEN-APND,25.8861
2023-09-01 10:00:00-07:00,TH_ZP26_GEN-APND,24.42014
2023-09-01 11:00:00-07:00,TH_NP15_GEN-APND,28.26638
2023-09-01 11:00:00-07:00,TH_SP15_GEN-APND,26.78922
2023-09-01 11:00:00-07:00,TH_ZP26_GEN-APND,25.47349
2023-09-01 12:00:00-07:00,TH_NP15_GEN-APND,28.80462
2023-09-01 12:00:00-07:00,TH_SP15_GEN-APND,27.33077
2023-09-01 12:00:00-07:00,TH_ZP26_GEN-APND,26.05271
2023-09-01 13:00:00-07:00,TH_NP15_GEN-APND,30.80519
2023-09-01 13:00:00-07:00,TH_SP15_GEN-APND,29.23261
2023-09-01 13:00:00-07:00,TH_ZP26_GEN-APND,28.45699
2023-09-01 14:00:00-07:00,TH_NP15_GEN-APND,32.82339
2023-09-01 14:00:00-07:00,TH_SP15_GEN-APND,31.7597
2023-09-01 14:00:00-07:00,TH_ZP26_GEN-APND,30.84688
2023-09-01 15:00:00-07:00,TH_NP15_GEN-APND,36.90092
2023-09-01 15:00:00-07:00,TH_SP15_GEN-APND,36.62619
2023-09-01 15:00:00-07:00,TH_ZP26_GEN-APND,34.95744
2023-09-01 16:00:00-07:00,TH_NP15_GEN-APND,36.09725
2023-09-01 16:00:00-07:00,TH_SP15_GEN-APND,36.86568
2023-09-01 16:00:00-07:00,TH_ZP26_GEN-APND,34.91621
2023-09-01 17:00:00-07:00,TH_NP15_GEN-APND,46.8178
2023-09-01 17:00:00-07:00,TH_SP15_GEN-APND,48.73774
2023-09-01 17:00:00-07:00,TH_ZP26_GEN-APND,46.33161
2023-09-01 18:00:00-07:00,TH_NP15_GEN-APND,50.67246
2023-09-01 18:00:00-07:00,TH_SP15_GEN-APND,53.50558
2023-09-01 18:00:00-07:00,TH_ZP26_GEN-APND,51.38479
2023-09-01 19:00:00-07:00,TH_NP15_GEN-APND,53.98304
2023-09-01 19:00:00-07:00,TH_SP15_GEN-APND,57.80632
2023-09-01 19:00:00-07:00,TH_ZP26_GEN-APND,55.70564
2023-09-01 20:00:00-07:00,TH_NP15_GEN-APND,50.74583
2023-09-01 20:00:00-07:00,TH_SP15_GEN-APND,53.49977
2023-09-01 20:00:00-07:00,TH_ZP26_GEN-APND,51.93687
2023-09-01 21:00:00-07:00,TH_NP15_GEN-APND,50.25603
2023-09-01 21:00:00-07:00,TH_SP15_GEN-APND,52.94204
2023-09-01 21:00:00-07:00,TH_ZP26_GEN-APND,51.26329
2023-09-01 22:00:00-07:00,TH_NP15_GEN-APND,46.54673
2023-09-01 22:00:00-07:00,TH_SP15_GEN-APND,48.11214
2023-09-01 22:00:00-07:00,TH_ZP26_GEN-APND,46.89652
2023-09-01 23:00:00-07:00,TH_NP15_GEN-APND,42.85572
2023-09-01 23:00:00-07:00,TH_SP15_GEN-APND,44.29456
2023-09-01 23:00:00-07:00,TH_ZP26_GEN-APND,43.22
2023-09-02 00:00:00-07:00,TH_NP15_GEN-APND,40.35425
2023-09-02 00:00:00-07:00,TH_SP15_GEN-APND,40.7302
2023-09-02 00:00:00-07:00,TH_ZP26_GEN-APND,40.44293
2023-09-02 01:00:00-07:00,TH_NP15_GEN-APND,41.27771
2023-09-02 01:00:00-07:00,TH_SP15_GEN-APND,40.9716
2023-09-02 01:00:00-07:00,TH_ZP26_GEN-APND,41.00107
2023-09-02 02:00:00-07:00,TH_NP15_GEN-APND,40.02793
2023-09-02 02:00:00-07:00,TH_SP15_GEN-APND,39.9
2023-09-02 02:00:00-07:00,TH_ZP26_GEN-APND,39.81817
2023-09-02 03:00:00-07:00,TH_NP15_GEN-APND,39.0708
2023-09-02 03:00:00-07:00,TH_SP15_GEN-APND,38.83
2023-09-02 03:00:00-07:00,TH_ZP26_GEN-APND,38.81007
2023-09-02 04:00:00-07:00,TH_NP15_GEN-APND,39.01893
2023-09-02 04:00:00-07:00,TH_SP15_GEN-APND,38.61083
2023-09-02 04:00:00-07:00,TH_ZP26_GEN-APND,38.65051
2023-09-02 05:00:00-07:00,TH_NP15_GEN-APND,43.14486
2023-09-02 05:00:00-07:00,TH_SP15_GEN-APND,42.15638
2023-09-02 05:00:00-07:00,TH_ZP26_GEN-APND,42.40895
2023-09-02 06:00:00-07:00,TH_NP15_GEN-APND,42.21649
2023-09-02 06:00:00-07:00,TH_SP15_GEN-APND,41.33505
2023-09-02 06:00:00-07:00,TH_ZP26_GEN-APND,41.47548
2023-09-02 07:00:00-07:00,TH_NP15_GEN-APND,37.15
2023-09-02 07:00:00-07:00,TH_SP15_GEN-APND,35.93675
2023-09-02 07:00:00-07:00,TH_ZP26_GEN-APND,36.0
2023-09-02 08:00:00-07:00,TH_NP15_GEN-APND,31.58045
2023-09-02 08:00:00-07:00,TH_SP15_GEN-APND,30.37961
2023-09-02 08:00:00-07:00,TH_ZP26_GEN-APND,30.03816
2023-09-02 09:00:00-07:00,TH_NP15_GEN-APND,29.75787
2023-09-02 09:00:00-07:00,TH_SP15_GEN-APND,25.92044
2023-09-02 09:00:00-07:00,TH_ZP26_GEN-APND,25.02
2023-09-02 10:00:00-07:00,TH_NP15_GEN-APND,29.19891
2023-09-02 10:00:00-07:00,TH_SP15_GEN-APND,24.51077
2023-09-02 10:00:00-07:00,TH_ZP26_GEN-APND,23.32908
2023-09-02 11:00:00-07:00,TH_NP15_GEN-APND,29.13905
2023-09-02 11:00:00-07:00,TH_SP15_GEN-APND,23.70103
2023-09-02 11:00:00-07:00,TH_ZP26_GEN-APND,22.59029
2023-09-02 12:00:00-07:00,TH_NP15_GEN-APND,29.66638
2023-09-02 12:00:00-07:00,TH_SP15_GEN-APND,22.91051
2023-09-02 12:00:00-07:00,TH_ZP26_GEN-APND,21.89536
2023-09-02 13:00:00-07:00,TH_NP15_GEN-APND,30.1
2023-09-02 13:00:00-07:00,TH_SP15_GEN-APND,22.03
2023-09-02 13:00:00-07:00,TH_ZP26_GEN-APND,20.99345
2023-09-02 14:00:00-07:00,TH_NP15_GEN-APND,31.22692
2023-09-02 14:00:00-07:00,TH_SP15_GEN-APND,23.91733
2023-09-02 14:00:00-07:00,TH_ZP26_GEN-APND,22.78959
2023-09-02 15:00:00-07:00,TH_NP15_GEN-APND,34.57493
2023-09-02 15:00:00-07:00,TH_SP15_GEN-APND,28.7088
2023-09-02 15:00:00-07:00,TH_ZP26_GEN-APND,27.27285
2023-09-02 16:00:00-07:00,TH_NP15_GEN-APND,34.03273
2023-09-02 16:00:00-07:00,TH_SP15_GEN-APND,32.60773
2023-09-02 16:00:00-07:00,TH_ZP26_GEN-APND,32.00287
2023-09-02 17:00:00-07:00,TH_NP15_GEN-APND,42.79637
2023-09-02 17:00:00-07:00,TH_SP15_GEN-APND,42.42339
2023-09-02 17:00:00-07:00,TH_ZP26_GEN-APND,41.53701
2023-09-02 18:00:00-07:00,TH_NP15_GEN-APND,50.58949
2023-09-02 18:00:00-07:00,TH_SP15_GEN-APND,51.10336
2023-09-02 18:00:00-07:00,TH_ZP26_GEN-APND,50.27488
2023-09-02 19:00:00-07:00,TH_NP15_GEN-APND,51.87832
2023-09-02 19:00:00-07:00,TH_SP15_GEN-APND,55.82501
2023-09-02 19:00:00-07:00,TH_ZP26_GEN-APND,54.9742
2023-09-02 20:00:00-07:00,TH_NP15_GEN-APND,48.64502
2023-09-02 20:00:00-07:00,TH_SP15_GEN-APND,48.94112
2023-09-02 20:00:00-07:00,TH_ZP26_GEN-APND,48.59484
2023-09-02 21:00:00-07:00,TH_NP15_GEN-APND,45.62151
2023-09-02 21:00:00-07:00,TH_SP15_GEN-APND,45.86575
2023-09-02 21:00:00-07:00,TH_ZP26_GEN-APND,45.50409
2023-09-02 22:00:00-07:00,TH_NP15_GEN-APND,44.16307
2023-09-02 22:00:00-07:00,TH_SP15_GEN-APND,44.35009
2023-09-02 22:00:00-07:00,TH_ZP26_GEN-APND,44.07683
2023-09-02 23:00:00-07:00,TH_NP15_GEN-APND,41.35858
2023-09-02 23:00:00-07:00,TH_SP15_GEN-APND,40.97059
2023-09-02 23:00:00-07:00,TH_ZP26_GEN-APND,40.95793
2023-09-03 00:00:00-07:00,TH_NP15_GEN-APND,38.18475
2023-09-03 00:00:00-07:00,TH_SP15_GEN-APND,37.21499
2023-09-03 00:00:00-07:00,TH_ZP26_GEN-APND,37.26865
2023-09-03 01:00:00-07:00,TH_NP15_GEN-APND,38.18374
2023-09-03 01:00:00-07:00,TH_SP15_GEN-APND,37.19574
2023-09-03 01:00:00-07:00,TH_ZP26_GEN-APND,37.25318
2023-09-03 02:00:00-07:00,TH_NP15_GEN-APND,36.65014
2023-09-03 02:00:00-07:00,TH_SP15_GEN-APND,35.73881
2023-09-03 02:00:00-07:00,TH_ZP26_GEN-APND,35.78296
2023-09-03 03:00:00-07:00,TH_NP15_GEN-APND,34.84841
2023-09-03 03:00:00-07:00,TH_SP15_GEN-APND,33.94716
2023-09-03 03:00:00-07:00,TH_ZP26_GEN-APND,34.03449
2023-09-03 04:00:00-07:00,TH_NP15_GEN-APND,34.44654
2023-09-03 04:00:00-07:00,TH_SP15_GEN-APND,33.35223
2023-09-03 04:00:00-07:00,TH_ZP26_GEN-APND,33.51741
2023-09-03 05:00:00-07:00,TH_NP15_GEN-APND,34.83054
2023-09-03 05:00:00-07:00,TH_SP15_GEN-APND,33.82672
2023-09-03 05:00:00-07:00,TH_ZP26_GEN-APND,33.95219
2023-09-03 06:00:00-07:00,TH_NP15_GEN-APND,36.80757
2023-09-03 06:00:00-07:00,TH_SP15_GEN-APND,35.95424
2023-09-03 06:00:00-07:00,TH_ZP26_GEN-APND,35.96532
2023-09-03 07:00:00-07:00,TH_NP15_GEN-APND,30.86453
2023-09-03 07:00:00-07:00,TH_SP15_GEN-APND,29.69693
2023-09-03 07:00:00-07:00,TH_ZP26_GEN-APND,29.71844
2023-09-03 08:00:00-07:00,TH_NP15_GEN-APND,29.54773
2023-09-03 08:00:00-07:00,TH_SP15_GEN-APND,15.0
2023-09-03 08:00:00-07:00,TH_ZP26_GEN-APND,15.70491
2023-09-03 09:00:00-07:00,TH_NP15_GEN-APND,29.35208
2023-09-03 09:00:00-07:00,TH_SP15_GEN-APND,10.47402
2023-09-03 09:00:00-07:00,TH_ZP26_GEN-APND,10.80002
2023-09-03 10:00:00-07:00,TH_NP15_GEN-APND,28.15083
2023-09-03 10:00:00-07:00,TH_SP15_GEN-APND,8.65413
2023-09-03 10:00:00-07:00,TH_ZP26_GEN-APND,9.20013
2023-09-03 11:00:00-07:00,TH_NP15_GEN-APND,27.21647
2023-09-03 11:00:00-07:00,TH_SP15_GEN-APND,7.76826
2023-09-03 11:00:00-07:00,TH_ZP26_GEN-APND,5.47271
2023-09-03 12:00:00-07:00,TH_NP15_GEN-APND,24.97449
2023-09-03 12:00:00-07:00,TH_SP15_GEN-APND,7.45478
2023-09-03 12:00:00-07:00,TH_ZP26_GEN-APND,4.37535
2023-09-03 13:00:00-07:00,TH_NP15_GEN-APND,24.83542
2023-09-03 13:00:00-07:00,TH_SP15_GEN-APND,7.22692
2023-09-03 13:00:00-07:00,TH_ZP26_GEN-APND,4.17057
2023-09-03 14:00:00-07:00,TH_NP15_GEN-APND,24.48426
2023-09-03 14:00:00-07:00,TH_SP15_GEN-APND,7.63013
2023-09-03 14:00:00-07:00,TH_ZP26_GEN-APND,4.40364
2023-09-03 15:00:00-07:00,TH_NP15_GEN-APND,27.1558
2023-09-03 15:00:00-07:00,TH_SP15_GEN-APND,8.35
2023-09-03 15:00:00-07:00,TH_ZP26_GEN-APND,5.12318
2023-09-03 16:00:00-07:00,TH_NP15_GEN-APND,26.51148
2023-09-03 16:00:00-07:00,TH_SP15_GEN-APND,12.0
2023-09-03 16:00:00-07:00,TH_ZP26_GEN-APND,9.84159
2023-09-03 17:00:00-07:00,TH_NP15_GEN-APND,30.43971
2023-09-03 17:00:00-07:00,TH_SP15_GEN-APND,29.57
2023-09-03 17:00:00-07:00,TH_ZP26_GEN-APND,28.91234
2023-09-03 18:00:00-07:00,TH_NP15_GEN-APND,42.99933
2023-09-03 18:00:00-07:00,TH_SP15_GEN-APND,43.39671
2023-09-03 18:00:00-07:00,TH_ZP26_GEN-APND,42.28523
2023-09-03 19:00:00-07:00,TH_NP15_GEN-APND,48.67098
2023-09-03 19:00:00-07:00,TH_SP15_GEN-APND,48.85602
2023-09-03 19:00:00-07:00,TH_ZP26_GEN-APND,47.94582
2023-09-03 20:00:00-07:00,TH_NP15_GEN-APND,46.85749
2023-09-03 20:00:00-07:00,TH_SP15_GEN-APND,46.37044
2023-09-03 20:00:00-07:00,TH_ZP26_GEN-APND,45.85951
2023-09-03 21:00:00-07:00,TH_NP15_GEN-APND,43.20665
2023-09-03 21:00:00-07:00,TH_SP15_GEN-APND,42.94209
2023-09-03 21:00:00-07:00,TH_ZP26_GEN-APND,42.37329
2023-09-03 22:00:00-07:00,TH_NP15_GEN-APND,38.05989
2023-09-03 22:00:00-07:00,TH_SP15_GEN-APND,37.13843
2023-09-03 22:00:00-07:00,TH_ZP26_GEN-APND,36.96182
2023-09-03 23:00:00-07:00,TH_NP15_GEN-APND,37.03464
2023-09-03 23:00:00-07:00,TH_SP15_GEN-APND,36.08408
2023-09-03 23:00:00-07:00,TH_ZP26_GEN-APND,35.92378
2023-09-04 00:00:00-07:00,TH_NP15_GEN-APND,34.85985
2023-09-04 00:00:00-07:00,TH_SP15_GEN-APND,34.52
2023-09-04 00:00:00-07:00,TH_ZP26_GEN-APND,34.20493
2023-09-04 01:00:00-07:00,TH_NP15_GEN-APND,32.35241
2023-09-04 01:00:00-07:00,TH_SP15_GEN-APND,32.22074
2023-09-04 01:00:00-07:00,TH_ZP26_GEN-APND,31.80925
2023-09-04 02:00:00-07:00,TH_NP15_GEN-APND,31.7719
2023-09-04 02:00:00-07:00,TH_SP15_GEN-APND,31.58149
2023-09-04 02:00:00-07:00,TH_ZP26_GEN-APND,31.21359
2023-09-04 03:00:00-07:00,TH_NP15_GEN-APND,31.59809
2023-09-04 03:00:00-07:00,TH_SP15_GEN-APND,31.24
2023-09-04 03:00:00-07:00,TH_ZP26_GEN-APND,30.94586
2023-09-04 04:00:00-07:00,TH_NP15_GEN-APND,32.5467
2023-09-04 04:00:00-07:00,TH_SP15_GEN-APND,32.15846
2023-09-04 04:00:00-07:00,TH_ZP26_GEN-APND,31.85247
2023-09-04 05:00:00-07:00,TH_NP15_GEN-APND,35.30391
2023-09-04 05:00:00-07:00,TH_SP15_GEN-APND,35.0
2023-09-04 05:00:00-07:00,TH_ZP26_GEN-APND,34.61028
2023-09-04 06:00:00-07:00,TH_NP15_GEN-APND,35.70407
2023-09-04 06:00:00-07:00,TH_SP15_GEN-APND,35.05
2023-09-04 06:00:00-07:00,TH_ZP26_GEN-APND,34.75172
2023-09-04 07:00:00-07:00,TH_NP15_GEN-APND,27.884
2023-09-04 07:00:00-07:00,TH_SP15_GEN-APND,20.0
2023-09-04 07:00:00-07:00,TH_ZP26_GEN-APND,20.30413
2023-09-04 08:00:00-07:00,TH_NP15_GEN-APND,25.02
2023-09-04 08:00:00-07:00,TH_SP15_GEN-APND,0.55444
2023-09-04 08:00:00-07:00,TH_ZP26_GEN-APND,-3.02663
2023-09-04 09:00:00-07:00,TH_NP15_GEN-APND,23.67992
2023-09-04 09:00:00-07:00,TH_SP15_GEN-APND,-0.46802
2023-09-04 09:00:00-07:00,TH_ZP26_GEN-APND,-5.10821
2023-09-04 10:00:00-07:00,TH_NP15_GEN-APND,22.75408
2023-09-04 10:00:00-07:00,TH_SP15_GEN-APND,-0.71135
2023-09-04 10:00:00-07:00,TH_ZP26_GEN-APND,-5.03989
2023-09-04 11:00:00-07:00,TH_NP15_GEN-APND,24.7484
2023-09-04 11:00:00-07:00,TH_SP15_GEN-APND,-0.79131
2023-09-04 11:00:00-07:00,TH_ZP26_GEN-APND,-5.40784
2023-09-04 12:00:00-07:00,TH_NP15_GEN-APND,25.0
2023-09-04 12:00:00-07:00,TH_SP15_GEN-APND,-0.16647
2023-09-04 12:00:00-07:00,TH_ZP26_GEN-APND,-5.93239
2023-09-04 13:00:00-07:00,TH_NP15_GEN-APND,25.02
2023-09-04 13:00:00-07:00,TH_SP15_GEN-APND,0.0
2023-09-04 13:00:00-07:00,TH_ZP26_GEN-APND,-5.64023
2023-09-04 14:00:00-07:00,TH_NP15_GEN-APND,25.96867
2023-09-04 14:00:00-07:00,TH_SP15_GEN-APND,3.05605
2023-09-04 14:00:00-07:00,TH_ZP26_GEN-APND,-2.7039
2023-09-04 15:00:00-07:00,TH_NP15_GEN-APND,28.87626
2023-09-04 15:00:00-07:00,TH_SP15_GEN-APND,10.31879
2023-09-04 15:00:00-07:00,TH_ZP26_GEN-APND,4.98639
2023-09-04 16:00:00-07:00,TH_NP15_GEN-APND,22.32722
2023-09-04 16:00:00-07:00,TH_SP15_GEN-APND,15.88466
2023-09-04 16:00:00-07:00,TH_ZP26_GEN-APND,13.31088
2023-09-04 17:00:00-07:00,TH_NP15_GEN-APND,32.00517
2023-09-04 17:00:00-07:00,TH_SP15_GEN-APND,31.19159
2023-09-04 17:00:00-07:00,TH_ZP26_GEN-APND,30.30346
2023-09-04 18:00:00-07:00,TH_NP15_GEN-APND,46.45613
2023-09-04 18:00:00-07:00,TH_SP15_GEN-APND,47.33403
2023-09-04 18:00:00-07:00,TH_ZP26_GEN-APND,45.82906
2023-09-04 19:00:00-07:00,TH_NP15_GEN-APND,51.11
2023-09-04 19:00:00-07:00,TH_SP15_GEN-APND,52.26869
2023-09-04 19:00:00-07:00,TH_ZP26_GEN-APND,50.91334
2023-09-04 20:00:00-07:00,TH_NP15_GEN-APND,46.70018
2023-09-04 20:00:00-07:00,TH_SP15_GEN-APND,47.07548
2023-09-04 20:00:00-07:00,TH_ZP26_GEN-APND,46.18055
2023-09-04 21:00:00-07:00,TH_NP15_GEN-APND,46.40116
2023-09-04 21:00:00-07:00,TH_SP15_GEN-APND,46.99488
2023-09-04 21:00:00-07:00,TH_ZP26_GEN-APND,46.04206
2023-09-04 22:00:00-07:00,TH_NP15_GEN-APND,44.90853
2023-09-04 22:00:00-07:00,TH_SP15_GEN-APND,44.50193
2023-09-04 22:00:00-07:00,TH_ZP26_GEN-APND,44.0131
2023-09-04 23:00:00-07:00,TH_NP15_GEN-APND,39.37986
2023-09-04 23:00:00-07:00,TH_SP15_GEN-APND,39.39595
2023-09-04 23:00:00-07:00,TH_ZP26_GEN-APND,38.84879
2023-09-05 00:00:00-07:00,TH_NP15_GEN-APND,39.90882
2023-09-05 00:00:00-07:00,TH_SP15_GEN-APND,40.0
2023-09-05 00:00:00-07:00,TH_ZP26_GEN-APND,40.00279
2023-09-05 01:00:00-07:00,TH_NP15_GEN-APND,38.02502
2023-09-05 01:00:00-07:00,TH_SP15_GEN-APND,38.03
2023-09-05 01:00:00-07:00,TH_ZP26_GEN-APND,37.76144
2023-09-05 02:00:00-07:00,TH_NP15_GEN-APND,37.74854
2023-09-05 02:00:00-07:00,TH_SP15_GEN-APND,37.74794
2023-09-05 02:00:00-07:00,TH_ZP26_GEN-APND,37.48926
2023-09-05 03:00:00-07:00,TH_NP15_GEN-APND,37.83861
2023-09-05 03:00:00-07:00,TH_SP15_GEN-APND,37.76138
2023-09-05 03:00:00-07:00,TH_ZP26_GEN-APND,37.51424
2023-09-05 04:00:00-07:00,TH_NP15_GEN-APND,39.11829
2023-09-05 04:00:00-07:00,TH_SP15_GEN-APND,38.97885
2023-09-05 04:00:00-07:00,TH_ZP26_GEN-APND,38.73583
2023-09-05 05:00:00-07:00,TH_NP15_GEN-APND,45.69588
2023-09-05 05:00:00-07:00,TH_SP15_GEN-APND,45.05703
2023-09-05 05:00:00-07:00,TH_ZP26_GEN-APND,45.02
2023-09-05 06:00:00-07:00,TH_NP15_GEN-APND,45.423
2023-09-05 06:00:00-07:00,TH_SP15_GEN-APND,44.08831
2023-09-05 06:00:00-07:00,TH_ZP26_GEN-APND,44.38031
2023-09-05 07:00:00-07:00,TH_NP15_GEN-APND,38.28055
2023-09-05 07:00:00-07:00,TH_SP15_GEN-APND,32.46447
2023-09-05 07:00:00-07:00,TH_ZP26_GEN-APND,33.14118
2023-09-05 08:00:00-07:00,TH_NP15_GEN-APND,37.42799
2023-09-05 08:00:00-07:00,TH_SP15_GEN-APND,8.3388
2023-09-05 08:00:00-07:00,TH_ZP26_GEN-APND,5.39375
2023-09-05 09:00:00-07:00,TH_NP15_GEN-APND,32.81
2023-09-05 09:00:00-07:00,TH_SP15_GEN-APND,4.55638
2023-09-05 09:00:00-07:00,TH_ZP26_GEN-APND,2.11058
2023-09-05 10:00:00-07:00,TH_NP15_GEN-APND,32.08534
2023-09-05 10:00:00-07:00,TH_SP15_GEN-APND,3.59039
2023-09-05 10:00:00-07:00,TH_ZP26_GEN-APND,-0.27353
2023-09-05 11:00:00-07:00,TH_NP15_GEN-APND,31.13045
2023-09-05 11:00:00-07:00,TH_SP15_GEN-APND,2.82809
2023-09-05 11:00:00-07:00,TH_ZP26_GEN-APND,-0.23135
2023-09-05 12:00:00-07:00,TH_NP15_GEN-APND,32.35891
2023-09-05 12:00:00-07:00,TH_SP15_GEN-APND,4.99699
2023-09-05 12:00:00-07:00,TH_ZP26_GEN-APND,0.33714
2023-09-05 13:00:00-07:00,TH_NP15_GEN-APND,34.21889
2023-09-05 13:00:00-07:00,TH_SP15_GEN-APND,6.27804
2023-09-05 13:00:00-07:00,TH_ZP26_GEN-APND,0.67152
2023-09-05 14:00:00-07:00,TH_NP15_GEN-APND,34.91984
2023-09-05 14:00:00-07:00,TH_SP15_GEN-APND,15.63894
2023-09-05 14:00:00-07:00,TH_ZP26_GEN-APND,10.81103
2023-09-05 15:00:00-07:00,TH_NP15_GEN-APND,41.39081
2023-09-05 15:00:00-07:00,TH_SP15_GEN-APND,23.99474
2023-09-05 15:00:00-07:00,TH_ZP26_GEN-APND,22.01
2023-09-05 16:00:00-07:00,TH_NP15_GEN-APND,41.40076
2023-09-05 16:00:00-07:00,TH_SP15_GEN-APND,29.94805
2023-09-05 16:00:00-07:00,TH_ZP26_GEN-APND,28.23863
2023-09-05 17:00:00-07:00,TH_NP15_GEN-APND,45.60046
2023-09-05 17:00:00-07:00,TH_SP15_GEN-APND,45.61561
2023-09-05 17:00:00-07:00,TH_ZP26_GEN-APND,45.64637
2023-09-05 18:00:00-07:00,TH_NP15_GEN-APND,53.42203
2023-09-05 18:00:00-07:00,TH_SP15_GEN-APND,54.08468
2023-09-05 18:00:00-07:00,TH_ZP26_GEN-APND,52.64969
2023-09-05 19:00:00-07:00,TH_NP15_GEN-APND,61.64568
2023-09-05 19:00:00-07:00,TH_SP15_GEN-APND,62.70909
2023-09-05 19:00:00-07:00,TH_ZP26_GEN-APND,61.30616
2023-09-05 20:00:00-07:00,TH_NP15_GEN-APND,51.24162
2023-09-05 20:00:00-07:00,TH_SP15_GEN-APND,51.28907
2023-09-05 20:00:00-07:00,TH_ZP26_GEN-APND,50.57211
2023-09-05 21:00:00-07:00,TH_NP15_GEN-APND,48.58391
2023-09-05 21:00:00-07:00,TH_SP15_GEN-APND,48.98
2023-09-05 21:00:00-07:00,TH_ZP26_GEN-APND,48.16776
2023-09-05 22:00:00-07:00,TH_NP15_GEN-APND,47.2723
2023-09-05 22:00:00-07:00,TH_SP15_GEN-APND,47.09794
2023-09-05 22:00:00-07:00,TH_ZP26_GEN-APND,46.54578
2023-09-05 23:00:00-07:00,TH_NP15_GEN-APND,41.22956
2023-09-05 23:00:00-07:00,TH_SP15_GEN-APND,41.2
2023-09-05 23:00:00-07:00,TH_ZP26_GEN-APND,40.73134
2023-09-06 00:00:00-07:00,TH_NP15_GEN-APND,40.90789
2023-09-06 00:00:00-07:00,TH_SP15_GEN-APND,41.13311
2023-09-06 00:00:00-07:00,TH_ZP26_GEN-APND,40.78812
2023-09-06 01:00:00-07:00,TH_NP15_GEN-APND,40.12133
2023-09-06 01:00:00-07:00,TH_SP15_GEN-APND,40.15808
2023-09-06 01:00:00-07:00,TH_ZP26_GEN-APND,39.89507
2023-09-06 02:00:00-07:00,TH_NP15_GEN-APND,37.41301
2023-09-06 02:00:00-07:00,TH_SP15_GEN-APND,37.31052
2023-09-06 02:00:00-07:00,TH_ZP26_GEN-APND,37.1156
2023-09-06 03:00:00-07:00,TH_NP15_GEN-APND,37.10041
2023-09-06 03:00:00-07:00,TH_SP15_GEN-APND,36.76865
2023-09-06 03:00:00-07:00,TH_ZP26_GEN-APND,36.64047
2023-09-06 04:00:00-07:00,TH_NP15_GEN-APND,37.31259
2023-09-06 04:00:00-07:00,TH_SP15_GEN-APND,37.04306
2023-09-06 04:00:00-07:00,TH_ZP26_GEN-APND,36.87982
2023-09-06 05:00:00-07:00,TH_NP15_GEN-APND,43.05244
2023-09-06 05:00:00-07:00,TH_SP15_GEN-APND,42.66187
2023-09-06 05:00:00-07:00,TH_ZP26_GEN-APND,42.48654
2023-09-06 06:00:00-07:00,TH_NP15_GEN-APND,50.56546
2023-09-06 06:00:00-07:00,TH_SP15_GEN-APND,50.06932
2023-09-06 06:00:00-07:00,TH_ZP26_GEN-APND,49.81216
2023-09-06 07:00:00-07:00,TH_NP15_GEN-APND,39.10976
2023-09-06 07:00:00-07:00,TH_SP15_GEN-APND,36.54333
2023-09-06 07:00:00-07:00,TH_ZP26_GEN-APND,36.89093
2023-09-06 08:00:00-07:00,TH_NP15_GEN-APND,36.04849
2023-09-06 08:00:00-07:00,TH_SP15_GEN-APND,20.36013
2023-09-06 08:00:00-07:00,TH_ZP26_GEN-APND,18.57363
2023-09-06 09:00:00-07:00,TH_NP15_GEN-APND,32.73
2023-09-06 09:00:00-07:00,TH_SP15_GEN-APND,14.3
2023-09-06 09:00:00-07:00,TH_ZP26_GEN-APND,11.22269
2023-09-06 10:00:00-07:00,TH_NP15_GEN-APND,33.2
2023-09-06 10:00:00-07:00,TH_SP15_GEN-APND,12.20662
2023-09-06 10:00:00-07:00,TH_ZP26_GEN-APND,8.24224
2023-09-06 11:00:00-07:00,TH_NP15_GEN-APND,32.82058
2023-09-06 11:00:00-07:00,TH_SP15_GEN-APND,10.91036
2023-09-06 11:00:00-07:00,TH_ZP26_GEN-APND,7.55539
2023-09-06 12:00:00-07:00,TH_NP15_GEN-APND,33.39441
2023-09-06 12:00:00-07:00,TH_SP15_GEN-APND,13.89022
2023-09-06 12:00:00-07:00,TH_ZP26_GEN-APND,10.95126
2023-09-06 13:00:00-07:00,TH_NP15_GEN-APND,34.70832
2023-09-06 13:00:00-07:00,TH_SP15_GEN-APND,16.41611
2023-09-06 13:00:00-07:00,TH_ZP26_GEN-APND,13.88493
2023-09-06 14:00:00-07:00,TH_NP15_GEN-APND,36.76
2023-09-06 14:00:00-07:00,TH_SP15_GEN-APND,23.62599
2023-09-06 14:00:00-07:00,TH_ZP26_GEN-APND,22.43561
2023-09-06 15:00:00-07:00,TH_NP15_GEN-APND,36.64169
2023-09-06 15:00:00-07:00,TH_SP15_GEN-APND,32.34
2023-09-06 15:00:00-07:00,TH_ZP26_GEN-APND,32.62802
2023-09-06 16:00:00-07:00,TH_NP15_GEN-APND,37.16322
2023-09-06 16:00:00-07:00,TH_SP15_GEN-APND,34.19852
2023-09-06 16:00:00-07:00,TH_ZP26_GEN-APND,33.72333
2023-09-06 17:00:00-07:00,TH_NP15_GEN-APND,48.46595
2023-09-06 17:00:00-07:00,TH_SP15_GEN-APND,49.28586
2023-09-06 17:00:00-07:00,TH_ZP26_GEN-APND,47.53291
2023-09-06 18:00:00-07:00,TH_NP15_GEN-APND,56.85649
2023-09-06 18:00:00-07:00,TH_SP15_GEN-APND,58.82676
2023-09-06 18:00:00-07:00,TH_ZP26_GEN-APND,57.28767
2023-09-06 19:00:00-07:00,TH_NP15_GEN-APND,60.8293
2023-09-06 19:00:00-07:00,TH_SP15_GEN-APND,69.01753
2023-09-06 19:00:00-07:00,TH_ZP26_GEN-APND,64.40695
2023-09-06 20:00:00-07:00,TH_NP15_GEN-APND,51.86357
2023-09-06 20:00:00-07:00,TH_SP15_GEN-APND,55.66585
2023-09-06 20:00:00-07:00,TH_ZP26_GEN-APND,52.55287
2023-09-06 21:00:00-07:00,TH_NP15_GEN-APND,47.92104
2023-09-06 21:00:00-07:00,TH_SP15_GEN-APND,50.64972
2023-09-06 21:00:00-07:00,TH_ZP26_GEN-APND,48.6773
2023-09-06 22:00:00-07:00,TH_NP15_GEN-APND,46.66091
2023-09-06 22:00:00-07:00,TH_SP15_GEN-APND,48.29744
2023-09-06 22:00:00-07:00,TH_ZP26_GEN-APND,47.25868
2023-09-06 23:00:00-07:00,TH_NP15_GEN-APND,41.3784
2023-09-06 23:00:00-07:00,TH_SP15_GEN-APND,42.42199
2023-09-06 23:00:00-07:00,TH_ZP26_GEN-APND,41.69705
2023-09-07 00:00:00-07:00,TH_NP15_GEN-APND,43.99144
2023-09-07 00:00:00-07:00,TH_SP15_GEN-APND,44.87226
2023-09-07 00:00:00-07:00,TH_ZP26_GEN-APND,44.35203
2023-09-07 01:00:00-07:00,TH_NP15_GEN-APND,40.97446
2023-09-07 01:00:00-07:00,TH_SP15_GEN-APND,41.58089
2023-09-07 01:00:00-07:00,TH_ZP26_GEN-APND,41.16195
2023-09-07 02:00:00-07:00,TH_NP15_GEN-APND,38.74613
2023-09-07 02:00:00-07:00,TH_SP15_GEN-APND,39.18538
2023-09-07 02:00:00-07:00,TH_ZP26_GEN-APND,38.83398
2023-09-07 03:00:00-07:00,TH_NP15_GEN-APND,38.56811
2023-09-07 03:00:00-07:00,TH_SP15_GEN-APND,38.96522
2023-09-07 03:00:00-07:00,TH_ZP26_GEN-APND,38.58819
2023-09-07 04:00:00-07:00,TH_NP15_GEN-APND,38.90956
2023-09-07 04:00:00-07:00,TH_SP15_GEN-APND,39.0973
2023-09-07 04:00:00-07:00,TH_ZP26_GEN-APND,38.86562
2023-09-07 05:00:00-07:00,TH_NP15_GEN-APND,44.48821
2023-09-07 05:00:00-07:00,TH_SP15_GEN-APND,44.78612
2023-09-07 05:00:00-07:00,TH_ZP26_GEN-APND,44.498
2023-09-07 06:00:00-07:00,TH_NP15_GEN-APND,53.99801
2023-09-07 06:00:00-07:00,TH_SP15_GEN-APND,54.07889
2023-09-07 06:00:00-07:00,TH_ZP26_GEN-APND,53.8633
2023-09-07 07:00:00-07:00,TH_NP15_GEN-APND,41.17324
2023-09-07 07:00:00-07:00,TH_SP15_GEN-APND,39.82716
2023-09-07 07:00:00-07:00,TH_ZP26_GEN-APND,39.85616
2023-09-07 08:00:00-07:00,TH_NP15_GEN-APND,36.08777
2023-09-07 08:00:00-07:00,TH_SP15_GEN-APND,24.31273
2023-09-07 08:00:00-07:00,TH_ZP26_GEN-APND,22.08657
2023-09-07 09:00:00-07:00,TH_NP15_GEN-APND,35.48539
2023-09-07 09:00:00-07:00,TH_SP15_GEN-APND,22.12999
2023-09-07 09:00:00-07:00,TH_ZP26_GEN-APND,20.24025
2023-09-07 10:00:00-07:00,TH_NP15_GEN-APND,34.18361
2023-09-07 10:00:00-07:00,TH_SP15_GEN-APND,21.32514
2023-09-07 10:00:00-07:00,TH_ZP26_GEN-APND,17.62542
2023-09-07 11:00:00-07:00,TH_NP15_GEN-APND,35.0
2023-09-07 11:00:00-07:00,TH_SP15_GEN-APND,21.21
2023-09-07 11:00:00-07:00,TH_ZP26_GEN-APND,18.43156
2023-09-07 12:00:00-07:00,TH_NP15_GEN-APND,35.35098
2023-09-07 12:00:00-07:00,TH_SP15_GEN-APND,23.35685
2023-09-07 12:00:00-07:00,TH_ZP26_GEN-APND,20.63077
2023-09-07 13:00:00-07:00,TH_NP15_GEN-APND,39.25034
2023-09-07 13:00:00-07:00,TH_SP15_GEN-APND,25.95912
2023-09-07 13:00:00-07:00,TH_ZP26_GEN-APND,24.12627
2023-09-07 14:00:00-07:00,TH_NP15_GEN-APND,41.31816
2023-09-07 14:00:00-07:00,TH_SP15_GEN-APND,31.39799
2023-09-07 14:00:00-07:00,TH_ZP26_GEN-APND,30.3528
2023-09-07 15:00:00-07:00,TH_NP15_GEN-APND,40.33749
2023-09-07 15:00:00-07:00,TH_SP15_GEN-APND,36.08944
2023-09-07 15:00:00-07:00,TH_ZP26_GEN-APND,36.05303
2023-09-07 16:00:00-07:00,TH_NP15_GEN-APND,40.0
2023-09-07 16:00:00-07:00,TH_SP15_GEN-APND,38.88789
2023-09-07 16:00:00-07:00,TH_ZP26_GEN-APND,38.0068
2023-09-07 17:00:00-07:00,TH_NP15_GEN-APND,54.48722
2023-09-07 17:00:00-07:00,TH_SP15_GEN-APND,56.08315
2023-09-07 17:00:00-07:00,TH_ZP26_GEN-APND,53.74372
2023-09-07 18:00:00-07:00,TH_NP15_GEN-APND,57.59628
2023-09-07 18:00:00-07:00,TH_SP15_GEN-APND,69.38165
2023-09-07 18:00:00-07:00,TH_ZP26_GEN-APND,58.83489
2023-09-07 19:00:00-07:00,TH_NP15_GEN-APND,60.1354
2023-09-07 19:00:00-07:00,TH_SP15_GEN-APND,81.0
2023-09-07 19:00:00-07:00,TH_ZP26_GEN-APND,61.99899
2023-09-07 20:00:00-07:00,TH_NP15_GEN-APND,57.3245
2023-09-07 20:00:00-07:00,TH_SP15_GEN-APND,62.19126
2023-09-07 20:00:00-07:00,TH_ZP26_GEN-APND,58.98752
2023-09-07 21:00:00-07:00,TH_NP15_GEN-APND,53.69777
2023-09-07 21:00:00-07:00,TH_SP15_GEN-APND,61.15767
2023-09-07 21:00:00-07:00,TH_ZP26_GEN-APND,55.39831
2023-09-07 22:00:00-07:00,TH_NP15_GEN-APND,52.60797
2023-09-07 22:00:00-07:00,TH_SP15_GEN-APND,55.51789
2023-09-07 22:00:00-07:00,TH_ZP26_GEN-APND,53.88945
2023-09-07 23:00:00-07:00,TH_NP15_GEN-APND,44.48292
2023-09-07 23:00:00-07:00,TH_SP15_GEN-APND,46.1557
2023-09-07 23:00:00-07:00,TH_ZP26_GEN-APND,45.06232
2023-09-08 00:00:00-07:00,TH_NP15_GEN-APND,45.00318
2023-09-08 00:00:00-07:00,TH_SP15_GEN-APND,47.57915
2023-09-08 00:00:00-07:00,TH_ZP26_GEN-APND,46.03834
2023-09-08 01:00:00-07:00,TH_NP15_GEN-APND,42.49243
2023-09-08 01:00:00-07:00,TH_SP15_GEN-APND,44.7818
2023-09-08 01:00:00-07:00,TH_ZP26_GEN-APND,43.39471
2023-09-08 02:00:00-07:00,TH_NP15_GEN-APND,40.23863
2023-09-08 02:00:00-07:00,TH_SP15_GEN-APND,41.70155
2023-09-08 02:00:00-07:00,TH_ZP26_GEN-APND,40.68423
2023-09-08 03:00:00-07:00,TH_NP15_GEN-APND,40.02882
2023-09-08 03:00:00-07:00,TH_SP15_GEN-APND,41.40696
2023-09-08 03:00:00-07:00,TH_ZP26_GEN-APND,40.44644
2023-09-08 04:00:00-07:00,TH_NP15_GEN-APND,40.25312
2023-09-08 04:00:00-07:00,TH_SP15_GEN-APND,42.02751
2023-09-08 04:00:00-07:00,TH_ZP26_GEN-APND,40.88683
2023-09-08 05:00:00-07:00,TH_NP15_GEN-APND,43.39
2023-09-08 05:00:00-07:00,TH_SP15_GEN-APND,45.4538
2023-09-08 05:00:00-07:00,TH_ZP26_GEN-APND,44.21643
2023-09-08 06:00:00-07:00,TH_NP15_GEN-APND,56.82382
2023-09-08 06:00:00-07:00,TH_SP15_GEN-APND,58.04647
2023-09-08 06:00:00-07:00,TH_ZP26_GEN-APND,57.01192
2023-09-08 07:00:00-07:00,TH_NP15_GEN-APND,45.92549
2023-09-08 07:00:00-07:00,TH_SP15_GEN-APND,45.0186
2023-09-08 07:00:00-07:00,TH_ZP26_GEN-APND,44.50703
2023-09-08 08:00:00-07:00,TH_NP15_GEN-APND,40.27867
2023-09-08 08:00:00-07:00,TH_SP15_GEN-APND,30.54195
2023-09-08 08:00:00-07:00,TH_ZP26_GEN-APND,29.01772
2023-09-08 09:00:00-07:00,TH_NP15_GEN-APND,40.40845
2023-09-08 09:00:00-07:00,TH_SP15_GEN-APND,24.11271
2023-09-08 09:00:00-07:00,TH_ZP26_GEN-APND,21.65698
2023-09-08 10:00:00-07:00,TH_NP15_GEN-APND,39.7918
2023-09-08 10:00:00-07:00,TH_SP15_GEN-APND,25.61345
2023-09-08 10:00:00-07:00,TH_ZP26_GEN-APND,24.3928
2023-09-08 11:00:00-07:00,TH_NP15_GEN-APND,39.17633
2023-09-08 11:00:00-07:00,TH_SP15_GEN-APND,28.24271
2023-09-08 11:00:00-07:00,TH_ZP26_GEN-APND,27.30412
2023-09-08 12:00:00-07:00,TH_NP15_GEN-APND,38.94261
2023-09-08 12:00:00-07:00,TH_SP15_GEN-APND,33.24597
2023-09-08 12:00:00-07:00,TH_ZP26_GEN-APND,32.99994
2023-09-08 13:00:00-07:00,TH_NP15_GEN-APND,41.65
2023-09-08 13:00:00-07:00,TH_SP15_GEN-APND,37.95352
2023-09-08 13:00:00-07:00,TH_ZP26_GEN-APND,37.42774
2023-09-08 14:00:00-07:00,TH_NP15_GEN-APND,44.72527
2023-09-08 14:00:00-07:00,TH_SP15_GEN-APND,42.61463
2023-09-08 14:00:00-07:00,TH_ZP26_GEN-APND,42.32
2023-09-08 15:00:00-07:00,TH_NP15_GEN-APND,46.97642
2023-09-08 15:00:00-07:00,TH_SP15_GEN-APND,46.2311
2023-09-08 15:00:00-07:00,TH_ZP26_GEN-APND,44.93665
2023-09-08 16:00:00-07:00,TH_NP15_GEN-APND,52.90624
2023-09-08 16:00:00-07:00,TH_SP15_GEN-APND,53.40044
2023-09-08 16:00:00-07:00,TH_ZP26_GEN-APND,50.61471
2023-09-08 17:00:00-07:00,TH_NP15_GEN-APND,59.78378
2023-09-08 17:00:00-07:00,TH_SP15_GEN-APND,71.05666
2023-09-08 17:00:00-07:00,TH_ZP26_GEN-APND,58.19757
2023-09-08 18:00:00-07:00,TH_NP15_GEN-APND,63.37926
2023-09-08 18:00:00-07:00,TH_SP15_GEN-APND,98.24
2023-09-08 18:00:00-07:00,TH_ZP26_GEN-APND,63.47548
2023-09-08 19:00:00-07:00,TH_NP15_GEN-APND,63.79956
2023-09-08 19:00:00-07:00,TH_SP15_GEN-APND,109.6313
2023-09-08 19:00:00-07:00,TH_ZP26_GEN-APND,65.08054
2023-09-08 20:00:00-07:00,TH_NP15_GEN-APND,60.0
2023-09-08 20:00:00-07:00,TH_SP15_GEN-APND,75.64
2023-09-08 20:00:00-07:00,TH_ZP26_GEN-APND,61.11233
2023-09-08 21:00:00-07:00,TH_NP15_GEN-APND,59.4443
2023-09-08 21:00:00-07:00,TH_SP15_GEN-APND,70.5127
2023-09-08 21:00:00-07:00,TH_ZP26_GEN-APND,60.40725
2023-09-08 22:00:00-07:00,TH_NP15_GEN-APND,52.33996
2023-09-08 22:00:00-07:00,TH_SP15_GEN-APND,59.61015
2023-09-08 22:00:00-07:00,TH_ZP26_GEN-APND,53.08909
2023-09-08 23:00:00-07:00,TH_NP15_GEN-APND,47.41805
2023-09-08 23:00:00-07:00,TH_SP15_GEN-APND,49.85
2023-09-08 23:00:00-07:00,TH_ZP26_GEN-APND,48.21697
2023-09-09 00:00:00-07:00,TH_NP15_GEN-APND,45.49498
2023-09-09 00:00:00-07:00,TH_SP15_GEN-APND,47.62118
2023-09-09 00:00:00-07:00,TH_ZP26_GEN-APND,46.07572
2023-09-09 01:00:00-07:00,TH_NP15_GEN-APND,41.98238
2023-09-09 01:00:00-07:00,TH_SP15_GEN-APND,43.6652
2023-09-09 01:00:00-07:00,TH_ZP26_GEN-APND,42.47577
2023-09-09 02:00:00-07:00,TH_NP15_GEN-APND,41.10298
2023-09-09 02:00:00-07:00,TH_SP15_GEN-APND,42.5421
2023-09-09 02:00:00-07:00,TH_ZP26_GEN-APND,41.3994
2023-09-09 03:00:00-07:00,TH_NP15_GEN-APND,39.75883
2023-09-09 03:00:00-07:00,TH_SP15_GEN-APND,41.19675
2023-09-09 03:00:00-07:00,TH_ZP26_GEN-APND,40.07468
2023-09-09 04:00:00-07:00,TH_NP15_GEN-APND,39.86
2023-09-09 04:00:00-07:00,TH_SP15_GEN-APND,41.11458
2023-09-09 04:00:00-07:00,TH_ZP26_GEN-APND,40.08848
2023-09-09 05:00:00-07:00,TH_NP15_GEN-APND,41.84865
2023-09-09 05:00:00-07:00,TH_SP15_GEN-APND,43.08103
2023-09-09 05:00:00-07:00,TH_ZP26_GEN-APND,42.07074
2023-09-09 06:00:00-07:00,TH_NP15_GEN-APND,47.54175
2023-09-09 06:00:00-07:00,TH_SP15_GEN-APND,48.05878
2023-09-09 06:00:00-07:00,TH_ZP26_GEN-APND,47.39543
2023-09-09 07:00:00-07:00,TH_NP15_GEN-APND,38.00334
2023-09-09 07:00:00-07:00,TH_SP15_GEN-APND,36.67755
2023-09-09 07:00:00-07:00,TH_ZP26_GEN-APND,36.65856
2023-09-09 08:00:00-07:00,TH_NP15_GEN-APND,37.15477
2023-09-09 08:00:00-07:00,TH_SP15_GEN-APND,19.14746
2023-09-09 08:00:00-07:00,TH_ZP26_GEN-APND,20.76215
2023-09-09 09:00:00-07:00,TH_NP15_GEN-APND,36.66
2023-09-09 09:00:00-07:00,TH_SP15_GEN-APND,20.40277
2023-09-09 09:00:00-07:00,TH_ZP26_GEN-APND,20.37499
2023-09-09 10:00:00-07:00,TH_NP15_GEN-APND,36.49078
2023-09-09 10:00:00-07:00,TH_SP15_GEN-APND,25.26604
2023-09-09 10:00:00-07:00,TH_ZP26_GEN-APND,23.94067
2023-09-09 11:00:00-07:00,TH_NP15_GEN-APND,36.35791
2023-09-09 11:00:00-07:00,TH_SP15_GEN-APND,29.0358
2023-09-09 11:00:00-07:00,TH_ZP26_GEN-APND,28.42512
2023-09-09 12:00:00-07:00,TH_NP15_GEN-APND,35.80463
2023-09-09 12:00:00-07:00,TH_SP15_GEN-APND,33.20031
2023-09-09 12:00:00-07:00,TH_ZP26_GEN-APND,33.27212
2023-09-09 13:00:00-07:00,TH_NP15_GEN-APND,39.80283
2023-09-09 13:00:00-07:00,TH_SP15_GEN-APND,37.87
2023-09-09 13:00:00-07:00,TH_ZP26_GEN-APND,38.0037
2023-09-09 14:00:00-07:00,TH_NP15_GEN-APND,43.70181
2023-09-09 14:00:00-07:00,TH_SP15_GEN-APND,43.51008
2023-09-09 14:00:00-07:00,TH_ZP26_GEN-APND,42.61136
2023-09-09 15:00:00-07:00,TH_NP15_GEN-APND,47.29884
2023-09-09 15:00:00-07:00,TH_SP15_GEN-APND,45.44405
2023-09-09 15:00:00-07:00,TH_ZP26_GEN-APND,47.35318
2023-09-09 16:00:00-07:00,TH_NP15_GEN-APND,50.67973
2023-09-09 16:00:00-07:00,TH_SP15_GEN-APND,52.71446
2023-09-09 16:00:00-07:00,TH_ZP26_GEN-APND,50.34449
2023-09-09 17:00:00-07:00,TH_NP15_GEN-APND,51.65664
2023-09-09 17:00:00-07:00,TH_SP15_GEN-APND,69.0772
2023-09-09 17:00:00-07:00,TH_ZP26_GEN-APND,49.29901
2023-09-09 18:00:00-07:00,TH_NP15_GEN-APND,61.94327
2023-09-09 18:00:00-07:00,TH_SP15_GEN-APND,106.39161
2023-09-09 18:00:00-07:00,TH_ZP26_GEN-APND,63.75
2023-09-09 19:00:00-07:00,TH_NP15_GEN-APND,62.59494
2023-09-09 19:00:00-07:00,TH_SP15_GEN-APND,123.31314
2023-09-09 19:00:00-07:00,TH_ZP26_GEN-APND,76.5
2023-09-09 20:00:00-07:00,TH_NP15_GEN-APND,55.78163
2023-09-09 20:00:00-07:00,TH_SP15_GEN-APND,68.61139
2023-09-09 20:00:00-07:00,TH_ZP26_GEN-APND,57.33257
2023-09-09 21:00:00-07:00,TH_NP15_GEN-APND,52.42054
2023-09-09 21:00:00-07:00,TH_SP15_GEN-APND,64.54331
2023-09-09 21:00:00-07:00,TH_ZP26_GEN-APND,53.4141
2023-09-09 22:00:00-07:00,TH_NP15_GEN-APND,47.11961
2023-09-09 22:00:00-07:00,TH_SP15_GEN-APND,50.17568
2023-09-09 22:00:00-07:00,TH_ZP26_GEN-APND,47.73757
2023-09-09 23:00:00-07:00,TH_NP15_GEN-APND,45.98927
2023-09-09 23:00:00-07:00,TH_SP15_GEN-APND,50.37
2023-09-09 23:00:00-07:00,TH_ZP26_GEN-APND,46.47483
2023-09-10 00:00:00-07:00,TH_NP15_GEN-APND,45.7101
2023-09-10 00:00:00-07:00,TH_SP15_GEN-APND,47.91993
2023-09-10 00:00:00-07:00,TH_ZP26_GEN-APND,46.11145
2023-09-10 01:00:00-07:00,TH_NP15_GEN-APND,44.80638
2023-09-10 01:00:00-07:00,TH_SP15_GEN-APND,46.9655
2023-09-10 01:00:00-07:00,TH_ZP26_GEN-APND,45.18517
2023-09-10 02:00:00-07:00,TH_NP15_GEN-APND,43.75546
2023-09-10 02:00:00-07:00,TH_SP15_GEN-APND,45.43201
2023-09-10 02:00:00-07:00,TH_ZP26_GEN-APND,43.86111
2023-09-10 03:00:00-07:00,TH_NP15_GEN-APND,43.11858
2023-09-10 03:00:00-07:00,TH_SP15_GEN-APND,44.52927
2023-09-10 03:00:00-07:00,TH_ZP26_GEN-APND,43.09605
2023-09-10 04:00:00-07:00,TH_NP15_GEN-APND,41.53495
2023-09-10 04:00:00-07:00,TH_SP15_GEN-APND,43.05686
2023-09-10 04:00:00-07:00,TH_ZP26_GEN-APND,41.56104
2023-09-10 05:00:00-07:00,TH_NP15_GEN-APND,44.69961
2023-09-10 05:00:00-07:00,TH_SP15_GEN-APND,45.81396
2023-09-10 05:00:00-07:00,TH_ZP26_GEN-APND,44.43959
2023-09-10 06:00:00-07:00,TH_NP15_GEN-APND,46.77921
2023-09-10 06:00:00-07:00,TH_SP15_GEN-APND,48.45129
2023-09-10 06:00:00-07:00,TH_ZP26_GEN-APND,47.06767
2023-09-10 07:00:00-07:00,TH_NP15_GEN-APND,41.65054
2023-09-10 07:00:00-07:00,TH_SP15_GEN-APND,42.15298
2023-09-10 07:00:00-07:00,TH_ZP26_GEN-APND,41.09658
2023-09-10 08:00:00-07:00,TH_NP15_GEN-APND,38.15
2023-09-10 08:00:00-07:00,TH_SP15_GEN-APND,37.77285
2023-09-10 08:00:00-07:00,TH_ZP26_GEN-APND,36.81249
2023-09-10 09:00:00-07:00,TH_NP15_GEN-APND,38.8
2023-09-10 09:00:00-07:00,TH_SP15_GEN-APND,38.47839
2023-09-10 09:00:00-07:00,TH_ZP26_GEN-APND,37.24355
2023-09-10 10:00:00-07:00,TH_NP15_GEN-APND,38.07541
2023-09-10 10:00:00-07:00,TH_SP15_GEN-APND,37.76523
2023-09-10 10:00:00-07:00,TH_ZP26_GEN-APND,36.15198
2023-09-10 11:00:00-07:00,TH_NP15_GEN-APND,39.72484
2023-09-10 11:00:00-07:00,TH_SP15_GEN-APND,40.37633
2023-09-10 11:00:00-07:00,TH_ZP26_GEN-APND,38.3243
2023-09-10 12:00:00-07:00,TH_NP15_GEN-APND,40.31321
2023-09-10 12:00:00-07:00,TH_SP15_GEN-APND,41.35026
2023-09-10 12:00:00-07:00,TH_ZP26_GEN-APND,39.1359
2023-09-10 13:00:00-07:00,TH_NP15_GEN-APND,42.35455
2023-09-10 13:00:00-07:00,TH_SP15_GEN-APND,42.97669
2023-09-10 13:00:00-07:00,TH_ZP26_GEN-APND,40.83919
2023-09-10 14:00:00-07:00,TH_NP15_GEN-APND,45.67289
2023-09-10 14:00:00-07:00,TH_SP15_GEN-APND,54.4257
2023-09-10 14:00:00-07:00,TH_ZP26_GEN-APND,45.64312
2023-09-10 15:00:00-07:00,TH_NP15_GEN-APND,47.7223
2023-09-10 15:00:00-07:00,TH_SP15_GEN-APND,63.71022
2023-09-10 15:00:00-07:00,TH_ZP26_GEN-APND,47.62433
2023-09-10 16:00:00-07:00,TH_NP15_GEN-APND,43.97092
2023-09-10 16:00:00-07:00,TH_SP15_GEN-APND,74.24217
2023-09-10 16:00:00-07:00,TH_ZP26_GEN-APND,36.96488
2023-09-10 17:00:00-07:00,TH_NP15_GEN-APND,52.75276
2023-09-10 17:00:00-07:00,TH_SP15_GEN-APND,78.52274
2023-09-10 17:00:00-07:00,TH_ZP26_GEN-APND,48.97771
2023-09-10 18:00:00-07:00,TH_NP15_GEN-APND,73.92109
2023-09-10 18:00:00-07:00,TH_SP15_GEN-APND,105.4873
2023-09-10 18:00:00-07:00,TH_ZP26_GEN-APND,73.74868
2023-09-10 19:00:00-07:00,TH_NP15_GEN-APND,68.34258
2023-09-10 19:00:00-07:00,TH_SP15_GEN-APND,109.01284
2023-09-10 19:00:00-07:00,TH_ZP26_GEN-APND,69.21344
2023-09-10 20:00:00-07:00,TH_NP15_GEN-APND,60.78624
2023-09-10 20:00:00-07:00,TH_SP15_GEN-APND,77.59907
2023-09-10 20:00:00-07:00,TH_ZP26_GEN-APND,60.75598
2023-09-10 21:00:00-07:00,TH_NP15_GEN-APND,56.72174
2023-09-10 21:00:00-07:00,TH_SP15_GEN-APND,72.91275
2023-09-10 21:00:00-07:00,TH_ZP26_GEN-APND,56.74776
2023-09-10 22:00:00-07:00,TH_NP15_GEN-APND,52.29344
2023-09-10 22:00:00-07:00,TH_SP15_GEN-APND,64.74354
2023-09-10 22:00:00-07:00,TH_ZP26_GEN-APND,52.57277
2023-09-10 23:00:00-07:00,TH_NP15_GEN-APND,43.39919
2023-09-10 23:00:00-07:00,TH_SP15_GEN-APND,54.06
2023-09-10 23:00:00-07:00,TH_ZP26_GEN-APND,43.46486
2023-09-11 00:00:00-07:00,TH_NP15_GEN-APND,43.19
2023-09-11 00:00:00-07:00,TH_SP15_GEN-APND,49.24
2023-09-11 00:00:00-07:00,TH_ZP26_GEN-APND,43.54805
2023-09-11 01:00:00-07:00,TH_NP15_GEN-APND,41.63412
2023-09-11 01:00:00-07:00,TH_SP15_GEN-APND,44.15142
2023-09-11 01:00:00-07:00,TH_ZP26_GEN-APND,42.07972
2023-09-11 02:00:00-07:00,TH_NP15_GEN-APND,41.34165
2023-09-11 02:00:00-07:00,TH_SP15_GEN-APND,43.25113
2023-09-11 02:00:00-07:00,TH_ZP26_GEN-APND,41.61194
2023-09-11 03:00:00-07:00,TH_NP15_GEN-APND,41.28733
2023-09-11 03:00:00-07:00,TH_SP15_GEN-APND,43.18776
2023-09-11 03:00:00-07:00,TH_ZP26_GEN-APND,41.58318
2023-09-11 04:00:00-07:00,TH_NP15_GEN-APND,41.32867
2023-09-11 04:00:00-07:00,TH_SP15_GEN-APND,43.92286
2023-09-11 04:00:00-07:00,TH_ZP26_GEN-APND,41.62513
2023-09-11 05:00:00-07:00,TH_NP15_GEN-APND,44.78138
2023-09-11 05:00:00-07:00,TH_SP15_GEN-APND,50.93281
2023-09-11 05:00:00-07:00,TH_ZP26_GEN-APND,45.27
2023-09-11 06:00:00-07:00,TH_NP15_GEN-APND,60.28
2023-09-11 06:00:00-07:00,TH_SP15_GEN-APND,61.94852
2023-09-11 06:00:00-07:00,TH_ZP26_GEN-APND,60.04164
2023-09-11 07:00:00-07:00,TH_NP15_GEN-APND,48.68423
2023-09-11 07:00:00-07:00,TH_SP15_GEN-APND,48.14018
2023-09-11 07:00:00-07:00,TH_ZP26_GEN-APND,46.87321
2023-09-11 08:00:00-07:00,TH_NP15_GEN-APND,40.3185
2023-09-11 08:00:00-07:00,TH_SP15_GEN-APND,40.33208
2023-09-11 08:00:00-07:00,TH_ZP26_GEN-APND,40.33208
2023-09-11 09:00:00-07:00,TH_NP15_GEN-APND,40.37256
2023-09-11 09:00:00-07:00,TH_SP15_GEN-APND,39.71851
2023-09-11 09:00:00-07:00,TH_ZP26_GEN-APND,38.12481
2023-09-11 10:00:00-07:00,TH_NP15_GEN-APND,39.83736
2023-09-11 10:00:00-07:00,TH_SP15_GEN-APND,39.7133
2023-09-11 10:00:00-07:00,TH_ZP26_GEN-APND,37.69103
2023-09-11 11:00:00-07:00,TH_NP15_GEN-APND,42.50451
2023-09-11 11:00:00-07:00,TH_SP15_GEN-APND,42.40726
2023-09-11 11:00:00-07:00,TH_ZP26_GEN-APND,40.20159
2023-09-11 12:00:00-07:00,TH_NP15_GEN-APND,46.67451
2023-09-11 12:00:00-07:00,TH_SP15_GEN-APND,47.20896
2023-09-11 12:00:00-07:00,TH_ZP26_GEN-APND,44.61512
2023-09-11 13:00:00-07:00,TH_NP15_GEN-APND,51.88452
2023-09-11 13:00:00-07:00,TH_SP15_GEN-APND,52.84271
2023-09-11 13:00:00-07:00,TH_ZP26_GEN-APND,50.00647
2023-09-11 14:00:00-07:00,TH_NP15_GEN-APND,54.35409
2023-09-11 14:00:00-07:00,TH_SP15_GEN-APND,58.5136
2023-09-11 14:00:00-07:00,TH_ZP26_GEN-APND,51.81
2023-09-11 15:00:00-07:00,TH_NP15_GEN-APND,65.03
2023-09-11 15:00:00-07:00,TH_SP15_GEN-APND,68.77091
2023-09-11 15:00:00-07:00,TH_ZP26_GEN-APND,62.33462
2023-09-11 16:00:00-07:00,TH_NP15_GEN-APND,69.19075
2023-09-11 16:00:00-07:00,TH_SP15_GEN-APND,69.61
2023-09-11 16:00:00-07:00,TH_ZP26_GEN-APND,66.37165
2023-09-11 17:00:00-07:00,TH_NP15_GEN-APND,76.62757
2023-09-11 17:00:00-07:00,TH_SP15_GEN-APND,82.74431
2023-09-11 17:00:00-07:00,TH_ZP26_GEN-APND,75.55172
2023-09-11 18:00:00-07:00,TH_NP15_GEN-APND,102.17319
2023-09-11 18:00:00-07:00,TH_SP15_GEN-APND,106.63906
2023-09-11 18:00:00-07:00,TH_ZP26_GEN-APND,103.2463
2023-09-11 19:00:00-07:00,TH_NP15_GEN-APND,97.18458
2023-09-11 19:00:00-07:00,TH_SP15_GEN-APND,102.99094
2023-09-11 19:00:00-07:00,TH_ZP26_GEN-APND,98.98598
2023-09-11 20:00:00-07:00,TH_NP15_GEN-APND,77.31665
2023-09-11 20:00:00-07:00,TH_SP15_GEN-APND,79.77115
2023-09-11 20:00:00-07:00,TH_ZP26_GEN-APND,77.62549
2023-09-11 21:00:00-07:00,TH_NP15_GEN-APND,72.39598
2023-09-11 21:00:00-07:00,TH_SP15_GEN-APND,74.55943
2023-09-11 21:00:00-07:00,TH_ZP26_GEN-APND,72.57057
2023-09-11 22:00:00-07:00,TH_NP15_GEN-APND,57.19752
2023-09-11 22:00:00-07:00,TH_SP15_GEN-APND,59.96025
2023-09-11 22:00:00-07:00,TH_ZP26_GEN-APND,57.89579
2023-09-11 23:00:00-07:00,TH_NP15_GEN-APND,44.699
2023-09-11 23:00:00-07:00,TH_SP15_GEN-APND,54.09532
2023-09-11 23:00:00-07:00,TH_ZP26_GEN-APND,45.43044
2023-09-12 00:00:00-07:00,TH_NP15_GEN-APND,45.84189
2023-09-12 00:00:00-07:00,TH_SP15_GEN-APND,48.82
2023-09-12 00:00:00-07:00,TH_ZP26_GEN-APND,46.77186
2023-09-12 01:00:00-07:00,TH_NP15_GEN-APND,45.77767
2023-09-12 01:00:00-07:00,TH_SP15_GEN-APND,48.25279
2023-09-12 01:00:00-07:00,TH_ZP26_GEN-APND,46.62676
2023-09-12 02:00:00-07:00,TH_NP15_GEN-APND,42.43995
2023-09-12 02:00:00-07:00,TH_SP15_GEN-APND,43.77218
2023-09-12 02:00:00-07:00,TH_ZP26_GEN-APND,42.75831
2023-09-12 03:00:00-07:00,TH_NP15_GEN-APND,42.33232
2023-09-12 03:00:00-07:00,TH_SP15_GEN-APND,43.73028
2023-09-12 03:00:00-07:00,TH_ZP26_GEN-APND,42.67882
2023-09-12 04:00:00-07:00,TH_NP15_GEN-APND,42.90824
2023-09-12 04:00:00-07:00,TH_SP15_GEN-APND,43.85258
2023-09-12 04:00:00-07:00,TH_ZP26_GEN-APND,43.04561
2023-09-12 05:00:00-07:00,TH_NP15_GEN-APND,46.10014
2023-09-12 05:00:00-07:00,TH_SP15_GEN-APND,47.28072
2023-09-12 05:00:00-07:00,TH_ZP26_GEN-APND,46.24547
2023-09-12 06:00:00-07:00,TH_NP15_GEN-APND,53.31384
2023-09-12 06:00:00-07:00,TH_SP15_GEN-APND,53.03092
2023-09-12 06:00:00-07:00,TH_ZP26_GEN-APND,52.26377
2023-09-12 07:00:00-07:00,TH_NP15_GEN-APND,48.24842
2023-09-12 07:00:00-07:00,TH_SP15_GEN-APND,47.0
2023-09-12 07:00:00-07:00,TH_ZP26_GEN-APND,46.36962
2023-09-12 08:00:00-07:00,TH_NP15_GEN-APND,43.30187
2023-09-12 08:00:00-07:00,TH_SP15_GEN-APND,36.26303
2023-09-12 08:00:00-07:00,TH_ZP26_GEN-APND,34.67074
2023-09-12 09:00:00-07:00,TH_NP15_GEN-APND,38.21495
2023-09-12 09:00:00-07:00,TH_SP15_GEN-APND,30.38844
2023-09-12 09:00:00-07:00,TH_ZP26_GEN-APND,28.49384
2023-09-12 10:00:00-07:00,TH_NP15_GEN-APND,38.24579
2023-09-12 10:00:00-07:00,TH_SP15_GEN-APND,30.18609
2023-09-12 10:00:00-07:00,TH_ZP26_GEN-APND,27.35276
2023-09-12 11:00:00-07:00,TH_NP15_GEN-APND,38.34433
2023-09-12 11:00:00-07:00,TH_SP15_GEN-APND,32.46207
2023-09-12 11:00:00-07:00,TH_ZP26_GEN-APND,30.07
2023-09-12 12:00:00-07:00,TH_NP15_GEN-APND,36.84884
2023-09-12 12:00:00-07:00,TH_SP15_GEN-APND,34.20681
2023-09-12 12:00:00-07:00,TH_ZP26_GEN-APND,31.46415
2023-09-12 13:00:00-07:00,TH_NP15_GEN-APND,37.40818
2023-09-12 13:00:00-07:00,TH_SP15_GEN-APND,35.0
2023-09-12 13:00:00-07:00,TH_ZP26_GEN-APND,32.07857
2023-09-12 14:00:00-07:00,TH_NP15_GEN-APND,39.55171
2023-09-12 14:00:00-07:00,TH_SP15_GEN-APND,37.53471
2023-09-12 14:00:00-07:00,TH_ZP26_GEN-APND,35.44664
2023-09-12 15:00:00-07:00,TH_NP15_GEN-APND,43.08249
2023-09-12 15:00:00-07:00,TH_SP15_GEN-APND,42.08599
2023-09-12 15:00:00-07:00,TH_ZP26_GEN-APND,41.09639
2023-09-12 16:00:00-07:00,TH_NP15_GEN-APND,43.24645
2023-09-12 16:00:00-07:00,TH_SP15_GEN-APND,42.8
2023-09-12 16:00:00-07:00,TH_ZP26_GEN-APND,41.30289
2023-09-12 17:00:00-07:00,TH_NP15_GEN-APND,51.03468
2023-09-12 17:00:00-07:00,TH_SP15_GEN-APND,53.42965
2023-09-12 17:00:00-07:00,TH_ZP26_GEN-APND,50.118
2023-09-12 18:00:00-07:00,TH_NP15_GEN-APND,67.47083
2023-09-12 18:00:00-07:00,TH_SP15_GEN-APND,81.43
2023-09-12 18:00:00-07:00,TH_ZP26_GEN-APND,68.66834
2023-09-12 19:00:00-07:00,TH_NP15_GEN-APND,73.99707
2023-09-12 19:00:00-07:00,TH_SP15_GEN-APND,85.0
2023-09-12 19:00:00-07:00,TH_ZP26_GEN-APND,75.83121
2023-09-12 20:00:00-07:00,TH_NP15_GEN-APND,64.58502
2023-09-12 20:00:00-07:00,TH_SP15_GEN-APND,68.5935
2023-09-12 20:00:00-07:00,TH_ZP26_GEN-APND,65.86359
2023-09-12 21:00:00-07:00,TH_NP15_GEN-APND,55.49263
2023-09-12 21:00:00-07:00,TH_SP15_GEN-APND,58.41888
2023-09-12 21:00:00-07:00,TH_ZP26_GEN-APND,56.15929
2023-09-12 22:00:00-07:00,TH_NP15_GEN-APND,48.31202
2023-09-12 22:00:00-07:00,TH_SP15_GEN-APND,50.39898
2023-09-12 22:00:00-07:00,TH_ZP26_GEN-APND,48.67008
2023-09-12 23:00:00-07:00,TH_NP15_GEN-APND,47.42551
2023-09-12 23:00:00-07:00,TH_SP15_GEN-APND,49.30173
2023-09-12 23:00:00-07:00,TH_ZP26_GEN-APND,48.0049
2023-09-13 00:00:00-07:00,TH_NP15_GEN-APND,41.92559
2023-09-13 00:00:00-07:00,TH_SP15_GEN-APND,42.38657
2023-09-13 00:00:00-07:00,TH_ZP26_GEN-APND,41.7595
2023-09-13 01:00:00-07:00,TH_NP15_GEN-APND,41.89624
2023-09-13 01:00:00-07:00,TH_SP15_GEN-APND,42.57606
2023-09-13 01:00:00-07:00,TH_ZP26_GEN-APND,41.80104
2023-09-13 02:00:00-07:00,TH_NP15_GEN-APND,41.63579
2023-09-13 02:00:00-07:00,TH_SP15_GEN-APND,41.96465
2023-09-13 02:00:00-07:00,TH_ZP26_GEN-APND,41.40774
2023-09-13 03:00:00-07:00,TH_NP15_GEN-APND,41.41157
2023-09-13 03:00:00-07:00,TH_SP15_GEN-APND,41.55975
2023-09-13 03:00:00-07:00,TH_ZP26_GEN-APND,41.02673
2023-09-13 04:00:00-07:00,TH_NP15_GEN-APND,41.9269
2023-09-13 04:00:00-07:00,TH_SP15_GEN-APND,42.34778
2023-09-13 04:00:00-07:00,TH_ZP26_GEN-APND,41.61363
2023-09-13 05:00:00-07:00,TH_NP15_GEN-APND,46.27011
2023-09-13 05:00:00-07:00,TH_SP15_GEN-APND,46.77902
2023-09-13 05:00:00-07:00,TH_ZP26_GEN-APND,45.78985
2023-09-13 06:00:00-07:00,TH_NP15_GEN-APND,49.23258
2023-09-13 06:00:00-07:00,TH_SP15_GEN-APND,49.43939
2023-09-13 06:00:00-07:00,TH_ZP26_GEN-APND,48.55663
2023-09-13 07:00:00-07:00,TH_NP15_GEN-APND,45.99471
2023-09-13 07:00:00-07:00,TH_SP15_GEN-APND,40.00208
2023-09-13 07:00:00-07:00,TH_ZP26_GEN-APND,39.80401
2023-09-13 08:00:00-07:00,TH_NP15_GEN-APND,47.13939
2023-09-13 08:00:00-07:00,TH_SP15_GEN-APND,15.16856
2023-09-13 08:00:00-07:00,TH_ZP26_GEN-APND,13.47863
2023-09-13 09:00:00-07:00,TH_NP15_GEN-APND,46.35153
2023-09-13 09:00:00-07:00,TH_SP15_GEN-APND,11.19057
2023-09-13 09:00:00-07:00,TH_ZP26_GEN-APND,9.32181
2023-09-13 10:00:00-07:00,TH_NP15_GEN-APND,42.09
2023-09-13 10:00:00-07:00,TH_SP15_GEN-APND,10.61029
2023-09-13 10:00:00-07:00,TH_ZP26_GEN-APND,7.98131
2023-09-13 11:00:00-07:00,TH_NP15_GEN-APND,43.70964
2023-09-13 11:00:00-07:00,TH_SP15_GEN-APND,10.28254
2023-09-13 11:00:00-07:00,TH_ZP26_GEN-APND,7.47648
2023-09-13 12:00:00-07:00,TH_NP15_GEN-APND,42.39358
2023-09-13 12:00:00-07:00,TH_SP15_GEN-APND,14.49427
2023-09-13 12:00:00-07:00,TH_ZP26_GEN-APND,12.0
2023-09-13 13:00:00-07:00,TH_NP15_GEN-APND,48.0
2023-09-13 13:00:00-07:00,TH_SP15_GEN-APND,15.02
2023-09-13 13:00:00-07:00,TH_ZP26_GEN-APND,12.16124
2023-09-13 14:00:00-07:00,TH_NP15_GEN-APND,50.89853
2023-09-13 14:00:00-07:00,TH_SP15_GEN-APND,21.11526
2023-09-13 14:00:00-07:00,TH_ZP26_GEN-APND,18.39394
2023-09-13 15:00:00-07:00,TH_NP15_GEN-APND,50.59354
2023-09-13 15:00:00-07:00,TH_SP15_GEN-APND,25.88
2023-09-13 15:00:00-07:00,TH_ZP26_GEN-APND,23.63305
2023-09-13 16:00:00-07:00,TH_NP15_GEN-APND,50.66
2023-09-13 16:00:00-07:00,TH_SP15_GEN-APND,31.59762
2023-09-13 16:00:00-07:00,TH_ZP26_GEN-APND,29.43731
2023-09-13 17:00:00-07:00,TH_NP15_GEN-APND,51.18
2023-09-13 17:00:00-07:00,TH_SP15_GEN-APND,51.96768
2023-09-13 17:00:00-07:00,TH_ZP26_GEN-APND,49.58182
2023-09-13 18:00:00-07:00,TH_NP15_GEN-APND,68.97757
2023-09-13 18:00:00-07:00,TH_SP15_GEN-APND,71.49078
2023-09-13 18:00:00-07:00,TH_ZP26_GEN-APND,68.89262
2023-09-13 19:00:00-07:00,TH_NP15_GEN-APND,71.20318
2023-09-13 19:00:00-07:00,TH_SP15_GEN-APND,75.13737
2023-09-13 19:00:00-07:00,TH_ZP26_GEN-APND,72.18274
2023-09-13 20:00:00-07:00,TH_NP15_GEN-APND,59.45233
2023-09-13 20:00:00-07:00,TH_SP15_GEN-APND,62.01881
2023-09-13 20:00:00-07:00,TH_ZP26_GEN-APND,60.00437
2023-09-13 21:00:00-07:00,TH_NP15_GEN-APND,54.09803
2023-09-13 21:00:00-07:00,TH_SP15_GEN-APND,56.25968
2023-09-13 21:00:00-07:00,TH_ZP26_GEN-APND,54.58278
2023-09-13 22:00:00-07:00,TH_NP15_GEN-APND,50.998
2023-09-13 22:00:00-07:00,TH_SP15_GEN-APND,52.47481
2023-09-13 22:00:00-07:00,TH_ZP26_GEN-APND,51.36402
2023-09-13 23:00:00-07:00,TH_NP15_GEN-APND,49.20516
2023-09-13 23:00:00-07:00,TH_SP15_GEN-APND,50.70486
2023-09-13 23:00:00-07:00,TH_ZP26_GEN-APND,49.68029
2023-09-14 00:00:00-07:00,TH_NP15_GEN-APND,47.00651
2023-09-14 00:00:00-07:00,TH_SP15_GEN-APND,47.41345
2023-09-14 00:00:00-07:00,TH_ZP26_GEN-APND,46.65167
2023-09-14 01:00:00-07:00,TH_NP15_GEN-APND,45.58103
2023-09-14 01:00:00-07:00,TH_SP15_GEN-APND,45.59497
2023-09-14 01:00:00-07:00,TH_ZP26_GEN-APND,45.07605
2023-09-14 02:00:00-07:00,TH_NP15_GEN-APND,45.31012
2023-09-14 02:00:00-07:00,TH_SP15_GEN-APND,44.70875
2023-09-14 02:00:00-07:00,TH_ZP26_GEN-APND,44.45123
2023-09-14 03:00:00-07:00,TH_NP15_GEN-APND,45.32859
2023-09-14 03:00:00-07:00,TH_SP15_GEN-APND,44.90815
2023-09-14 03:00:00-07:00,TH_ZP26_GEN-APND,44.57171
2023-09-14 04:00:00-07:00,TH_NP15_GEN-APND,46.50414
2023-09-14 04:00:00-07:00,TH_SP15_GEN-APND,46.30268
2023-09-14 04:00:00-07:00,TH_ZP26_GEN-APND,45.82358
2023-09-14 05:00:00-07:00,TH_NP15_GEN-APND,50.79102
2023-09-14 05:00:00-07:00,TH_SP15_GEN-APND,50.86119
2023-09-14 05:00:00-07:00,TH_ZP26_GEN-APND,50.10711
2023-09-14 06:00:00-07:00,TH_NP15_GEN-APND,54.77941
2023-09-14 06:00:00-07:00,TH_SP15_GEN-APND,54.83534
2023-09-14 06:00:00-07:00,TH_ZP26_GEN-APND,53.9987
2023-09-14 07:00:00-07:00,TH_NP15_GEN-APND,46.37401
2023-09-14 07:00:00-07:00,TH_SP15_GEN-APND,43.95576
2023-09-14 07:00:00-07:00,TH_ZP26_GEN-APND,44.03731
2023-09-14 08:00:00-07:00,TH_NP15_GEN-APND,47.03465
2023-09-14 08:00:00-07:00,TH_SP15_GEN-APND,19.44623
2023-09-14 08:00:00-07:00,TH_ZP26_GEN-APND,20.42
2023-09-14 09:00:00-07:00,TH_NP15_GEN-APND,43.07275
2023-09-14 09:00:00-07:00,TH_SP15_GEN-APND,17.00908
2023-09-14 09:00:00-07:00,TH_ZP26_GEN-APND,13.61007
2023-09-14 10:00:00-07:00,TH_NP15_GEN-APND,41.39429
2023-09-14 10:00:00-07:00,TH_SP15_GEN-APND,16.00901
2023-09-14 10:00:00-07:00,TH_ZP26_GEN-APND,12.28481
2023-09-14 11:00:00-07:00,TH_NP15_GEN-APND,41.44102
2023-09-14 11:00:00-07:00,TH_SP15_GEN-APND,14.55965
2023-09-14 11:00:00-07:00,TH_ZP26_GEN-APND,10.58005
2023-09-14 12:00:00-07:00,TH_NP15_GEN-APND,42.17772
2023-09-14 12:00:00-07:00,TH_SP15_GEN-APND,16.59524
2023-09-14 12:00:00-07:00,TH_ZP26_GEN-APND,12.82794
2023-09-14 13:00:00-07:00,TH_NP15_GEN-APND,46.0
2023-09-14 13:00:00-07:00,TH_SP15_GEN-APND,18.31809
2023-09-14 13:00:00-07:00,TH_ZP26_GEN-APND,14.2366
2023-09-14 14:00:00-07:00,TH_NP15_GEN-APND,47.0
2023-09-14 14:00:00-07:00,TH_SP15_GEN-APND,24.27767
2023-09-14 14:00:00-07:00,TH_ZP26_GEN-APND,20.73
2023-09-14 15:00:00-07:00,TH_NP15_GEN-APND,49.72767
2023-09-14 15:00:00-07:00,TH_SP15_GEN-APND,32.59879
2023-09-14 15:00:00-07:00,TH_ZP26_GEN-APND,30.55909
2023-09-14 16:00:00-07:00,TH_NP15_GEN-APND,48.77
2023-09-14 16:00:00-07:00,TH_SP15_GEN-APND,37.29276
2023-09-14 16:00:00-07:00,TH_ZP26_GEN-APND,35.91
2023-09-14 17:00:00-07:00,TH_NP15_GEN-APND,66.06418
2023-09-14 17:00:00-07:00,TH_SP15_GEN-APND,64.02075
2023-09-14 17:00:00-07:00,TH_ZP26_GEN-APND,62.06323
2023-09-14 18:00:00-07:00,TH_NP15_GEN-APND,77.88223
2023-09-14 18:00:00-07:00,TH_SP15_GEN-APND,80.97409
2023-09-14 18:00:00-07:00,TH_ZP26_GEN-APND,77.59339
2023-09-14 19:00:00-07:00,TH_NP15_GEN-APND,78.96011
2023-09-14 19:00:00-07:00,TH_SP15_GEN-APND,82.84438
2023-09-14 19:00:00-07:00,TH_ZP26_GEN-APND,79.84352
2023-09-14 20:00:00-07:00,TH_NP15_GEN-APND,68.47489
2023-09-14 20:00:00-07:00,TH_SP15_GEN-APND,71.05998
2023-09-14 20:00:00-07:00,TH_ZP26_GEN-APND,69.13378
2023-09-14 21:00:00-07:00,TH_NP15_GEN-APND,66.40904
2023-09-14 21:00:00-07:00,TH_SP15_GEN-APND,68.61845
2023-09-14 21:00:00-07:00,TH_ZP26_GEN-APND,66.93615
2023-09-14 22:00:00-07:00,TH_NP15_GEN-APND,59.30782
2023-09-14 22:00:00-07:00,TH_SP15_GEN-APND,60.53022
2023-09-14 22:00:00-07:00,TH_ZP26_GEN-APND,59.50385
2023-09-14 23:00:00-07:00,TH_NP15_GEN-APND,50.20296
2023-09-14 23:00:00-07:00,TH_SP15_GEN-APND,50.87192
2023-09-14 23:00:00-07:00,TH_ZP26_GEN-APND,49.99247
2023-09-15 00:00:00-07:00,TH_NP15_GEN-APND,47.92781
2023-09-15 00:00:00-07:00,TH_SP15_GEN-APND,48.67201
2023-09-15 00:00:00-07:00,TH_ZP26_GEN-APND,47.85424
2023-09-15 01:00:00-07:00,TH_NP15_GEN-APND,47.55337
2023-09-15 01:00:00-07:00,TH_SP15_GEN-APND,48.304
2023-09-15 01:00:00-07:00,TH_ZP26_GEN-APND,47.47307
2023-09-15 02:00:00-07:00,TH_NP15_GEN-APND,46.83011
2023-09-15 02:00:00-07:00,TH_SP15_GEN-APND,47.26272
2023-09-15 02:00:00-07:00,TH_ZP26_GEN-APND,46.66444
2023-09-15 03:00:00-07:00,TH_NP15_GEN-APND,45.8622
2023-09-15 03:00:00-07:00,TH_SP15_GEN-APND,46.29732
2023-09-15 03:00:00-07:00,TH_ZP26_GEN-APND,45.69145
2023-09-15 04:00:00-07:00,TH_NP15_GEN-APND,47.36011
2023-09-15 04:00:00-07:00,TH_SP15_GEN-APND,47.71103
2023-09-15 04:00:00-07:00,TH_ZP26_GEN-APND,47.18649
2023-09-15 05:00:00-07:00,TH_NP15_GEN-APND,50.60208
2023-09-15 05:00:00-07:00,TH_SP15_GEN-APND,51.35651
2023-09-15 05:00:00-07:00,TH_ZP26_GEN-APND,50.34275
2023-09-15 06:00:00-07:00,TH_NP15_GEN-APND,58.62231
2023-09-15 06:00:00-07:00,TH_SP15_GEN-APND,59.68682
2023-09-15 06:00:00-07:00,TH_ZP26_GEN-APND,58.64342
2023-09-15 07:00:00-07:00,TH_NP15_GEN-APND,47.92517
2023-09-15 07:00:00-07:00,TH_SP15_GEN-APND,45.97208
2023-09-15 07:00:00-07:00,TH_ZP26_GEN-APND,45.79232
2023-09-15 08:00:00-07:00,TH_NP15_GEN-APND,46.73531
2023-09-15 08:00:00-07:00,TH_SP15_GEN-APND,25.87458
2023-09-15 08:00:00-07:00,TH_ZP26_GEN-APND,26.24862
2023-09-15 09:00:00-07:00,TH_NP15_GEN-APND,45.44209
2023-09-15 09:00:00-07:00,TH_SP15_GEN-APND,20.30832
2023-09-15 09:00:00-07:00,TH_ZP26_GEN-APND,18.39111
2023-09-15 10:00:00-07:00,TH_NP15_GEN-APND,43.66
2023-09-15 10:00:00-07:00,TH_SP15_GEN-APND,18.18695
2023-09-15 10:00:00-07:00,TH_ZP26_GEN-APND,16.19711
2023-09-15 11:00:00-07:00,TH_NP15_GEN-APND,43.66
2023-09-15 11:00:00-07:00,TH_SP15_GEN-APND,16.55225
2023-09-15 11:00:00-07:00,TH_ZP26_GEN-APND,13.07
2023-09-15 12:00:00-07:00,TH_NP15_GEN-APND,47.64
2023-09-15 12:00:00-07:00,TH_SP15_GEN-APND,18.0802
2023-09-15 12:00:00-07:00,TH_ZP26_GEN-APND,14.03992
2023-09-15 13:00:00-07:00,TH_NP15_GEN-APND,52.72613
2023-09-15 13:00:00-07:00,TH_SP15_GEN-APND,20.46121
2023-09-15 13:00:00-07:00,TH_ZP26_GEN-APND,15.55
2023-09-15 14:00:00-07:00,TH_NP15_GEN-APND,56.64
2023-09-15 14:00:00-07:00,TH_SP15_GEN-APND,24.81583
2023-09-15 14:00:00-07:00,TH_ZP26_GEN-APND,20.29404
2023-09-15 15:00:00-07:00,TH_NP15_GEN-APND,59.47625
2023-09-15 15:00:00-07:00,TH_SP15_GEN-APND,34.9194
2023-09-15 15:00:00-07:00,TH_ZP26_GEN-APND,31.34499
2023-09-15 16:00:00-07:00,TH_NP15_GEN-APND,56.64
2023-09-15 16:00:00-07:00,TH_SP15_GEN-APND,43.3072
2023-09-15 16:00:00-07:00,TH_ZP26_GEN-APND,41.84114
2023-09-15 17:00:00-07:00,TH_NP15_GEN-APND,70.0
2023-09-15 17:00:00-07:00,TH_SP15_GEN-APND,67.95056
2023-09-15 17:00:00-07:00,TH_ZP26_GEN-APND,65.70489
2023-09-15 18:00:00-07:00,TH_NP15_GEN-APND,82.27176
2023-09-15 18:00:00-07:00,TH_SP15_GEN-APND,81.8254
2023-09-15 18:00:00-07:00,TH_ZP26_GEN-APND,78.95505
2023-09-15 19:00:00-07:00,TH_NP15_GEN-APND,81.02104
2023-09-15 19:00:00-07:00,TH_SP15_GEN-APND,83.43363
2023-09-15 19:00:00-07:00,TH_ZP26_GEN-APND,80.07011
2023-09-15 20:00:00-07:00,TH_NP15_GEN-APND,72.38174
2023-09-15 20:00:00-07:00,TH_SP15_GEN-APND,74.24917
2023-09-15 20:00:00-07:00,TH_ZP26_GEN-APND,72.1691
2023-09-15 21:00:00-07:00,TH_NP15_GEN-APND,70.29516
2023-09-15 21:00:00-07:00,TH_SP15_GEN-APND,71.40693
2023-09-15 21:00:00-07:00,TH_ZP26_GEN-APND,69.91721
2023-09-15 22:00:00-07:00,TH_NP15_GEN-APND,56.81078
2023-09-15 22:00:00-07:00,TH_SP15_GEN-APND,57.41954
2023-09-15 22:00:00-07:00,TH_ZP26_GEN-APND,56.30916
2023-09-15 23:00:00-07:00,TH_NP15_GEN-APND,51.41727
2023-09-15 23:00:00-07:00,TH_SP15_GEN-APND,52.12263
2023-09-15 23:00:00-07:00,TH_ZP26_GEN-APND,50.99044
2023-09-16 00:00:00-07:00,TH_NP15_GEN-APND,49.5211
2023-09-16 00:00:00-07:00,TH_SP15_GEN-APND,48.7899
2023-09-16 00:00:00-07:00,TH_ZP26_GEN-APND,48.85623
2023-09-16 01:00:00-07:00,TH_NP15_GEN-APND,47.48719
2023-09-16 01:00:00-07:00,TH_SP15_GEN-APND,46.80111
2023-09-16 01:00:00-07:00,TH_ZP26_GEN-APND,46.88797
2023-09-16 02:00:00-07:00,TH_NP15_GEN-APND,47.2011
2023-09-16 02:00:00-07:00,TH_SP15_GEN-APND,46.04108
2023-09-16 02:00:00-07:00,TH_ZP26_GEN-APND,46.35552
2023-09-16 03:00:00-07:00,TH_NP15_GEN-APND,46.82299
2023-09-16 03:00:00-07:00,TH_SP15_GEN-APND,45.82379
2023-09-16 03:00:00-07:00,TH_ZP26_GEN-APND,46.08413
2023-09-16 04:00:00-07:00,TH_NP15_GEN-APND,46.06632
2023-09-16 04:00:00-07:00,TH_SP15_GEN-APND,45.0028
2023-09-16 04:00:00-07:00,TH_ZP26_GEN-APND,45.3041
2023-09-16 05:00:00-07:00,TH_NP15_GEN-APND,47.29138
2023-09-16 05:00:00-07:00,TH_SP15_GEN-APND,46.40528
2023-09-16 05:00:00-07:00,TH_ZP26_GEN-APND,46.52384
2023-09-16 06:00:00-07:00,TH_NP15_GEN-APND,47.08
2023-09-16 06:00:00-07:00,TH_SP15_GEN-APND,46.39114
2023-09-16 06:00:00-07:00,TH_ZP26_GEN-APND,46.30528
2023-09-16 07:00:00-07:00,TH_NP15_GEN-APND,43.28
2023-09-16 07:00:00-07:00,TH_SP15_GEN-APND,40.0
2023-09-16 07:00:00-07:00,TH_ZP26_GEN-APND,40.28795
2023-09-16 08:00:00-07:00,TH_NP15_GEN-APND,35.09211
2023-09-16 08:00:00-07:00,TH_SP15_GEN-APND,23.25915
2023-09-16 08:00:00-07:00,TH_ZP26_GEN-APND,23.09401
2023-09-16 09:00:00-07:00,TH_NP15_GEN-APND,33.36035
2023-09-16 09:00:00-07:00,TH_SP15_GEN-APND,18.98
2023-09-16 09:00:00-07:00,TH_ZP26_GEN-APND,17.30545
2023-09-16 10:00:00-07:00,TH_NP15_GEN-APND,30.8621
2023-09-16 10:00:00-07:00,TH_SP15_GEN-APND,13.24098
2023-09-16 10:00:00-07:00,TH_ZP26_GEN-APND,11.37317
2023-09-16 11:00:00-07:00,TH_NP15_GEN-APND,33.23763
2023-09-16 11:00:00-07:00,TH_SP15_GEN-APND,12.18768
2023-09-16 11:00:00-07:00,TH_ZP26_GEN-APND,9.7657
2023-09-16 12:00:00-07:00,TH_NP15_GEN-APND,34.08759
2023-09-16 12:00:00-07:00,TH_SP15_GEN-APND,10.37669
2023-09-16 12:00:00-07:00,TH_ZP26_GEN-APND,8.01
2023-09-16 13:00:00-07:00,TH_NP15_GEN-APND,33.40408
2023-09-16 13:00:00-07:00,TH_SP15_GEN-APND,13.8859
2023-09-16 13:00:00-07:00,TH_ZP26_GEN-APND,12.01695
2023-09-16 14:00:00-07:00,TH_NP15_GEN-APND,33.0
2023-09-16 14:00:00-07:00,TH_SP15_GEN-APND,17.41434
2023-09-16 14:00:00-07:00,TH_ZP26_GEN-APND,16.48881
2023-09-16 15:00:00-07:00,TH_NP15_GEN-APND,38.23841
2023-09-16 15:00:00-07:00,TH_SP15_GEN-APND,28.49904
2023-09-16 15:00:00-07:00,TH_ZP26_GEN-APND,28.29098
2023-09-16 16:00:00-07:00,TH_NP15_GEN-APND,41.25809
2023-09-16 16:00:00-07:00,TH_SP15_GEN-APND,33.65539
2023-09-16 16:00:00-07:00,TH_ZP26_GEN-APND,33.24107
2023-09-16 17:00:00-07:00,TH_NP15_GEN-APND,54.78242
2023-09-16 17:00:00-07:00,TH_SP15_GEN-APND,55.00769
2023-09-16 17:00:00-07:00,TH_ZP26_GEN-APND,53.32831
2023-09-16 18:00:00-07:00,TH_NP15_GEN-APND,64.70564
2023-09-16 18:00:00-07:00,TH_SP15_GEN-APND,65.21824
2023-09-16 18:00:00-07:00,TH_ZP26_GEN-APND,62.77822
2023-09-16 19:00:00-07:00,TH_NP15_GEN-APND,66.85788
2023-09-16 19:00:00-07:00,TH_SP15_GEN-APND,70.0
2023-09-16 19:00:00-07:00,TH_ZP26_GEN-APND,67.5837
2023-09-16 20:00:00-07:00,TH_NP15_GEN-APND,59.98329
2023-09-16 20:00:00-07:00,TH_SP15_GEN-APND,62.12693
2023-09-16 20:00:00-07:00,TH_ZP26_GEN-APND,60.46561
2023-09-16 21:00:00-07:00,TH_NP15_GEN-APND,54.70394
2023-09-16 21:00:00-07:00,TH_SP15_GEN-APND,56.18623
2023-09-16 21:00:00-07:00,TH_ZP26_GEN-APND,55.02
2023-09-16 22:00:00-07:00,TH_NP15_GEN-APND,47.48518
2023-09-16 22:00:00-07:00,TH_SP15_GEN-APND,47.56049
2023-09-16 22:00:00-07:00,TH_ZP26_GEN-APND,47.22806
2023-09-16 23:00:00-07:00,TH_NP15_GEN-APND,46.67968
2023-09-16 23:00:00-07:00,TH_SP15_GEN-APND,46.33433
2023-09-16 23:00:00-07:00,TH_ZP26_GEN-APND,46.22776
2023-09-17 00:00:00-07:00,TH_NP15_GEN-APND,44.26522
2023-09-17 00:00:00-07:00,TH_SP15_GEN-APND,43.37576
2023-09-17 00:00:00-07:00,TH_ZP26_GEN-APND,43.28069
2023-09-17 01:00:00-07:00,TH_NP15_GEN-APND,44.15028
2023-09-17 01:00:00-07:00,TH_SP15_GEN-APND,43.56978
2023-09-17 01:00:00-07:00,TH_ZP26_GEN-APND,43.61113
2023-09-17 02:00:00-07:00,TH_NP15_GEN-APND,43.82506
2023-09-17 02:00:00-07:00,TH_SP15_GEN-APND,42.99999
2023-09-17 02:00:00-07:00,TH_ZP26_GEN-APND,43.11834
2023-09-17 03:00:00-07:00,TH_NP15_GEN-APND,42.81409
2023-09-17 03:00:00-07:00,TH_SP15_GEN-APND,41.93742
2023-09-17 03:00:00-07:00,TH_ZP26_GEN-APND,42.07302
2023-09-17 04:00:00-07:00,TH_NP15_GEN-APND,42.8106
2023-09-17 04:00:00-07:00,TH_SP15_GEN-APND,41.98526
2023-09-17 04:00:00-07:00,TH_ZP26_GEN-APND,42.16271
2023-09-17 05:00:00-07:00,TH_NP15_GEN-APND,43.44536
2023-09-17 05:00:00-07:00,TH_SP15_GEN-APND,42.37421
2023-09-17 05:00:00-07:00,TH_ZP26_GEN-APND,42.52466
2023-09-17 06:00:00-07:00,TH_NP15_GEN-APND,44.91801
2023-09-17 06:00:00-07:00,TH_SP15_GEN-APND,43.69972
2023-09-17 06:00:00-07:00,TH_ZP26_GEN-APND,43.87979
2023-09-17 07:00:00-07:00,TH_NP15_GEN-APND,38.18827
2023-09-17 07:00:00-07:00,TH_SP15_GEN-APND,35.82431
2023-09-17 07:00:00-07:00,TH_ZP26_GEN-APND,36.38401
2023-09-17 08:00:00-07:00,TH_NP15_GEN-APND,29.45235
2023-09-17 08:00:00-07:00,TH_SP15_GEN-APND,14.87724
2023-09-17 08:00:00-07:00,TH_ZP26_GEN-APND,13.38763
2023-09-17 09:00:00-07:00,TH_NP15_GEN-APND,28.96122
2023-09-17 09:00:00-07:00,TH_SP15_GEN-APND,10.49894
2023-09-17 09:00:00-07:00,TH_ZP26_GEN-APND,8.69781
2023-09-17 10:00:00-07:00,TH_NP15_GEN-APND,27.83341
2023-09-17 10:00:00-07:00,TH_SP15_GEN-APND,8.17642
2023-09-17 10:00:00-07:00,TH_ZP26_GEN-APND,5.0724
2023-09-17 11:00:00-07:00,TH_NP15_GEN-APND,29.03351
2023-09-17 11:00:00-07:00,TH_SP15_GEN-APND,8.5297
2023-09-17 11:00:00-07:00,TH_ZP26_GEN-APND,5.53401
2023-09-17 12:00:00-07:00,TH_NP15_GEN-APND,29.03384
2023-09-17 12:00:00-07:00,TH_SP15_GEN-APND,8.91533
2023-09-17 12:00:00-07:00,TH_ZP26_GEN-APND,5.88521
2023-09-17 13:00:00-07:00,TH_NP15_GEN-APND,29.75809
2023-09-17 13:00:00-07:00,TH_SP15_GEN-APND,9.387
2023-09-17 13:00:00-07:00,TH_ZP26_GEN-APND,6.44729
2023-09-17 14:00:00-07:00,TH_NP15_GEN-APND,31.66945
2023-09-17 14:00:00-07:00,TH_SP15_GEN-APND,12.8
2023-09-17 14:00:00-07:00,TH_ZP26_GEN-APND,10.17304
2023-09-17 15:00:00-07:00,TH_NP15_GEN-APND,34.38722
2023-09-17 15:00:00-07:00,TH_SP15_GEN-APND,23.24451
2023-09-17 15:00:00-07:00,TH_ZP26_GEN-APND,22.45769
2023-09-17 16:00:00-07:00,TH_NP15_GEN-APND,34.7956
2023-09-17 16:00:00-07:00,TH_SP15_GEN-APND,29.45777
2023-09-17 16:00:00-07:00,TH_ZP26_GEN-APND,29.69378
2023-09-17 17:00:00-07:00,TH_NP15_GEN-APND,47.05979
2023-09-17 17:00:00-07:00,TH_SP15_GEN-APND,45.16743
2023-09-17 17:00:00-07:00,TH_ZP26_GEN-APND,44.27569
2023-09-17 18:00:00-07:00,TH_NP15_GEN-APND,62.75689
2023-09-17 18:00:00-07:00,TH_SP15_GEN-APND,62.52937
2023-09-17 18:00:00-07:00,TH_ZP26_GEN-APND,60.96871
2023-09-17 19:00:00-07:00,TH_NP15_GEN-APND,62.74621
2023-09-17 19:00:00-07:00,TH_SP15_GEN-APND,62.93389
2023-09-17 19:00:00-07:00,TH_ZP26_GEN-APND,61.75835
2023-09-17 20:00:00-07:00,TH_NP15_GEN-APND,57.00073
2023-09-17 20:00:00-07:00,TH_SP15_GEN-APND,56.75233
2023-09-17 20:00:00-07:00,TH_ZP26_GEN-APND,56.03538
2023-09-17 21:00:00-07:00,TH_NP15_GEN-APND,46.9992
2023-09-17 21:00:00-07:00,TH_SP15_GEN-APND,46.29069
2023-09-17 21:00:00-07:00,TH_ZP26_GEN-APND,46.03237
2023-09-17 22:00:00-07:00,TH_NP15_GEN-APND,46.78613
2023-09-17 22:00:00-07:00,TH_SP15_GEN-APND,45.28287
2023-09-17 22:00:00-07:00,TH_ZP26_GEN-APND,45.67852
2023-09-17 23:00:00-07:00,TH_NP15_GEN-APND,45.12218
2023-09-17 23:00:00-07:00,TH_SP15_GEN-APND,43.56882
2023-09-17 23:00:00-07:00,TH_ZP26_GEN-APND,44.02747
2023-09-18 00:00:00-07:00,TH_NP15_GEN-APND,43.75102
2023-09-18 00:00:00-07:00,TH_SP15_GEN-APND,42.55761
2023-09-18 00:00:00-07:00,TH_ZP26_GEN-APND,42.72531
2023-09-18 01:00:00-07:00,TH_NP15_GEN-APND,42.45901
2023-09-18 01:00:00-07:00,TH_SP15_GEN-APND,40.93547
2023-09-18 01:00:00-07:00,TH_ZP26_GEN-APND,41.26299
2023-09-18 02:00:00-07:00,TH_NP15_GEN-APND,42.47911
2023-09-18 02:00:00-07:00,TH_SP15_GEN-APND,41.22264
2023-09-18 02:00:00-07:00,TH_ZP26_GEN-APND,41.40203
2023-09-18 03:00:00-07:00,TH_NP15_GEN-APND,41.33623
2023-09-18 03:00:00-07:00,TH_SP15_GEN-APND,40.0
2023-09-18 03:00:00-07:00,TH_ZP26_GEN-APND,40.26138
2023-09-18 04:00:00-07:00,TH_NP15_GEN-APND,43.67
2023-09-18 04:00:00-07:00,TH_SP15_GEN-APND,42.60603
2023-09-18 04:00:00-07:00,TH_ZP26_GEN-APND,42.70738
2023-09-18 05:00:00-07:00,TH_NP15_GEN-APND,45.95869
2023-09-18 05:00:00-07:00,TH_SP15_GEN-APND,44.41668
2023-09-18 05:00:00-07:00,TH_ZP26_GEN-APND,44.82262
2023-09-18 06:00:00-07:00,TH_NP15_GEN-APND,46.97426
2023-09-18 06:00:00-07:00,TH_SP15_GEN-APND,44.93
2023-09-18 06:00:00-07:00,TH_ZP26_GEN-APND,45.19746
2023-09-18 07:00:00-07:00,TH_NP15_GEN-APND,42.22446
2023-09-18 07:00:00-07:00,TH_SP15_GEN-APND,38.43861
2023-09-18 07:00:00-07:00,TH_ZP26_GEN-APND,39.14856
2023-09-18 08:00:00-07:00,TH_NP15_GEN-APND,40.84227
2023-09-18 08:00:00-07:00,TH_SP15_GEN-APND,12.37425
2023-09-18 08:00:00-07:00,TH_ZP26_GEN-APND,11.15328
2023-09-18 09:00:00-07:00,TH_NP15_GEN-APND,35.86036
2023-09-18 09:00:00-07:00,TH_SP15_GEN-APND,9.8
2023-09-18 09:00:00-07:00,TH_ZP26_GEN-APND,8.50358
2023-09-18 10:00:00-07:00,TH_NP15_GEN-APND,30.66
2023-09-18 10:00:00-07:00,TH_SP15_GEN-APND,8.17149
2023-09-18 10:00:00-07:00,TH_ZP26_GEN-APND,6.29669
2023-09-18 11:00:00-07:00,TH_NP15_GEN-APND,30.66
2023-09-18 11:00:00-07:00,TH_SP15_GEN-APND,6.4999
2023-09-18 11:00:00-07:00,TH_ZP26_GEN-APND,4.56814
2023-09-18 12:00:00-07:00,TH_NP15_GEN-APND,28.01397
2023-09-18 12:00:00-07:00,TH_SP15_GEN-APND,6.38348
2023-09-18 12:00:00-07:00,TH_ZP26_GEN-APND,5.14842
2023-09-18 13:00:00-07:00,TH_NP15_GEN-APND,30.5
2023-09-18 13:00:00-07:00,TH_SP15_GEN-APND,6.51405
2023-09-18 13:00:00-07:00,TH_ZP26_GEN-APND,4.60085
2023-09-18 14:00:00-07:00,TH_NP15_GEN-APND,34.63453
2023-09-18 14:00:00-07:00,TH_SP15_GEN-APND,7.56582
2023-09-18 14:00:00-07:00,TH_ZP26_GEN-APND,5.02642
2023-09-18 15:00:00-07:00,TH_NP15_GEN-APND,36.58972
2023-09-18 15:00:00-07:00,TH_SP15_GEN-APND,12.67
2023-09-18 15:00:00-07:00,TH_ZP26_GEN-APND,11.5123
2023-09-18 16:00:00-07:00,TH_NP15_GEN-APND,38.0
2023-09-18 16:00:00-07:00,TH_SP15_GEN-APND,17.55805
2023-09-18 16:00:00-07:00,TH_ZP26_GEN-APND,16.21644
2023-09-18 17:00:00-07:00,TH_NP15_GEN-APND,44.32982
2023-09-18 17:00:00-07:00,TH_SP15_GEN-APND,44.32926
2023-09-18 17:00:00-07:00,TH_ZP26_GEN-APND,44.26882
2023-09-18 18:00:00-07:00,TH_NP15_GEN-APND,62.545
2023-09-18 18:00:00-07:00,TH_SP15_GEN-APND,62.82558
2023-09-18 18:00:00-07:00,TH_ZP26_GEN-APND,62.5993
2023-09-18 19:00:00-07:00,TH_NP15_GEN-APND,65.78556
2023-09-18 19:00:00-07:00,TH_SP15_GEN-APND,66.75893
2023-09-18 19:00:00-07:00,TH_ZP26_GEN-APND,65.1007
2023-09-18 20:00:00-07:00,TH_NP15_GEN-APND,57.28493
2023-09-18 20:00:00-07:00,TH_SP15_GEN-APND,57.62225
2023-09-18 20:00:00-07:00,TH_ZP26_GEN-APND,57.52404
2023-09-18 21:00:00-07:00,TH_NP15_GEN-APND,47.88927
2023-09-18 21:00:00-07:00,TH_SP15_GEN-APND,48.1436
2023-09-18 21:00:00-07:00,TH_ZP26_GEN-APND,48.1436
2023-09-18 22:00:00-07:00,TH_NP15_GEN-APND,47.48832
2023-09-18 22:00:00-07:00,TH_SP15_GEN-APND,46.42927
2023-09-18 22:00:00-07:00,TH_ZP26_GEN-APND,46.33442
2023-09-18 23:00:00-07:00,TH_NP15_GEN-APND,45.31087
2023-09-18 23:00:00-07:00,TH_SP15_GEN-APND,44.35892
2023-09-18 23:00:00-07:00,TH_ZP26_GEN-APND,44.26112
2023-09-19 00:00:00-07:00,TH_NP15_GEN-APND,40.5383
2023-09-19 00:00:00-07:00,TH_SP15_GEN-APND,39.37784
2023-09-19 00:00:00-07:00,TH_ZP26_GEN-APND,39.43914
2023-09-19 01:00:00-07:00,TH_NP15_GEN-APND,41.29674
2023-09-19 01:00:00-07:00,TH_SP15_GEN-APND,40.0457
2023-09-19 01:00:00-07:00,TH_ZP26_GEN-APND,40.08725
2023-09-19 02:00:00-07:00,TH_NP15_GEN-APND,40.00523
2023-09-19 02:00:00-07:00,TH_SP15_GEN-APND,38.55016
2023-09-19 02:00:00-07:00,TH_ZP26_GEN-APND,38.6784
2023-09-19 03:00:00-07:00,TH_NP15_GEN-APND,39.78134
2023-09-19 03:00:00-07:00,TH_SP15_GEN-APND,38.19
2023-09-19 03:00:00-07:00,TH_ZP26_GEN-APND,38.44061
2023-09-19 04:00:00-07:00,TH_NP15_GEN-APND,40.83298
2023-09-19 04:00:00-07:00,TH_SP15_GEN-APND,39.30852
2023-09-19 04:00:00-07:00,TH_ZP26_GEN-APND,39.55392
2023-09-19 05:00:00-07:00,TH_NP15_GEN-APND,45.95867
2023-09-19 05:00:00-07:00,TH_SP15_GEN-APND,43.62965
2023-09-19 05:00:00-07:00,TH_ZP26_GEN-APND,44.16352
2023-09-19 06:00:00-07:00,TH_NP15_GEN-APND,49.77552
2023-09-19 06:00:00-07:00,TH_SP15_GEN-APND,48.10719
2023-09-19 06:00:00-07:00,TH_ZP26_GEN-APND,48.22222
2023-09-19 07:00:00-07:00,TH_NP15_GEN-APND,40.97478
2023-09-19 07:00:00-07:00,TH_SP15_GEN-APND,38.27958
2023-09-19 07:00:00-07:00,TH_ZP26_GEN-APND,38.63922
2023-09-19 08:00:00-07:00,TH_NP15_GEN-APND,30.0
2023-09-19 08:00:00-07:00,TH_SP15_GEN-APND,19.04731
2023-09-19 08:00:00-07:00,TH_ZP26_GEN-APND,18.90636
2023-09-19 09:00:00-07:00,TH_NP15_GEN-APND,25.06773
2023-09-19 09:00:00-07:00,TH_SP15_GEN-APND,14.49878
2023-09-19 09:00:00-07:00,TH_ZP26_GEN-APND,13.89813
2023-09-19 10:00:00-07:00,TH_NP15_GEN-APND,24.63992
2023-09-19 10:00:00-07:00,TH_SP15_GEN-APND,13.41541
2023-09-19 10:00:00-07:00,TH_ZP26_GEN-APND,12.64818
2023-09-19 11:00:00-07:00,TH_NP15_GEN-APND,24.0198
2023-09-19 11:00:00-07:00,TH_SP15_GEN-APND,12.5
2023-09-19 11:00:00-07:00,TH_ZP26_GEN-APND,11.2457
2023-09-19 12:00:00-07:00,TH_NP15_GEN-APND,23.64425
2023-09-19 12:00:00-07:00,TH_SP15_GEN-APND,12.75895
2023-09-19 12:00:00-07:00,TH_ZP26_GEN-APND,11.57164
2023-09-19 13:00:00-07:00,TH_NP15_GEN-APND,25.03678
2023-09-19 13:00:00-07:00,TH_SP15_GEN-APND,13.19639
2023-09-19 13:00:00-07:00,TH_ZP26_GEN-APND,11.99583
2023-09-19 14:00:00-07:00,TH_NP15_GEN-APND,26.2026
2023-09-19 14:00:00-07:00,TH_SP15_GEN-APND,14.88
2023-09-19 14:00:00-07:00,TH_ZP26_GEN-APND,13.71391
2023-09-19 15:00:00-07:00,TH_NP15_GEN-APND,30.52077
2023-09-19 15:00:00-07:00,TH_SP15_GEN-APND,18.58
2023-09-19 15:00:00-07:00,TH_ZP26_GEN-APND,17.72944
2023-09-19 16:00:00-07:00,TH_NP15_GEN-APND,34.38384
2023-09-19 16:00:00-07:00,TH_SP15_GEN-APND,26.09306
2023-09-19 16:00:00-07:00,TH_ZP26_GEN-APND,24.31223
2023-09-19 17:00:00-07:00,TH_NP15_GEN-APND,46.80988
2023-09-19 17:00:00-07:00,TH_SP15_GEN-APND,44.56566
2023-09-19 17:00:00-07:00,TH_ZP26_GEN-APND,43.29207
2023-09-19 18:00:00-07:00,TH_NP15_GEN-APND,68.25924
2023-09-19 18:00:00-07:00,TH_SP15_GEN-APND,68.57397
2023-09-19 18:00:00-07:00,TH_ZP26_GEN-APND,65.67359
2023-09-19 19:00:00-07:00,TH_NP15_GEN-APND,65.41735
2023-09-19 19:00:00-07:00,TH_SP15_GEN-APND,68.31424
2023-09-19 19:00:00-07:00,TH_ZP26_GEN-APND,65.38909
2023-09-19 20:00:00-07:00,TH_NP15_GEN-APND,55.05843
2023-09-19 20:00:00-07:00,TH_SP15_GEN-APND,56.24
2023-09-19 20:00:00-07:00,TH_ZP26_GEN-APND,54.52954
2023-09-19 21:00:00-07:00,TH_NP15_GEN-APND,47.97746
2023-09-19 21:00:00-07:00,TH_SP15_GEN-APND,48.53654
2023-09-19 21:00:00-07:00,TH_ZP26_GEN-APND,47.54712
2023-09-19 22:00:00-07:00,TH_NP15_GEN-APND,46.67877
2023-09-19 22:00:00-07:00,TH_SP15_GEN-APND,46.03815
2023-09-19 22:00:00-07:00,TH_ZP26_GEN-APND,45.87893
2023-09-19 23:00:00-07:00,TH_NP15_GEN-APND,45.59355
2023-09-19 23:00:00-07:00,TH_SP15_GEN-APND,44.23763
2023-09-19 23:00:00-07:00,TH_ZP26_GEN-APND,44.44625
2023-09-20 00:00:00-07:00,TH_NP15_GEN-APND,40.22045
2023-09-20 00:00:00-07:00,TH_SP15_GEN-APND,39.41009
2023-09-20 00:00:00-07:00,TH_ZP26_GEN-APND,39.4305
2023-09-20 01:00:00-07:00,TH_NP15_GEN-APND,41.08221
2023-09-20 01:00:00-07:00,TH_SP15_GEN-APND,39.82554
2023-09-20 01:00:00-07:00,TH_ZP26_GEN-APND,39.98679
2023-09-20 02:00:00-07:00,TH_NP15_GEN-APND,39.21573
2023-09-20 02:00:00-07:00,TH_SP15_GEN-APND,38.0388
2023-09-20 02:00:00-07:00,TH_ZP26_GEN-APND,38.21646
2023-09-20 03:00:00-07:00,TH_NP15_GEN-APND,39.06283
2023-09-20 03:00:00-07:00,TH_SP15_GEN-APND,37.60187
2023-09-20 03:00:00-07:00,TH_ZP26_GEN-APND,37.89154
2023-09-20 04:00:00-07:00,TH_NP15_GEN-APND,40.95679
2023-09-20 04:00:00-07:00,TH_SP15_GEN-APND,39.25987
2023-09-20 04:00:00-07:00,TH_ZP26_GEN-APND,39.60368
2023-09-20 05:00:00-07:00,TH_NP15_GEN-APND,42.2021
2023-09-20 05:00:00-07:00,TH_SP15_GEN-APND,40.61142
2023-09-20 05:00:00-07:00,TH_ZP26_GEN-APND,40.78481
2023-09-20 06:00:00-07:00,TH_NP15_GEN-APND,48.72345
2023-09-20 06:00:00-07:00,TH_SP15_GEN-APND,47.15581
2023-09-20 06:00:00-07:00,TH_ZP26_GEN-APND,47.18687
2023-09-20 07:00:00-07:00,TH_NP15_GEN-APND,44.04218
2023-09-20 07:00:00-07:00,TH_SP15_GEN-APND,40.0
2023-09-20 07:00:00-07:00,TH_ZP26_GEN-APND,40.62321
2023-09-20 08:00:00-07:00,TH_NP15_GEN-APND,34.32
2023-09-20 08:00:00-07:00,TH_SP15_GEN-APND,25.61152
2023-09-20 08:00:00-07:00,TH_ZP26_GEN-APND,24.75781
2023-09-20 09:00:00-07:00,TH_NP15_GEN-APND,33.87055
2023-09-20 09:00:00-07:00,TH_SP15_GEN-APND,17.4165
2023-09-20 09:00:00-07:00,TH_ZP26_GEN-APND,14.94411
2023-09-20 10:00:00-07:00,TH_NP15_GEN-APND,32.79195
2023-09-20 10:00:00-07:00,TH_SP15_GEN-APND,11.03937
2023-09-20 10:00:00-07:00,TH_ZP26_GEN-APND,7.49133
2023-09-20 11:00:00-07:00,TH_NP15_GEN-APND,31.19188
2023-09-20 11:00:00-07:00,TH_SP15_GEN-APND,9.6705
2023-09-20 11:00:00-07:00,TH_ZP26_GEN-APND,6.46595
2023-09-20 12:00:00-07:00,TH_NP15_GEN-APND,32.16579
2023-09-20 12:00:00-07:00,TH_SP15_GEN-APND,5.97
2023-09-20 12:00:00-07:00,TH_ZP26_GEN-APND,2.98779
2023-09-20 13:00:00-07:00,TH_NP15_GEN-APND,35.0
2023-09-20 13:00:00-07:00,TH_SP15_GEN-APND,6.84
2023-09-20 13:00:00-07:00,TH_ZP26_GEN-APND,3.72887
2023-09-20 14:00:00-07:00,TH_NP15_GEN-APND,33.01626
2023-09-20 14:00:00-07:00,TH_SP15_GEN-APND,9.53629
2023-09-20 14:00:00-07:00,TH_ZP26_GEN-APND,6.66955
2023-09-20 15:00:00-07:00,TH_NP15_GEN-APND,34.59948
2023-09-20 15:00:00-07:00,TH_SP15_GEN-APND,9.29
2023-09-20 15:00:00-07:00,TH_ZP26_GEN-APND,6.75958
2023-09-20 16:00:00-07:00,TH_NP15_GEN-APND,38.0
2023-09-20 16:00:00-07:00,TH_SP15_GEN-APND,15.35299
2023-09-20 16:00:00-07:00,TH_ZP26_GEN-APND,12.79661
2023-09-20 17:00:00-07:00,TH_NP15_GEN-APND,47.48754
2023-09-20 17:00:00-07:00,TH_SP15_GEN-APND,40.64
2023-09-20 17:00:00-07:00,TH_ZP26_GEN-APND,38.8276
2023-09-20 18:00:00-07:00,TH_NP15_GEN-APND,58.10624
2023-09-20 18:00:00-07:00,TH_SP15_GEN-APND,56.94319
2023-09-20 18:00:00-07:00,TH_ZP26_GEN-APND,54.3035
2023-09-20 19:00:00-07:00,TH_NP15_GEN-APND,60.28547
2023-09-20 19:00:00-07:00,TH_SP15_GEN-APND,60.64
2023-09-20 19:00:00-07:00,TH_ZP26_GEN-APND,57.91504
2023-09-20 20:00:00-07:00,TH_NP15_GEN-APND,48.87593
2023-09-20 20:00:00-07:00,TH_SP15_GEN-APND,49.55398
2023-09-20 20:00:00-07:00,TH_ZP26_GEN-APND,48.00662
2023-09-20 21:00:00-07:00,TH_NP15_GEN-APND,45.69005
2023-09-20 21:00:00-07:00,TH_SP15_GEN-APND,46.43937
2023-09-20 21:00:00-07:00,TH_ZP26_GEN-APND,45.1605
2023-09-20 22:00:00-07:00,TH_NP15_GEN-APND,44.55348
2023-09-20 22:00:00-07:00,TH_SP15_GEN-APND,44.26954
2023-09-20 22:00:00-07:00,TH_ZP26_GEN-APND,43.78218
2023-09-20 23:00:00-07:00,TH_NP15_GEN-APND,41.93164
2023-09-20 23:00:00-07:00,TH_SP15_GEN-APND,41.36116
2023-09-20 23:00:00-07:00,TH_ZP26_GEN-APND,41.00053
2023-09-21 00:00:00-07:00,TH_NP15_GEN-APND,43.59332
2023-09-21 00:00:00-07:00,TH_SP15_GEN-APND,43.08951
2023-09-21 00:00:00-07:00,TH_ZP26_GEN-APND,42.89852
2023-09-21 01:00:00-07:00,TH_NP15_GEN-APND,42.75605
2023-09-21 01:00:00-07:00,TH_SP15_GEN-APND,42.19824
2023-09-21 01:00:00-07:00,TH_ZP26_GEN-APND,41.98967
2023-09-21 02:00:00-07:00,TH_NP15_GEN-APND,40.26468
2023-09-21 02:00:00-07:00,TH_SP15_GEN-APND,39.60649
2023-09-21 02:00:00-07:00,TH_ZP26_GEN-APND,39.47179
2023-09-21 03:00:00-07:00,TH_NP15_GEN-APND,38.77682
2023-09-21 03:00:00-07:00,TH_SP15_GEN-APND,37.95959
2023-09-21 03:00:00-07:00,TH_ZP26_GEN-APND,37.92041
2023-09-21 04:00:00-07:00,TH_NP15_GEN-APND,39.79557
2023-09-21 04:00:00-07:00,TH_SP15_GEN-APND,38.95695
2023-09-21 04:00:00-07:00,TH_ZP26_GEN-APND,38.9288
2023-09-21 05:00:00-07:00,TH_NP15_GEN-APND,44.21354
2023-09-21 05:00:00-07:00,TH_SP15_GEN-APND,43.2857
2023-09-21 05:00:00-07:00,TH_ZP26_GEN-APND,43.1919
2023-09-21 06:00:00-07:00,TH_NP15_GEN-APND,51.64031
2023-09-21 06:00:00-07:00,TH_SP15_GEN-APND,51.43658
2023-09-21 06:00:00-07:00,TH_ZP26_GEN-APND,51.08975
2023-09-21 07:00:00-07:00,TH_NP15_GEN-APND,43.76471
2023-09-21 07:00:00-07:00,TH_SP15_GEN-APND,40.90586
2023-09-21 07:00:00-07:00,TH_ZP26_GEN-APND,41.53325
2023-09-21 08:00:00-07:00,TH_NP15_GEN-APND,38.62
2023-09-21 08:00:00-07:00,TH_SP15_GEN-APND,23.61356
2023-09-21 08:00:00-07:00,TH_ZP26_GEN-APND,26.92195
2023-09-21 09:00:00-07:00,TH_NP15_GEN-APND,33.18891
2023-09-21 09:00:00-07:00,TH_SP15_GEN-APND,14.67
2023-09-21 09:00:00-07:00,TH_ZP26_GEN-APND,13.12775
2023-09-21 10:00:00-07:00,TH_NP15_GEN-APND,32.29227
2023-09-21 10:00:00-07:00,TH_SP15_GEN-APND,6.27865
2023-09-21 10:00:00-07:00,TH_ZP26_GEN-APND,2.2214
2023-09-21 11:00:00-07:00,TH_NP15_GEN-APND,27.51502
2023-09-21 11:00:00-07:00,TH_SP15_GEN-APND,2.8
2023-09-21 11:00:00-07:00,TH_ZP26_GEN-APND,-2.0272
2023-09-21 12:00:00-07:00,TH_NP15_GEN-APND,28.02589
2023-09-21 12:00:00-07:00,TH_SP15_GEN-APND,-1.01637
2023-09-21 12:00:00-07:00,TH_ZP26_GEN-APND,-4.23472
2023-09-21 13:00:00-07:00,TH_NP15_GEN-APND,30.43359
2023-09-21 13:00:00-07:00,TH_SP15_GEN-APND,-2.94
2023-09-21 13:00:00-07:00,TH_ZP26_GEN-APND,-4.90614
2023-09-21 14:00:00-07:00,TH_NP15_GEN-APND,27.67783
2023-09-21 14:00:00-07:00,TH_SP15_GEN-APND,-0.2
2023-09-21 14:00:00-07:00,TH_ZP26_GEN-APND,-4.92894
2023-09-21 15:00:00-07:00,TH_NP15_GEN-APND,30.72635
2023-09-21 15:00:00-07:00,TH_SP15_GEN-APND,0.69785
2023-09-21 15:00:00-07:00,TH_ZP26_GEN-APND,-4.38198
2023-09-21 16:00:00-07:00,TH_NP15_GEN-APND,31.0
2023-09-21 16:00:00-07:00,TH_SP15_GEN-APND,9.13858
2023-09-21 16:00:00-07:00,TH_ZP26_GEN-APND,5.41
2023-09-21 17:00:00-07:00,TH_NP15_GEN-APND,42.84881
2023-09-21 17:00:00-07:00,TH_SP15_GEN-APND,39.84975
2023-09-21 17:00:00-07:00,TH_ZP26_GEN-APND,38.41865
2023-09-21 18:00:00-07:00,TH_NP15_GEN-APND,57.73203
2023-09-21 18:00:00-07:00,TH_SP15_GEN-APND,57.21749
2023-09-21 18:00:00-07:00,TH_ZP26_GEN-APND,55.08437
2023-09-21 19:00:00-07:00,TH_NP15_GEN-APND,60.69393
2023-09-21 19:00:00-07:00,TH_SP15_GEN-APND,62.06474
2023-09-21 19:00:00-07:00,TH_ZP26_GEN-APND,59.57864
2023-09-21 20:00:00-07:00,TH_NP15_GEN-APND,51.08916
2023-09-21 20:00:00-07:00,TH_SP15_GEN-APND,51.71789
2023-09-21 20:00:00-07:00,TH_ZP26_GEN-APND,50.13768
2023-09-21 21:00:00-07:00,TH_NP15_GEN-APND,46.18377
2023-09-21 21:00:00-07:00,TH_SP15_GEN-APND,46.81098
2023-09-21 21:00:00-07:00,TH_ZP26_GEN-APND,45.89612
2023-09-21 22:00:00-07:00,TH_NP15_GEN-APND,44.71978
2023-09-21 22:00:00-07:00,TH_SP15_GEN-APND,43.9488
2023-09-21 22:00:00-07:00,TH_ZP26_GEN-APND,43.87386
2023-09-21 23:00:00-07:00,TH_NP15_GEN-APND,42.54377
2023-09-21 23:00:00-07:00,TH_SP15_GEN-APND,42.01562
2023-09-21 23:00:00-07:00,TH_ZP26_GEN-APND,41.82948
2023-09-22 00:00:00-07:00,TH_NP15_GEN-APND,40.08384
2023-09-22 00:00:00-07:00,TH_SP15_GEN-APND,40.38891
2023-09-22 00:00:00-07:00,TH_ZP26_GEN-APND,39.86946
2023-09-22 01:00:00-07:00,TH_NP15_GEN-APND,39.15891
2023-09-22 01:00:00-07:00,TH_SP15_GEN-APND,39.33955
2023-09-22 01:00:00-07:00,TH_ZP26_GEN-APND,38.84981
2023-09-22 02:00:00-07:00,TH_NP15_GEN-APND,37.54166
2023-09-22 02:00:00-07:00,TH_SP15_GEN-APND,37.71157
2023-09-22 02:00:00-07:00,TH_ZP26_GEN-APND,37.31104
2023-09-22 03:00:00-07:00,TH_NP15_GEN-APND,37.21744
2023-09-22 03:00:00-07:00,TH_SP15_GEN-APND,37.21969
2023-09-22 03:00:00-07:00,TH_ZP26_GEN-APND,36.95808
2023-09-22 04:00:00-07:00,TH_NP15_GEN-APND,37.70403
2023-09-22 04:00:00-07:00,TH_SP15_GEN-APND,37.58677
2023-09-22 04:00:00-07:00,TH_ZP26_GEN-APND,37.32299
2023-09-22 05:00:00-07:00,TH_NP15_GEN-APND,42.59809
2023-09-22 05:00:00-07:00,TH_SP15_GEN-APND,42.46592
2023-09-22 05:00:00-07:00,TH_ZP26_GEN-APND,42.06025
2023-09-22 06:00:00-07:00,TH_NP15_GEN-APND,47.8516
2023-09-22 06:00:00-07:00,TH_SP15_GEN-APND,48.81409
2023-09-22 06:00:00-07:00,TH_ZP26_GEN-APND,47.90621
2023-09-22 07:00:00-07:00,TH_NP15_GEN-APND,45.72
2023-09-22 07:00:00-07:00,TH_SP15_GEN-APND,43.50289
2023-09-22 07:00:00-07:00,TH_ZP26_GEN-APND,43.84275
2023-09-22 08:00:00-07:00,TH_NP15_GEN-APND,37.22564
2023-09-22 08:00:00-07:00,TH_SP15_GEN-APND,35.37819
2023-09-22 08:00:00-07:00,TH_ZP26_GEN-APND,35.48538
2023-09-22 09:00:00-07:00,TH_NP15_GEN-APND,34.53949
2023-09-22 09:00:00-07:00,TH_SP15_GEN-APND,31.70358
2023-09-22 09:00:00-07:00,TH_ZP26_GEN-APND,30.96472
2023-09-22 10:00:00-07:00,TH_NP15_GEN-APND,31.6627
2023-09-22 10:00:00-07:00,TH_SP15_GEN-APND,30.0982
2023-09-22 10:00:00-07:00,TH_ZP26_GEN-APND,28.29509
2023-09-22 11:00:00-07:00,TH_NP15_GEN-APND,31.2649
2023-09-22 11:00:00-07:00,TH_SP15_GEN-APND,29.34803
2023-09-22 11:00:00-07:00,TH_ZP26_GEN-APND,27.15408
2023-09-22 12:00:00-07:00,TH_NP15_GEN-APND,31.64141
2023-09-22 12:00:00-07:00,TH_SP15_GEN-APND,30.00713
2023-09-22 12:00:00-07:00,TH_ZP26_GEN-APND,27.63594
2023-09-22 13:00:00-07:00,TH_NP15_GEN-APND,31.18025
2023-09-22 13:00:00-07:00,TH_SP15_GEN-APND,29.18687
2023-09-22 13:00:00-07:00,TH_ZP26_GEN-APND,26.89987
2023-09-22 14:00:00-07:00,TH_NP15_GEN-APND,32.38688
2023-09-22 14:00:00-07:00,TH_SP15_GEN-APND,30.68155
2023-09-22 14:00:00-07:00,TH_ZP26_GEN-APND,28.39647
2023-09-22 15:00:00-07:00,TH_NP15_GEN-APND,36.81845
2023-09-22 15:00:00-07:00,TH_SP15_GEN-APND,37.25172
2023-09-22 15:00:00-07:00,TH_ZP26_GEN-APND,35.04473
2023-09-22 16:00:00-07:00,TH_NP15_GEN-APND,40.9329
2023-09-22 16:00:00-07:00,TH_SP15_GEN-APND,41.97487
2023-09-22 16:00:00-07:00,TH_ZP26_GEN-APND,39.41702
2023-09-22 17:00:00-07:00,TH_NP15_GEN-APND,53.99102
2023-09-22 17:00:00-07:00,TH_SP15_GEN-APND,54.82779
2023-09-22 17:00:00-07:00,TH_ZP26_GEN-APND,53.1778
2023-09-22 18:00:00-07:00,TH_NP15_GEN-APND,59.67172
2023-09-22 18:00:00-07:00,TH_SP15_GEN-APND,61.66937
2023-09-22 18:00:00-07:00,TH_ZP26_GEN-APND,59.52382
2023-09-22 19:00:00-07:00,TH_NP15_GEN-APND,57.2674
2023-09-22 19:00:00-07:00,TH_SP15_GEN-APND,60.28662
2023-09-22 19:00:00-07:00,TH_ZP26_GEN-APND,57.96686
2023-09-22 20:00:00-07:00,TH_NP15_GEN-APND,50.5565
2023-09-22 20:00:00-07:00,TH_SP15_GEN-APND,52.91141
2023-09-22 20:00:00-07:00,TH_ZP26_GEN-APND,51.3285
2023-09-22 21:00:00-07:00,TH_NP15_GEN-APND,49.52973
2023-09-22 21:00:00-07:00,TH_SP15_GEN-APND,51.47839
2023-09-22 21:00:00-07:00,TH_ZP26_GEN-APND,50.34815
2023-09-22 22:00:00-07:00,TH_NP15_GEN-APND,46.44557
2023-09-22 22:00:00-07:00,TH_SP15_GEN-APND,46.8605
2023-09-22 22:00:00-07:00,TH_ZP26_GEN-APND,46.48823
2023-09-22 23:00:00-07:00,TH_NP15_GEN-APND,42.52323
2023-09-22 23:00:00-07:00,TH_SP15_GEN-APND,42.51944
2023-09-22 23:00:00-07:00,TH_ZP26_GEN-APND,42.22783
2023-09-23 00:00:00-07:00,TH_NP15_GEN-APND,39.40441
2023-09-23 00:00:00-07:00,TH_SP15_GEN-APND,39.36273
2023-09-23 00:00:00-07:00,TH_ZP26_GEN-APND,39.10436
2023-09-23 01:00:00-07:00,TH_NP15_GEN-APND,39.04767
2023-09-23 01:00:00-07:00,TH_SP15_GEN-APND,38.87912
2023-09-23 01:00:00-07:00,TH_ZP26_GEN-APND,38.67602
2023-09-23 02:00:00-07:00,TH_NP15_GEN-APND,38.64498
2023-09-23 02:00:00-07:00,TH_SP15_GEN-APND,38.06064
2023-09-23 02:00:00-07:00,TH_ZP26_GEN-APND,38.03718
2023-09-23 03:00:00-07:00,TH_NP15_GEN-APND,36.6664
2023-09-23 03:00:00-07:00,TH_SP15_GEN-APND,35.83821
2023-09-23 03:00:00-07:00,TH_ZP26_GEN-APND,35.90464
2023-09-23 04:00:00-07:00,TH_NP15_GEN-APND,37.05236
2023-09-23 04:00:00-07:00,TH_SP15_GEN-APND,35.91974
2023-09-23 04:00:00-07:00,TH_ZP26_GEN-APND,36.16487
2023-09-23 05:00:00-07:00,TH_NP15_GEN-APND,37.71551
2023-09-23 05:00:00-07:00,TH_SP15_GEN-APND,36.53685
2023-09-23 05:00:00-07:00,TH_ZP26_GEN-APND,36.75985
2023-09-23 06:00:00-07:00,TH_NP15_GEN-APND,40.10134
2023-09-23 06:00:00-07:00,TH_SP15_GEN-APND,39.53671
2023-09-23 06:00:00-07:00,TH_ZP26_GEN-APND,39.47831
2023-09-23 07:00:00-07:00,TH_NP15_GEN-APND,37.43292
2023-09-23 07:00:00-07:00,TH_SP15_GEN-APND,34.99
2023-09-23 07:00:00-07:00,TH_ZP26_GEN-APND,35.80594
2023-09-23 08:00:00-07:00,TH_NP15_GEN-APND,24.56987
2023-09-23 08:00:00-07:00,TH_SP15_GEN-APND,15.71
2023-09-23 08:00:00-07:00,TH_ZP26_GEN-APND,14.09628
2023-09-23 09:00:00-07:00,TH_NP15_GEN-APND,25.42421
2023-09-23 09:00:00-07:00,TH_SP15_GEN-APND,4.57226
2023-09-23 09:00:00-07:00,TH_ZP26_GEN-APND,2.12795
2023-09-23 10:00:00-07:00,TH_NP15_GEN-APND,26.59008
2023-09-23 10:00:00-07:00,TH_SP15_GEN-APND,-0.00508
2023-09-23 10:00:00-07:00,TH_ZP26_GEN-APND,-3.98251
2023-09-23 11:00:00-07:00,TH_NP15_GEN-APND,22.39751
2023-09-23 11:00:00-07:00,TH_SP15_GEN-APND,-2.73091
2023-09-23 11:00:00-07:00,TH_ZP26_GEN-APND,-3.39623
2023-09-23 12:00:00-07:00,TH_NP15_GEN-APND,20.23542
2023-09-23 12:00:00-07:00,TH_SP15_GEN-APND,-3.34515
2023-09-23 12:00:00-07:00,TH_ZP26_GEN-APND,-1.52935
2023-09-23 13:00:00-07:00,TH_NP15_GEN-APND,19.05577
2023-09-23 13:00:00-07:00,TH_SP15_GEN-APND,-3.51524
2023-09-23 13:00:00-07:00,TH_ZP26_GEN-APND,-3.37567
2023-09-23 14:00:00-07:00,TH_NP15_GEN-APND,20.54
2023-09-23 14:00:00-07:00,TH_SP15_GEN-APND,-3.85374
2023-09-23 14:00:00-07:00,TH_ZP26_GEN-APND,-7.64521
2023-09-23 15:00:00-07:00,TH_NP15_GEN-APND,24.84
2023-09-23 15:00:00-07:00,TH_SP15_GEN-APND,1.06
2023-09-23 15:00:00-07:00,TH_ZP26_GEN-APND,-2.4402
2023-09-23 16:00:00-07:00,TH_NP15_GEN-APND,20.91584
2023-09-23 16:00:00-07:00,TH_SP15_GEN-APND,14.43303
2023-09-23 16:00:00-07:00,TH_ZP26_GEN-APND,13.21546
2023-09-23 17:00:00-07:00,TH_NP15_GEN-APND,38.64902
2023-09-23 17:00:00-07:00,TH_SP15_GEN-APND,37.49
2023-09-23 17:00:00-07:00,TH_ZP26_GEN-APND,36.66353
2023-09-23 18:00:00-07:00,TH_NP15_GEN-APND,49.18425
2023-09-23 18:00:00-07:00,TH_SP15_GEN-APND,51.67176
2023-09-23 18:00:00-07:00,TH_ZP26_GEN-APND,49.53455
2023-09-23 19:00:00-07:00,TH_NP15_GEN-APND,52.02667
2023-09-23 19:00:00-07:00,TH_SP15_GEN-APND,54.94882
2023-09-23 19:00:00-07:00,TH_ZP26_GEN-APND,52.8316
2023-09-23 20:00:00-07:00,TH_NP15_GEN-APND,46.18203
2023-09-23 20:00:00-07:00,TH_SP15_GEN-APND,47.88178
2023-09-23 20:00:00-07:00,TH_ZP26_GEN-APND,46.50043
2023-09-23 21:00:00-07:00,TH_NP15_GEN-APND,44.77962
2023-09-23 21:00:00-07:00,TH_SP15_GEN-APND,45.9579
2023-09-23 21:00:00-07:00,TH_ZP26_GEN-APND,44.81993
2023-09-23 22:00:00-07:00,TH_NP15_GEN-APND,42.64565
2023-09-23 22:00:00-07:00,TH_SP15_GEN-APND,42.42263
2023-09-23 22:00:00-07:00,TH_ZP26_GEN-APND,42.2
2023-09-23 23:00:00-07:00,TH_NP15_GEN-APND,40.40682
2023-09-23 23:00:00-07:00,TH_SP15_GEN-APND,40.51388
2023-09-23 23:00:00-07:00,TH_ZP26_GEN-APND,40.02901
2023-09-24 00:00:00-07:00,TH_NP15_GEN-APND,36.62563
2023-09-24 00:00:00-07:00,TH_SP15_GEN-APND,36.99732
2023-09-24 00:00:00-07:00,TH_ZP26_GEN-APND,36.69097
2023-09-24 01:00:00-07:00,TH_NP15_GEN-APND,37.35434
2023-09-24 01:00:00-07:00,TH_SP15_GEN-APND,37.18578
2023-09-24 01:00:00-07:00,TH_ZP26_GEN-APND,37.02965
2023-09-24 02:00:00-07:00,TH_NP15_GEN-APND,37.35141
2023-09-24 02:00:00-07:00,TH_SP15_GEN-APND,37.17413
2023-09-24 02:00:00-07:00,TH_ZP26_GEN-APND,36.99159
2023-09-24 03:00:00-07:00,TH_NP15_GEN-APND,36.5034
2023-09-24 03:00:00-07:00,TH_SP15_GEN-APND,36.2668
2023-09-24 03:00:00-07:00,TH_ZP26_GEN-APND,36.07753
2023-09-24 04:00:00-07:00,TH_NP15_GEN-APND,37.52829
2023-09-24 04:00:00-07:00,TH_SP15_GEN-APND,37.19801
2023-09-24 04:00:00-07:00,TH_ZP26_GEN-APND,37.1408
2023-09-24 05:00:00-07:00,TH_NP15_GEN-APND,37.52393
2023-09-24 05:00:00-07:00,TH_SP15_GEN-APND,37.2338
2023-09-24 05:00:00-07:00,TH_ZP26_GEN-APND,37.1027
2023-09-24 06:00:00-07:00,TH_NP15_GEN-APND,39.01815
2023-09-24 06:00:00-07:00,TH_SP15_GEN-APND,39.1849
2023-09-24 06:00:00-07:00,TH_ZP26_GEN-APND,38.78134
2023-09-24 07:00:00-07:00,TH_NP15_GEN-APND,34.0735
2023-09-24 07:00:00-07:00,TH_SP15_GEN-APND,32.07755
2023-09-24 07:00:00-07:00,TH_ZP26_GEN-APND,32.54409
2023-09-24 08:00:00-07:00,TH_NP15_GEN-APND,24.83343
2023-09-24 08:00:00-07:00,TH_SP15_GEN-APND,3.90895
2023-09-24 08:00:00-07:00,TH_ZP26_GEN-APND,8.07691
2023-09-24 09:00:00-07:00,TH_NP15_GEN-APND,23.57
2023-09-24 09:00:00-07:00,TH_SP15_GEN-APND,-1.70387
2023-09-24 09:00:00-07:00,TH_ZP26_GEN-APND,-1.84929
2023-09-24 10:00:00-07:00,TH_NP15_GEN-APND,24.46963
2023-09-24 10:00:00-07:00,TH_SP15_GEN-APND,-2.8511
2023-09-24 10:00:00-07:00,TH_ZP26_GEN-APND,-3.01917
2023-09-24 11:00:00-07:00,TH_NP15_GEN-APND,20.54123
2023-09-24 11:00:00-07:00,TH_SP15_GEN-APND,-2.51429
2023-09-24 11:00:00-07:00,TH_ZP26_GEN-APND,-4.35998
2023-09-24 12:00:00-07:00,TH_NP15_GEN-APND,16.99
2023-09-24 12:00:00-07:00,TH_SP15_GEN-APND,-3.63307
2023-09-24 12:00:00-07:00,TH_ZP26_GEN-APND,-6.21092
2023-09-24 13:00:00-07:00,TH_NP15_GEN-APND,16.0
2023-09-24 13:00:00-07:00,TH_SP15_GEN-APND,-2.03171
2023-09-24 13:00:00-07:00,TH_ZP26_GEN-APND,-2.77048
2023-09-24 14:00:00-07:00,TH_NP15_GEN-APND,16.12707
2023-09-24 14:00:00-07:00,TH_SP15_GEN-APND,4.29393
2023-09-24 14:00:00-07:00,TH_ZP26_GEN-APND,2.77853
2023-09-24 15:00:00-07:00,TH_NP15_GEN-APND,19.74752
2023-09-24 15:00:00-07:00,TH_SP15_GEN-APND,10.61855
2023-09-24 15:00:00-07:00,TH_ZP26_GEN-APND,9.99743
2023-09-24 16:00:00-07:00,TH_NP15_GEN-APND,24.65617
2023-09-24 16:00:00-07:00,TH_SP15_GEN-APND,20.22431
2023-09-24 16:00:00-07:00,TH_ZP26_GEN-APND,19.57376
2023-09-24 17:00:00-07:00,TH_NP15_GEN-APND,42.28054
2023-09-24 17:00:00-07:00,TH_SP15_GEN-APND,41.87185
2023-09-24 17:00:00-07:00,TH_ZP26_GEN-APND,40.15229
2023-09-24 18:00:00-07:00,TH_NP15_GEN-APND,56.56094
2023-09-24 18:00:00-07:00,TH_SP15_GEN-APND,62.32178
2023-09-24 18:00:00-07:00,TH_ZP26_GEN-APND,55.47685
2023-09-24 19:00:00-07:00,TH_NP15_GEN-APND,54.41653
2023-09-24 19:00:00-07:00,TH_SP15_GEN-APND,64.41919
2023-09-24 19:00:00-07:00,TH_ZP26_GEN-APND,55.5703
2023-09-24 20:00:00-07:00,TH_NP15_GEN-APND,48.55411
2023-09-24 20:00:00-07:00,TH_SP15_GEN-APND,51.09719
2023-09-24 20:00:00-07:00,TH_ZP26_GEN-APND,49.32443
2023-09-24 21:00:00-07:00,TH_NP15_GEN-APND,45.17986
2023-09-24 21:00:00-07:00,TH_SP15_GEN-APND,47.53518
2023-09-24 21:00:00-07:00,TH_ZP26_GEN-APND,46.04559
2023-09-24 22:00:00-07:00,TH_NP15_GEN-APND,42.67717
2023-09-24 22:00:00-07:00,TH_SP15_GEN-APND,43.81326
2023-09-24 22:00:00-07:00,TH_ZP26_GEN-APND,42.98181
2023-09-24 23:00:00-07:00,TH_NP15_GEN-APND,40.0
2023-09-24 23:00:00-07:00,TH_SP15_GEN-APND,40.70375
2023-09-24 23:00:00-07:00,TH_ZP26_GEN-APND,40.02556
2023-09-25 00:00:00-07:00,TH_NP15_GEN-APND,39.27456
2023-09-25 00:00:00-07:00,TH_SP15_GEN-APND,39.86606
2023-09-25 00:00:00-07:00,TH_ZP26_GEN-APND,39.96123
2023-09-25 01:00:00-07:00,TH_NP15_GEN-APND,36.90874
2023-09-25 01:00:00-07:00,TH_SP15_GEN-APND,37.772
2023-09-25 01:00:00-07:00,TH_ZP26_GEN-APND,37.60266
2023-09-25 02:00:00-07:00,TH_NP15_GEN-APND,37.4492
2023-09-25 02:00:00-07:00,TH_SP15_GEN-APND,37.8348
2023-09-25 02:00:00-07:00,TH_ZP26_GEN-APND,37.82229
2023-09-25 03:00:00-07:00,TH_NP15_GEN-APND,37.48911
2023-09-25 03:00:00-07:00,TH_SP15_GEN-APND,37.76804
2023-09-25 03:00:00-07:00,TH_ZP26_GEN-APND,37.83237
2023-09-25 04:00:00-07:00,TH_NP15_GEN-APND,40.09936
2023-09-25 04:00:00-07:00,TH_SP15_GEN-APND,40.49289
2023-09-25 04:00:00-07:00,TH_ZP26_GEN-APND,40.50346
2023-09-25 05:00:00-07:00,TH_NP15_GEN-APND,44.94253
2023-09-25 05:00:00-07:00,TH_SP15_GEN-APND,44.89318
2023-09-25 05:00:00-07:00,TH_ZP26_GEN-APND,45.00589
2023-09-25 06:00:00-07:00,TH_NP15_GEN-APND,48.64045
2023-09-25 06:00:00-07:00,TH_SP15_GEN-APND,49.79848
2023-09-25 06:00:00-07:00,TH_ZP26_GEN-APND,49.26757
2023-09-25 07:00:00-07:00,TH_NP15_GEN-APND,41.46632
2023-09-25 07:00:00-07:00,TH_SP15_GEN-APND,40.49309
2023-09-25 07:00:00-07:00,TH_ZP26_GEN-APND,40.59475
2023-09-25 08:00:00-07:00,TH_NP15_GEN-APND,37.61471
2023-09-25 08:00:00-07:00,TH_SP15_GEN-APND,21.5783
2023-09-25 08:00:00-07:00,TH_ZP26_GEN-APND,26.22465
2023-09-25 09:00:00-07:00,TH_NP15_GEN-APND,33.98683
2023-09-25 09:00:00-07:00,TH_SP15_GEN-APND,17.47152
2023-09-25 09:00:00-07:00,TH_ZP26_GEN-APND,17.43773
2023-09-25 10:00:00-07:00,TH_NP15_GEN-APND,31.49645
2023-09-25 10:00:00-07:00,TH_SP15_GEN-APND,10.51859
2023-09-25 10:00:00-07:00,TH_ZP26_GEN-APND,9.19716
2023-09-25 11:00:00-07:00,TH_NP15_GEN-APND,29.88361
2023-09-25 11:00:00-07:00,TH_SP15_GEN-APND,10.74697
2023-09-25 11:00:00-07:00,TH_ZP26_GEN-APND,9.62884
2023-09-25 12:00:00-07:00,TH_NP15_GEN-APND,27.5
2023-09-25 12:00:00-07:00,TH_SP15_GEN-APND,12.48364
2023-09-25 12:00:00-07:00,TH_ZP26_GEN-APND,11.12698
2023-09-25 13:00:00-07:00,TH_NP15_GEN-APND,25.0
2023-09-25 13:00:00-07:00,TH_SP15_GEN-APND,13.91438
2023-09-25 13:00:00-07:00,TH_ZP26_GEN-APND,13.02944
2023-09-25 14:00:00-07:00,TH_NP15_GEN-APND,26.59769
2023-09-25 14:00:00-07:00,TH_SP15_GEN-APND,18.31364
2023-09-25 14:00:00-07:00,TH_ZP26_GEN-APND,17.85064
2023-09-25 15:00:00-07:00,TH_NP15_GEN-APND,31.84055
2023-09-25 15:00:00-07:00,TH_SP15_GEN-APND,26.19467
2023-09-25 15:00:00-07:00,TH_ZP26_GEN-APND,26.88872
2023-09-25 16:00:00-07:00,TH_NP15_GEN-APND,31.84917
2023-09-25 16:00:00-07:00,TH_SP15_GEN-APND,28.5647
2023-09-25 16:00:00-07:00,TH_ZP26_GEN-APND,29.20407
2023-09-25 17:00:00-07:00,TH_NP15_GEN-APND,50.31029
2023-09-25 17:00:00-07:00,TH_SP15_GEN-APND,48.88106
2023-09-25 17:00:00-07:00,TH_ZP26_GEN-APND,47.46149
2023-09-25 18:00:00-07:00,TH_NP15_GEN-APND,60.89344
2023-09-25 18:00:00-07:00,TH_SP15_GEN-APND,72.37226
2023-09-25 18:00:00-07:00,TH_ZP26_GEN-APND,62.60296
2023-09-25 19:00:00-07:00,TH_NP15_GEN-APND,57.29
2023-09-25 19:00:00-07:00,TH_SP15_GEN-APND,72.67356
2023-09-25 19:00:00-07:00,TH_ZP26_GEN-APND,61.10254
2023-09-25 20:00:00-07:00,TH_NP15_GEN-APND,51.58256
2023-09-25 20:00:00-07:00,TH_SP15_GEN-APND,56.30845
2023-09-25 20:00:00-07:00,TH_ZP26_GEN-APND,54.17412
2023-09-25 21:00:00-07:00,TH_NP15_GEN-APND,47.54429
2023-09-25 21:00:00-07:00,TH_SP15_GEN-APND,51.05499
2023-09-25 21:00:00-07:00,TH_ZP26_GEN-APND,49.47267
2023-09-25 22:00:00-07:00,TH_NP15_GEN-APND,46.82018
2023-09-25 22:00:00-07:00,TH_SP15_GEN-APND,47.98002
2023-09-25 22:00:00-07:00,TH_ZP26_GEN-APND,47.58662
2023-09-25 23:00:00-07:00,TH_NP15_GEN-APND,40.1132
2023-09-25 23:00:00-07:00,TH_SP15_GEN-APND,41.19821
2023-09-25 23:00:00-07:00,TH_ZP26_GEN-APND,40.82242
2023-09-26 00:00:00-07:00,TH_NP15_GEN-APND,40.72958
2023-09-26 00:00:00-07:00,TH_SP15_GEN-APND,40.60229
2023-09-26 00:00:00-07:00,TH_ZP26_GEN-APND,40.43437
2023-09-26 01:00:00-07:00,TH_NP15_GEN-APND,38.73744
2023-09-26 01:00:00-07:00,TH_SP15_GEN-APND,38.11859
2023-09-26 01:00:00-07:00,TH_ZP26_GEN-APND,38.22
2023-09-26 02:00:00-07:00,TH_NP15_GEN-APND,37.91337
2023-09-26 02:00:00-07:00,TH_SP15_GEN-APND,36.99906
2023-09-26 02:00:00-07:00,TH_ZP26_GEN-APND,37.24775
2023-09-26 03:00:00-07:00,TH_NP15_GEN-APND,38.09229
2023-09-26 03:00:00-07:00,TH_SP15_GEN-APND,37.62681
2023-09-26 03:00:00-07:00,TH_ZP26_GEN-APND,37.58792
2023-09-26 04:00:00-07:00,TH_NP15_GEN-APND,38.65761
2023-09-26 04:00:00-07:00,TH_SP15_GEN-APND,38.60891
2023-09-26 04:00:00-07:00,TH_ZP26_GEN-APND,38.54923
2023-09-26 05:00:00-07:00,TH_NP15_GEN-APND,42.80449
2023-09-26 05:00:00-07:00,TH_SP15_GEN-APND,42.24403
2023-09-26 05:00:00-07:00,TH_ZP26_GEN-APND,42.21625
2023-09-26 06:00:00-07:00,TH_NP15_GEN-APND,47.80333
2023-09-26 06:00:00-07:00,TH_SP15_GEN-APND,47.75242
2023-09-26 06:00:00-07:00,TH_ZP26_GEN-APND,47.52876
2023-09-26 07:00:00-07:00,TH_NP15_GEN-APND,42.57805
2023-09-26 07:00:00-07:00,TH_SP15_GEN-APND,40.1322
2023-09-26 07:00:00-07:00,TH_ZP26_GEN-APND,40.50083
2023-09-26 08:00:00-07:00,TH_NP15_GEN-APND,40.24731
2023-09-26 08:00:00-07:00,TH_SP15_GEN-APND,16.0
2023-09-26 08:00:00-07:00,TH_ZP26_GEN-APND,22.38
2023-09-26 09:00:00-07:00,TH_NP15_GEN-APND,34.14217
2023-09-26 09:00:00-07:00,TH_SP15_GEN-APND,7.14053
2023-09-26 09:00:00-07:00,TH_ZP26_GEN-APND,3.41857
2023-09-26 10:00:00-07:00,TH_NP15_GEN-APND,32.54752
2023-09-26 10:00:00-07:00,TH_SP15_GEN-APND,5.0
2023-09-26 10:00:00-07:00,TH_ZP26_GEN-APND,1.47114
2023-09-26 11:00:00-07:00,TH_NP15_GEN-APND,29.50174
2023-09-26 11:00:00-07:00,TH_SP15_GEN-APND,5.0
2023-09-26 11:00:00-07:00,TH_ZP26_GEN-APND,0.20688
2023-09-26 12:00:00-07:00,TH_NP15_GEN-APND,25.55683
2023-09-26 12:00:00-07:00,TH_SP15_GEN-APND,8.82425
2023-09-26 12:00:00-07:00,TH_ZP26_GEN-APND,5.21928
2023-09-26 13:00:00-07:00,TH_NP15_GEN-APND,25.81386
2023-09-26 13:00:00-07:00,TH_SP15_GEN-APND,9.96643
2023-09-26 13:00:00-07:00,TH_ZP26_GEN-APND,6.45659
2023-09-26 14:00:00-07:00,TH_NP15_GEN-APND,26.79227
2023-09-26 14:00:00-07:00,TH_SP15_GEN-APND,18.72347
2023-09-26 14:00:00-07:00,TH_ZP26_GEN-APND,17.27773
2023-09-26 15:00:00-07:00,TH_NP15_GEN-APND,32.88
2023-09-26 15:00:00-07:00,TH_SP15_GEN-APND,25.64488
2023-09-26 15:00:00-07:00,TH_ZP26_GEN-APND,25.23913
2023-09-26 16:00:00-07:00,TH_NP15_GEN-APND,34.78666
2023-09-26 16:00:00-07:00,TH_SP15_GEN-APND,32.65194
2023-09-26 16:00:00-07:00,TH_ZP26_GEN-APND,33.67952
2023-09-26 17:00:00-07:00,TH_NP15_GEN-APND,52.40141
2023-09-26 17:00:00-07:00,TH_SP15_GEN-APND,51.58304
2023-09-26 17:00:00-07:00,TH_ZP26_GEN-APND,50.96666
2023-09-26 18:00:00-07:00,TH_NP15_GEN-APND,64.64
2023-09-26 18:00:00-07:00,TH_SP15_GEN-APND,82.88328
2023-09-26 18:00:00-07:00,TH_ZP26_GEN-APND,66.8725
2023-09-26 19:00:00-07:00,TH_NP15_GEN-APND,57.85213
2023-09-26 19:00:00-07:00,TH_SP15_GEN-APND,82.39418
2023-09-26 19:00:00-07:00,TH_ZP26_GEN-APND,61.16345
2023-09-26 20:00:00-07:00,TH_NP15_GEN-APND,54.67021
2023-09-26 20:00:00-07:00,TH_SP15_GEN-APND,63.55853
2023-09-26 20:00:00-07:00,TH_ZP26_GEN-APND,56.94888
2023-09-26 21:00:00-07:00,TH_NP15_GEN-APND,49.68766
2023-09-26 21:00:00-07:00,TH_SP15_GEN-APND,53.23528
2023-09-26 21:00:00-07:00,TH_ZP26_GEN-APND,51.25085
2023-09-26 22:00:00-07:00,TH_NP15_GEN-APND,43.89994
2023-09-26 22:00:00-07:00,TH_SP15_GEN-APND,45.50464
2023-09-26 22:00:00-07:00,TH_ZP26_GEN-APND,44.44198
2023-09-26 23:00:00-07:00,TH_NP15_GEN-APND,42.27664
2023-09-26 23:00:00-07:00,TH_SP15_GEN-APND,43.12026
2023-09-26 23:00:00-07:00,TH_ZP26_GEN-APND,42.4617
2023-09-27 00:00:00-07:00,TH_NP15_GEN-APND,38.59531
2023-09-27 00:00:00-07:00,TH_SP15_GEN-APND,38.63739
2023-09-27 00:00:00-07:00,TH_ZP26_GEN-APND,38.55347
2023-09-27 01:00:00-07:00,TH_NP15_GEN-APND,37.65172
2023-09-27 01:00:00-07:00,TH_SP15_GEN-APND,37.51707
2023-09-27 01:00:00-07:00,TH_ZP26_GEN-APND,37.47826
2023-09-27 02:00:00-07:00,TH_NP15_GEN-APND,36.72669
2023-09-27 02:00:00-07:00,TH_SP15_GEN-APND,36.31653
2023-09-27 02:00:00-07:00,TH_ZP26_GEN-APND,36.4295
2023-09-27 03:00:00-07:00,TH_NP15_GEN-APND,36.52803
2023-09-27 03:00:00-07:00,TH_SP15_GEN-APND,35.8569
2023-09-27 03:00:00-07:00,TH_ZP26_GEN-APND,36.08797
2023-09-27 04:00:00-07:00,TH_NP15_GEN-APND,36.66192
2023-09-27 04:00:00-07:00,TH_SP15_GEN-APND,36.43899
2023-09-27 04:00:00-07:00,TH_ZP26_GEN-APND,36.60101
2023-09-27 05:00:00-07:00,TH_NP15_GEN-APND,39.6843
2023-09-27 05:00:00-07:00,TH_SP15_GEN-APND,39.37606
2023-09-27 05:00:00-07:00,TH_ZP26_GEN-APND,39.40376
2023-09-27 06:00:00-07:00,TH_NP15_GEN-APND,44.86313
2023-09-27 06:00:00-07:00,TH_SP15_GEN-APND,45.61544
2023-09-27 06:00:00-07:00,TH_ZP26_GEN-APND,45.20726
2023-09-27 07:00:00-07:00,TH_NP15_GEN-APND,37.89628
2023-09-27 07:00:00-07:00,TH_SP15_GEN-APND,35.26302
2023-09-27 07:00:00-07:00,TH_ZP26_GEN-APND,35.55763
2023-09-27 08:00:00-07:00,TH_NP15_GEN-APND,36.4701
2023-09-27 08:00:00-07:00,TH_SP15_GEN-APND,19.32
2023-09-27 08:00:00-07:00,TH_ZP26_GEN-APND,22.17755
2023-09-27 09:00:00-07:00,TH_NP15_GEN-APND,29.32429
2023-09-27 09:00:00-07:00,TH_SP15_GEN-APND,11.70853
2023-09-27 09:00:00-07:00,TH_ZP26_GEN-APND,9.99643
2023-09-27 10:00:00-07:00,TH_NP15_GEN-APND,29.43423
2023-09-27 10:00:00-07:00,TH_SP15_GEN-APND,10.24
2023-09-27 10:00:00-07:00,TH_ZP26_GEN-APND,8.49407
2023-09-27 11:00:00-07:00,TH_NP15_GEN-APND,28.65824
2023-09-27 11:00:00-07:00,TH_SP15_GEN-APND,11.88118
2023-09-27 11:00:00-07:00,TH_ZP26_GEN-APND,9.58337
2023-09-27 12:00:00-07:00,TH_NP15_GEN-APND,28.9907
2023-09-27 12:00:00-07:00,TH_SP15_GEN-APND,14.41889
2023-09-27 12:00:00-07:00,TH_ZP26_GEN-APND,12.82869
2023-09-27 13:00:00-07:00,TH_NP15_GEN-APND,29.35935
2023-09-27 13:00:00-07:00,TH_SP15_GEN-APND,17.24046
2023-09-27 13:00:00-07:00,TH_ZP26_GEN-APND,15.4997
2023-09-27 14:00:00-07:00,TH_NP15_GEN-APND,30.83834
2023-09-27 14:00:00-07:00,TH_SP15_GEN-APND,20.34823
2023-09-27 14:00:00-07:00,TH_ZP26_GEN-APND,18.80543
2023-09-27 15:00:00-07:00,TH_NP15_GEN-APND,34.46473
2023-09-27 15:00:00-07:00,TH_SP15_GEN-APND,27.84691
2023-09-27 15:00:00-07:00,TH_ZP26_GEN-APND,25.87138
2023-09-27 16:00:00-07:00,TH_NP15_GEN-APND,35.20895
2023-09-27 16:00:00-07:00,TH_SP15_GEN-APND,31.26112
2023-09-27 16:00:00-07:00,TH_ZP26_GEN-APND,30.0184
2023-09-27 17:00:00-07:00,TH_NP15_GEN-APND,48.45032
2023-09-27 17:00:00-07:00,TH_SP15_GEN-APND,46.12
2023-09-27 17:00:00-07:00,TH_ZP26_GEN-APND,45.03476
2023-09-27 18:00:00-07:00,TH_NP15_GEN-APND,62.18046
2023-09-27 18:00:00-07:00,TH_SP15_GEN-APND,66.64
2023-09-27 18:00:00-07:00,TH_ZP26_GEN-APND,61.66732
2023-09-27 19:00:00-07:00,TH_NP15_GEN-APND,60.34148
2023-09-27 19:00:00-07:00,TH_SP15_GEN-APND,67.21995
2023-09-27 19:00:00-07:00,TH_ZP26_GEN-APND,61.32117
2023-09-27 20:00:00-07:00,TH_NP15_GEN-APND,52.87435
2023-09-27 20:00:00-07:00,TH_SP15_GEN-APND,57.1913
2023-09-27 20:00:00-07:00,TH_ZP26_GEN-APND,53.29474
2023-09-27 21:00:00-07:00,TH_NP15_GEN-APND,46.87403
2023-09-27 21:00:00-07:00,TH_SP15_GEN-APND,50.18834
2023-09-27 21:00:00-07:00,TH_ZP26_GEN-APND,48.19058
2023-09-27 22:00:00-07:00,TH_NP15_GEN-APND,41.86966
2023-09-27 22:00:00-07:00,TH_SP15_GEN-APND,42.35257
2023-09-27 22:00:00-07:00,TH_ZP26_GEN-APND,42.01908
2023-09-27 23:00:00-07:00,TH_NP15_GEN-APND,40.33314
2023-09-27 23:00:00-07:00,TH_SP15_GEN-APND,40.01653
2023-09-27 23:00:00-07:00,TH_ZP26_GEN-APND,40.07636
2023-09-28 00:00:00-07:00,TH_NP15_GEN-APND,38.56666
2023-09-28 00:00:00-07:00,TH_SP15_GEN-APND,37.85346
2023-09-28 00:00:00-07:00,TH_ZP26_GEN-APND,37.90569
2023-09-28 01:00:00-07:00,TH_NP15_GEN-APND,37.95
2023-09-28 01:00:00-07:00,TH_SP15_GEN-APND,37.29728
2023-09-28 01:00:00-07:00,TH_ZP26_GEN-APND,37.29192
2023-09-28 02:00:00-07:00,TH_NP15_GEN-APND,36.0
2023-09-28 02:00:00-07:00,TH_SP15_GEN-APND,35.35972
2023-09-28 02:00:00-07:00,TH_ZP26_GEN-APND,35.42199
2023-09-28 03:00:00-07:00,TH_NP15_GEN-APND,35.31918
2023-09-28 03:00:00-07:00,TH_SP15_GEN-APND,34.75572
2023-09-28 03:00:00-07:00,TH_ZP26_GEN-APND,34.80964
2023-09-28 04:00:00-07:00,TH_NP15_GEN-APND,37.69
2023-09-28 04:00:00-07:00,TH_SP15_GEN-APND,36.98079
2023-09-28 04:00:00-07:00,TH_ZP26_GEN-APND,37.02274
2023-09-28 05:00:00-07:00,TH_NP15_GEN-APND,40.43074
2023-09-28 05:00:00-07:00,TH_SP15_GEN-APND,39.54291
2023-09-28 05:00:00-07:00,TH_ZP26_GEN-APND,39.48907
2023-09-28 06:00:00-07:00,TH_NP15_GEN-APND,46.08226
2023-09-28 06:00:00-07:00,TH_SP15_GEN-APND,46.53282
2023-09-28 06:00:00-07:00,TH_ZP26_GEN-APND,45.87369
2023-09-28 07:00:00-07:00,TH_NP15_GEN-APND,39.15684
2023-09-28 07:00:00-07:00,TH_SP15_GEN-APND,37.25849
2023-09-28 07:00:00-07:00,TH_ZP26_GEN-APND,37.43745
2023-09-28 08:00:00-07:00,TH_NP15_GEN-APND,37.87806
2023-09-28 08:00:00-07:00,TH_SP15_GEN-APND,19.12568
2023-09-28 08:00:00-07:00,TH_ZP26_GEN-APND,24.00929
2023-09-28 09:00:00-07:00,TH_NP15_GEN-APND,31.33983
2023-09-28 09:00:00-07:00,TH_SP15_GEN-APND,12.64
2023-09-28 09:00:00-07:00,TH_ZP26_GEN-APND,10.57663
2023-09-28 10:00:00-07:00,TH_NP15_GEN-APND,30.0
2023-09-28 10:00:00-07:00,TH_SP15_GEN-APND,12.97204
2023-09-28 10:00:00-07:00,TH_ZP26_GEN-APND,9.43692
2023-09-28 11:00:00-07:00,TH_NP15_GEN-APND,29.47515
2023-09-28 11:00:00-07:00,TH_SP15_GEN-APND,10.7369
2023-09-28 11:00:00-07:00,TH_ZP26_GEN-APND,6.80687
2023-09-28 12:00:00-07:00,TH_NP15_GEN-APND,27.6
2023-09-28 12:00:00-07:00,TH_SP15_GEN-APND,13.52448
2023-09-28 12:00:00-07:00,TH_ZP26_GEN-APND,11.26862
2023-09-28 13:00:00-07:00,TH_NP15_GEN-APND,29.0375
2023-09-28 13:00:00-07:00,TH_SP15_GEN-APND,12.69
2023-09-28 13:00:00-07:00,TH_ZP26_GEN-APND,9.28155
2023-09-28 14:00:00-07:00,TH_NP15_GEN-APND,28.46566
2023-09-28 14:00:00-07:00,TH_SP15_GEN-APND,15.85311
2023-09-28 14:00:00-07:00,TH_ZP26_GEN-APND,12.18951
2023-09-28 15:00:00-07:00,TH_NP15_GEN-APND,30.3089
2023-09-28 15:00:00-07:00,TH_SP15_GEN-APND,19.02155
2023-09-28 15:00:00-07:00,TH_ZP26_GEN-APND,16.04345
2023-09-28 16:00:00-07:00,TH_NP15_GEN-APND,34.40604
2023-09-28 16:00:00-07:00,TH_SP15_GEN-APND,22.2375
2023-09-28 16:00:00-07:00,TH_ZP26_GEN-APND,20.09626
2023-09-28 17:00:00-07:00,TH_NP15_GEN-APND,43.79452
2023-09-28 17:00:00-07:00,TH_SP15_GEN-APND,39.29625
2023-09-28 17:00:00-07:00,TH_ZP26_GEN-APND,36.60998
2023-09-28 18:00:00-07:00,TH_NP15_GEN-APND,54.36309
2023-09-28 18:00:00-07:00,TH_SP15_GEN-APND,60.0
2023-09-28 18:00:00-07:00,TH_ZP26_GEN-APND,53.9886
2023-09-28 19:00:00-07:00,TH_NP15_GEN-APND,54.86137
2023-09-28 19:00:00-07:00,TH_SP15_GEN-APND,59.60345
2023-09-28 19:00:00-07:00,TH_ZP26_GEN-APND,54.96963
2023-09-28 20:00:00-07:00,TH_NP15_GEN-APND,49.91354
2023-09-28 20:00:00-07:00,TH_SP15_GEN-APND,52.6477
2023-09-28 20:00:00-07:00,TH_ZP26_GEN-APND,50.38633
2023-09-28 21:00:00-07:00,TH_NP15_GEN-APND,43.7513
2023-09-28 21:00:00-07:00,TH_SP15_GEN-APND,46.34458
2023-09-28 21:00:00-07:00,TH_ZP26_GEN-APND,44.85505
2023-09-28 22:00:00-07:00,TH_NP15_GEN-APND,41.84171
2023-09-28 22:00:00-07:00,TH_SP15_GEN-APND,42.63531
2023-09-28 22:00:00-07:00,TH_ZP26_GEN-APND,42.24471
2023-09-28 23:00:00-07:00,TH_NP15_GEN-APND,39.17
2023-09-28 23:00:00-07:00,TH_SP15_GEN-APND,39.21744
2023-09-28 23:00:00-07:00,TH_ZP26_GEN-APND,39.26627
2023-09-29 00:00:00-07:00,TH_NP15_GEN-APND,34.72124
2023-09-29 00:00:00-07:00,TH_SP15_GEN-APND,35.50805
2023-09-29 00:00:00-07:00,TH_ZP26_GEN-APND,35.03413
2023-09-29 01:00:00-07:00,TH_NP15_GEN-APND,35.57135
2023-09-29 01:00:00-07:00,TH_SP15_GEN-APND,36.0
2023-09-29 01:00:00-07:00,TH_ZP26_GEN-APND,35.68241
2023-09-29 02:00:00-07:00,TH_NP15_GEN-APND,35.09155
2023-09-29 02:00:00-07:00,TH_SP15_GEN-APND,35.54532
2023-09-29 02:00:00-07:00,TH_ZP26_GEN-APND,35.23282
2023-09-29 03:00:00-07:00,TH_NP15_GEN-APND,35.12193
2023-09-29 03:00:00-07:00,TH_SP15_GEN-APND,35.24705
2023-09-29 03:00:00-07:00,TH_ZP26_GEN-APND,35.09878
2023-09-29 04:00:00-07:00,TH_NP15_GEN-APND,35.78638
2023-09-29 04:00:00-07:00,TH_SP15_GEN-APND,35.89414
2023-09-29 04:00:00-07:00,TH_ZP26_GEN-APND,35.743
2023-09-29 05:00:00-07:00,TH_NP15_GEN-APND,40.7947
2023-09-29 05:00:00-07:00,TH_SP15_GEN-APND,40.93908
2023-09-29 05:00:00-07:00,TH_ZP26_GEN-APND,40.67481
2023-09-29 06:00:00-07:00,TH_NP15_GEN-APND,43.69865
2023-09-29 06:00:00-07:00,TH_SP15_GEN-APND,45.03127
2023-09-29 06:00:00-07:00,TH_ZP26_GEN-APND,44.03454
2023-09-29 07:00:00-07:00,TH_NP15_GEN-APND,41.41822
2023-09-29 07:00:00-07:00,TH_SP15_GEN-APND,40.29587
2023-09-29 07:00:00-07:00,TH_ZP26_GEN-APND,40.28574
2023-09-29 08:00:00-07:00,TH_NP15_GEN-APND,31.50496
2023-09-29 08:00:00-07:00,TH_SP15_GEN-APND,20.67888
2023-09-29 08:00:00-07:00,TH_ZP26_GEN-APND,23.04288
2023-09-29 09:00:00-07:00,TH_NP15_GEN-APND,27.83
2023-09-29 09:00:00-07:00,TH_SP15_GEN-APND,10.0
2023-09-29 09:00:00-07:00,TH_ZP26_GEN-APND,5.40421
2023-09-29 10:00:00-07:00,TH_NP15_GEN-APND,26.78433
2023-09-29 10:00:00-07:00,TH_SP15_GEN-APND,7.27989
2023-09-29 10:00:00-07:00,TH_ZP26_GEN-APND,2.02378
2023-09-29 11:00:00-07:00,TH_NP15_GEN-APND,27.96214
2023-09-29 11:00:00-07:00,TH_SP15_GEN-APND,4.84581
2023-09-29 11:00:00-07:00,TH_ZP26_GEN-APND,0.76379
2023-09-29 12:00:00-07:00,TH_NP15_GEN-APND,25.85053
2023-09-29 12:00:00-07:00,TH_SP15_GEN-APND,5.58
2023-09-29 12:00:00-07:00,TH_ZP26_GEN-APND,2.8035
2023-09-29 13:00:00-07:00,TH_NP15_GEN-APND,25.90435
2023-09-29 13:00:00-07:00,TH_SP15_GEN-APND,5.50085
2023-09-29 13:00:00-07:00,TH_ZP26_GEN-APND,2.64566
2023-09-29 14:00:00-07:00,TH_NP15_GEN-APND,27.87271
2023-09-29 14:00:00-07:00,TH_SP15_GEN-APND,4.25098
2023-09-29 14:00:00-07:00,TH_ZP26_GEN-APND,-2.03943
2023-09-29 15:00:00-07:00,TH_NP15_GEN-APND,27.5
2023-09-29 15:00:00-07:00,TH_SP15_GEN-APND,6.27706
2023-09-29 15:00:00-07:00,TH_ZP26_GEN-APND,0.71165
2023-09-29 16:00:00-07:00,TH_NP15_GEN-APND,25.89154
2023-09-29 16:00:00-07:00,TH_SP15_GEN-APND,16.66825
2023-09-29 16:00:00-07:00,TH_ZP26_GEN-APND,14.58151
2023-09-29 17:00:00-07:00,TH_NP15_GEN-APND,42.55598
2023-09-29 17:00:00-07:00,TH_SP15_GEN-APND,40.64
2023-09-29 17:00:00-07:00,TH_ZP26_GEN-APND,38.49119
2023-09-29 18:00:00-07:00,TH_NP15_GEN-APND,48.01931
2023-09-29 18:00:00-07:00,TH_SP15_GEN-APND,53.55487
2023-09-29 18:00:00-07:00,TH_ZP26_GEN-APND,48.88532
2023-09-29 19:00:00-07:00,TH_NP15_GEN-APND,49.29719
2023-09-29 19:00:00-07:00,TH_SP15_GEN-APND,53.1401
2023-09-29 19:00:00-07:00,TH_ZP26_GEN-APND,50.60396
2023-09-29 20:00:00-07:00,TH_NP15_GEN-APND,42.57687
2023-09-29 20:00:00-07:00,TH_SP15_GEN-APND,45.34329
2023-09-29 20:00:00-07:00,TH_ZP26_GEN-APND,43.60756
2023-09-29 21:00:00-07:00,TH_NP15_GEN-APND,40.76896
2023-09-29 21:00:00-07:00,TH_SP15_GEN-APND,41.72513
2023-09-29 21:00:00-07:00,TH_ZP26_GEN-APND,41.08058
2023-09-29 22:00:00-07:00,TH_NP15_GEN-APND,40.89315
2023-09-29 22:00:00-07:00,TH_SP15_GEN-APND,40.86113
2023-09-29 22:00:00-07:00,TH_ZP26_GEN-APND,40.86117
2023-09-29 23:00:00-07:00,TH_NP15_GEN-APND,40.26273
2023-09-29 23:00:00-07:00,TH_SP15_GEN-APND,40.19365
2023-09-29 23:00:00-07:00,TH_ZP26_GEN-APND,40.24939
